osm_id,osm_type,lat,lon,name,cuisine,addr_street,addr_housenumber,addr_postcode,addr_city,phone,website,opening_hours,outdoor_seating,takeaway,delivery,wheelchair,calle_norm,numero_norm,clave_cruce,distancia_metros,indice_censo,desc_barrio_local,desc_distrito_local,desc_epigrafe,id_seccion_censal_local,metodo_match
27505289,node,40.426008,-3.7115084,La Pomarada,regional,Calle del Conde Duque,,28015,Madrid,+34 915 482 792,https://lapomarada.es/,,,,,no,CONDE DUQUE,,,2.848314629323279,308,UNIVERSIDAD         ,CENTRO              ,RESTAURANTE,1108.0,proximidad
27728064,node,40.4162327,-3.7088498,Brasa y Leña,,Plaza del Comandante Las Morenas,3,28013,Madrid,,http://www.brasaylena.com/#,,,,,,COMANDANTE LAS MORENAS,3,COMANDANTE LAS MORENAS|3,1.7001355241036504,801,PALACIO             ,CENTRO              ,BAR RESTAURANTE,1007.0,proximidad
47216120,node,40.4130702,-3.7117497,La Malaje,,,,,,+34 910 81 30 31,,,,,,,,,,2.6537509784670728,559,PALACIO             ,CENTRO              ,RESTAURANTE,1016.0,proximidad
47216126,node,40.4131593,-3.7117469,Tío Timón,regional,Costanilla de San Andrés,8,28005,Madrid,,http://tiotimon.com/,,yes,,,limited,COSTANILLA DE SAN ANDRÉS,8,COSTANILLA DE SAN ANDRÉS|8,12.299043729745648,559,PALACIO             ,CENTRO              ,RESTAURANTE,1016.0,proximidad
47216198,node,40.4137154,-3.7127335,Taquería del Alamillo,,,,,,,,,,,,,,,,1.6406705018714571,626,PALACIO             ,CENTRO              ,BAR RESTAURANTE,1016.0,proximidad
167302052,node,40.4112109,-3.69567,A Cañada,,Calle de Fúcar,20,,,,,,,,,no,FÚCAR,20,FÚCAR|20,1.3797020085627967,643,CORTES              ,CENTRO              ,BAR RESTAURANTE,1061.0,proximidad
167302123,node,40.412427,-3.6963071,Arrocería Gala,,,,,,,,,,,,no,,,,1.4715917714251845,472,CORTES              ,CENTRO              ,RESTAURANTE,1066.0,proximidad
167302521,node,40.4125537,-3.6951865,Moratin 40,,Calle de Moratín,40,28014,Madrid,,,,,,,no,MORATÍN,40,MORATÍN|40,0.27815178327058077,981,CORTES              ,CENTRO              ,RESTAURANTE,1063.0,proximidad
167302661,node,40.4134319,-3.6957085,El Rábano,,,,,,,,,,,,,,,,1.5322707311212078,262,CORTES              ,CENTRO              ,RESTAURANTE,1064.0,proximidad
167302888,node,40.4169233,-3.6966322,Edelweiss,,,,,,,,,,,,yes,,,,2.832972875091627,195,CORTES              ,CENTRO              ,RESTAURANTE,1072.0,proximidad
167302891,node,40.4171806,-3.6965924,El Secreto de Castilla,,,,,,,,,,,,,,,,24.56172309110368,1019,CORTES              ,CENTRO              ,RESTAURANTE,1072.0,proximidad
167302928,node,40.416822,-3.6971908,Casa Mortero,,C. de Zorrilla,9,,,+34 910 59 55 70,https://casamortero.com/,"Mo-Fr 13:15-16:00, 20:15-23:30",,,,,C. DE ZORRILLA,9,C. DE ZORRILLA|9,5.304133224281362,470,CORTES              ,CENTRO              ,RESTAURANTE,1072.0,proximidad
178820945,node,40.4155515,-3.7099687,Jiao Jiao,chinese,,,,,+34 643 98 70 36,,,,,,,,,,2.1728295254033476,431,PALACIO             ,CENTRO              ,BAR RESTAURANTE,1008.0,proximidad
178820965,node,40.4153729,-3.7094547,Taste Gallery,,,,,,+34917589339,,,,,,,,,,1.1419314176808224,860,PALACIO             ,CENTRO              ,RESTAURANTE,1008.0,proximidad
178821207,node,40.4161161,-3.7075072,Grazie Mille,,,,,,,,,,,,,,,,18.292737187761507,696,SOL                 ,CENTRO              ,BAR RESTAURANTE,1123.0,proximidad
184049159,node,40.4186643,-3.7082433,Taberna de los Ángeles,,Costanilla de los Ángeles,8,28013,Madrid,,,,,,,,COSTANILLA DE LOS ÁNGELES,8,COSTANILLA DE LOS ÁNGELES|8,7.8912431982149025,408,SOL                 ,CENTRO              ,RESTAURANTE,1117.0,proximidad
184049293,node,40.418183,-3.7031236,El Gaucho,,Calle de Tetuán,34,28013,Madrid,+34 915 22 47 93,http://parrillaelgaucho.es/,,,,,,TETUÁN,34,TETUÁN|34,0.6304485642237343,517,SOL                 ,CENTRO              ,BAR RESTAURANTE,1119.0,proximidad
184049370,node,40.4192518,-3.7034321,Takos Al Pastor,mexican,Calle de la Salud,13,28013,Madrid,+34 636 63 21 77,,Tu-Sa 13:00-24:00,,,,,SALUD,13,SALUD|13,2.312547692331027,1258,SOL                 ,CENTRO              ,RESTAURANTE,1117.0,proximidad
244755792,node,40.4102862,-3.7008582,Preity Raj,indian,,,,,+34 91 467 47 11,,10:00-02:00,yes,yes,,,,,,1.693084441365599,770,EMBAJADORES         ,CENTRO              ,BAR RESTAURANTE,1049.0,proximidad
244757864,node,40.4109653,-3.7004479,A Cañada,regional,Calle del Ave María,17,28012,Madrid,,http://sidreriaacanada.com/,,,,,,AVE MARÍA,17,AVE MARÍA|17,18.353417481714793,1400,EMBAJADORES         ,CENTRO              ,BAR RESTAURANTE,1046.0,proximidad
244757871,node,40.4111374,-3.700326,Raja Mahal,indian,Calle del Ave María,15,28012,Madrid,,http://www.rajamahal.es/,,,,,,AVE MARÍA,15,AVE MARÍA|15,0.5004507572675229,975,EMBAJADORES         ,CENTRO              ,BAR RESTAURANTE,1046.0,proximidad
244757875,node,40.4110886,-3.700589,Moharaj,,,,,,,,,,,,,,,,2.0964207014683853,982,EMBAJADORES         ,CENTRO              ,RESTAURANTE,1047.0,proximidad
244761676,node,40.4108202,-3.7005322,Nap,pizza,Calle del Ave María,,28012,Madrid,,,"Mo-Fr 13:00-16:30,20:00-21:00, Fr,Sa 13:00-01:00, Su 13:00-24:00",,,,limited,AVE MARÍA,,,1.5715009958070263,1400,EMBAJADORES         ,CENTRO              ,BAR RESTAURANTE,1046.0,proximidad
244761679,node,40.4107264,-3.7008747,Bombay Palace,,,,,,,,,,,,,,,,10.674382748169037,946,EMBAJADORES         ,CENTRO              ,RESTAURANTE,1047.0,proximidad
244761696,node,40.4093708,-3.7009194,,,,,,,,,,,,,,,,,15.776137593893036,1411,EMBAJADORES         ,CENTRO              ,RESTAURANTE,1049.0,proximidad
244766788,node,40.4114924,-3.6994308,O'Barquiño,,Calle de la Torrecilla del Leal,3,28012,Madrid,+34 915 28 25 42,http://www.mesonobarquino.es/,,,,,,TORRECILLA DEL LEAL,3,TORRECILLA DEL LEAL|3,0.7948474316394676,246,EMBAJADORES         ,CENTRO              ,BAR RESTAURANTE,1046.0,proximidad
244766796,node,40.4117492,-3.700322,La Temeraria,italian;creative,Calle del Ave María,8,28012,Madrid,,,,,,,,AVE MARÍA,8,AVE MARÍA|8,1.9687001781319813,1399,EMBAJADORES         ,CENTRO              ,RESTAURANTE,1045.0,proximidad
244767593,node,40.4116655,-3.700364,Taberna Garibaldi,,,,,,,,,,,,,,,,1.7979172831067787,974,EMBAJADORES         ,CENTRO              ,BAR RESTAURANTE,1045.0,proximidad
305536401,node,40.4230858,-3.6935468,La Castafiore,,,,,,,,,,,,limited,,,,1.6296148104073327,741,JUSTICIA            ,CENTRO              ,RESTAURANTE,1073.0,proximidad
307056158,node,40.4159664,-3.710711,Can Punyetes,,,,,,,,,,,,,,,,5.623543075780836,1354,PALACIO             ,CENTRO              ,RESTAURANTE,1007.0,proximidad
324580483,node,40.4226068,-3.6932565,Sake Dining Himawari,japanese,,,,,,,,,,,,,,,6.701780936908797,1089,JUSTICIA            ,CENTRO              ,RESTAURANTE,1073.0,proximidad
363997551,node,40.4264788,-3.70103,Ninja Ramen,japanese,Calle de Barceló,1,28004,Madrid,+34 914 939 994,http://ninjaramen.es/,,,,,,BARCELÓ,1,BARCELÓ|1,2.130323230016942,596,JUSTICIA            ,CENTRO              ,BAR RESTAURANTE,1088.0,proximidad
453232707,node,40.4158435,-3.702398,La Negra Tomasa,cuban,,,,,+34 91 523 58 30,https://www.lanegratomasa.com/,,,,,yes,,,,13.366519324294389,1520,SOL                 ,CENTRO              ,BAR RESTAURANTE,1119.0,proximidad
510141905,node,40.4163433,-3.7056737,Museo del Jamón,spanish,,,,,,,"PH,Mo-Su 08:00-02:00",,,,no,,,,26.42599368026412,74,SOL                 ,CENTRO              ,BAR RESTAURANTE,1120.0,proximidad
510812793,node,40.4158038,-3.7060361,Chiquita,,,,,,,,,,,,no,,,,11.795764204996392,448,SOL                 ,CENTRO              ,BAR RESTAURANTE,1121.0,proximidad
510812830,node,40.4144651,-3.7079513,La Taberna de la Daniela,,Calle de Cuchilleros,9,,,+34 91 366 20 18,http://www.tabernadeladaniela.com/,,,,,no,CUCHILLEROS,9,CUCHILLEROS|9,1.6864774795142055,1305,SOL                 ,CENTRO              ,BAR RESTAURANTE,1121.0,proximidad
510812876,node,40.4148583,-3.7081461,Las Cuevas de Luis Candelas,,Calle de la Cava de San Miguel,1,,,,,,,,,limited,CAVA DE SAN MIGUEL,1,CAVA DE SAN MIGUEL|1,3.322732534172278,400,SOL                 ,CENTRO              ,RESTAURANTE,1121.0,proximidad
583524148,node,40.4233171,-3.702338,,pizza,Calle del Barco,45,28004,Madrid,,,,,,,,BARCO,45,BARCO|45,22.08052015765509,1204,UNIVERSIDAD         ,CENTRO              ,BAR RESTAURANTE,1096.0,proximidad
622204619,node,40.415621,-3.6989812,El Inti de Oro,peruvian,,,,,,,,no,,,,,,,2.294196651080951,612,CORTES              ,CENTRO              ,RESTAURANTE,1072.0,proximidad
622204620,node,40.4164715,-3.6991796,El Subastero de Málaga,regional,,,,,,,,,,,,,,,8.602051011234845,20,CORTES              ,CENTRO              ,RESTAURANTE,1072.0,proximidad
622204621,node,40.4166035,-3.7010637,Restaurante La Catedral,,Carrera de San Jerónimo,16,,Madrid,+34 915233556,http://www.la-catedral.es/,,,,,,SAN JERÓNIMO,16,SAN JERÓNIMO|16,2.6922260891023817,536,SOL                 ,CENTRO              ,RESTAURANTE,1119.0,proximidad
622204623,node,40.4151898,-3.6992792,El Tronco,regional,Calle de Manuel Fernández y González,15,28014,Madrid,,,,,,,,MANUEL FERNÁNDEZ Y GONZÁLEZ,15,MANUEL FERNÁNDEZ Y GONZÁLEZ|15,8.09879621787634,1002,CORTES              ,CENTRO              ,RESTAURANTE,1072.0,proximidad
622204635,node,40.4095795,-3.7023086,Anarkoli,indian,Calle de Lavapiés,46,28012,Madrid,+34914676000,,,,,,,LAVAPIÉS,46,LAVAPIÉS|46,1.398587740468793,734,EMBAJADORES         ,CENTRO              ,RESTAURANTE,1043.0,proximidad
622204639,node,40.4081287,-3.6980834,Achuri,,,,,,,,,,,,,,,,22.789938525416897,515,EMBAJADORES         ,CENTRO              ,BAR RESTAURANTE,1054.0,proximidad
818865803,node,40.415143,-3.6992261,El Lacón,spanish,Calle de Manuel Fernández y González,8,28014,Madrid,+34 914 29 6042,https://mesonellacon.com/,"Mo-Su 13:00-16:00,20:00+",,,,no,MANUEL FERNÁNDEZ Y GONZÁLEZ,8,MANUEL FERNÁNDEZ Y GONZÁLEZ|8,6.499214414100033,1002,CORTES              ,CENTRO              ,RESTAURANTE,1072.0,proximidad
818870699,node,40.4160304,-3.6987327,Hylogui,,Calle de Ventura de la Vega,3,28014,Madrid,,https://restaurantehylogui.com/,,no,,,,VENTURA DE LA VEGA,3,VENTURA DE LA VEGA|3,23.92651146313871,293,CORTES              ,CENTRO              ,RESTAURANTE,1072.0,proximidad
885680155,node,40.4190028,-3.7077991,Musashi,japanese,Calle de las Conchas,4,28013,Madrid,+34 91 559 29 39,http://www.musashimadrid.com/,,,,,,CONCHAS,4,CONCHAS|4,3.2355269798499044,1232,SOL                 ,CENTRO              ,RESTAURANTE,1117.0,proximidad
885681387,node,40.4229516,-3.7087534,Da Nicola,pizza,Plaza de los Mostenses,11,28015,Madrid,+34 91 542 25 74,https://www.danicola.es/,,,,,limited,LOS MOSTENSES,11,LOS MOSTENSES|11,1.1934122775599383,1216,UNIVERSIDAD         ,CENTRO              ,RESTAURANTE,1112.0,proximidad
1187929681,node,40.4157405,-3.7017617,La Casa del Abuelo,,Calle de la Victoria,12,,Madrid,+34 91 521 2319,http://lacasadelabuelo.es/,,,,,,VICTORIA,12,VICTORIA|12,10.906131088238949,673,SOL                 ,CENTRO              ,BAR RESTAURANTE,1119.0,proximidad
1191046494,node,40.4111122,-3.7048589,Taberna Antonio Sánchez,,Calle del Mesón de Paredes,13,,,+34 91 539 78 26,https://www.tabernaantoniosanchez.com/?lang=es,,,,,,MESÓN DE PAREDES,13,MESÓN DE PAREDES|13,1.3373408505293802,240,EMBAJADORES         ,CENTRO              ,RESTAURANTE,1028.0,proximidad
1275991418,node,40.424187,-3.701724,La Junta,,Plaza de San Ildefonso,,28004,Madrid,,,,yes,,,,SAN ILDEFONSO,,,24.8818650733939,808,UNIVERSIDAD         ,CENTRO              ,RESTAURANTE,1094.0,proximidad
1316492227,node,40.4262353,-3.6937066,Triángulo,chinese,,,,,,,,,,,,,,,2.469322296183687,1111,JUSTICIA            ,CENTRO              ,RESTAURANTE,1084.0,proximidad
1319826694,node,40.4260662,-3.6939824,,,,,,,,,,,,,,,,,5.384225392971229,1117,JUSTICIA            ,CENTRO              ,RESTAURANTE,1084.0,proximidad
1319826696,node,40.4266136,-3.6962385,100 Montaditos,sandwich,,,,,,,"Su-Th 10:00-24:00, Fr,Sa 10:00-01:00",,,,limited,,,,10.370280771662788,815,JUSTICIA            ,CENTRO              ,RESTAURANTE,1087.0,proximidad
1319826732,node,40.4262381,-3.6962852,Bocado,,Calle de Santa Teresa,1,28004,Madrid,,,,,,,,SANTA TERESA,1,SANTA TERESA|1,16.04088530964657,285,JUSTICIA            ,CENTRO              ,RESTAURANTE,1084.0,proximidad
1319826784,node,40.426637,-3.6955608,Casa Orellana,,,,,,+34915024182,https://casaorellana.com/,Mo-Su 13:00-01:30,,,,,,,,3.3386246570202385,565,JUSTICIA            ,CENTRO              ,RESTAURANTE,1087.0,proximidad
1319826813,node,40.4262822,-3.6936887,Época,,,,,,,,,,,,,,,,2.895419127975019,519,JUSTICIA            ,CENTRO              ,BAR RESTAURANTE,1084.0,proximidad
1319826857,node,40.4253941,-3.6919785,Peyote San,,Calle de Génova,28,28004,Madrid,+34 91 088 22 12,http://www.peyotesan.com/,,,,,,GÉNOVA,28,GÉNOVA|28,14.23257016361962,1113,JUSTICIA            ,CENTRO              ,BAR RESTAURANTE,1084.0,proximidad
1326907763,node,40.4103603,-3.7075056,La China Mandarina,,,,,,,,,,,,,,,,1.146419346357518,708,EMBAJADORES         ,CENTRO              ,BAR RESTAURANTE,1024.0,proximidad
1326907775,node,40.4106629,-3.7074954,La Barca del Patio,,,,,,,https://www.labarcadelpatio.es/,,,,,,,,,4.311209364141795,936,EMBAJADORES         ,CENTRO              ,BAR RESTAURANTE,1024.0,proximidad
1327625370,node,40.4111073,-3.7074118,Cascorro,,,,,,,,,,,,,,,,1.5016347632150129,721,EMBAJADORES         ,CENTRO              ,BAR RESTAURANTE,1025.0,proximidad
1329671734,node,40.4096809,-3.7086337,Mesón del Rastro,regional,,,,,,,,,,,,,,,5.589112725256852,377,EMBAJADORES         ,CENTRO              ,BAR RESTAURANTE,1024.0,proximidad
1329671762,node,40.4106751,-3.7087326,Los Tiernos,regional,,,,,,,,,,,,,,,21.376729345044886,895,EMBAJADORES         ,CENTRO              ,BAR RESTAURANTE,1024.0,proximidad
1329861135,node,40.4121464,-3.708053,Cantalejo,regional,,,,,,,,,,,,,,,1.6465470256437496,871,PALACIO             ,CENTRO              ,RESTAURANTE,1012.0,proximidad
1329861138,node,40.4122168,-3.7081349,La Latina,regional,,,,,,,,,,,,,,,0.0630717751039857,225,PALACIO             ,CENTRO              ,RESTAURANTE,1012.0,proximidad
1332770271,node,40.4256381,-3.6952666,IL COC,,,,,,,,,,,,,,,,16.770457708477952,1131,JUSTICIA            ,CENTRO              ,RESTAURANTE,1087.0,proximidad
1388332887,node,40.4241875,-3.703772,Katiyaki,,Calle de la Madera,35,28004,Madrid,,,,,,,,MADERA,35,MADERA|35,10.203919551344717,1205,UNIVERSIDAD         ,CENTRO              ,RESTAURANTES DE COMIDA RAPIDA,1097.0,proximidad
1416648305,node,40.4170391,-3.6995917,El Patio,spanish,Calle de Arlabán,1,28014,,,,,,,,,ARLABÁN,1,ARLABÁN|1,21.139989819378343,497,CORTES              ,CENTRO              ,BAR RESTAURANTE,1072.0,proximidad
1429333765,node,40.415914,-3.6989759,Aroma,indian,,,,,,,,,,,,,,,2.761589530169226,1062,CORTES              ,CENTRO              ,RESTAURANTE,1072.0,proximidad
1434283780,node,40.4288309,-3.7058608,La Tape,spanish,Calle de San Bernardo,88,28015,Madrid,+34915930422,https://latape.com,,,,,no,SAN BERNARDO,88,SAN BERNARDO|88,2.314332351119712,553,UNIVERSIDAD         ,CENTRO              ,BAR RESTAURANTE,1091.0,proximidad
1495392982,node,40.4080907,-3.6976117,Fantástico,indian,,,,,,,,,,,,,,,11.822741218760655,638,EMBAJADORES         ,CENTRO              ,BAR RESTAURANTE,1053.0,proximidad
1517405725,node,40.4141212,-3.7012349,Del Olivo,,Calle de las Huertas,3,28012,Madrid,,http://delolivorestaurante.es/,,,,,,HUERTAS,3,HUERTAS|3,17.34597555477443,267,CORTES              ,CENTRO              ,BAR RESTAURANTE,1067.0,proximidad
1531413616,node,40.4200219,-3.6992253,Del Diego,,Calle de la Reina,12,,,,http://www.deldiego.com/,,,,,,REINA,12,REINA|12,11.883726370518414,1041,JUSTICIA            ,CENTRO              ,BAR RESTAURANTE,1074.0,proximidad
1531430114,node,40.4137977,-3.7126172,Charlie Champagne,,Calle de Segovia,17,28005,Madrid,+34 91 365 18 45,http://charliechampagne.es/,,,,,,SEGOVIA,17,SEGOVIA|17,2.5347593051763746,1327,PALACIO             ,CENTRO              ,BAR RESTAURANTE,1016.0,proximidad
1556708366,node,40.4185437,-3.7095489,Tierra Burrito Bar,mexican,,,,,+34 910 05 39 08,https://www.tierraburritos.com,"Fr-Sa 11:00-01:00; Mo-Th,Su 11:00-00:00",,,,,,,,2.175407199922611,690,PALACIO             ,CENTRO              ,RESTAURANTE,1003.0,proximidad
1556708398,node,40.4118145,-3.7031148,Rambal,spanish,Calle de Lavapiés,6,28012,Madrid,+34 91 7823271,,,,,,,LAVAPIÉS,6,LAVAPIÉS|6,3.548025246384841,108,EMBAJADORES         ,CENTRO              ,RESTAURANTE,1028.0,proximidad
1556708447,node,40.4177311,-3.7095419,Terraza Cafe del Real,italian,,,,,,,,,,,,,,,26.86210198166824,524,PALACIO             ,CENTRO              ,RESTAURANTE,1006.0,proximidad
1556708463,node,40.4187577,-3.7086523,Ouh Babbo!,italian,Calle de Caños del Peral,,28013,Madrid,,,,,,,,CAÑOS DEL PERAL,,,11.137884725449405,181,PALACIO             ,CENTRO              ,RESTAURANTE,1006.0,proximidad
1572572823,node,40.4139946,-3.703791,La Tagliatella,italian,Calle del Doctor Cortezo,,,,,,"Mo-Th 13:00-16:30,20:00-24:00, Fr,Sa 13:00-16:30,20:00-00:30, Su,PH 01:00-16:30,20:00-24:00",,,,yes,DOCTOR CORTEZO,,,3.518447673663045,1392,EMBAJADORES         ,CENTRO              ,RESTAURANTE,1026.0,proximidad
1619574634,node,40.408015,-3.6974589,Delhi Darbar,indian,,,,,,,,,,,,,,,7.226070121014997,638,EMBAJADORES         ,CENTRO              ,BAR RESTAURANTE,1053.0,proximidad
1623075018,node,40.4139047,-3.6989568,El León de Oro,,,,,,,,,,,,,,,,9.686238488974547,1067,CORTES              ,CENTRO              ,RESTAURANTE,1068.0,proximidad
1623075025,node,40.4143757,-3.6984651,Pizzamascalzone,pizza,,,,,,https://www.pizzamascalzone.com/,,,,,limited,,,,3.297430674051526,47,CORTES              ,CENTRO              ,RESTAURANTES DE COMIDA RAPIDA,1068.0,proximidad
1632020619,node,40.4225259,-3.7091169,Tony Roma's,barbecue,Gran Vía,68,28013,Madrid,+34 910 482 395,http://tonyromas.es/,,,,,no,GRAN VÍA,68,GRAN VÍA|68,6.165672312759523,811,UNIVERSIDAD         ,CENTRO              ,BAR RESTAURANTE,1112.0,proximidad
1634750451,node,40.4118276,-3.711608,Dona Camila,,,,,,,https://www.donacamila.com/,,,,,,,,,21.283821671070516,1394,PALACIO             ,CENTRO              ,RESTAURANTE,1015.0,proximidad
1634750469,node,40.413253,-3.7121466,Wu Wei,,,,,,,,,,,,,,,,26.434375466400333,921,PALACIO             ,CENTRO              ,BAR RESTAURANTE,1016.0,proximidad
1634750496,node,40.413303,-3.7123536,,,,,,,,,,,,,,,,,2.7327114196676914,921,PALACIO             ,CENTRO              ,BAR RESTAURANTE,1016.0,proximidad
1642177945,node,40.4238831,-3.7091086,VEGA Álamo,,Calle del Álamo,3,28015,Madrid,+34 910 70 37 19,https://alamo.govega.es/,,yes,,,limited,ÁLAMO,3,ÁLAMO|3,1.2336863813207706,344,UNIVERSIDAD         ,CENTRO              ,BAR RESTAURANTE,1112.0,proximidad
1642178043,node,40.4236184,-3.7092883,Chincha Casa Perú,peruvian,Plaza de los Mostenses,3,28015,Madrid,+34 915 590 922,https://www.chincha.es/,,,,,no,LOS MOSTENSES,3,LOS MOSTENSES|3,1.0781747890215796,1270,UNIVERSIDAD         ,CENTRO              ,BAR RESTAURANTE,1112.0,proximidad
1645108309,node,40.4103444,-3.7024668,La Victoria,,Calle de Lavapiés,27,28012,Madrid,+34 915275783,,"14:00-17:00,20:00-24:00",,,,,LAVAPIÉS,27,LAVAPIÉS|27,2.339416708292703,942,EMBAJADORES         ,CENTRO              ,RESTAURANTE,1047.0,proximidad
1645108311,node,40.4097832,-3.7024206,Shapla,indian,Calle de Lavapiés,42,28012,Madrid,+34 915281599,https://shaplaindianrestaurant.com/,Mo-Su 12:00-00:30,,,,,LAVAPIÉS,42,LAVAPIÉS|42,4.054867945914596,761,EMBAJADORES         ,CENTRO              ,RESTAURANTE,1043.0,proximidad
1645108312,node,40.409339,-3.7020612,Calcuta,indian,Calle de Lavapiés,48,28012,Madrid,,,,,,,,LAVAPIÉS,48,LAVAPIÉS|48,1.1753096323289955,46,EMBAJADORES         ,CENTRO              ,RESTAURANTE,1043.0,proximidad
1645108313,node,40.4087713,-3.7008603,Raj Puth,indian,,,,,,,,,,,,,,,5.211760905189548,949,EMBAJADORES         ,CENTRO              ,RESTAURANTE,1050.0,proximidad
1666232598,node,40.4137839,-3.7122123,Choose Restaurante Vegano,italian,Calle de Segovia,17,,,+34 912 873 363,http://chooseristorante.com/,,,,,,SEGOVIA,17,SEGOVIA|17,7.264729342619735,1529,PALACIO             ,CENTRO              ,RESTAURANTE,1016.0,proximidad
1666232648,node,40.4138561,-3.711551,Casa a la malicia,,,,,,,,,,,,,,,,1.4341691092358195,692,PALACIO             ,CENTRO              ,RESTAURANTE,1009.0,proximidad
1669117683,node,40.4080258,-3.6991619,La Funda Mental,,,,,,,,,,,,,,,,28.81890426230001,957,EMBAJADORES         ,CENTRO              ,BAR RESTAURANTE,1054.0,proximidad
1706515358,node,40.4181217,-3.6992512,Vips,international,Calle de Alcalá,23,28014,,,,Mo-Th 08:00-24:00; Sa 09:00-01:00; Su 08:00-01:00; PH 09:00-24:00,yes,,,yes,ALCALÁ,23,ALCALÁ|23,1.5025986352004037,1025,CORTES              ,CENTRO              ,BAR RESTAURANTE,1072.0,proximidad
1706515364,node,40.4181354,-3.6991863,Ginos,italian,,,,,,,,no,,,limited,,,,1.1488731958911027,1087,CORTES              ,CENTRO              ,RESTAURANTE,1072.0,proximidad
1717732787,node,40.4226539,-3.699278,Basics by Goiko,burger,Calle de Hortaleza,60,28004,Madrid,,,,,,,,HORTALEZA,60,HORTALEZA|60,19.930483263543003,1119,JUSTICIA            ,CENTRO              ,BAR RESTAURANTE,1075.0,proximidad
1722370967,node,40.42157,-3.7017466,casa de Can,regional,Calle de San Onofre,10,28004,Madrid,+34 910 24 51 59,,07:30-02:00,,,,,SAN ONOFRE,10,SAN ONOFRE|10,4.067130742178101,1202,UNIVERSIDAD         ,CENTRO              ,BAR RESTAURANTE,1095.0,proximidad
1735415901,node,40.4251996,-3.7105807,Restaurante Bar Mundi,,Calle de San Bernardino,7,28015,Madrid,,,,,,,limited,SAN BERNARDINO,7,SAN BERNARDINO|7,25.179040743987684,1484,UNIVERSIDAD         ,CENTRO              ,RESTAURANTE,1111.0,proximidad
1782593806,node,40.4127889,-3.6997456,La Vera,,Calle de Atocha,57,28012,Madrid,+34 91 429 97 98,,,,,,,ATOCHA,57,ATOCHA|57,24.46188689064732,419,EMBAJADORES         ,CENTRO              ,RESTAURANTES DE COMIDA RAPIDA,1027.0,proximidad
1848301738,node,40.4245087,-3.7016365,Bar Lozano,,Calle de San Joaquín,,28004,Madrid,,,,,,,,SAN JOAQUÍN,,,26.247960042269586,1140,UNIVERSIDAD         ,CENTRO              ,BAR RESTAURANTE,1094.0,proximidad
2028617655,node,40.4151701,-3.7018097,Taberna Pompeyana,,,,,,,,,,,,,,,,11.834666524584422,84,CORTES              ,CENTRO              ,RESTAURANTE,1069.0,proximidad
2046224594,node,40.4190038,-3.7063703,Preity Raj 2,indian,Calle del Postigo de San Martín,5,28013,Madrid,+34 911 05 1036,https://preityraj2.com/,,yes,,,,POSTIGO DE SAN MARTÍN,5,POSTIGO DE SAN MARTÍN|5,1.2575040308232661,804,SOL                 ,CENTRO              ,BAR RESTAURANTE,1117.0,proximidad
2053711106,node,40.4108769,-3.7049558,Casquería Oscar,,Calle de la Encomienda,1,,,+34917051233,,,,,,,ENCOMIENDA,1,ENCOMIENDA|1,28.658885455362885,240,EMBAJADORES         ,CENTRO              ,RESTAURANTE,1028.0,proximidad
2077053413,node,40.4151747,-3.7133534,La Dehesa de Santa María,,Calle Mayor,88,28013,Madrid,,http://www.dehesasantamaria.com/,,,,,,MAYOR,88,MAYOR|88,28.147242418213672,200,PALACIO             ,CENTRO              ,BAR RESTAURANTE,1001.0,proximidad
2077053417,node,40.4129943,-3.7134259,Zoco,,,,,,,,,,,,,,,,3.8122872154608802,919,PALACIO             ,CENTRO              ,BAR RESTAURANTE,1015.0,proximidad
2077053426,node,40.4116416,-3.7109461,La Muralla,,,,,,,,,,,,,,,,1.128201011671198,615,PALACIO             ,CENTRO              ,BAR RESTAURANTE,1011.0,proximidad
2077053434,node,40.4101448,-3.7120274,Viuda de Vacas,,Calle del Águila,2,28005,Madrid,+34 913665847,http://viudadevacas.es/,,,,,,ÁGUILA,2,ÁGUILA|2,0.30589159135963695,883,PALACIO             ,CENTRO              ,BAR RESTAURANTE,1020.0,proximidad
2077053447,node,40.4101937,-3.7123383,Los Ángeles,,,,,,,,,,,,,,,,8.768539611258596,226,PALACIO             ,CENTRO              ,RESTAURANTE,1014.0,proximidad
2077053450,node,40.4100457,-3.7123468,Casa Mateos,,,,,,,,,,,,,,,,1.3287150805916883,929,PALACIO             ,CENTRO              ,BAR RESTAURANTE,1020.0,proximidad
2077053464,node,40.4101838,-3.7118118,Taberna J. Blanco,,,,,,,,,,,,,,,,9.453228583680708,220,PALACIO             ,CENTRO              ,BAR RESTAURANTE,1014.0,proximidad
2077053470,node,40.410247,-3.7117506,El Bombín de Sabina,,,,,,,,,,,,,,,,0.6491533706899618,220,PALACIO             ,CENTRO              ,BAR RESTAURANTE,1014.0,proximidad
2077053473,node,40.4105984,-3.7134164,San Francisco 13,,Carrera de San Francisco,13,28005,Madrid,,,,,,,,SAN FRANCISCO,13,SAN FRANCISCO|13,24.06301994474162,1395,PALACIO             ,CENTRO              ,BAR RESTAURANTE,1015.0,proximidad
2077053477,node,40.4106028,-3.710243,,,,,,,,,,,,,,,,,19.29064697541215,910,PALACIO             ,CENTRO              ,RESTAURANTE,1013.0,proximidad
2180149404,node,40.4159786,-3.7016048,Taberna La Alhambra,,Calle de la Victoria,9,28012,Madrid,,,,,,,,VICTORIA,9,VICTORIA|9,5.844741249073957,1499,SOL                 ,CENTRO              ,BAR RESTAURANTE,1119.0,proximidad
2209904744,node,40.4272019,-3.7100959,La cajita de Nori,,Calle del Limón,30,28015,Madrid,+34 917587295,http://www.lacajitadenori.es/,,,,,no,LIMÓN,30,LIMÓN|30,6.7728138734575545,1227,UNIVERSIDAD         ,CENTRO              ,BAR RESTAURANTE,1105.0,proximidad
2239998409,node,40.4218481,-3.6955709,Rocafría,,,,,,,,,,,,no,,,,3.257709753332113,270,JUSTICIA            ,CENTRO              ,BAR RESTAURANTE,1073.0,proximidad
2246509892,node,40.410196,-3.697543,Café Bar Alma,spanish,,,,,+34 915 27 49 30,https://almacafebar.wordpress.com/,,,,,yes,,,,29.72544424067186,1003,EMBAJADORES         ,CENTRO              ,BAR RESTAURANTE,1051.0,proximidad
2323109593,node,40.4166091,-3.7015702,Museo del Jamón,regional,,,,,+34 91 5210346,https://www.museodeljamon.com/,,,,,yes,,,,7.578141058947599,398,SOL                 ,CENTRO              ,BAR RESTAURANTE,1119.0,proximidad
2337459596,node,40.41329,-3.7098287,Café del Nuncio,,,,,,,,,,,,,,,,26.32415566337934,576,PALACIO             ,CENTRO              ,RESTAURANTE,1011.0,proximidad
2357618846,node,40.4110877,-3.6943434,Matilda,,Calle Almadén,15,28014,Madrid,,,Mo-Sa 08:00-17:00,,,,no,ALMADÉN,15,ALMADÉN|15,9.481725955995582,951,CORTES              ,CENTRO              ,BAR RESTAURANTE,1062.0,proximidad
2357662191,node,40.4112111,-3.6948323,Ganz,,,,,,,,,,,,no,,,,11.560082840107038,1408,CORTES              ,CENTRO              ,BAR RESTAURANTE,1062.0,proximidad
2379588126,node,40.4128174,-3.7139203,El Ventorrillo,spanish,Calle de Bailén,14,28005,Madrid,+34 91 366 35 78,,,,,,,BAILÉN,14,BAILÉN|14,5.367073631722665,417,PALACIO             ,CENTRO              ,BAR RESTAURANTE,1018.0,proximidad
2379590685,node,40.4146851,-3.6945994,Chez Madrid,european,Plaza de Cánovas del Castillo,4,28014,Madrid,+34 91 989 58 96,https://grupocarbon.es/restaurantes/chezmadrid/,Mo-Th 12:00-02:00; Fr-Sa 12:00-02:30; Su 12:00-02:00,yes,,,limited,CÁNOVAS DEL CASTILLO,4,CÁNOVAS DEL CASTILLO|4,3.729163143100427,1356,CORTES              ,CENTRO              ,BAR RESTAURANTE,1071.0,proximidad
2379595314,node,40.4143652,-3.7011349,Lateral Santa Ana,,Plaza de Santa Ana,12,28012,Madrid,+34 914 20 1582,https://www.lateral.com/,"Mo-We, Su 12:00-00:00; Th-Sa 12:00-02:00",,,,limited,SANTA ANA,12,SANTA ANA|12,14.656520436023769,1011,CORTES              ,CENTRO              ,BAR RESTAURANTE,1068.0,proximidad
2437748220,node,40.4165272,-3.6995613,La Rollerie,,Carrera de San Jerónimo,,,Madrid,,,"Mo 08:00-16:00; Tu-Fr 08:00-20:00; PH,Sa,Su 09:00-20:00",,,,,SAN JERÓNIMO,,,5.035986571240797,1061,CORTES              ,CENTRO              ,RESTAURANTE,1072.0,proximidad
2437748225,node,40.4166082,-3.7013775,Lhardy,,,,,,+34 915 213 385,https://lhardy.com/,,,,,,,,,2.3327150235954406,399,SOL                 ,CENTRO              ,RESTAURANTE,1119.0,proximidad
2449728813,node,40.4181945,-3.70899,De María Ópera,argentinian,Plaza de Isabel II,2,28013,Madrid,+34 91 5479305,http://demariafelixboix.es,,,,,,ISABEL II,2,ISABEL II|2,8.190329626947015,482,PALACIO             ,CENTRO              ,BAR RESTAURANTE,1006.0,proximidad
2449728819,node,40.4178269,-3.7098678,Foster's Hollywood,american,,,,,,,,,,,,,,,4.371869065120154,622,PALACIO             ,CENTRO              ,BAR RESTAURANTE,1006.0,proximidad
2494912095,node,40.4151932,-3.6991697,Indian Spice,indian,Calle de Manuel Fernández y González,17,28014,Madrid,+34 914 29 54 06,http://www.indianspice.es/find-us/,,,,,,MANUEL FERNÁNDEZ Y GONZÁLEZ,17,MANUEL FERNÁNDEZ Y GONZÁLEZ|17,3.0698830700789665,1004,CORTES              ,CENTRO              ,RESTAURANTE,1072.0,proximidad
2501139645,node,40.412593,-3.7088178,Cava Baja 17,,Calle de la Cava Baja,17,28005,Madrid,,http://cavabaja17.es/,,,,,limited,CAVA BAJA,17,CAVA BAJA|17,3.4234521269283196,782,PALACIO             ,CENTRO              ,BAR RESTAURANTE,1011.0,proximidad
2523695124,node,40.4157877,-3.7076505,Bar Andalú La Torre del Oro,regional,Plaza Mayor,26,28012,Madrid,,http://www.torredeloro.wellsoc.org/,,,,,no,MAYOR,26,MAYOR|26,4.4545363255223895,394,SOL                 ,CENTRO              ,BAR RESTAURANTE,1121.0,proximidad
2523695125,node,40.4150004,-3.7068389,Bar Plaza Mayor,,Plaza Mayor,2,28012,Madrid,,,,,,,,MAYOR,2,MAYOR|2,18.482453901749192,376,SOL                 ,CENTRO              ,BAR RESTAURANTE,1121.0,proximidad
2540726760,node,40.4147819,-3.7082818,TragaTapas,regional,Calle de la Cava de San Miguel,,,,,,,,,,,CAVA DE SAN MIGUEL,,,3.0879698274957543,212,PALACIO             ,CENTRO              ,RESTAURANTE,1008.0,proximidad
2546777613,node,40.4122258,-3.6991251,La Muñoza,spanish,,,,,,,"Tu-Th 12:00-24:00; Fr,Sa 12:00-02:00; Su 12:00-18:00",,,,yes,,,,2.1074665752879684,425,EMBAJADORES         ,CENTRO              ,BAR RESTAURANTE,1059.0,proximidad
2556174850,node,40.4094834,-3.7022293,Taj Mahal,indian,Calle de Lavapiés,46,28012,Madrid,+34 915 27 91 08,http://www.tajmahalrestauranteindio.es/es/,,,,,,LAVAPIÉS,46,LAVAPIÉS|46,0.9494783078025263,735,EMBAJADORES         ,CENTRO              ,RESTAURANTE,1043.0,proximidad
2569444826,node,40.4197955,-3.6993961,SteakBurger,american,Gran Vía,16,,,+34 914 21 92 50,https://www.steakburger.es/,,,,,yes,GRAN VÍA,16,GRAN VÍA|16,2.857388405758459,785,JUSTICIA            ,CENTRO              ,RESTAURANTE,1074.0,proximidad
2572301137,node,40.4128817,-3.7134616,Gauranga,fusion;indian,,,,,,,,,,,,,,,13.558890561497149,919,PALACIO             ,CENTRO              ,BAR RESTAURANTE,1015.0,proximidad
2579556465,node,40.4211562,-3.7056049,El Buda Feliz,chinese,Calle de los Tudescos,,28004,Madrid,,,,yes,,,limited,TUDESCOS,,,11.17412282752701,1223,UNIVERSIDAD         ,CENTRO              ,BAR RESTAURANTE,1115.0,proximidad
2583657782,node,40.4242822,-3.7065474,Goiko Grill,,Calle del Pez,36,28004,Madrid,+34 910 60 88 78; +34 910 60 11 41,https://www.goikogrill.com,,yes,,,no,PEZ,36,PEZ|36,26.74210522639122,104,UNIVERSIDAD         ,CENTRO              ,BAR RESTAURANTE,1113.0,proximidad
2583907730,node,40.4220762,-3.7063343,Xiangzili Bar Restaurante,arab;asian;oriental;noodles,Calle de los Libreros,18,28004,Madrid,+34 911887237;+34 910 29 49 92,,Mo-Su 12:00-24:00,,,,,LIBREROS,18,LIBREROS|18,18.76918466391777,1269,UNIVERSIDAD         ,CENTRO              ,RESTAURANTE,1115.0,proximidad
2586789264,node,40.4285661,-3.703478,Casa Maravillas,regional,Calle de Manuela Malasaña,13,28004,Madrid,+34 914458259,,,,,,no,MANUELA MALASAÑA,13,MANUELA MALASAÑA|13,11.717196625131614,549,UNIVERSIDAD         ,CENTRO              ,RESTAURANTE,1090.0,proximidad
2622900844,node,40.4252693,-3.7036283,Toro Burguers,,Calle del Marqués de Santa Ana,34,28004,Madrid,,,,,,,,MARQUÉS DE SANTA ANA,34,MARQUÉS DE SANTA ANA|34,1.83785731669515,1311,UNIVERSIDAD         ,CENTRO              ,RESTAURANTE,1098.0,proximidad
2622900847,node,40.4249663,-3.7042428,,,Calle del Marqués de Santa Ana,37,28004,Madrid,,,,,,,,MARQUÉS DE SANTA ANA,37,MARQUÉS DE SANTA ANA|37,0.9087472032841529,1472,UNIVERSIDAD         ,CENTRO              ,RESTAURANTE,1098.0,proximidad
2629841716,node,40.4239558,-3.7050849,La Copla,,Calle de Jesús del Valle,1,28004,Madrid,+34 910 12 68 07,,,,,,no,JESÚS DEL VALLE,1,JESÚS DEL VALLE|1,15.44228853206947,1174,UNIVERSIDAD         ,CENTRO              ,RESTAURANTE,1097.0,proximidad
2630111356,node,40.4243799,-3.7067198,El Rincón de Pez,,Calle del Pez,38,28004,Madrid,,,,yes,,,no,PEZ,38,PEZ|38,20.258306196859998,104,UNIVERSIDAD         ,CENTRO              ,BAR RESTAURANTE,1113.0,proximidad
2631116903,node,40.4198315,-3.7081655,Dehesa Santa María,,Costanilla de los Ángeles,15,28013,Madrid,,http://www.dehesasantamaria.com/,,,,,,COSTANILLA DE LOS ÁNGELES,15,COSTANILLA DE LOS ÁNGELES|15,8.080318588114542,878,PALACIO             ,CENTRO              ,BAR RESTAURANTE,1003.0,proximidad
2631126575,node,40.4156141,-3.7083143,Casa Rúa,regional,Calle Ciudad Rodrigo,3,28012,Madrid,,,,,,,,CIUDAD RODRIGO,3,CIUDAD RODRIGO|3,6.912616862491667,439,SOL                 ,CENTRO              ,RESTAURANTE,1121.0,proximidad
2631128250,node,40.4157731,-3.7080496,Arrabal,,Plaza Mayor,23,28012,Madrid,,,,,,,limited,MAYOR,23,MAYOR|23,17.26202532609668,170,SOL                 ,CENTRO              ,BAR RESTAURANTE,1121.0,proximidad
2631130966,node,40.4155385,-3.7081543,Cafetería Magerit,regional,Plaza Mayor,22,28012,Madrid,,,,yes,,,limited,MAYOR,22,MAYOR|22,20.764703425819725,170,SOL                 ,CENTRO              ,BAR RESTAURANTE,1121.0,proximidad
2631133125,node,40.4151033,-3.7081185,Bar Tineo,,Plaza Mayor,14,28012,Madrid,,,,,,,,MAYOR,14,MAYOR|14,12.28039333905643,584,SOL                 ,CENTRO              ,BAR RESTAURANTE,1121.0,proximidad
2631133126,node,40.4150447,-3.7081117,Café Zarra,,Plaza Mayor,13,28012,Madrid,,,,,,,,MAYOR,13,MAYOR|13,11.158479653540192,584,SOL                 ,CENTRO              ,BAR RESTAURANTE,1121.0,proximidad
2632237574,node,40.4219003,-3.7077078,Paraíso del Jamón,regional,Calle de San Bernardo,8,28015,Madrid,+34 915328350,https://www.paraisodeljamon.com/index2.htm,,,,,no,SAN BERNARDO,8,SAN BERNARDO|8,7.534342464037231,489,UNIVERSIDAD         ,CENTRO              ,RESTAURANTE,1115.0,proximidad
2632245314,node,40.4203349,-3.7079726,Domingo's,,Calle de Jacometrezo,,28013,Madrid,,,,,,,,JACOMETREZO,,,5.249181410182684,116,PALACIO             ,CENTRO              ,RESTAURANTE,1003.0,proximidad
2632252656,node,40.4198828,-3.7077186,Topolino,italian,Calle Preciados,50,28013,Madrid,+34 91 542 55 55,https://www.topolino.es/,,,,,,PRECIADOS,50,PRECIADOS|50,1.322417918113001,453,SOL                 ,CENTRO              ,RESTAURANTE,1117.0,proximidad
2632260876,node,40.4197098,-3.707584,Café Varela,,Calle Preciados,37,28013,Madrid,+34 91 454 44 00,https://www.cafevarela.com/,,,,,no,PRECIADOS,37,PRECIADOS|37,15.804954937071518,428,SOL                 ,CENTRO              ,RESTAURANTE,1117.0,proximidad
2632277332,node,40.4186679,-3.7071852,Esencia al Cuadrado,,Travesía de los Trujillos,2,28013,Madrid,+34 910 530 873,https://www.esenciaalcuadrado.es/,,,,,,TRAVESÍA DE LOS TRUJILLOS,2,TRAVESÍA DE LOS TRUJILLOS|2,7.1623297662482095,1346,SOL                 ,CENTRO              ,BAR RESTAURANTE,1117.0,proximidad
2639589172,node,40.4260668,-3.6983114,La Potxola,regional,Calle de San Mateo,19,28004,Madrid,+34 665 21 48 77,,,,,,,SAN MATEO,19,SAN MATEO|19,14.339099363969558,1180,JUSTICIA            ,CENTRO              ,BAR RESTAURANTE,1087.0,proximidad
2639926091,node,40.4149224,-3.6949679,Vips,international,Plaza de Cánovas del Castillo,5,28014,Madrid,+34 912752183,,,,,,yes,CÁNOVAS DEL CASTILLO,5,CÁNOVAS DEL CASTILLO|5,1.6011461033417373,294,CORTES              ,CENTRO              ,RESTAURANTES DE COMIDA RAPIDA,1071.0,proximidad
2640018740,node,40.4175851,-3.7107589,Agra Palace,indian,Calle de Vergara,7,,,+34 91 559 33 11,,,,,,,VERGARA,7,VERGARA|7,1.677898202717339,850,PALACIO             ,CENTRO              ,RESTAURANTE,1006.0,proximidad
2643887894,node,40.4188883,-3.707336,Casa Parrondo,regional,Calle de los Trujillos,,28013,Madrid,+34 915 22 62 34,https://www.casaparrondo.com/,"We 13:00-16:00,20:00-24:00",,,,,TRUJILLOS,,,2.257297673367931,30,SOL                 ,CENTRO              ,RESTAURANTE,1117.0,proximidad
2643893669,node,40.417991,-3.7074771,Juan Men,chinese,Calle de las Hileras,19,28013,Madrid,,https://h.qr61.cn/oCK3NF/qts1lvW,,,,,,HILERAS,19,HILERAS|19,2.6182048939591533,1340,SOL                 ,CENTRO              ,RESTAURANTE,1124.0,proximidad
2643911169,node,40.4170477,-3.7082922,Taquería Mi Ciudad,mexican,Calle de las Hileras,5,28013,Madrid,+34 915598711,https://www.taqueriamiciudad.com/,,,,,no,HILERAS,5,HILERAS|5,10.135990946638977,1339,SOL                 ,CENTRO              ,BAR RESTAURANTE,1124.0,proximidad
2645501118,node,40.4239319,-3.7101805,Nemrut,kebab,Calle de los Reyes,16,28015,Madrid,,http://www.nemrutkebabmadrid.es/,,,,,no,REYES,16,REYES|16,21.527993191417732,154,UNIVERSIDAD         ,CENTRO              ,RESTAURANTE,1112.0,proximidad
2645867631,node,40.4254946,-3.7039813,Ojalá,international;local,Calle de San Andrés,1,28004,Madrid,+34915232747,https://www.grupolamusa.com/restaurante-ojala,Mo-We 09:00-01:00; Th 09:00-01:30; Fr 09:00-02:00; Sa 11:00-02:00; Su 11:00-01:00,yes,,,no,SAN ANDRÉS,1,SAN ANDRÉS|1,3.7886428782844535,117,UNIVERSIDAD         ,CENTRO              ,RESTAURANTE,1100.0,proximidad
2645869773,node,40.4282422,-3.7033523,,,Calle de San Andrés,38,28004,Madrid,,,,,,,,SAN ANDRÉS,38,SAN ANDRÉS|38,27.759635265344688,549,UNIVERSIDAD         ,CENTRO              ,RESTAURANTE,1090.0,proximidad
2647375160,node,40.4151263,-3.7014088,Taberna Fragua de Vulcano,regional,Calle de Álvarez Gato,9,28012,Madrid,+34 915 22 36 05,https://lafraguadevulcanomadrid.eatbu.com/,"Su-Th 12:00-01:30; Fr,Sa 12:00-02:00",,,,no,ÁLVAREZ GATO,9,ÁLVAREZ GATO|9,12.388844170164779,998,CORTES              ,CENTRO              ,BAR RESTAURANTE,1069.0,proximidad
2647379650,node,40.4149712,-3.7014446,Villa Rosa,regional,Plaza de Santa Ana,15,28012,Madrid,+34 91 5213689,https://www.tablaoflamencovillarosa.com/es/,,,,,,SANTA ANA,15,SANTA ANA|15,16.826358602333286,998,CORTES              ,CENTRO              ,BAR RESTAURANTE,1069.0,proximidad
2647385671,node,40.4151538,-3.7019713,Las Bravas,regional,Calle de Álvarez Gato,3,28012,Madrid,+34 91 522 85 81,https://lasbravas.com/,,,,,,ÁLVAREZ GATO,3,ÁLVAREZ GATO|3,5.8940416196565,396,CORTES              ,CENTRO              ,BAR RESTAURANTE,1069.0,proximidad
2651530880,node,40.4231503,-3.7108165,Lupita Cuzco,peruvian,Gran Vía,73,28013,Madrid,+34 91 5598657,http://www.restaurantlupita.com/,,no,,,no,GRAN VÍA,73,GRAN VÍA|73,14.963359860988064,753,PALACIO             ,CENTRO              ,BAR RESTAURANTE,1002.0,proximidad
2651530886,node,40.4231214,-3.7107694,La Arepera,venezuelan,Gran Vía,71,28013,Madrid,,,,no,,,,GRAN VÍA,71,GRAN VÍA|71,9.857110696522117,121,PALACIO             ,CENTRO              ,BAR RESTAURANTE,1002.0,proximidad
2651560890,node,40.4222356,-3.708693,Wok Garden,,Gran Vía,64,28013,Madrid,,,,,,,,GRAN VÍA,64,GRAN VÍA|64,0.8998276000499277,1257,UNIVERSIDAD         ,CENTRO              ,BAR RESTAURANTE,1112.0,proximidad
2651560891,node,40.4220247,-3.7090445,La Toscana,italian,Gran Vía,59,28013,Madrid,+34 915 47 61 04,,,,,,,GRAN VÍA,59,GRAN VÍA|59,7.926009228061408,72,PALACIO             ,CENTRO              ,RESTAURANTE,1003.0,proximidad
2651560892,node,40.4219943,-3.7083084,La Sirena Verde,regional,Gran Vía,60,28013,Madrid,,,,,,,,GRAN VÍA,60,GRAN VÍA|60,29.440041119933127,316,UNIVERSIDAD         ,CENTRO              ,BAR RESTAURANTE,1112.0,proximidad
2651560894,node,40.4220558,-3.7090951,Mesón El Jamón,regional,Gran Vía,59,28013,Madrid,,,,,,,,GRAN VÍA,59,GRAN VÍA|59,1.722434493457186,769,PALACIO             ,CENTRO              ,BAR RESTAURANTE,1003.0,proximidad
2653722455,node,40.425515,-3.7074605,NAP,pizza,Calle de San Bernardo,51,28015,Madrid,+34 910 665 353,https://www.napofficial.com/,Su-Th 12:00-00:00; Fr-Sa 12:00-00:30,,,,no,SAN BERNARDO,51,SAN BERNARDO|51,21.395873531368807,158,UNIVERSIDAD         ,CENTRO              ,RESTAURANTE,1110.0,proximidad
2655919909,node,40.4192126,-3.706068,El Cucurucho del Mar,,Calle del Postigo de San Martín,6,28013,Madrid,+34 915220895,http://www.cucuruchodelmar.com/,,yes,,,,POSTIGO DE SAN MARTÍN,6,POSTIGO DE SAN MARTÍN|6,0.5673332902768049,403,SOL                 ,CENTRO              ,BAR RESTAURANTE,1117.0,proximidad
2656003482,node,40.4176632,-3.7070637,Madrid Grill,,Calle de San Martín,3,28013,Madrid,+34 910 595 881,https://madridgrill.com/,,,,,,SAN MARTÍN,3,SAN MARTÍN|3,2.292222997452784,197,SOL                 ,CENTRO              ,RESTAURANTE,1124.0,proximidad
2656051910,node,40.4155635,-3.7065987,El Soportal,regional,Plaza Mayor,33,28013,Madrid,,,,,,,,MAYOR,33,MAYOR|33,8.885517872804673,362,SOL                 ,CENTRO              ,RESTAURANTE,1121.0,proximidad
2657226796,node,40.4175729,-3.7095037,Lalín Casa del Pulpo,regional,Calle de la Escalinata,,28013,Madrid,,,,,,,,ESCALINATA,,,28.07936611650201,524,PALACIO             ,CENTRO              ,RESTAURANTE,1006.0,proximidad
2657233346,node,40.4198093,-3.708289,Sublime Tokyo,japanese,Cuesta de Santo Domingo,24,28013,Madrid,+34 91 559 30 65,,,,,,,SANTO DOMINGO,24,SANTO DOMINGO|24,4.581234441050965,844,PALACIO             ,CENTRO              ,RESTAURANTE,1003.0,proximidad
2661121501,node,40.422819,-3.6998882,Everyday,regional,Calle de Augusto Figueroa,,28004,Madrid,,,,,,,yes,AUGUSTO FIGUEROA,,,9.441370731121037,1466,JUSTICIA            ,CENTRO              ,BAR RESTAURANTE,1075.0,proximidad
2663017680,node,40.421527,-3.7059934,Ni Hao,chinese,Calle de Silva,20,28004,Madrid,,,,,,,yes,SILVA,20,SILVA|20,16.111819326251307,1514,UNIVERSIDAD         ,CENTRO              ,RESTAURANTE,1115.0,proximidad
2665127468,node,40.4238312,-3.7053652,Pontepez,regional,Calle del Pez,18,28004,Madrid,+34 915 23 29 33,https://pontepez.com/,,,,,no,PEZ,18,PEZ|18,27.934724003545178,1268,UNIVERSIDAD         ,CENTRO              ,BAR RESTAURANTE,1114.0,proximidad
2674514530,node,40.4223898,-3.7003278,La Tita,regional,Calle de Pérez Galdós,4,28004,Madrid,,https://www.latitarivera.com/bio,,,,,,PÉREZ GALDÓS,4,PÉREZ GALDÓS|4,0.47988192876606334,1427,JUSTICIA            ,CENTRO              ,RESTAURANTE,1075.0,proximidad
2674514537,node,40.4237643,-3.7011521,El Mandil,regional,Calle de Colón,5,28004,Madrid,+34 915 31 62 55,https://www.elmandilmadrid.com/,,,,,no,COLÓN,5,COLÓN|5,5.397189026760595,73,UNIVERSIDAD         ,CENTRO              ,BAR RESTAURANTE,1095.0,proximidad
2678581207,node,40.4236061,-3.7089498,Lamian,asian,Plaza de los Mostenses,4,28015,Madrid,,,,,,,limited,LOS MOSTENSES,4,LOS MOSTENSES|4,1.342373469082463,457,UNIVERSIDAD         ,CENTRO              ,BAR RESTAURANTE,1112.0,proximidad
2680511808,node,40.4235559,-3.708731,Barbacoa,chinese,Plaza de los Mostenses,6,28015,Madrid,,,,,,,no,LOS MOSTENSES,6,LOS MOSTENSES|6,20.246842309833795,1486,UNIVERSIDAD         ,CENTRO              ,BAR RESTAURANTE,1112.0,proximidad
2680511828,node,40.4235192,-3.7093626,Hot Pot,chinese,Plaza de los Mostenses,1,28015,Madrid,,,,,,,,LOS MOSTENSES,1,LOS MOSTENSES|1,14.81566058840663,1270,UNIVERSIDAD         ,CENTRO              ,BAR RESTAURANTE,1112.0,proximidad
2683834798,node,40.4237878,-3.7063814,Juancho s,burger,Calle de Andrés Borrego,16,28004,Madrid,,https://juanchosbbq.com/,,,,,,ANDRÉS BORREGO,16,ANDRÉS BORREGO|16,3.5030180769702417,1218,UNIVERSIDAD         ,CENTRO              ,RESTAURANTE,1113.0,proximidad
2686417963,node,40.4266834,-3.7036351,Olemole,mexican,Calle de San Andrés,14,28004,Madrid,+34 910506142,https://www.olemole.es/,,yes,,,limited,SAN ANDRÉS,14,SAN ANDRÉS|14,1.4342231429639838,1176,UNIVERSIDAD         ,CENTRO              ,RESTAURANTE,1093.0,proximidad
2686417970,node,40.4273459,-3.7035254,Roost Chicken,,Calle de San Andrés,26,28004,Madrid,,,,,,,no,SAN ANDRÉS,26,SAN ANDRÉS|26,1.439813103624659,1479,UNIVERSIDAD         ,CENTRO              ,BAR RESTAURANTE,1093.0,proximidad
2689676547,node,40.4187322,-3.7082032,El Pato Mudo,regional,Costanilla de los Ángeles,8,28013,Madrid,,,,,,,,COSTANILLA DE LOS ÁNGELES,8,COSTANILLA DE LOS ÁNGELES|8,1.3620270286228466,408,SOL                 ,CENTRO              ,RESTAURANTE,1117.0,proximidad
2689693253,node,40.4173759,-3.7087076,Taquería Mi Ciudad,mexican,Calle de las Fuentes,11,28013,Madrid,+34 608621096,https://www.taqueriamiciudad.com/,,,,,,FUENTES,11,FUENTES|11,6.656340371159279,886,PALACIO             ,CENTRO              ,BAR RESTAURANTE,1006.0,proximidad
2689693281,node,40.4174275,-3.7078346,Distreato,asian,Calle de las Hileras,12,28013,Madrid,+34668570401,https://distreato.com/,Su-Th 12:00-22:30; Fr-Sa 12:00-23:30,,,,,HILERAS,12,HILERAS|12,20.990760791531038,26,SOL                 ,CENTRO              ,BAR RESTAURANTE,1123.0,proximidad
2692581969,node,40.4238489,-3.7012882,La Jauría,,Calle de Colón,10,28004,Madrid,+34 911 30 48 36,,,,,,no,COLÓN,10,COLÓN|10,2.914225176670488,794,UNIVERSIDAD         ,CENTRO              ,BAR RESTAURANTE,1094.0,proximidad
2692581978,node,40.4237214,-3.7007596,Orio,regional,Calle de Fuencarral,49,28004,Madrid,+34 915 21 8318,https://oriogastronomiavasca.com/,"Mo-Su 12:30-00:00 open ""bar and restaurant"" || Mo-Su 10:00-01:00 open ""bar""",no,,,limited,FUENCARRAL,49,FUENCARRAL|49,1.0853937955961175,787,UNIVERSIDAD         ,CENTRO              ,BAR RESTAURANTE,1095.0,proximidad
2696236498,node,40.4194731,-3.707982,Berlin,indian,Costanilla de los Ángeles,18,28013,Madrid,,,,,,,,COSTANILLA DE LOS ÁNGELES,18,COSTANILLA DE LOS ÁNGELES|18,4.669741634419303,1234,SOL                 ,CENTRO              ,RESTAURANTE,1117.0,proximidad
2696236505,node,40.4139438,-3.7085134,Casa Paco,regional,Plaza de Puerta Cerrada,11,28005,Madrid,+34 913663166,http://www.casapaco1933.com/,,,,,limited,PUERTA CERRADA,11,PUERTA CERRADA|11,4.939638882880346,213,PALACIO             ,CENTRO              ,BAR RESTAURANTE,1008.0,proximidad
2696236506,node,40.4155063,-3.7086445,Tapas de Sichuan,chinese,Calle de la Cava de San Miguel,3,28005,Madrid,+34 915 04 72 09,,,,,,no,CAVA DE SAN MIGUEL,3,CAVA DE SAN MIGUEL|3,1.075500139382713,791,SOL                 ,CENTRO              ,BAR RESTAURANTE,1121.0,proximidad
2697521926,node,40.4209125,-3.7089606,Sandó,,Calle de Isabel La Católica,2-4,28013,Madrid,+34 915479911,https://restaurantesando.es/es,,,,,,ISABEL LA CATÓLICA,2,ISABEL LA CATÓLICA|2,4.159223691265365,590,PALACIO             ,CENTRO              ,RESTAURANTE,1003.0,proximidad
2697521931,node,40.4199972,-3.7105112,La Bola,regional,Calle de la Bola,5,28013,Madrid,+34 915 476 930,https://www.labola.es/,,,,,,BOLA,5,BOLA|5,16.347229253903716,205,PALACIO             ,CENTRO              ,BAR RESTAURANTE,1004.0,proximidad
2697589085,node,40.4121032,-3.7133507,Rasputín,russian,Calle de Yeseros,2,28005,Madrid,+34 91 366 39 62,https://www.rasputin.es/,,,,,,YESEROS,2,YESEROS|2,3.9983002412477116,221,PALACIO             ,CENTRO              ,RESTAURANTE,1015.0,proximidad
2697589086,node,40.4127045,-3.7139366,Francisca,regional,Calle de Bailén,14,28005,Madrid,,,,,,,,BAILÉN,14,BAILÉN|14,2.36462325272838,230,PALACIO             ,CENTRO              ,RESTAURANTE,1018.0,proximidad
2697589093,node,40.4117008,-3.71403,,indian,Calle de Bailén,20,28005,Madrid,+34 91 365 66 54,http://www.lavacaargentina.net/restaurantes-madrid-bailen-20,,,,,,BAILÉN,20,BAILÉN|20,1.4557299279525986,12,PALACIO             ,CENTRO              ,RESTAURANTE,1018.0,proximidad
2701952591,node,40.4103465,-3.6977557,Amores,,Calle de Santa Isabel,38,28012,Madrid,,,,,,,no,SANTA ISABEL,38,SANTA ISABEL|38,25.065452003907836,1003,EMBAJADORES         ,CENTRO              ,BAR RESTAURANTE,1051.0,proximidad
2703977228,node,40.4254727,-3.7037374,Casa 28,,Calle del Espíritu Santo,28,28004,Madrid,,https://casa28.com.es/,,,,,,ESPÍRITU SANTO,28,ESPÍRITU SANTO|28,25.353908491512403,117,UNIVERSIDAD         ,CENTRO              ,RESTAURANTE,1100.0,proximidad
2703977232,node,40.4254845,-3.7038496,Empys,,Calle del Espíritu Santo,28,28004,Madrid,,,,,,,,ESPÍRITU SANTO,28,ESPÍRITU SANTO|28,12.94280779846506,117,UNIVERSIDAD         ,CENTRO              ,RESTAURANTE,1100.0,proximidad
2704017907,node,40.4265428,-3.7037728,La Divina,regional,Calle de San Andrés,11,28004,Madrid,,,,,,,no,SAN ANDRÉS,11,SAN ANDRÉS|11,14.493285907119764,152,UNIVERSIDAD         ,CENTRO              ,BAR RESTAURANTE,1102.0,proximidad
2704017912,node,40.4273585,-3.7039189,Cabreira,regional,Calle de Ruiz,2,28004,Madrid,+34 91 593 02 00,https://www.cabreira.es/,,yes,,,no,RUIZ,2,RUIZ|2,0.16130646883855765,290,UNIVERSIDAD         ,CENTRO              ,RESTAURANTE,1093.0,proximidad
2704017915,node,40.4275617,-3.7038785,La Fragua de Sebín,regional,Calle del Divino Pastor,21,28004,Madrid,+34 914 459 597,http://www.fraguadesebin.com/,,,,,,DIVINO PASTOR,21,DIVINO PASTOR|21,23.015705526828484,290,UNIVERSIDAD         ,CENTRO              ,RESTAURANTE,1093.0,proximidad
2704017917,node,40.4277212,-3.7040168,El Pico,regional,Calle del Divino Pastor,,28004,Madrid,,,,,,,,DIVINO PASTOR,,,19.864167332809206,516,UNIVERSIDAD         ,CENTRO              ,RESTAURANTE,1092.0,proximidad
2704017921,node,40.4286074,-3.703868,EatMyTrip Brunch & Dinner Madrid,brunch,Calle de Manuela Malasaña,17,28004,Madrid,+34689960975,https://eatmytrip.com/brunch-madrid-malasana/,,,,,,MANUELA MALASAÑA,17,MANUELA MALASAÑA|17,1.64313867982091,1153,UNIVERSIDAD         ,CENTRO              ,RESTAURANTE,1092.0,proximidad
2714421804,node,40.4225976,-3.7038375,Superfuüd,,Calle del Pez,1,28004,Madrid,,,,,,,,PEZ,1,PEZ|1,13.140469787480823,171,UNIVERSIDAD         ,CENTRO              ,BAR RESTAURANTE,1096.0,proximidad
2717079190,node,40.4234114,-3.6999933,La Hummusería,middle_eastern;hummus,Calle de Hernán Cortés,8,28004,Madrid,+34 910 22 62 40,https://www.lahummuseria.es/,Mo-Su 13:30-23:00,,,,,HERNÁN CORTÉS,8,HERNÁN CORTÉS|8,2.0144992134324013,1534,JUSTICIA            ,CENTRO              ,RESTAURANTE,1075.0,proximidad
2725509706,node,40.4260755,-3.7107778,Río Miño,regional,Calle del Limón,9,28015,Madrid,+34 91 5473198,http://www.xn--riomio-0wa.com/,,,,,,LIMÓN,9,LIMÓN|9,3.738352440951984,589,UNIVERSIDAD         ,CENTRO              ,RESTAURANTE,1108.0,proximidad
2727060488,node,40.4225468,-3.7105278,Hong Kong Kitchen,chinese,Calle del Doctor Carracido,2,28013,Madrid,,,,,,,,DOCTOR CARRACIDO,2,DOCTOR CARRACIDO|2,3.68237699057067,1379,PALACIO             ,CENTRO              ,RESTAURANTE,1003.0,proximidad
2727060489,node,40.4223782,-3.7105319,Shangrila Dimsum,asian,Calle de Leganitos,26,28013,Madrid,,,,,,,,LEGANITOS,26,LEGANITOS|26,1.8008628234959554,651,PALACIO             ,CENTRO              ,RESTAURANTE,1003.0,proximidad
2728979073,node,40.4225937,-3.7106431,Cervecería Rayal,regional,Calle de Leganitos,28,28013,Madrid,,,,,,,,LEGANITOS,28,LEGANITOS|28,4.047982348932536,71,PALACIO             ,CENTRO              ,RESTAURANTE,1002.0,proximidad
2728979092,node,40.4205846,-3.709399,A Ri Rang,korean,Calle de la Bola,,28013,Madrid,,,,,,,,BOLA,,,0.7919100202624885,1358,PALACIO             ,CENTRO              ,RESTAURANTE,1003.0,proximidad
2756126338,node,40.4252619,-3.7034427,Botequim Brunch & Tapas,fish;latin_american,Calle del Espíritu Santo,15,28004,Madrid,+34915063293,,,,,,no,ESPÍRITU SANTO,15,ESPÍRITU SANTO|15,2.3447245779624573,1309,UNIVERSIDAD         ,CENTRO              ,BAR RESTAURANTE,1098.0,proximidad
2769265439,node,40.4225226,-3.7004122,El 3 de Galdós,,Calle de Pérez Galdós,3,28004,Madrid,,,,,,,,PÉREZ GALDÓS,3,PÉREZ GALDÓS|3,17.24678119904044,1427,JUSTICIA            ,CENTRO              ,RESTAURANTE,1075.0,proximidad
2769265440,node,40.4222901,-3.7000233,Mesón Planeta,regional,Calle de Pérez Galdós,10,28004,Madrid,+34 915 22 25 09,,,,,,,PÉREZ GALDÓS,10,PÉREZ GALDÓS|10,5.871230126761064,1045,JUSTICIA            ,CENTRO              ,BAR RESTAURANTE,1075.0,proximidad
2769265443,node,40.4183458,-3.7073033,Cantina Canalla,mexican,Plaza de San Martín,2,28013,Madrid,+34 915221177,https://www.cantinacanalla.com/,,,,,,SAN MARTÍN,2,SAN MARTÍN|2,1.195793120368413,814,SOL                 ,CENTRO              ,BAR RESTAURANTE,1117.0,proximidad
2777281761,node,40.42487,-3.7008499,Steak Burger,burger,Calle de Fuencarral,73,28004,Madrid,+34 91 531 12 79,https://www.steakburger.es/,,no,,,limited,FUENCARRAL,73,FUENCARRAL|73,23.672320055854748,1122,JUSTICIA            ,CENTRO              ,BAR RESTAURANTE,1087.0,proximidad
2777306936,node,40.4246907,-3.7011574,El Cocinillas,,Calle de San Joaquín,3,28004,Madrid,+34 915232960,http://www.restauranteelcocinillas.com,,,yes,yes,,SAN JOAQUÍN,3,SAN JOAQUÍN|3,8.809096676254121,1192,UNIVERSIDAD         ,CENTRO              ,RESTAURANTE,1094.0,proximidad
2777306954,node,40.4243721,-3.7019608,Maki,,Calle de San Joaquín,16,28004,Madrid,+34 915239806,https://www.restaurantemaki.com/,,yes,,,,SAN JOAQUÍN,16,SAN JOAQUÍN|16,1.348240049468679,810,UNIVERSIDAD         ,CENTRO              ,BAR RESTAURANTE,1094.0,proximidad
2781347263,node,40.4143944,-3.7076336,La Toná,,Calle de Toledo,,28005,Madrid,,,,,,,no,TOLEDO,,,3.2420859142656306,340,SOL                 ,CENTRO              ,BAR RESTAURANTE,1121.0,proximidad
2813472229,node,40.4248424,-3.7011088,Ceviceria San Joaquín,peruvian,Calle de San Joaquín,4,28004,Madrid,,,,no,,,,SAN JOAQUÍN,4,SAN JOAQUÍN|4,1.6895165079773402,705,UNIVERSIDAD         ,CENTRO              ,RESTAURANTE,1094.0,proximidad
2815481539,node,40.4248768,-3.7020918,Greek And Shop,greek,Corredera Alta de San Pablo,9,28004,Madrid,+34 915 32 60 83,https://greekandshop.es,,,,,no,CORREDERA ALTA DE SAN PABLO,9,CORREDERA ALTA DE SAN PABLO|9,16.090170131844918,151,UNIVERSIDAD         ,CENTRO              ,BAR RESTAURANTE,1094.0,proximidad
2877835223,node,40.4148236,-3.7075612,Doro's Bistró,,Calle de Toledo,,28005,Madrid,,,,,,,limited,TOLEDO,,,3.029200171044675,339,SOL                 ,CENTRO              ,BAR RESTAURANTE,1121.0,proximidad
2877835225,node,40.4131836,-3.7081864,Gonder,ethiopian,Calle de Grafal,8,28005,Madrid,+34 91 704 72 50,http://www.gonderrestauranteetiope.com/es/,,,,,,GRAFAL,8,GRAFAL|8,19.328556851136536,1366,PALACIO             ,CENTRO              ,BAR RESTAURANTE,1009.0,proximidad
2883849305,node,40.4257926,-3.7099074,El Arquibar,,Travesía del Conde Duque,5,28015,Madrid,+34 915 59 81 48,,,,,,no,TRAVESÍA DEL CONDE DUQUE,5,TRAVESÍA DEL CONDE DUQUE|5,1.504758429943849,1196,UNIVERSIDAD         ,CENTRO              ,BAR RESTAURANTE,1108.0,proximidad
2888982905,node,40.4287119,-3.703588,Ochenta Grados,,Calle de Manuela Malasaña,10,28004,Madrid,+34 914 458 351,https://ochentagrados.com/restaurante/malasana/,,,,,,MANUELA MALASAÑA,10,MANUELA MALASAÑA|10,5.144668521253159,1135,UNIVERSIDAD         ,CENTRO              ,RESTAURANTE,1090.0,proximidad
2904920327,node,40.4115533,-3.6955653,La Puerta Amarilla,burger,Calle de Fúcar,9,28014,Madrid,+34 911 722 207,https://pecadocarnal.es/huertas/index.html,,,,,no,FÚCAR,9,FÚCAR|9,14.122995124515437,1036,CORTES              ,CENTRO              ,BAR RESTAURANTE,1061.0,proximidad
3007302451,node,40.4229011,-3.7097345,Museo del Jamón,regional,Gran Vía,72,28013,Madrid,,https://www.museodeljamon.es/madrid/,,,,,,GRAN VÍA,72,GRAN VÍA|72,0.2594638516079129,317,UNIVERSIDAD         ,CENTRO              ,BAR RESTAURANTE,1112.0,proximidad
3007302524,node,40.4226474,-3.7100285,Vips,international,Gran Vía,65,28013,Madrid,,https://www.vips.es,,yes,,,,GRAN VÍA,65,GRAN VÍA|65,1.4227892158698254,24,PALACIO             ,CENTRO              ,BAR RESTAURANTE,1003.0,proximidad
3007302525,node,40.4224533,-3.7097301,100 Montaditos,sandwich,Gran Vía,63,28013,Madrid,,https://spain.100montaditos.com/,,,,,,GRAN VÍA,63,GRAN VÍA|63,16.6175858468855,1378,PALACIO             ,CENTRO              ,RESTAURANTE,1003.0,proximidad
3050330459,node,40.4285288,-3.7026709,Lizarrán,spanish,,,,,+34 91 445 53 89,,,,,,,,,,7.935834295924644,1149,UNIVERSIDAD         ,CENTRO              ,RESTAURANTE,1090.0,proximidad
3097803923,node,40.4117258,-3.7146334,El Tormo,regional,Travesía de las Vistillas,13,28005,Madrid,,,,,,,,TRAVESÍA DE LAS VISTILLAS,13,TRAVESÍA DE LAS VISTILLAS|13,1.4564185982231312,880,PALACIO             ,CENTRO              ,RESTAURANTE,1018.0,proximidad
3150467673,node,40.4142521,-3.7021784,Restaurante Ginger,,Plaza del Ángel,12,28012,Madrid,+34 913691059,https://teste.pt/,,,,,yes,ÁNGEL,12,ÁNGEL|12,16.14351078605812,1355,CORTES              ,CENTRO              ,RESTAURANTE,1067.0,proximidad
3150984148,node,40.4146092,-3.7067543,Metro Bistro - Plaza Mayor,,,,,,+34 913 66 33 19,,,,,,yes,,,,4.355823363788752,1523,SOL                 ,CENTRO              ,RESTAURANTE,1121.0,proximidad
3160956719,node,40.4218315,-3.6984451,Izakaya Han,japanese;korean,Calle de San Bartolomé,10,28004,Madrid,,,,,,,limited,SAN BARTOLOMÉ,10,SAN BARTOLOMÉ|10,5.0515034823358445,1080,JUSTICIA            ,CENTRO              ,BAR RESTAURANTE,1077.0,proximidad
3209505781,node,40.4108612,-3.7074892,L'Adore,,Calle de las Maldonadas,2,28005,Madrid,,,,,,,no,MALDONADAS,2,MALDONADAS|2,12.636599594464041,237,EMBAJADORES         ,CENTRO              ,BAR RESTAURANTE,1024.0,proximidad
3217947416,node,40.4116433,-3.7134563,La Taquería de Birra,mexican,,,,,,,,,,,,,,,1.9758121353693832,426,PALACIO             ,CENTRO              ,BAR RESTAURANTE,1015.0,proximidad
3217981144,node,40.4114617,-3.6955698,Piccolo Diavolo,italian,Calle de Fúcar,11,28014,Madrid,+34 911 19 43 48,,,,,,no,FÚCAR,11,FÚCAR|11,11.315859236078264,1036,CORTES              ,CENTRO              ,BAR RESTAURANTE,1061.0,proximidad
3218082259,node,40.4110229,-3.7132115,Bar Sanlúcar,,Calle de San Isidro Labrador,14,28005,Madrid,+34913540052,https://tabernasanlucar.com/,,,,,,SAN ISIDRO LABRADOR,14,SAN ISIDRO LABRADOR|14,1.0286618759561805,1374,PALACIO             ,CENTRO              ,BAR RESTAURANTE,1015.0,proximidad
3237819723,node,40.4191584,-3.7045804,Valdemeso,regional,Calle de Mesonero Romanos,,28013,Madrid,,,PH off,,,,,MESONERO ROMANOS,,,0.9033850986978973,5,SOL                 ,CENTRO              ,BAR RESTAURANTE,1124.0,proximidad
3237847436,node,40.4195924,-3.7080721,La Casita Latina,regional,Costanilla de los Ángeles,,28013,Madrid,+34 915 59 05 81,,,,,,,COSTANILLA DE LOS ÁNGELES,,,13.782917745824804,1234,SOL                 ,CENTRO              ,RESTAURANTE,1117.0,proximidad
3237856847,node,40.421424,-3.7047819,Gymage,,,,,,,https://www.gymage.es/?id=restaurant,,,,,,,,,21.71136785980789,62,UNIVERSIDAD         ,CENTRO              ,RESTAURANTE,1116.0,proximidad
3239575166,node,40.427369,-3.7104178,Olive,,Calle del Conde Duque,24,28015,Madrid,+34 911 88 46 98,,,,,,no,CONDE DUQUE,24,CONDE DUQUE|24,10.11071711734769,1476,UNIVERSIDAD         ,CENTRO              ,RESTAURANTE,1105.0,proximidad
3244463961,node,40.423139,-3.7109116,Tapaspaña,regional,Gran Vía,73,28013,Madrid,+34 911 62 99 66,,,no,,,no,GRAN VÍA,73,GRAN VÍA|73,4.3588672840133915,753,PALACIO             ,CENTRO              ,BAR RESTAURANTE,1002.0,proximidad
3244468585,node,40.4254809,-3.7045021,TAPAloguistaS,,Calle del Espíritu Santo,21,28004,Madrid,,,,,,,no,ESPÍRITU SANTO,21,ESPÍRITU SANTO|21,2.3401471775072977,1185,UNIVERSIDAD         ,CENTRO              ,BAR RESTAURANTE,1100.0,proximidad
3245942751,node,40.4192414,-3.7091305,Wok,asian,Calle de Campomanes,,28013,Madrid,,,,,,,,CAMPOMANES,,,17.72092500780912,1361,PALACIO             ,CENTRO              ,RESTAURANTE,1004.0,proximidad
3246111021,node,40.4255556,-3.7021949,Ma Bretagne,breton,Calle de San Vicente Ferrer,9,,Madrid,,,13:30-16:30;20:30-01:00,,,,,SAN VICENTE FERRER,9,SAN VICENTE FERRER|9,13.699038871644053,297,UNIVERSIDAD         ,CENTRO              ,RESTAURANTE,1101.0,proximidad
3267122624,node,40.4114195,-3.7080763,100 Montaditos,sandwich,,,,,,,,,,,yes,,,,14.651314065821435,384,EMBAJADORES         ,CENTRO              ,BAR RESTAURANTE,1025.0,proximidad
3268259831,node,40.4081204,-3.6980296,No mames wey,,Calle de Argumosa,23,28012,Madrid,,,,,,,,ARGUMOSA,23,ARGUMOSA|23,28.844038455987963,515,EMBAJADORES         ,CENTRO              ,BAR RESTAURANTE,1054.0,proximidad
3275176089,node,40.4072863,-3.7010846,Los Chuchis,international,Calle del Amparo,82,28012,Madrid,,,,,,,,AMPARO,82,AMPARO|82,11.038718168929902,961,EMBAJADORES         ,CENTRO              ,RESTAURANTE,1039.0,proximidad
3296507287,node,40.4158428,-3.7027944,Freedom Cakes,,Calle de Cádiz,7,28012,,+34 910 74 13 47,https://freedomcakes.es/,Mo-Su 09:00-00:00,,,,,CÁDIZ,7,CÁDIZ|7,6.1910000540445145,1490,SOL                 ,CENTRO              ,BAR RESTAURANTE,1119.0,proximidad
3296507294,node,40.4153388,-3.7024723,La Tintorería,regional,Calle de Barcelona,9,28012,Madrid,+34 91 521 4878,,,,,,,BARCELONA,9,BARCELONA|9,7.625225907300341,356,SOL                 ,CENTRO              ,RESTAURANTE,1119.0,proximidad
3342022497,node,40.4140566,-3.7015791,Castizo,regional,Plaza del Ángel,9,28012,Madrid,+34 902520522,,,,,,,ÁNGEL,9,ÁNGEL|9,18.117106007108656,827,CORTES              ,CENTRO              ,BAR RESTAURANTE,1067.0,proximidad
3357914226,node,40.4250599,-3.7118362,La Venganza de Malinche,mexican,Calle del Duque de Osuna,5,28015,Madrid,+34 915 31 07 23,https://lavenganzademalinche.com/,,yes,,,no,DUQUE DE OSUNA,5,DUQUE DE OSUNA|5,1.9529964381421412,750,UNIVERSIDAD         ,CENTRO              ,RESTAURANTE,1111.0,proximidad
3359367680,node,40.42795,-3.7099738,Café Conde Duque,pizza,Calle del Conde Duque,32,28015,Madrid,+34 915 41 01 49,,,no,,,limited,CONDE DUQUE,32,CONDE DUQUE|32,5.493567257455159,1349,UNIVERSIDAD         ,CENTRO              ,BAR RESTAURANTE,1105.0,proximidad
3359367681,node,40.4279255,-3.7097887,La Herradura,mexican,Calle de Montserrat,32,28015,Madrid,+34 915 42 39 36,,,,,,,MONTSERRAT,32,MONTSERRAT|32,15.403456840022198,1349,UNIVERSIDAD         ,CENTRO              ,BAR RESTAURANTE,1105.0,proximidad
3361315181,node,40.4233148,-3.6925055,Ainhoa,regional,Calle de Doña Bárbara de Braganza,12,28004,Madrid,+34 913 08 27 26,https://restauranteainhoa.es/,,,,,,DOÑA BÁRBARA DE BRAGANZA,12,DOÑA BÁRBARA DE BRAGANZA|12,0.5405924998114068,305,JUSTICIA            ,CENTRO              ,RESTAURANTE,1073.0,proximidad
3361315182,node,40.4238475,-3.6948376,Los 33,argentinian;steak_house,Plaza de las Salesas,9,28004,Madrid,+34 914 99 42 58,https://los33.net/,,,,,,LAS SALESAS,9,LAS SALESAS|9,7.1252222159556275,1115,JUSTICIA            ,CENTRO              ,BAR RESTAURANTE,1073.0,proximidad
3361315184,node,40.4243742,-3.6957711,Bogotá,regional,Calle de Belén,20,28004,Madrid,+34 913 08 12 47,https://www.bogotarestaurante.es/,,,,,yes,BELÉN,20,BELÉN|20,12.47830650139166,659,JUSTICIA            ,CENTRO              ,RESTAURANTE,1079.0,proximidad
3361315185,node,40.4241324,-3.6962275,Taj Mahal,indian,Calle de Belén,12,28004,Madrid,,,,,,,,BELÉN,12,BELÉN|12,5.936857173597822,1133,JUSTICIA            ,CENTRO              ,RESTAURANTE,1079.0,proximidad
3361315186,node,40.4244415,-3.6958929,La Mordida,mexican,Calle de Belén,13,28004,Madrid,+34 91 3082089,http://www.lamordida.com/web/restaurantes/la-mordida-de-belen/,,,,,,BELÉN,13,BELÉN|13,12.973418631382968,659,JUSTICIA            ,CENTRO              ,RESTAURANTE,1079.0,proximidad
3363267774,node,40.417261,-3.7115758,Toma Jamón,,,,,,,,,,,,,,,,1.4255162065222542,503,PALACIO             ,CENTRO              ,RESTAURANTE,1006.0,proximidad
3363271908,node,40.416946,-3.7112387,Taberna de Ramales,,,,,,,,,,,,limited,,,,6.485408374401065,178,PALACIO             ,CENTRO              ,BAR RESTAURANTE,1006.0,proximidad
3365559338,node,40.4139063,-3.7000049,El Caldero,regional,Calle de las Huertas,15,28012,Madrid,+34 91 429 50 44,https://www.elcaldero.com/,"Tu-Fr 13:00-16:30,20:00-24:00; Sa 13:00-16:30,20:00-24:00; Su 00:00-00:30,13:00-16:30",,,,no,HUERTAS,15,HUERTAS|15,4.721910640956051,194,CORTES              ,CENTRO              ,RESTAURANTE,1068.0,proximidad
3367997378,node,40.4207023,-3.7048154,Shi-Shang,chinese,Calle de Concepción Arenal,3,28004,Madrid,+34 91 523 12 20,https://shishang.vercel.app/,"Mo,Mo-Tu 12:30-16:30; We-Su 12:30-16:30,19:30-23:45",,,,no,CONCEPCIÓN ARENAL,3,CONCEPCIÓN ARENAL|3,2.0303781712077784,1283,UNIVERSIDAD         ,CENTRO              ,RESTAURANTE,1115.0,proximidad
3367997380,node,40.4206429,-3.7048271,El Águila,regional,Calle de Concepción Arenal,3,28004,Madrid,,,,,,,,CONCEPCIÓN ARENAL,3,CONCEPCIÓN ARENAL|3,1.4884999520046371,323,UNIVERSIDAD         ,CENTRO              ,BAR RESTAURANTE,1115.0,proximidad
3367997381,node,40.4208418,-3.7046596,Kaigang,chinese,Calle de Concepción Arenal,6,28004,Madrid,,,,,,,no,CONCEPCIÓN ARENAL,6,CONCEPCIÓN ARENAL|6,4.535067916745679,1515,UNIVERSIDAD         ,CENTRO              ,RESTAURANTE,1116.0,proximidad
3373090975,node,40.4187759,-3.7105347,Scarlett Ópera,regional,,,28013,Madrid,,,Mo-Su 08:30-21:30,,,,,,,,20.277411466412524,646,PALACIO             ,CENTRO              ,BAR RESTAURANTE,1004.0,proximidad
3373098143,node,40.4162444,-3.7097572,Bar Refra,regional,Calle de Santiago,,28013,Madrid,,,,,,,,SANTIAGO,,,21.360550610375192,892,PALACIO             ,CENTRO              ,BAR RESTAURANTE,1007.0,proximidad
3373098146,node,40.4163296,-3.7089582,Amar La Mar,,Costanilla de Santiago,2,28013,Madrid,,,,,,,,COSTANILLA DE SANTIAGO,2,COSTANILLA DE SANTIAGO|2,2.422085068317657,1362,PALACIO             ,CENTRO              ,RESTAURANTE,1006.0,proximidad
3377847298,node,40.4248483,-3.7107632,Thani,peruvian,Calle de San Leonardo,7,28015,Madrid,+34 915 22 55 97,http://www.comida-peruana.es/,,,,,no,SAN LEONARDO,7,SAN LEONARDO|7,4.694417790137721,1253,UNIVERSIDAD         ,CENTRO              ,RESTAURANTE,1111.0,proximidad
3385927804,node,40.4149007,-3.7068257,La Ideal,regional,Calle Botoneras,4,28012,Madrid,+34 913 65 72 78,,Mo-Su 08:00-02:00,,,,,BOTONERAS,4,BOTONERAS|4,12.538129323759248,376,SOL                 ,CENTRO              ,BAR RESTAURANTE,1121.0,proximidad
3385927805,node,40.4148501,-3.7068326,Cerveceria La Campana,regional;spanish,Calle Botoneras,6,28012,Madrid,+34 91 364 29 84,http://www.calamareslacampana.com/,Mo-Su 09:30-23:00,,,,,BOTONERAS,6,BOTONERAS|6,14.049539706394823,376,SOL                 ,CENTRO              ,BAR RESTAURANTE,1121.0,proximidad
3387511788,node,40.4133997,-3.7079469,Generación Beat,,Calle de Grafal,2,28005,Madrid,+34 911288928,,,,,,,GRAFAL,2,GRAFAL|2,16.644313737401685,1366,PALACIO             ,CENTRO              ,BAR RESTAURANTE,1009.0,proximidad
3387603971,node,40.4139218,-3.707839,Casa Revuelta,regional,Calle de Latoneros,3,,Madrid,+34 913 663 332,https://www.casarevuelta.com,,,,,,LATONEROS,3,LATONEROS|3,16.792557511957074,165,SOL                 ,CENTRO              ,RESTAURANTE,1121.0,proximidad
3390938499,node,40.4177065,-3.7104698,Casa Nicasio,regional,,,,Madrid,,,,,,,,,,,4.198137702395059,182,PALACIO             ,CENTRO              ,RESTAURANTE,1006.0,proximidad
3390938500,node,40.4175734,-3.7104434,Algarabía,,Calle de la Unión,8,28013,Madrid,+34 915424131,http://restaurantealgarabia.com/,,,,,,UNIÓN,8,UNIÓN|8,11.242207905826422,488,PALACIO             ,CENTRO              ,RESTAURANTE,1006.0,proximidad
3390938501,node,40.4173572,-3.7103359,La Esquina del Real,french,Calle de la Amnistía,4,28013,Madrid,+34 915 59 43 09,http://laesquinadelreal.es/web/,,,,,,AMNISTÍA,4,AMNISTÍA|4,2.1533460152554533,458,PALACIO             ,CENTRO              ,RESTAURANTE,1006.0,proximidad
3390938502,node,40.4173156,-3.7105048,Anda Jaleo,spanish,Calle de la Unión,5,28013,Madrid,+34687407662;+34 915 472 500,https://www.tabernapalocortado.es/,,,,,no,UNIÓN,5,UNIÓN|5,13.68660964316846,218,PALACIO             ,CENTRO              ,RESTAURANTE,1006.0,proximidad
3390938503,node,40.4171679,-3.7104977,Sarang Bang,korean,Calle de la Amnistía,5,28013,Madrid,+34 914041054,,,,,,,AMNISTÍA,5,AMNISTÍA|5,3.0482317225882034,218,PALACIO             ,CENTRO              ,RESTAURANTE,1006.0,proximidad
3403973651,node,40.4192628,-3.7041013,Ribs,,Calle Abada,8,28013,Madrid,+34 915 32 80 50,http://www.ribs.es/,,,,,,ABADA,8,ABADA|8,9.131489393418832,83,SOL                 ,CENTRO              ,RESTAURANTES DE COMIDA RAPIDA,1117.0,proximidad
3412523839,node,40.4176371,-3.7034443,All U Can Eat,spanish,,,,,,,Mo-Su 10:00-02:00,,,,,,,,1.1568552981721643,599,SOL                 ,CENTRO              ,RESTAURANTE,1119.0,proximidad
3417386059,node,40.4158311,-3.7025533,Taberna Malaspina,,Calle de Cádiz,9,28012,Madrid,+34 649 357 923,,,,,,,CÁDIZ,9,CÁDIZ|9,9.495427578317894,102,SOL                 ,CENTRO              ,BAR RESTAURANTE,1119.0,proximidad
3425259022,node,40.4219721,-3.6942724,La Kitchen,,,,,,,,,,,,,,,,1.073875867301318,1030,JUSTICIA            ,CENTRO              ,RESTAURANTE,1073.0,proximidad
3425328707,node,40.4219281,-3.6966206,Restaurante Arce,,,,,,,,,,,,,,,,15.914107716087562,66,JUSTICIA            ,CENTRO              ,BAR RESTAURANTE,1077.0,proximidad
3426800308,node,40.4231323,-3.6940393,Taqueria La Lupita,,Calle del Conde de Xiquena,,28004,Madrid,,,,,,,,CONDE DE XIQUENA,,,2.107966772733568,1108,JUSTICIA            ,CENTRO              ,BAR RESTAURANTE,1073.0,proximidad
3426800309,node,40.4233452,-3.6926318,El Gato Persa,regional,Calle de Doña Bárbara de Braganza,10,28004,Madrid,,,,,,,,DOÑA BÁRBARA DE BRAGANZA,10,DOÑA BÁRBARA DE BRAGANZA|10,5.338284007840218,304,JUSTICIA            ,CENTRO              ,RESTAURANTE,1073.0,proximidad
3431845450,node,40.4179741,-3.7027399,All U Can Eat,spanish,,,,,,,,,,,,,,,4.221313525777404,1491,SOL                 ,CENTRO              ,RESTAURANTE,1119.0,proximidad
3431845455,node,40.4188658,-3.7019873,LaTa TaPa,,,,,,,,,,,,no,,,,28.926555560415864,714,SOL                 ,CENTRO              ,RESTAURANTE,1118.0,proximidad
3431845458,node,40.4189833,-3.7019216,100 Montaditos,sandwich,,,,,,,11:00-24:00,yes,,,limited,,,,14.024571794005592,714,SOL                 ,CENTRO              ,RESTAURANTE,1118.0,proximidad
3461921706,node,40.4243863,-3.7007832,Mérimée,,Calle de Fuencarral,61,28004,Madrid,,,,no,,,yes,FUENCARRAL,61,FUENCARRAL|61,19.959270883314257,818,UNIVERSIDAD         ,CENTRO              ,BAR RESTAURANTE,1094.0,proximidad
3461943022,node,40.4282956,-3.701952,,,Calle de Fuencarral,104,28004,,,,,,,,,FUENCARRAL,104,FUENCARRAL|104,18.90304736286773,374,JUSTICIA            ,CENTRO              ,RESTAURANTE,1089.0,proximidad
3463686653,node,40.4238093,-3.7090998,Jia Jia Pai Dang,chinese,Calle del Álamo,3,28015,Madrid,,,,,,,no,ÁLAMO,3,ÁLAMO|3,2.4259559491475655,1254,UNIVERSIDAD         ,CENTRO              ,BAR RESTAURANTE,1112.0,proximidad
3478357636,node,40.4246311,-3.7095825,Rey de Tallarines,chinese,Calle de San Bernardino,2,,Madrid,+34915426897,http://www.reydetallarines.com/,,,,,yes,SAN BERNARDINO,2,SAN BERNARDINO|2,2.2579864850901874,1265,UNIVERSIDAD         ,CENTRO              ,RESTAURANTE,1111.0,proximidad
3502518074,node,40.4186332,-3.7107053,100 Montaditos,sandwich,Calle de Felipe V,,28013,Madrid,,,,,,,,FELIPE V,,,10.47644774754313,564,PALACIO             ,CENTRO              ,RESTAURANTES DE COMIDA RAPIDA,1004.0,proximidad
3502726878,node,40.4164358,-3.7076454,El Patrón Taquería,mexican,Calle de Bordadores,2,28013,Madrid,+34 678 110 432,https://en.patrontaqueria.com/,Mo-Fr 18:00-00:00; Sa 14:00-00:00; Su 14:00-24:00,,,,,BORDADORES,2,BORDADORES|2,0.39807932136589924,1328,SOL                 ,CENTRO              ,RESTAURANTE,1123.0,proximidad
3502726880,node,40.416689,-3.7070404,Malatesta,italian,Calle de Coloreros,5,28013,Madrid,+34 913 65 90 97,http://www.trattoriamalatesta.com/,,,,,,COLOREROS,5,COLOREROS|5,8.817476221477246,1338,SOL                 ,CENTRO              ,RESTAURANTE,1123.0,proximidad
3523878152,node,40.4222182,-3.7024938,Sushi More,sushi,Calle del Barco,18,28004,Madrid,,,,,,,,BARCO,18,BARCO|18,15.014828804451835,1159,UNIVERSIDAD         ,CENTRO              ,BAR RESTAURANTE,1095.0,proximidad
3523878159,node,40.4233641,-3.699445,El Bocado de Carole,,Calle de Hernán Cortés,19,28004,Madrid,+34 91 532 59 31,http://www.elbocadodecarole.com/,,,,,,HERNÁN CORTÉS,19,HERNÁN CORTÉS|19,0.49311137781597786,1152,JUSTICIA            ,CENTRO              ,BAR RESTAURANTE,1081.0,proximidad
3530364397,node,40.419717,-3.7031113,19 Sushi,japanese,Calle de la Salud,19,28013,Madrid,+34 91 524 05 71,http://19sushibar.com/,,,,,,SALUD,19,SALUD|19,29.257761342630108,1259,SOL                 ,CENTRO              ,BAR RESTAURANTE,1117.0,proximidad
3597242732,node,40.4170048,-3.6965957,Casa Manolo,,,,,,,,,,,,,,,,11.942617928949959,195,CORTES              ,CENTRO              ,RESTAURANTE,1072.0,proximidad
3598826464,node,40.4278266,-3.6973416,,,,,,,,,,,,,,,,,1.6610631603066135,321,JUSTICIA            ,CENTRO              ,BAR RESTAURANTE,1088.0,proximidad
3607622661,node,40.4098926,-3.7025057,Shapla,indian,Calle de Lavapiés,40,28012,Madrid,+34 914684239,https://www.shaplaindianrestaurant.com/,,,,,,LAVAPIÉS,40,LAVAPIÉS|40,1.0660840816858126,1404,EMBAJADORES         ,CENTRO              ,RESTAURANTE,1043.0,proximidad
3614543004,node,40.4130591,-3.7100887,El Escaldón,,Calle del Nuncio,17,28005,Madrid,+34 913655506,http://elescaldon.com/,,,,,,NUNCIO,17,NUNCIO|17,1.7208236703987476,868,PALACIO             ,CENTRO              ,BAR RESTAURANTE,1011.0,proximidad
3614543006,node,40.4138064,-3.7119689,The Vegan Roll,japanese,Calle de Segovia,15,28005,Madrid,+34 825 853 761,https://theveganroll.com/,,,,yes,,SEGOVIA,15,SEGOVIA|15,2.088218883586738,920,PALACIO             ,CENTRO              ,RESTAURANTE,1016.0,proximidad
3617833023,node,40.4271195,-3.7007063,Petisqueira,tapas,Calle de Churruca,6,28004,Madrid,,,,,,,,CHURRUCA,6,CHURRUCA|6,1.8635042892531688,1181,JUSTICIA            ,CENTRO              ,RESTAURANTE,1088.0,proximidad
3627264639,node,40.4158859,-3.7027725,Cocotito,,Calle de Cádiz,7,28002,Madrid,+34 91 723 5106,,,,,,,CÁDIZ,7,CÁDIZ|7,6.7789686818370765,1490,SOL                 ,CENTRO              ,BAR RESTAURANTE,1119.0,proximidad
3631805670,node,40.4249696,-3.7024717,La Almudayna,,Calle del Espíritu Santo,,28004,Madrid,,,,,,,no,ESPÍRITU SANTO,,,6.967084283592619,61,UNIVERSIDAD         ,CENTRO              ,BAR RESTAURANTE,1094.0,proximidad
3636581141,node,40.41294,-3.7090101,Posada de la Villa,,,,,,,,,,,,,,,,29.19689094908499,215,PALACIO             ,CENTRO              ,RESTAURANTE,1011.0,proximidad
3636581144,node,40.4140502,-3.7086053,Lizarran,spanish,,,,,,,,,,,,,,,6.317790638547954,475,PALACIO             ,CENTRO              ,BAR RESTAURANTE,1008.0,proximidad
3639015519,node,40.4238247,-3.7024087,Los Carnales,,Corredera Baja de San Pablo,53,28004,Madrid,,,,,,,,CORREDERA BAJA DE SAN PABLO,53,CORREDERA BAJA DE SAN PABLO|53,19.73865661173484,1458,UNIVERSIDAD         ,CENTRO              ,BAR RESTAURANTE,1096.0,proximidad
3670167557,node,40.4167472,-3.7071384,Dehesa Santa María,regional,Plaza de San Ginés,1,28013,Madrid,,http://www.dehesasantamaria.com/,,,,,,SAN GINÉS,1,SAN GINÉS|1,18.157986922635956,1338,SOL                 ,CENTRO              ,RESTAURANTE,1123.0,proximidad
3673294268,node,40.4110073,-3.6943355,Summarium,,Calle Almadén,14,28014,Madrid,,,"Fr-Su 13:00-24:00, Mo,We,Th 20:00-24:00,13:00-16:00",,,,no,ALMADÉN,14,ALMADÉN|14,1.1471592702616464,951,CORTES              ,CENTRO              ,BAR RESTAURANTE,1062.0,proximidad
3680014993,node,40.4196415,-3.6972255,Yakitoro by Chicote,japanese,Calle de la Reina,41,28004,Madrid,+34 91 737 14 41,http://www.yakitoro.com/,,,,,no,REINA,41,REINA|41,1.618892188975782,1042,JUSTICIA            ,CENTRO              ,RESTAURANTE,1074.0,proximidad
3681998376,node,40.4265744,-3.7007642,Aredna,lebanese,Calle de Barceló,5,28004,Madrid,+34 682 050 304,https://arednarestaurante.com,Mo-Su 13:00-00:30,,,,,BARCELÓ,5,BARCELÓ|5,3.187528620474425,0,JUSTICIA            ,CENTRO              ,BAR RESTAURANTE,1088.0,proximidad
3682201060,node,40.4207751,-3.6981962,Das Meigas,regional,Calle de Barbieri,6,28004,Madrid,+34 915 328 576,http://www.restaurantedasmeigas.com/,,,,,,BARBIERI,6,BARBIERI|6,5.809232719582592,778,JUSTICIA            ,CENTRO              ,RESTAURANTE,1074.0,proximidad
3682248281,node,40.4215465,-3.6995848,Kungfu Noodle,asian,Costanilla de los Capuchinos,3,28004,Madrid,,,,,,,,COSTANILLA DE LOS CAPUCHINOS,3,COSTANILLA DE LOS CAPUCHINOS|3,2.8640559561670766,123,JUSTICIA            ,CENTRO              ,RESTAURANTE,1076.0,proximidad
3682248287,node,40.4160993,-3.7056571,San Cristóbal,regional,Calle de las Postas,10,28012,Madrid,,,,,,,,POSTAS,10,POSTAS|10,13.061002779621244,74,SOL                 ,CENTRO              ,BAR RESTAURANTE,1120.0,proximidad
3682258980,node,40.4156642,-3.705676,El Calamar,regional,Calle de San Cristóbal,11,28012,Madrid,,,,,,,,SAN CRISTÓBAL,11,SAN CRISTÓBAL|11,7.403418597717375,358,SOL                 ,CENTRO              ,RESTAURANTE,1120.0,proximidad
3682258981,node,40.4155575,-3.7056944,Rodríguez,regional,Calle de San Cristóbal,13,28012,Madrid,,,,,,,,SAN CRISTÓBAL,13,SAN CRISTÓBAL|13,4.7977522883318,358,SOL                 ,CENTRO              ,RESTAURANTE,1120.0,proximidad
3682315225,node,40.4143906,-3.7065497,Fonda La Lechuga,regional,Calle de la Lechuga,2,28012,Madrid,+34 91 364 1116,http://www.fondalalechuga.com/,,,,,,LECHUGA,2,LECHUGA|2,17.12506236609511,338,SOL                 ,CENTRO              ,BAR RESTAURANTE,1121.0,proximidad
3683540617,node,40.4111418,-3.7071195,Sahuaro,mexican,Plaza de Cascorro,,28012,Madrid,+34 914 29 64 49,https://sahuaromadrid.com/,Mo-Th 13:00-24:00; Fr-Sa 13:00-01:30; Su 11:00-24:00,,,,yes,CASCORRO,,,2.5366271087427568,727,EMBAJADORES         ,CENTRO              ,BAR RESTAURANTE,1028.0,proximidad
3683540621,node,40.4145408,-3.7079542,La Taberna de Mister Pinkleton,,Calle de Cuchilleros,7,28005,Madrid,+34 913 64 02 63,http://www.latabernademisterpinkleton.com/,,,,,,CUCHILLEROS,7,CUCHILLEROS|7,9.938187707163696,1305,SOL                 ,CENTRO              ,BAR RESTAURANTE,1121.0,proximidad
3685201563,node,40.4161194,-3.7112893,Retrogusto,,Plaza del Biombo,,28013,Madrid,+34 912 50 84 85,,,,,,,BIOMBO,,,16.333419647982062,219,PALACIO             ,CENTRO              ,RESTAURANTE,1007.0,proximidad
3685201565,node,40.4159828,-3.711718,Pisco 41,peruvian,Calle de San Nicolás,8,28013,Madrid,,https://pisco41.es/,,,,,,SAN NICOLÁS,8,SAN NICOLÁS|8,11.078855898244292,891,PALACIO             ,CENTRO              ,RESTAURANTE,1007.0,proximidad
3685201566,node,40.4158907,-3.7121012,Los Arrieros,regional,Calle de San Nicolás,9,28013,Madrid,,http://www.losarrieros.net/,,,,,,SAN NICOLÁS,9,SAN NICOLÁS|9,0.6374319278713266,566,PALACIO             ,CENTRO              ,BAR RESTAURANTE,1001.0,proximidad
3690989812,node,40.4206741,-3.7007376,Bósforos,turkish,Calle de Hortaleza,6,28004,Madrid,+34 91 532 36 94,,,,,,,HORTALEZA,6,HORTALEZA|6,0.8212107200009923,1100,JUSTICIA            ,CENTRO              ,RESTAURANTE,1074.0,proximidad
3693017822,node,40.4196362,-3.6987737,Mercado de la Reina,,Gran Vía,12,28013,Madrid,+34 91 521 31 98,,,yes,,,no,GRAN VÍA,12,GRAN VÍA|12,3.2706670414167,694,JUSTICIA            ,CENTRO              ,BAR RESTAURANTE,1074.0,proximidad
3695444236,node,40.4145536,-3.7029072,Plaza del Ángel,chinese,Plaza del Ángel,1,28012,Madrid,+34 91 5312166,http://www.restauranteplazadelangel.es/?class_id=8&class_title_es=VERDURAS,,,,,,ÁNGEL,1,ÁNGEL|1,7.387003753309496,127,CORTES              ,CENTRO              ,BAR RESTAURANTE,1069.0,proximidad
3703256001,node,40.4142275,-3.7020664,Los Madroños,,Plaza del Ángel,11,28012,Madrid,,,,,,,yes,ÁNGEL,11,ÁNGEL|11,28.877020724271983,1355,CORTES              ,CENTRO              ,RESTAURANTE,1067.0,proximidad
3703279156,node,40.4200634,-3.6981904,Haranita,,Calle de Víctor Hugo,,28004,Madrid,,,We-Sa 13:30-24:00,,,,,VÍCTOR HUGO,,,6.383686124547877,1125,JUSTICIA            ,CENTRO              ,BAR RESTAURANTE,1074.0,proximidad
3703279157,node,40.4191366,-3.6979666,La Primera,,Gran Vía,1,28013,Madrid,+34 910520620,http://www.restaurantelaprimera.com/,,,,,no,GRAN VÍA,1,GRAN VÍA|1,3.4736277072685486,654,CORTES              ,CENTRO              ,RESTAURANTE,1072.0,proximidad
3706778744,node,40.4284811,-3.7034676,Mami Tacos Birrieria,,Calle de San Andrés,31,28004,Madrid,,,,,,,no,SAN ANDRÉS,31,SAN ANDRÉS|31,2.2857033545308125,549,UNIVERSIDAD         ,CENTRO              ,RESTAURANTE,1090.0,proximidad
3713711214,node,40.4163726,-3.7004894,Café del Príncipe,,Plaza de Canalejas,5,28014,Madrid,+34 915 31 93 84,http://cafedelprincipe.com/,,,,,limited,CANALEJAS,5,CANALEJAS|5,6.014467873546173,490,CORTES              ,CENTRO              ,BAR RESTAURANTE,1069.0,proximidad
3713711215,node,40.4162921,-3.700318,Pampa Beef,argentinian,Calle del Príncipe,3,28012,Madrid,,http://www.pampabar.com/,,,,,,PRÍNCIPE,3,PRÍNCIPE|3,1.4018369062185876,788,CORTES              ,CENTRO              ,BAR RESTAURANTE,1069.0,proximidad
3713711218,node,40.4157636,-3.7002673,Prada a Tope,regional,Calle del Príncipe,11,28012,Madrid,+34 914 295 921,https://pradaatopemadrid.com/,Mo off; Tu-Su 12:00-24:00,,,,,PRÍNCIPE,11,PRÍNCIPE|11,2.701922765635594,634,CORTES              ,CENTRO              ,BAR RESTAURANTE,1069.0,proximidad
3713711220,node,40.4152444,-3.7003699,100 Montaditos,sandwich,Calle del Príncipe,18,28012,Madrid,,http://spain.100montaditos.com/,,,,,yes,PRÍNCIPE,18,PRÍNCIPE|18,15.22023939460785,754,CORTES              ,CENTRO              ,BAR RESTAURANTE,1069.0,proximidad
3713711221,node,40.4152613,-3.7002189,Dim Sum Market,asian,Calle del Príncipe,19,28012,Madrid,+34 911 569 288,http://www.dimsummarket.es/,,,,,,PRÍNCIPE,19,PRÍNCIPE|19,1.7871350082230308,754,CORTES              ,CENTRO              ,BAR RESTAURANTE,1069.0,proximidad
3715230150,node,40.4179822,-3.7083295,Anema e Core,italian,Calle de los Donados,2,28013,Madrid,+34 91 542 22 53,http://www.anemaecore.net/,"Mo-Su 13:30-16:00, 20:30-00:00",,,,,DONADOS,2,DONADOS|2,0.9829416400467507,1329,SOL                 ,CENTRO              ,RESTAURANTE,1124.0,proximidad
3792740194,node,40.4221791,-3.7086096,La Txapela,regional,Gran Vía,64,28013,Madrid,+34 917581213,http://www.txapelarestaurant.es/nosotros/restaurantes,,,,,yes,GRAN VÍA,64,GRAN VÍA|64,1.134936763258842,37,UNIVERSIDAD         ,CENTRO              ,BAR RESTAURANTE,1112.0,proximidad
3828719388,node,40.4209054,-3.7001867,El Pezcador,regional,Calle de las Infantas,,28004,Madrid,,,,,,,,INFANTAS,,,1.355118898171419,541,JUSTICIA            ,CENTRO              ,BAR RESTAURANTE,1076.0,proximidad
3851689925,node,40.4117805,-3.6954335,La Malontina,spanish,Calle de la Verónica,4,28014,Madrid,,https://lamalontina.es,,,yes,,limited,VERÓNICA,4,VERÓNICA|4,2.241338468418904,256,CORTES              ,CENTRO              ,RESTAURANTE,1062.0,proximidad
3891056426,node,40.4221287,-3.6984045,Gioia,italian,Calle de San Bartolomé,23,28004,Madrid,+34 91 521 55 47,https://www.gioiamadrid.es/,,,,,yes,SAN BARTOLOMÉ,23,SAN BARTOLOMÉ|23,0.48829995445880703,148,JUSTICIA            ,CENTRO              ,RESTAURANTE,1076.0,proximidad
3897299359,node,40.4217167,-3.6986221,El Rincón de los Cuates,mexican,Calle de San Bartolomé,7,,,,https://elrincondeloscuates.com/,,,,,no,SAN BARTOLOMÉ,7,SAN BARTOLOMÉ|7,1.1203515940509228,1104,JUSTICIA            ,CENTRO              ,BAR RESTAURANTE,1076.0,proximidad
3897299361,node,40.4258182,-3.6973935,Parrilla De María,steak_house,,,,,,,,,,,,,,,1.7547949579300364,715,JUSTICIA            ,CENTRO              ,BAR RESTAURANTE,1082.0,proximidad
3897299362,node,40.4231407,-3.6981192,Puravaca,,,,,,,,,,,,,,,,7.165132925072637,157,JUSTICIA            ,CENTRO              ,RESTAURANTE,1081.0,proximidad
3949475108,node,40.4171284,-3.6986354,Ariza,spanish,Calle de Arlabán,9,28014,,,,,,,,,ARLABÁN,9,ARLABÁN|9,4.716383870784365,1018,CORTES              ,CENTRO              ,BAR RESTAURANTE,1072.0,proximidad
3958480053,node,40.4151825,-3.7082627,Mesón del Boquerón,,Calle de la Cava de San Miguel,,28005,Madrid,,,,,,,limited,CAVA DE SAN MIGUEL,,,6.790378641993243,360,SOL                 ,CENTRO              ,BAR RESTAURANTE,1121.0,proximidad
3976285870,node,40.4180771,-3.7031781,El Manantial,regional,Calle de Tetuán,30,28013,Madrid,+34 91 523 3062,http://www.sidreria.com/elmanantial/detalle.asp,,,,,,TETUÁN,30,TETUÁN|30,7.910441043868927,114,SOL                 ,CENTRO              ,BAR RESTAURANTE,1119.0,proximidad
3976300417,node,40.4178277,-3.7033283,Wok Sun,asian,Calle de Tetuán,24,28013,Madrid,+34910166216,,,no,yes,,,TETUÁN,24,TETUÁN|24,1.4210286935228433,1262,SOL                 ,CENTRO              ,BAR RESTAURANTE,1119.0,proximidad
3981547226,node,40.4122071,-3.6982208,Taberna Los Chanquetes,regional,Calle de Moratín,2,28014,Madrid,+34 91 429 02 45,http://www.tabernaloschanquetes.es/,,,,,,MORATÍN,2,MORATÍN|2,17.378701738501825,393,CORTES              ,CENTRO              ,RESTAURANTE,1066.0,proximidad
3986199309,node,40.4139983,-3.6989107,Casa González,,Calle del León,12,28014,Madrid,+34 914 29 5618,https://www.casagonzalez.es/,"Mo-Th 09:30-00:00; Fr, Sa 09:30-01:00; Su 11:00-18:00",,,,,LEÓN,12,LEÓN|12,1.6103109597680052,664,CORTES              ,CENTRO              ,BAR RESTAURANTE,1068.0,proximidad
3999092886,node,40.4142751,-3.7081564,Bodegas Ricla,regional,Calle de Cuchilleros,6,28005,Madrid,+34 91 9483101,,,,,,,CUCHILLEROS,6,CUCHILLEROS|6,22.271036052715584,1528,SOL                 ,CENTRO              ,RESTAURANTE,1121.0,proximidad
3999092887,node,40.4151501,-3.7082345,Mesón de la Tortilla,,Calle de la Cava de San Miguel,,28005,Madrid,,,,,,,,CAVA DE SAN MIGUEL,,,11.548102633723309,360,SOL                 ,CENTRO              ,BAR RESTAURANTE,1121.0,proximidad
4012426927,node,40.4189728,-3.7004039,Cuzco Lupita,peruvian,Calle de los Jardines,21,28013,Madrid,+34 914 34 38 07,,,,,,no,JARDINES,21,JARDINES|21,2.853566161035899,1245,SOL                 ,CENTRO              ,RESTAURANTE,1118.0,proximidad
4012426928,node,40.4188633,-3.6995552,Steak Burger,,Calle de la Virgen de los Peligros,,28013,Madrid,,,,,,,,VIRGEN DE LOS PELIGROS,,,2.0403500228706455,726,CORTES              ,CENTRO              ,RESTAURANTE,1072.0,proximidad
4113118604,node,40.4287555,-3.701794,Bar Vinos,,Calle de Sagasta,2,28004,Madrid,,,,,,,,SAGASTA,2,SAGASTA|2,16.58683556346495,287,JUSTICIA            ,CENTRO              ,RESTAURANTES DE COMIDA RAPIDA,1089.0,proximidad
4121955392,node,40.4232943,-3.7014931,Navaja,,Calle de Valverde,42,28004,Madrid,+34 636 85 23 04,https://restaurantenavaja.com/,,,,,,VALVERDE,42,VALVERDE|42,10.617520340445855,1161,UNIVERSIDAD         ,CENTRO              ,RESTAURANTE,1095.0,proximidad
4125784496,node,40.4165825,-3.7070557,La Carbonería,,Calle de Coloreros,5,28013,Madrid,+34 913 54 67 27,,,,,,,COLOREROS,5,COLOREROS|5,3.1706622147972783,1338,SOL                 ,CENTRO              ,RESTAURANTE,1123.0,proximidad
4157221704,node,40.4132122,-3.7083551,Taberna La Concha,,Calle de la Cava Baja,7,28005,Madrid,+34 616 91 06 71,http://www.laconchataberna.com/en,Sa-Su 12:30-23:00; Mo-Fr 13:00-23:00,,,,,CAVA BAJA,7,CAVA BAJA|7,8.687243171262057,222,PALACIO             ,CENTRO              ,BAR RESTAURANTE,1009.0,proximidad
4161556815,node,40.4123646,-3.7091763,Casa Curro,,Calle de la Cava Baja,23,28005,Madrid,,http://www.tabernacasacurro.com/,,,,,,CAVA BAJA,23,CAVA BAJA|23,10.952812083192285,616,PALACIO             ,CENTRO              ,RESTAURANTE,1011.0,proximidad
4163717296,node,40.4132934,-3.7084644,Movida,,Calle de la Cava Baja,10,28005,Madrid,,,,,,,limited,CAVA BAJA,10,CAVA BAJA|10,15.891571205497444,1389,PALACIO             ,CENTRO              ,BAR RESTAURANTE,1009.0,proximidad
4163717298,node,40.4148373,-3.7083152,Taberna Chiquita,,Calle de la Cava de San Miguel,,28005,Madrid,,,,,,,,CAVA DE SAN MIGUEL,,,9.442393491338077,212,PALACIO             ,CENTRO              ,RESTAURANTE,1008.0,proximidad
4163717300,node,40.41512,-3.708437,Rincón de Ati,,Calle de la Cava de San Miguel,,28005,Madrid,,,,,,,,CAVA DE SAN MIGUEL,,,1.9644001138975369,897,PALACIO             ,CENTRO              ,BAR RESTAURANTE,1008.0,proximidad
4171202750,node,40.4161768,-3.7022004,Las Bravas,,Pasaje de Matheu,5,28012,Madrid,+34 91 521 51 41,http://lasbravas.com/,,,,,,PASAJE DE MATHEU,5,PASAJE DE MATHEU|5,3.04946270685809,1251,SOL                 ,CENTRO              ,RESTAURANTE,1119.0,proximidad
4171202751,node,40.4161717,-3.7020958,La Ría,regional,Pasaje de Matheu,1,28012,Madrid,,,,,,,,PASAJE DE MATHEU,1,PASAJE DE MATHEU|1,9.096760886753835,1251,SOL                 ,CENTRO              ,RESTAURANTE,1119.0,proximidad
4171202754,node,40.4160548,-3.7021968,El Rocío,,Pasaje de Matheu,,,Madrid,,,,,,,,PASAJE DE MATHEU,,,5.639161297528847,474,SOL                 ,CENTRO              ,BAR RESTAURANTE,1119.0,proximidad
4171202755,node,40.4151598,-3.701715,Las Brasas de Vulcano,spanish,Calle de Álvarez Gato,,28012,Madrid,,,,,,,,ÁLVAREZ GATO,,,10.321975249484986,997,CORTES              ,CENTRO              ,BAR RESTAURANTE,1069.0,proximidad
4171728988,node,40.4091894,-3.6927097,Tierra Burrito Bar,mexican,Calle de Atocha,120,28012,Madrid,+34 910 05 97 44,https://www.tierraburritos.com,"Fr-Sa 11:00-06:30; Mo-Th,Su 11:00-00:30",no,,,limited,ATOCHA,120,ATOCHA|120,28.647649161488324,578,EMBAJADORES         ,CENTRO              ,BAR RESTAURANTE,1058.0,proximidad
4173478089,node,40.4223029,-3.6965705,Taberna Maldeamores,,,,,,,,,,,,,,,,10.606445645006565,1077,JUSTICIA            ,CENTRO              ,RESTAURANTE,1077.0,proximidad
4177215769,node,40.4150858,-3.7018637,Inclán Brutal Bar,spanish,Calle de Álvarez Gato,4,28012,Madrid,+34 910 23 80 38,http://www.inclanbrutal.com/,Mo-Su 12:00-01:30,,,,,ÁLVAREZ GATO,4,ÁLVAREZ GATO|4,0.8705266990413272,84,CORTES              ,CENTRO              ,RESTAURANTE,1069.0,proximidad
4177215770,node,40.4150959,-3.7021162,La Tía Cebolla,regional,Calle de la Cruz,27,28012,Madrid,,http://www.latiacebolla.es/,,,,,limited,CRUZ,27,CRUZ|27,22.661336813399505,396,CORTES              ,CENTRO              ,BAR RESTAURANTE,1069.0,proximidad
4185299207,node,40.4218535,-3.6990772,Gastromaquia,mediterranean,Calle de Pelayo,,28004,Madrid,+34 91 522 6413,,,,,,,PELAYO,,,0.39350197085520866,1040,JUSTICIA            ,CENTRO              ,RESTAURANTE,1076.0,proximidad
4185455248,node,40.4239936,-3.7091148,Jingxi Hotpot,,Calle del Álamo,5,28015,Madrid,,,,,,,limited,ÁLAMO,5,ÁLAMO|5,2.004263160208925,1485,UNIVERSIDAD         ,CENTRO              ,BAR RESTAURANTE,1112.0,proximidad
4190875814,node,40.4118205,-3.7150555,El Landó,,,,,,,,,,,,,,,,3.2859915141384777,924,PALACIO             ,CENTRO              ,RESTAURANTE,1018.0,proximidad
4213142636,node,40.4219064,-3.6964147,Perritxico,basque,Calle de Augusto Figueroa,32,28004,Madrid,,,,,,,,AUGUSTO FIGUEROA,32,AUGUSTO FIGUEROA|32,0.720859518376152,1105,JUSTICIA            ,CENTRO              ,BAR RESTAURANTE,1077.0,proximidad
4213650552,node,40.419033,-3.7076996,Bolero Meatballs,,Calle de las Conchas,4,28013,Madrid,,,,,,,,CONCHAS,4,CONCHAS|4,8.552206499270358,1232,SOL                 ,CENTRO              ,RESTAURANTE,1117.0,proximidad
4213675801,node,40.4154407,-3.702394,Tapas & Más,regional,Calle de Espoz y Mina,18,28012,Madrid,+34 915 21 23 37,,,,,,,ESPOZ Y MINA,18,ESPOZ Y MINA|18,12.114992665787142,356,SOL                 ,CENTRO              ,RESTAURANTE,1119.0,proximidad
4213675802,node,40.4151459,-3.7012718,Santa Ana Tandoori,indian,Calle de Núñez de Arce,15,28012,Madrid,+34 912 79 27 22,http://www.santaanatandoori.com/,,,,,,NÚÑEZ DE ARCE,15,NÚÑEZ DE ARCE|15,1.885019264810785,1000,CORTES              ,CENTRO              ,BAR RESTAURANTE,1069.0,proximidad
4213675803,node,40.4156774,-3.7011963,La Casa del Abuelo,regional,Calle de Núñez de Arce,5,28012,Madrid,+34 910 000 133,http://lacasadelabuelo.es/,,,,,,NÚÑEZ DE ARCE,5,NÚÑEZ DE ARCE|5,3.5333769790631493,455,CORTES              ,CENTRO              ,BAR RESTAURANTE,1069.0,proximidad
4213743489,node,40.4156742,-3.7013148,Mero México,mexican,Calle de Núñez de Arce,4,28012,Madrid,+34 914 21 15 24,,"Su, Tu-Th 13:30-16:30, 20:30-00:00; Fr-Sa 13:30-16:30, 20:30-01:30",,,,,NÚÑEZ DE ARCE,4,NÚÑEZ DE ARCE|4,0.8701049712918822,793,CORTES              ,CENTRO              ,BAR RESTAURANTE,1069.0,proximidad
4237445569,node,40.4167545,-3.7016751,Bacoa,burger,Carrera de San Jerónimo,3,28014,Madrid,+34 915212258,http://www.bacoa.es/,,,,,,SAN JERÓNIMO,3,SAN JERÓNIMO|3,2.782704936722177,550,SOL                 ,CENTRO              ,RESTAURANTES DE COMIDA RAPIDA,1119.0,proximidad
4237445570,node,40.4167537,-3.7015659,La Taurina,regional,Carrera de San Jerónimo,5,28014,Madrid,+34 915 31 39 69,http://www.lataurina.com/,,,,,,SAN JERÓNIMO,5,SAN JERÓNIMO|5,0.8564063361186931,1319,SOL                 ,CENTRO              ,BAR RESTAURANTE,1119.0,proximidad
4237445571,node,40.416748,-3.7015068,De María,argentinian,Carrera de San Jerónimo,5,28014,Madrid,+34 915 224 827,http://www.demariarestaurante.es/,,,,,,SAN JERÓNIMO,5,SAN JERÓNIMO|5,5.762852806705465,1319,SOL                 ,CENTRO              ,BAR RESTAURANTE,1119.0,proximidad
4237517690,node,40.4138986,-3.6994741,Balón Tokio,japanese,Calle de Echegaray,29,28014,Madrid,+34914296509,,"Su-Mo, We-Th 13:00-17:00, 19:30-01:00; Fr-Sa 13:00-17:00, 19:30-02:00",,,,,ECHEGARAY,29,ECHEGARAY|29,17.260847586374982,660,CORTES              ,CENTRO              ,RESTAURANTE,1068.0,proximidad
4237517691,node,40.4139695,-3.6994791,Come Prima,italian,Calle de Echegaray,29,28014,Madrid,,,,,,,,ECHEGARAY,29,ECHEGARAY|29,9.360873552759573,660,CORTES              ,CENTRO              ,RESTAURANTE,1068.0,proximidad
4237517695,node,40.4160101,-3.7012138,La Taberna del Chato,,Calle de la Cruz,,,Madrid,+34 915 231 629,http://www.tabernadelchato.com/,,,,,,CRUZ,,,7.943453506956569,50,SOL                 ,CENTRO              ,BAR RESTAURANTE,1119.0,proximidad
4237517697,node,40.4159227,-3.7013396,City Kebab,kebab,Calle de la Cruz,10,,Madrid,+34 651 96 81 35,,,,,,,CRUZ,10,CRUZ|10,13.520978897726636,185,CORTES              ,CENTRO              ,BAR RESTAURANTE,1069.0,proximidad
4249587889,node,40.4285252,-3.7027332,Xin,asian,,,,,,,,,,,,,,,1.1273178614120123,1149,UNIVERSIDAD         ,CENTRO              ,RESTAURANTE,1090.0,proximidad
4253314999,node,40.4141295,-3.6976579,Sidrería Zerain,basque,,,,,,,,,,,,,,,0.8544704053346469,563,CORTES              ,CENTRO              ,RESTAURANTE,1065.0,proximidad
4273746041,node,40.4208645,-3.7039115,Hattori Hanzo,japanese,Calle de Mesonero Romanos,17,28004,Madrid,+34 917 865 780,https://hattori-hanzo.com.es/,"Su-Th 13:30-23:30, Fr,Sa 13:30-01:00",,,,,MESONERO ROMANOS,17,MESONERO ROMANOS|17,12.390373418969093,444,UNIVERSIDAD         ,CENTRO              ,RESTAURANTE,1116.0,proximidad
4303929546,node,40.4131212,-3.7133162,Taberna Rayuela,regional,Calle de la Morería,8,28005,Madrid,+34 91 365 82 76,http://www.tabernarayuela.com/,,,,,,MORERÍA,8,MORERÍA|8,1.4224187855708992,227,PALACIO             ,CENTRO              ,RESTAURANTE,1016.0,proximidad
4303929547,node,40.4132002,-3.7106094,La Esquina Mexicana,,Calle del Príncipe de Anglona,1,28005,Madrid,+34 910661537,http://laesquinamexicana.es,,,,,,PRÍNCIPE DE ANGLONA,1,PRÍNCIPE DE ANGLONA|1,2.5594711808519457,869,PALACIO             ,CENTRO              ,BAR RESTAURANTE,1011.0,proximidad
4307703191,node,40.4151546,-3.7025402,Bayres Beef,argentinian,,,,,,,,,,,,,,,3.670153061354298,1527,SOL                 ,CENTRO              ,RESTAURANTE,1119.0,proximidad
4325214171,node,40.4189787,-3.7078695,Los Amigos,regional,Calle de las Conchas,,28013,Madrid,,,,,,,,CONCHAS,,,4.129736573108654,1231,SOL                 ,CENTRO              ,BAR RESTAURANTE,1117.0,proximidad
4330837289,node,40.422465,-3.6953578,Casa Marius,,Calle del Almirante,2,28004,Madrid,+34 910 70 92 96,,,,,,,ALMIRANTE,2,ALMIRANTE|2,7.936230631734659,1460,JUSTICIA            ,CENTRO              ,RESTAURANTE,1073.0,proximidad
4330837290,node,40.4202518,-3.6974757,Celso y Manolo,regional,Calle de la Libertad,1,28004,Madrid,+34 91 531 80 79,http://www.celsoymanolo.es/,,,,,,LIBERTAD,1,LIBERTAD|1,7.298248368899953,586,JUSTICIA            ,CENTRO              ,BAR RESTAURANTE,1074.0,proximidad
4335207562,node,40.4203519,-3.7003729,Angelita,,Calle de la Reina,4,28004,Madrid,+34 915 21 66 78,http://madrid-angelita.es/,,,,,,REINA,4,REINA|4,15.337550964148928,1465,JUSTICIA            ,CENTRO              ,RESTAURANTES DE COMIDA RAPIDA,1074.0,proximidad
4339715609,node,40.4099273,-3.692706,Tablafina,,,,,,,,,,,,limited,,,,22.550159000879653,434,CORTES              ,CENTRO              ,RESTAURANTE,1062.0,proximidad
4345793584,node,40.4246147,-3.7020043,Fantastic V,,Corredera Alta de San Pablo,4,28004,Madrid,+34 913 77 67 97;+34 689979507,,,,,,,CORREDERA ALTA DE SAN PABLO,4,CORREDERA ALTA DE SAN PABLO|4,28.421140450579852,810,UNIVERSIDAD         ,CENTRO              ,BAR RESTAURANTE,1094.0,proximidad
4349458099,node,40.413677,-3.7088298,El Madroño,,,,,,,,,,,,limited,,,,26.464079491189008,1367,PALACIO             ,CENTRO              ,BAR RESTAURANTE,1009.0,proximidad
4354515190,node,40.4152005,-3.7024442,El Trébol Pizzas y Empanadas Estilo Argentino,,Calle de Espoz y Mina,22,28012,Madrid,,,,,,,,ESPOZ Y MINA,22,ESPOZ Y MINA|22,11.210188470987957,1527,SOL                 ,CENTRO              ,RESTAURANTE,1119.0,proximidad
4355179110,node,40.4210961,-3.7021558,Cutxi,,Calle de Valverde,9,28004,Madrid,+34 915 31 01 99,,,,,,,VALVERDE,9,VALVERDE|9,10.46819246615724,1532,UNIVERSIDAD         ,CENTRO              ,BAR RESTAURANTE,1116.0,proximidad
4384317854,node,40.4128105,-3.7037991,Nuevo Apolo,,Calle del Doctor Cortezo,,,,,,,,,,,DOCTOR CORTEZO,,,17.04412126438298,644,EMBAJADORES         ,CENTRO              ,BAR RESTAURANTE,1026.0,proximidad
4387730199,node,40.4133436,-3.7023966,Tokio Tower,asian,,,,,,,,,,,,,,,1.2594638832387675,941,EMBAJADORES         ,CENTRO              ,RESTAURANTE,1027.0,proximidad
4387730204,node,40.4133928,-3.7023763,de Martín,,,,,,,,,,,,,,,,0.8362074339865398,803,EMBAJADORES         ,CENTRO              ,BAR RESTAURANTE,1027.0,proximidad
4390452987,node,40.4143179,-3.7066613,El Cogollo de la Descarga,,,,,,,,,,,,,,,,2.5249128197361324,338,SOL                 ,CENTRO              ,BAR RESTAURANTE,1121.0,proximidad
4394691962,node,40.4268313,-3.7104232,La Pera Limonera,,Calle del Limón,21,28015,Madrid,+34 911383937,http://www.laperalimoneragastrobar.com/,,,,,,LIMÓN,21,LIMÓN|21,3.0791676768386873,1240,UNIVERSIDAD         ,CENTRO              ,BAR RESTAURANTE,1108.0,proximidad
4394691971,node,40.4138366,-3.6989795,Ay! Rosa,mexican,Calle del León,16,28014,Madrid,+34 914 203 068,https://ayrosarestaurante.com/carta/,Mo-Th 12:00-01:00; Fr-Sa 12:00-02:00; Su 12:00-00:30,,,,no,LEÓN,16,LEÓN|16,1.7113190100357087,1067,CORTES              ,CENTRO              ,RESTAURANTE,1068.0,proximidad
4405701885,node,40.4125001,-3.7089636,Emma y Julia,italian,Calle de la Cava Baja,19,28005,Madrid,+34 913 66 10 23,http://emmayjulia.com/,,,,,limited,CAVA BAJA,19,CAVA BAJA|19,1.6507566849744044,636,PALACIO             ,CENTRO              ,RESTAURANTE,1011.0,proximidad
4447160292,node,40.4236005,-3.6937246,Luke,,Calle de Doña Bárbara de Braganza,2,28004,Madrid,,http://www.lecabrera.com/,,,,,,DOÑA BÁRBARA DE BRAGANZA,2,DOÑA BÁRBARA DE BRAGANZA|2,2.0373370999139144,1107,JUSTICIA            ,CENTRO              ,BAR RESTAURANTE,1073.0,proximidad
4456198028,node,40.4157576,-3.7011899,La Tercera,regional,Calle de Núñez de Arce,3,28012,Madrid,+34 91 523 1163,https://www.latercerataberna.com/,,,,,,NÚÑEZ DE ARCE,3,NÚÑEZ DE ARCE|3,1.6998979458644279,1044,CORTES              ,CENTRO              ,BAR RESTAURANTE,1069.0,proximidad
4456198030,node,40.4153084,-3.7012502,Questión de Huevos,,Calle de Núñez de Arce,11,28012,Madrid,,,,,,,,NÚÑEZ DE ARCE,11,NÚÑEZ DE ARCE|11,11.746719281985074,532,CORTES              ,CENTRO              ,BAR RESTAURANTE,1069.0,proximidad
4456198031,node,40.4146202,-3.7022614,El Balcón,,Calle de Espoz y Mina,17,28012,Madrid,+34 615 15 09 65,,,,,,,ESPOZ Y MINA,17,ESPOZ Y MINA|17,24.45242428161435,107,CORTES              ,CENTRO              ,BAR RESTAURANTE,1069.0,proximidad
4579809396,node,40.4244399,-3.700393,Marisquería Ribeira do Mino,,Calle de Santa Brígida,1,28004,,+34 915219854,,Tu-Su 13:00-00:00,,,,,SANTA BRÍGIDA,1,SANTA BRÍGIDA|1,12.740081810328988,1072,JUSTICIA            ,CENTRO              ,BAR RESTAURANTE,1082.0,proximidad
4587460790,node,40.4237721,-3.6959906,El Huerto de Lucas - Mercado ecológico,,Calle de San Lucas,13,,,,,,,,,,SAN LUCAS,13,SAN LUCAS|13,14.510118163167704,1141,JUSTICIA            ,CENTRO              ,RESTAURANTE,1079.0,proximidad
4606174292,node,40.4081673,-3.6998212,Casa de Asturias,,,,,,,,,,,,,,,,1.8025521810647904,665,EMBAJADORES         ,CENTRO              ,BAR RESTAURANTE,1041.0,proximidad
4606174293,node,40.4081342,-3.6995451,Noche Blanca,,,,,,,,,,,,,,,,1.0052807014399536,1012,EMBAJADORES         ,CENTRO              ,BAR RESTAURANTE,1054.0,proximidad
4614116448,node,40.4167584,-3.70838,Impasta,italian,Calle de las Hileras,2,28013,Madrid,+34 918 663 878,http://impasta-es.bar/,,,,,,HILERAS,2,HILERAS|2,4.4685290256994294,1525,SOL                 ,CENTRO              ,BAR RESTAURANTE,1123.0,proximidad
4620140468,node,40.4100791,-3.7026858,Sonali,indian,Calle de Lavapiés,34,28012,Madrid,+34 91 527 72 40,https://sonaliindianrestaurant.com/,,,,,,LAVAPIÉS,34,LAVAPIÉS|34,2.2028811828866024,1403,EMBAJADORES         ,CENTRO              ,RESTAURANTE,1043.0,proximidad
4620571584,node,40.4150776,-3.7084167,Mesón El Huevo,regional,Calle de la Cava de San Miguel,,28005,Madrid,,,,,,,,CAVA DE SAN MIGUEL,,,4.375612141236162,76,PALACIO             ,CENTRO              ,BAR RESTAURANTE,1008.0,proximidad
4621157390,node,40.4254569,-3.7044308,La Colmada,,Calle del Espíritu Santo,19,28004,Madrid,+34 91 0176579,http://lacolmada.com/,,,,,no,ESPÍRITU SANTO,19,ESPÍRITU SANTO|19,6.617131001167046,1185,UNIVERSIDAD         ,CENTRO              ,BAR RESTAURANTE,1100.0,proximidad
4622394889,node,40.4157857,-3.7030024,Rosi La Loca Taberna,,Calle de Cádiz,4,,,+34 91 5326681,https://rosilaloca.com/,,,,,,CÁDIZ,4,CÁDIZ|4,8.379020814689929,1248,SOL                 ,CENTRO              ,BAR RESTAURANTE,1119.0,proximidad
4626310891,node,40.4220763,-3.6957225,Celicioso,,,,,,,,,,,,limited,,,,29.46973239168478,270,JUSTICIA            ,CENTRO              ,BAR RESTAURANTE,1073.0,proximidad
4643813076,node,40.4172786,-3.7106349,麻辣拌 Let’s 拌,chinese,Calle de la Amnistía,6,28013,,+34677703617,http://www.elcaprichodeopera.es/,"We-Mo 13:00-16:00, 18:30-22:00",,,,,AMNISTÍA,6,AMNISTÍA|6,0.6685834837789998,1386,PALACIO             ,CENTRO              ,RESTAURANTE,1006.0,proximidad
4678237890,node,40.4211658,-3.7035588,El Porrón Canalla,,Calle de la Ballesta,2,28004,Madrid,+34 915320604,http://elporroncanalla.com/,,,,,,BALLESTA,2,BALLESTA|2,7.7992496536726446,820,UNIVERSIDAD         ,CENTRO              ,RESTAURANTE,1116.0,proximidad
4678874495,node,40.4124114,-3.6990254,Rías Altas,,,,,,,,Mo-Su 08:00-02:00,,,,,,,,1.3032616694733605,138,CORTES              ,CENTRO              ,RESTAURANTE,1067.0,proximidad
4680242490,node,40.410739,-3.6962503,Restaurante Vietnamita Mekong,,,,,,,,,,,,limited,,,,1.4172459527445407,373,EMBAJADORES         ,CENTRO              ,RESTAURANTE,1059.0,proximidad
4684480690,node,40.4123226,-3.7092421,La Perejila,,Calle de la Cava Baja,25,28005,,+34913642855,,Su 13:00-17:00; Tu-Sa 16:00-20:15,,,,limited,CAVA BAJA,25,CAVA BAJA|25,12.485057796063492,616,PALACIO             ,CENTRO              ,RESTAURANTE,1011.0,proximidad
4701447671,node,40.4261497,-3.7126286,Las Cuevas del Duque,regional,Calle de la Princesa,16,28015,Madrid,,,,,,,no,PRINCESA,16,PRINCESA|16,3.341707882633109,310,UNIVERSIDAD         ,CENTRO              ,RESTAURANTE,1108.0,proximidad
4703448416,node,40.4247724,-3.697031,Mune,,Calle de Pelayo,57,28004,Madrid,+34 912793258,http://www.laesquinadesanti.es/,Mo-Su 13:30-24:00,,,,,PELAYO,57,PELAYO|57,6.955000073067808,2,JUSTICIA            ,CENTRO              ,BAR RESTAURANTE,1082.0,proximidad
4703521777,node,40.4217255,-3.6978573,Los Guacamoles,mexican,Calle de Barbieri,20,28004,Madrid,,https://www.losguacamoles.es/,,,,,,BARBIERI,20,BARBIERI|20,25.451518366909482,1170,JUSTICIA            ,CENTRO              ,RESTAURANTE,1077.0,proximidad
4711635313,node,40.4151997,-3.7094139,el txoko,regional,Plaza de San Miguel,7,28005,Madrid,+34 660 99 10 45,,,,,,,SAN MIGUEL,7,SAN MIGUEL|7,17.824843235400472,1324,PALACIO             ,CENTRO              ,BAR RESTAURANTE,1008.0,proximidad
4711635315,node,40.4130629,-3.7099477,La Vermudena,spanish,Calle del Nuncio,17,28005,Madrid,,https://lavermudena.es/,,,,,,NUNCIO,17,NUNCIO|17,2.2459340682988707,576,PALACIO             ,CENTRO              ,RESTAURANTE,1011.0,proximidad
4711635316,node,40.4129569,-3.7105023,Robin Hood,,,,,,,,,,,,,,,,8.19070059769514,463,PALACIO             ,CENTRO              ,BAR RESTAURANTE,1011.0,proximidad
4711692143,node,40.4127873,-3.7119541,La Musa,,Calle Costanilla de San Andrés,12,28005,Madrid,+34 91 354 02 55,http://grupolamusa.com/restaurante-lamusalatina/,Mo-Su 10:00-02:00,,,,,COSTANILLA DE SAN ANDRÉS,12,COSTANILLA DE SAN ANDRÉS|12,2.107669623510031,229,PALACIO             ,CENTRO              ,BAR RESTAURANTE,1016.0,proximidad
4711692147,node,40.4123525,-3.7116579,El Viva,burger,Calle Costanilla de San Andrés,16,28005,Madrid,+34 91 366 33 49,https://www.elvivasaboresdevida.es,,no,,,,COSTANILLA DE SAN ANDRÉS,16,COSTANILLA DE SAN ANDRÉS|16,13.135446160968698,922,PALACIO             ,CENTRO              ,BAR RESTAURANTE,1016.0,proximidad
4718119368,node,40.4117697,-3.6955733,El Alambique,regional,Calle de Fúcar,7,28014,Madrid,+34 91 429 65 63,http://www.alambiquetaberna.es/alambiquetaberna_n.htm,,,,,no,FÚCAR,7,FÚCAR|7,17.8390321325313,256,CORTES              ,CENTRO              ,RESTAURANTE,1062.0,proximidad
4718119370,node,40.4128817,-3.6972551,TriCiclo,,Calle de Santa María,28,28014,Madrid,+34 910 244 798,http://www.eltriciclo.es/,,,,,,SANTA MARÍA,28,SANTA MARÍA|28,4.884194543705025,978,CORTES              ,CENTRO              ,BAR RESTAURANTE,1066.0,proximidad
4736042047,node,40.4192229,-3.6983182,Sumo Fusión,japanese,Gran Vía,1,28013,Madrid,+34 91 531 86 95,http://sumorestaurante.com/fusion/,,,,,,GRAN VÍA,1,GRAN VÍA|1,12.810596337919819,1457,CORTES              ,CENTRO              ,BAR RESTAURANTE,1072.0,proximidad
4736042048,node,40.4192036,-3.6982533,Sushi Store,japanese,Gran Vía,1,28013,Madrid,,http://www.sushistore-madrid.es/,,,,,,GRAN VÍA,1,GRAN VÍA|1,5.394643287499634,1457,CORTES              ,CENTRO              ,BAR RESTAURANTE,1072.0,proximidad
4736042051,node,40.4189129,-3.6981335,Don Paco,,Calle del Caballero de Gracia,36,28013,Madrid,+34 915 314 480,http://www.restaurantedonpaco.es/,,,,,,CABALLERO DE GRACIA,36,CABALLERO DE GRACIA|36,27.508747641724977,1023,CORTES              ,CENTRO              ,BAR RESTAURANTE,1072.0,proximidad
4736042055,node,40.4195505,-3.7013667,Xake,,Calle del Caballero de Gracia,2,28013,Madrid,,http://www.xakemadrid.es/,,,,,no,CABALLERO DE GRACIA,2,CABALLERO DE GRACIA|2,4.556406460845693,1244,SOL                 ,CENTRO              ,RESTAURANTE,1118.0,proximidad
4738041551,node,40.411001,-3.7105817,Casa Paco,,Calle del Humilladero,8,28005,Madrid,,,,,,,,HUMILLADERO,8,HUMILLADERO|8,10.270962630795394,729,PALACIO             ,CENTRO              ,BAR RESTAURANTE,1014.0,proximidad
4739669327,node,40.4165207,-3.6999612,Olé,,Carrera de San Jerónimo,,28014,Madrid,,,,,,,,SAN JERÓNIMO,,,13.543204941714693,1084,CORTES              ,CENTRO              ,RESTAURANTE,1069.0,proximidad
4739669332,node,40.4142706,-3.6988047,Cervantes,pizza,Calle del León,8,28014,Madrid,+34 91 4201298,http://pizzeriacervantes.com/,,,,,,LEÓN,8,LEÓN|8,1.834824894926638,93,CORTES              ,CENTRO              ,BAR RESTAURANTE,1068.0,proximidad
4745037861,node,40.4216855,-3.7001759,Casa Jiang,chinese,Calle de Hortaleza,,28004,Madrid,,,,,,,,HORTALEZA,,,2.21535690658038,28,JUSTICIA            ,CENTRO              ,BAR RESTAURANTE,1075.0,proximidad
4745037863,node,40.4224816,-3.6995928,Wok Fresh,asian,Calle de Hortaleza,,28004,Madrid,,,,,,,,HORTALEZA,,,2.87369211966984,1054,JUSTICIA            ,CENTRO              ,RESTAURANTE,1075.0,proximidad
4745037865,node,40.4248135,-3.6980538,La Santa,,Calle de Hortaleza,67,28004,Madrid,+34 910 82 19 99,,,,,,,HORTALEZA,67,HORTALEZA|67,17.98225437026592,800,JUSTICIA            ,CENTRO              ,BAR RESTAURANTE,1081.0,proximidad
4745037866,node,40.4258191,-3.6971705,Makkila,,Calle de Fernando VI,2,28004,Madrid,,https://makkila.com/makkila-fernando-vi-2/,,,,,,FERNANDO VI,2,FERNANDO VI|2,26.527411357311887,715,JUSTICIA            ,CENTRO              ,BAR RESTAURANTE,1082.0,proximidad
4747209323,node,40.4111341,-3.6951317,La Pitarra,,Calle Almadén,8,,,,,,,,,yes,ALMADÉN,8,ALMADÉN|8,23.213304479805345,1408,CORTES              ,CENTRO              ,BAR RESTAURANTE,1062.0,proximidad
4747225321,node,40.4155777,-3.6989867,La Puebla,,,,,,,,,,,,,,,,2.455930263056144,260,CORTES              ,CENTRO              ,RESTAURANTE,1072.0,proximidad
4760712972,node,40.4208673,-3.6981775,Zara,cuban,Calle de Barbieri,8,28004,Madrid,+34 91 532 20 74,http://www.restaurantezara.com/,,,,,,BARBIERI,8,BARBIERI|8,4.911246147073822,1308,JUSTICIA            ,CENTRO              ,RESTAURANTE,1074.0,proximidad
4760712973,node,40.4206629,-3.6982491,Chan,chinese,Calle de Barbieri,,28004,Madrid,,,,,,,,BARBIERI,,,4.915774852156853,1095,JUSTICIA            ,CENTRO              ,BAR RESTAURANTE,1074.0,proximidad
4773088422,node,40.4129783,-3.7039453,Yatai Market,asian,Calle del Doctor Cortezo,10,28012,Madrid,+34 911 38 41 13,https://yataimarkets.com/,Mo-Su 13:00-23:00,,,,limited,DOCTOR CORTEZO,10,DOCTOR CORTEZO|10,16.94167145786996,644,EMBAJADORES         ,CENTRO              ,BAR RESTAURANTE,1026.0,proximidad
4774553329,node,40.4198354,-3.6970981,44 Sushi Bar,japanese,Calle del Marqués de Valdeiglesias,8,28004,Madrid,,https://www.44sushibar.net/,"Mo-Fr 12:30-16:30,20:00-24:00",,,,,MARQUÉS DE VALDEIGLESIAS,8,MARQUÉS DE VALDEIGLESIAS|8,5.735783408728433,825,JUSTICIA            ,CENTRO              ,BAR RESTAURANTE,1074.0,proximidad
4774564731,node,40.419068,-3.696458,Las Bóvedas de Cibeles,,Calle de Alcalá,43,28014,Madrid,+34 915212623,http://www.lasbovedasdecibeles.es/,,,,,no,ALCALÁ,43,ALCALÁ|43,1.1844801844889323,755,JUSTICIA            ,CENTRO              ,BAR RESTAURANTE,1074.0,proximidad
4778747541,node,40.4226095,-3.6964324,Lola & Co,,Calle de Gravina,18,28004,Madrid,+34 911 639 168,http://lolaandco.com/,,,,,,GRAVINA,18,GRAVINA|18,10.593806419847468,1079,JUSTICIA            ,CENTRO              ,BAR RESTAURANTE,1077.0,proximidad
4778747542,node,40.422576,-3.694493,Mortadella,italian,Calle del Almirante,11,28004,Madrid,+34 915321850,http://mortadella.es/,,,,,,ALMIRANTE,11,ALMIRANTE|11,2.347770446415492,518,JUSTICIA            ,CENTRO              ,BAR RESTAURANTE,1073.0,proximidad
4785282921,node,40.4127317,-3.6993075,La Pizzateca,italian_pizza,Calle del León,35,28014,Madrid,,,"Mo-Su 13:00-16:30, 19:00-24:00",,,,no,LEÓN,35,LEÓN|35,0.6261710847121863,986,CORTES              ,CENTRO              ,RESTAURANTE,1067.0,proximidad
4788148348,node,40.4113825,-3.7043834,A Lareira,regional,Calle de la Espada,10-12,28012,Madrid,,,,,,,,ESPADA,10,ESPADA|10,3.009013274091256,911,EMBAJADORES         ,CENTRO              ,RESTAURANTE,1028.0,proximidad
4802367221,node,40.4175457,-3.6972371,Umiko,,,,,,,,,,,,,,,,14.890174872404378,144,CORTES              ,CENTRO              ,RESTAURANTE,1072.0,proximidad
4829140699,node,40.4226687,-3.696217,El Inca,peruvian,Calle de Gravina,23,28004,Madrid,+34 915 327 745,https://www.elinca.es/,,,,,,GRAVINA,23,GRAVINA|23,24.595045601309497,1136,JUSTICIA            ,CENTRO              ,RESTAURANTE,1079.0,proximidad
4883803721,node,40.4209071,-3.698155,Momo Restaurant,,,,,,,,,,,,,,,,0.513998188253686,1308,JUSTICIA            ,CENTRO              ,RESTAURANTE,1074.0,proximidad
4887540573,node,40.4274889,-3.6993769,Petisqueira,,,,,,,,,,,,limited,,,,2.4355915132357286,560,JUSTICIA            ,CENTRO              ,RESTAURANTE,1089.0,proximidad
4887540579,node,40.4144475,-3.6985567,Ember,steak_house,Calle del León,5,28014,Madrid,+34 617 57 26 19,,,,,,,LEÓN,5,LEÓN|5,5.158926568606042,269,CORTES              ,CENTRO              ,BAR RESTAURANTE,1068.0,proximidad
4887540580,node,40.4284086,-3.7005541,La Cochinita Loca,mexican,Calle de Larra,23,28004,Madrid,+34 915 13 84 03,https://www.lacochinitaloca.com/la-cochinita-loca,,,,,,LARRA,23,LARRA|23,0.7353067176140573,1182,JUSTICIA            ,CENTRO              ,BAR RESTAURANTE,1089.0,proximidad
4891902423,node,40.410052,-3.6961233,Taberna Jam,,Calle del Marqués de Toca,7,28012,Madrid,,,Mo off; Tu- Sa 10:00-24:00; Su 10:00-16:00,,,,,MARQUÉS DE TOCA,7,MARQUÉS DE TOCA|7,1.027697515188942,1406,EMBAJADORES         ,CENTRO              ,RESTAURANTE,1058.0,proximidad
4908697821,node,40.4221403,-3.6996612,Mundo Kebab,kebab,Calle de Hortaleza,,,,,,,,,,,HORTALEZA,,,2.759367882427935,278,JUSTICIA            ,CENTRO              ,BAR RESTAURANTE,1076.0,proximidad
4924282255,node,40.4135994,-3.6985365,La Batea,fish,Calle de las Huertas,35,28014,Madrid,,,,,,,,HUERTAS,35,HUERTAS|35,11.343377267606705,1443,CORTES              ,CENTRO              ,RESTAURANTE,1065.0,proximidad
4932500722,node,40.4175822,-3.7110373,El Abrazo de Vergara,,,,,,,,,,,,,,,,12.464896336021832,885,PALACIO             ,CENTRO              ,RESTAURANTE,1006.0,proximidad
4933812221,node,40.4238465,-3.6950423,Tome y lucas,,Calle de Santo Tomé,10,28004,,,,,,,,,SANTO TOMÉ,10,SANTO TOMÉ|10,8.168510572965857,10,JUSTICIA            ,CENTRO              ,BAR RESTAURANTE,1073.0,proximidad
4934346821,node,40.4172562,-3.6956993,Taj,indian,Calle del Marqués de Cubas,6,28014,,+34 915315059,https://restaurantetaj.es/,"Mo-Su 13:00-16:00, 20:30-23:30",,,,,MARQUÉS DE CUBAS,6,MARQUÉS DE CUBAS|6,9.807134042967304,1307,CORTES              ,CENTRO              ,RESTAURANTE,1072.0,proximidad
4935197121,node,40.416551,-3.707066,Trattoria Malatesta,italian,Calle de Coloreros,5,,,,,,,,,,COLOREROS,5,COLOREROS|5,6.851004974504443,1338,SOL                 ,CENTRO              ,RESTAURANTE,1123.0,proximidad
4935225060,node,40.4192708,-3.7091212,Leyenda Oriental,chinese,Calle de Campomanes,10,,,,,,,,,,CAMPOMANES,10,CAMPOMANES|10,17.396063547297757,1361,PALACIO             ,CENTRO              ,RESTAURANTE,1004.0,proximidad
4937046821,node,40.4219278,-3.7035187,B13 bar,,Calle de la Ballesta,13,28004,,,,,no,,,,BALLESTA,13,BALLESTA|13,17.834034736769265,481,UNIVERSIDAD         ,CENTRO              ,BAR RESTAURANTE,1116.0,proximidad
4949077221,node,40.4162532,-3.7085987,Sushi Bar,japanese,Plaza del Comandante Las Morenas,5,28013,,+34915427138,,We-Mo 13:00-02:00; Tu 19:30-02:00,,,,,COMANDANTE LAS MORENAS,5,COMANDANTE LAS MORENAS|5,27.898288574875252,801,PALACIO             ,CENTRO              ,BAR RESTAURANTE,1007.0,proximidad
4953243722,node,40.4160416,-3.7004379,La Finca de Susana,spanish,Calle del Príncipe,10,28012,Madrid,,,,,,,,PRÍNCIPE,10,PRÍNCIPE|10,0.8327878047868474,588,CORTES              ,CENTRO              ,BAR RESTAURANTE,1069.0,proximidad
4957418123,node,40.4147996,-3.7067187,Takos al Pastor,mexican,Calle Botoneras,7,28012,,,,,,,,,BOTONERAS,7,BOTONERAS|7,1.3998522899673003,1524,SOL                 ,CENTRO              ,BAR RESTAURANTE,1121.0,proximidad
4957425223,node,40.4257264,-3.6958168,Olivia te cuida,,,,,,,,,,,,,,,,1.3013390390003734,1169,JUSTICIA            ,CENTRO              ,RESTAURANTE,1084.0,proximidad
4962696021,node,40.4213233,-3.6974316,Bazaar,,Calle de la Libertad,21,,,,http://www.grupandilana.com/es/restaurantes/bazaar,,,,,no,LIBERTAD,21,LIBERTAD|21,5.4701671828735225,1165,JUSTICIA            ,CENTRO              ,RESTAURANTE,1077.0,proximidad
5068790959,node,40.4229408,-3.6940512,Restaurante la Buena Vida,,,,,,,,,,,,,,,,1.7133824777739737,1423,JUSTICIA            ,CENTRO              ,RESTAURANTE,1073.0,proximidad
5081180724,node,40.4101632,-3.6971775,Taberna Eulogio,,Calle de Santa Isabel,29,28012,Madrid,,,,,,,limited,SANTA ISABEL,29,SANTA ISABEL|29,26.905634981343102,757,EMBAJADORES         ,CENTRO              ,RESTAURANTE,1059.0,proximidad
5083496421,node,40.4106293,-3.6994828,Livin' Japan,japanese,Calle de la Torrecilla del Leal,20,28012,Madrid,,,,,,,,TORRECILLA DEL LEAL,20,TORRECILLA DEL LEAL|20,13.179658089692921,248,EMBAJADORES         ,CENTRO              ,BAR RESTAURANTE,1046.0,proximidad
5085913270,node,40.4219657,-3.6983793,Kuoco 360 Food,,Calle de San Bartolomé,14,28004,,+34 911 99 53 77,https://www.kuoco.es/,"Tu-Su 13:30-16:30, 20:30-00:00",,,,no,SAN BARTOLOMÉ,14,SAN BARTOLOMÉ|14,18.714528415659313,148,JUSTICIA            ,CENTRO              ,RESTAURANTE,1076.0,proximidad
5085913651,node,40.4125279,-3.6954315,Vinoteca Moratin,,Calle de Moratín,36,28014,Madrid,+34 911 27 60 85,https://www.vinotecamoratin.com/,"Tu-Sa 13:30-16:00, 19:30-24:00",,,,no,MORATÍN,36,MORATÍN|36,4.214106072636319,768,CORTES              ,CENTRO              ,RESTAURANTE,1063.0,proximidad
5085914026,node,40.4172431,-3.7110219,La Candela Restó,,Calle de la Amnistía,10,28013,,+34 911 73 98 88,https://www.lacandelaresto.com/,,,,,,AMNISTÍA,10,AMNISTÍA|10,8.972367348972739,1385,PALACIO             ,CENTRO              ,RESTAURANTE,1006.0,proximidad
5087576121,node,40.4171398,-3.7057825,la (verdadera) cueva de 1900,,,,,,,,,,,,,,,,4.414971528911696,430,SOL                 ,CENTRO              ,BAR RESTAURANTE,1124.0,proximidad
5137275721,node,40.4098411,-3.7024462,Baisakhi,,,,,,,,,,,,,,,,4.577703264362546,761,EMBAJADORES         ,CENTRO              ,RESTAURANTE,1043.0,proximidad
5139098261,node,40.4158696,-3.6957034,100 Montaditos,sandwich,Plaza de las Cortes,3,,,,,"Mo,Tu,Th 09:00-23:00; We 09:00-23:30; Fr 09:00-00:00; Sa 11:00-00:00; Su 11:00-23:30",yes,,yes,limited,LAS CORTES,3,LAS CORTES|3,22.996904999962865,684,CORTES              ,CENTRO              ,RESTAURANTE,1072.0,proximidad
5145917168,node,40.4105254,-3.7010948,Egeo,,Calle de San Carlos,17,28012,Madrid,,,,,,,,SAN CARLOS,17,SAN CARLOS|17,22.899531026358837,946,EMBAJADORES         ,CENTRO              ,RESTAURANTE,1047.0,proximidad
5147732196,node,40.4231393,-3.6981789,El Buha,,Calle de Pelayo,,,,,,,,,,no,PELAYO,,,1.3435092897628238,157,JUSTICIA            ,CENTRO              ,RESTAURANTE,1081.0,proximidad
5180990124,node,40.4137979,-3.7108686,La Mordida,mexican,,,,,+34 915 472 003,https://www.lamordida.com/,,,,,,,,,23.957288486628617,1388,PALACIO             ,CENTRO              ,BAR RESTAURANTE,1009.0,proximidad
5254285265,node,40.4212587,-3.6981744,Happy Green,,Calle de San Marcos,,28004,Madrid,,,,,,,,SAN MARCOS,,,10.097309213471844,742,JUSTICIA            ,CENTRO              ,RESTAURANTE,1076.0,proximidad
5254388144,node,40.4205039,-3.7006211,Casa Santoña,regional,Calle de la Reina,3,28004,Madrid,,http://casasantona.com/,,,,,,REINA,3,REINA|3,22.357726143222585,1100,JUSTICIA            ,CENTRO              ,RESTAURANTE,1074.0,proximidad
5289618221,node,40.416326,-3.7071037,100 Montaditos,sandwich,Calle Mayor,22,28013,Madrid,,,,yes,,,limited,MAYOR,22,MAYOR|22,1.2157360735652931,52,SOL                 ,CENTRO              ,RESTAURANTES DE COMIDA RAPIDA,1123.0,proximidad
5294171722,node,40.4220486,-3.6977041,Puturru De Foie,tapas,,,28004,,+34 913300291,,,,,,,,,,14.282647861758742,832,JUSTICIA            ,CENTRO              ,BAR RESTAURANTE,1077.0,proximidad
5294171723,node,40.4220355,-3.6976286,La Imperial,tapas,,,28004,,,,,,,,,,,,20.773626186798595,591,JUSTICIA            ,CENTRO              ,BAR RESTAURANTE,1077.0,proximidad
5298487720,node,40.4185236,-3.6980631,La Chulapa de Alcalá,,Calle de Alcalá,35,28014,,+34 91 523 2570,https://lachulapa.com/,,,,,,ALCALÁ,35,ALCALÁ|35,3.620787091427861,89,CORTES              ,CENTRO              ,BAR RESTAURANTE,1072.0,proximidad
5349483068,node,40.4118986,-3.7018069,Casa Benteveo,,Calle de la Cabeza,28,28012,Madrid,+34 910 83 32 68,,,,,,,CABEZA,28,CABEZA|28,21.941231619927997,498,EMBAJADORES         ,CENTRO              ,BAR RESTAURANTE,1045.0,proximidad
5364094121,node,40.4224262,-3.6976816,Verdoy,,,,,,,,,,,,,,,,22.274826302444,1057,JUSTICIA            ,CENTRO              ,RESTAURANTE,1081.0,proximidad
5375200488,node,40.4289019,-3.7036408,Taberna del Colono,,Calle de Ruiz,20,28004,Madrid,+34 910071231,http://www.tabernadelcolono.es/,,,,,no,RUIZ,20,RUIZ|20,25.397621436125128,1135,UNIVERSIDAD         ,CENTRO              ,RESTAURANTE,1090.0,proximidad
5375200489,node,40.4288182,-3.7036585,Cardinale,,Calle de Ruiz,20,28004,Madrid,+34 918 928 243,https://cardinalemadrid.com/,,,,,limited,RUIZ,20,RUIZ|20,18.658487813524395,1135,UNIVERSIDAD         ,CENTRO              ,RESTAURANTE,1090.0,proximidad
5375200491,node,40.4274478,-3.7040629,La Dominguita,,Calle de Ruiz,3,28004,Madrid,,,,,,,,RUIZ,3,RUIZ|3,18.701218482129253,290,UNIVERSIDAD         ,CENTRO              ,RESTAURANTE,1093.0,proximidad
5398300240,node,40.4195876,-3.6995623,Gran Clavel,,Gran Vía,11,28013,Madrid,+34 915 24 23 05,http://www.granclavelmadrid.com/,,,,,no,GRAN VÍA,11,GRAN VÍA|11,27.597154014252244,1242,SOL                 ,CENTRO              ,RESTAURANTE,1118.0,proximidad
5405353247,node,40.4243117,-3.6967452,El Economato,,Calle de Belén,5,28004,Madrid,+34 91 013 00 95,http://www.tabernaseleconomato.com/,,,,,,BELÉN,5,BELÉN|5,16.76260691980281,1142,JUSTICIA            ,CENTRO              ,BAR RESTAURANTE,1079.0,proximidad
5407227091,node,40.425343,-3.6917581,Habanera,,Calle de Génova,28,28004,Madrid,+34 91 737 20 17,https://www.habaneramadrid.com/,,,,,,GÉNOVA,28,GÉNOVA|28,13.117024473954,1113,JUSTICIA            ,CENTRO              ,BAR RESTAURANTE,1084.0,proximidad
5409792465,node,40.4191609,-3.6989071,Bloved Veggie Corner,,Calle del Caballero de Gracia,13,28013,Madrid,+34 626 205 467,https://www.ebocarestaurants.com/restaurantes/bloved-veggie-corner/,,,,,,CABALLERO DE GRACIA,13,CABALLERO DE GRACIA|13,25.708298966796242,1456,CORTES              ,CENTRO              ,RESTAURANTE,1072.0,proximidad
5409792467,node,40.4179016,-3.6999196,El Castizo de Alcalá,,Calle de Alcalá,19,28014,Madrid,+34 910 88 28 98,https://grupocarbon.es/restaurantes/castizo/,,,,,,ALCALÁ,19,ALCALÁ|19,11.834011908753636,1352,SOL                 ,CENTRO              ,BAR RESTAURANTE,1119.0,proximidad
5443911283,node,40.4099492,-3.7121686,La Carab,,Calle del Águila,6,28005,Madrid,,,,,,,,ÁGUILA,6,ÁGUILA|6,22.964405648555736,929,PALACIO             ,CENTRO              ,BAR RESTAURANTE,1020.0,proximidad
5542441723,node,40.4131748,-3.7106325,,,Calle del Príncipe de Anglona,1,28005,Madrid,,,,,,,,PRÍNCIPE DE ANGLONA,1,PRÍNCIPE DE ANGLONA|1,2.9131793472162504,869,PALACIO             ,CENTRO              ,BAR RESTAURANTE,1011.0,proximidad
5552314224,node,40.410177,-3.6962005,GatoGato,,Calle del Marqués de Toca,6,28012,Madrid,+34 912 08 68 70,,"Mo,Su off; Tu-Th 13:00-16:00,20:30-23:00; Fr-Sa 13:00-16:00,20:30-23:30",,,,limited,MARQUÉS DE TOCA,6,MARQUÉS DE TOCA|6,4.19662093694855,968,EMBAJADORES         ,CENTRO              ,RESTAURANTE,1059.0,proximidad
5561730747,node,40.4278786,-3.7035803,Il Regno di Napoli,italian,Calle de San Andrés,21,28004,Madrid,+34 91 445 63 00,http://ilregnodinapoli.com/,,,,,no,SAN ANDRÉS,21,SAN ANDRÉS|21,1.7429666787520013,686,UNIVERSIDAD         ,CENTRO              ,RESTAURANTE,1090.0,proximidad
5621926723,node,40.4141744,-3.7010724,lateral,,,,,,,,,,,,,,,,14.077978128935854,254,CORTES              ,CENTRO              ,RESTAURANTE,1068.0,proximidad
5778771753,node,40.4150187,-3.704848,Mayor Taperia 2,spanish,,,,,,,,,,,,,,,8.455606859427105,717,SOL                 ,CENTRO              ,BAR RESTAURANTE,1120.0,proximidad
5824598953,node,40.4136197,-3.6968191,Lev,,Calle de Lope de Vega,20,28014,Madrid,,,,,,,no,LOPE DE VEGA,20,LOPE DE VEGA|20,16.936828754735966,382,CORTES              ,CENTRO              ,BAR RESTAURANTE,1071.0,proximidad
5832549285,node,40.4156459,-3.7089853,Eduardo Cervecería,,,,,,,,,,,,,,,,1.2720517914914689,192,PALACIO             ,CENTRO              ,BAR RESTAURANTE,1008.0,proximidad
5839453187,node,40.4211821,-3.697432,La Kika,,,,,,,,,,,,,,,,9.139071302256651,55,JUSTICIA            ,CENTRO              ,BAR RESTAURANTE,1074.0,proximidad
5839478286,node,40.4202873,-3.6974759,Nomada,,,,,,,,,,,,,,,,3.3855300016038816,586,JUSTICIA            ,CENTRO              ,BAR RESTAURANTE,1074.0,proximidad
5839478287,node,40.4209092,-3.6973109,Propaganda,,,,,,,,,,,,,,,,5.311975097350896,790,JUSTICIA            ,CENTRO              ,BAR RESTAURANTE,1074.0,proximidad
5839480287,node,40.420101,-3.6972072,Milwaukee,burger,Calle de las Infantas,29,28004,,+34 914 129 386,https://milwaukeeburger.com/,Mo-Su 12:30-00:30,no,,,,INFANTAS,29,INFANTAS|29,26.657653776034618,825,JUSTICIA            ,CENTRO              ,BAR RESTAURANTE,1074.0,proximidad
5983155286,node,40.4143623,-3.7010379,Las 10 Tapas De Santa Ana,spanish;tapas;local,,,,,,,,,,,,,,,3.9049303223460043,1011,CORTES              ,CENTRO              ,BAR RESTAURANTE,1068.0,proximidad
5986211285,node,40.4094607,-3.7088761,Nina pasta bar,italian,Calle de Santa Ana,,,,,,,,,,,SANTA ANA,,,15.651175063641217,232,EMBAJADORES         ,CENTRO              ,BAR RESTAURANTE,1023.0,proximidad
6093819686,node,40.4226253,-3.6967169,El cisne azul,,,,,,,,,,,,,,,,17.13352427012669,603,JUSTICIA            ,CENTRO              ,RESTAURANTE,1079.0,proximidad
6131883085,node,40.417578,-3.6980761,Araldo,,,,,,,,,,,,,,,,6.498936074267519,531,CORTES              ,CENTRO              ,BAR RESTAURANTE,1072.0,proximidad
6131908685,node,40.4213703,-3.6979947,Hot Now,,Calle de Barbieri,14,28004,Madrid,,,,,,,,BARBIERI,14,BARBIERI|14,5.563422692681217,1081,JUSTICIA            ,CENTRO              ,BAR RESTAURANTE,1077.0,proximidad
6170767786,node,40.4054052,-3.7017888,Casa Pepe,spanish,Ronda de Valencia,18,,,,,,no,,,no,VALENCIA,18,VALENCIA|18,0.9017374589736733,244,EMBAJADORES         ,CENTRO              ,BAR RESTAURANTE,1039.0,proximidad
6188888286,node,40.4209578,-3.7033234,La Nueva Troje,,Calle del Desengaño,,,,,,,,,,,DESENGAÑO,,,6.529077945287034,1516,UNIVERSIDAD         ,CENTRO              ,BAR RESTAURANTE,1116.0,proximidad
6311521190,node,40.4126738,-3.6963353,Taberna de la Elisa,,Calle de Santa María,42,28014,Madrid,,,,,,,,SANTA MARÍA,42,SANTA MARÍA|42,27.12171370798218,1437,CORTES              ,CENTRO              ,BAR RESTAURANTE,1064.0,proximidad
6376894385,node,40.4134718,-3.6957067,El Gallo Canta,,Calle de Jesús,2,28014,Madrid,+34 914 29 27 62,,,,,,limited,JESÚS,2,JESÚS|2,3.0999435905369475,262,CORTES              ,CENTRO              ,RESTAURANTE,1064.0,proximidad
6379010018,node,40.410528,-3.7074921,Casa Amadeo Los Caracoles,,,,,,+34913659439,https://www.caracolesdeamadeo.com/,,,,,,,,,10.9615512803131,936,EMBAJADORES         ,CENTRO              ,BAR RESTAURANTE,1024.0,proximidad
6416604992,node,40.425016,-3.7006706,Ōven mozzarella bar,italian;pasta;pizza,,,,,,,,,,,,,,,2.2112441133716505,1122,JUSTICIA            ,CENTRO              ,BAR RESTAURANTE,1087.0,proximidad
6439431885,node,40.4157147,-3.7057792,Jungleking,,Calle del Marqués Viudo de Pontejos,15,,,,,,,,,,MARQUÉS VIUDO DE PONTEJOS,15,MARQUÉS VIUDO DE PONTEJOS|15,1.486806731283681,1333,SOL                 ,CENTRO              ,RESTAURANTE,1121.0,proximidad
6467071888,node,40.4139622,-3.7008469,H10 bar,,,,,,,,,,,,,,,,0.8772579267569961,1416,CORTES              ,CENTRO              ,BAR RESTAURANTE,1067.0,proximidad
6475104265,node,40.4124765,-3.7082458,La Botillería de Maxi,,,,,,,,,,,,,,,,19.09427098905877,872,PALACIO             ,CENTRO              ,RESTAURANTE,1012.0,proximidad
6475196475,node,40.4103033,-3.7061762,La Alegría de la Huerta,,Calle de las Dos Hermanas,22,28012,Madrid,+34 91 017 6583,,,,only,,,DOS HERMANAS,22,DOS HERMANAS|22,24.818105555346484,467,EMBAJADORES         ,CENTRO              ,RESTAURANTE,1029.0,proximidad
6538480785,node,40.4171678,-3.7113353,Café de los Austrias,spanish,Plaza de Ramales,3,28013,Madrid,+34 915 59 84 36,https://cafelosaustrias.com/,Mo-Fr 09:00-00:00; Sa-Su 10:00-01:00,,,,,RAMALES,3,RAMALES|3,2.146645296986587,884,PALACIO             ,CENTRO              ,BAR RESTAURANTE,1006.0,proximidad
6553913569,node,40.4228333,-3.7096273,El Gaucho,argentinian,Gran Vía,72,28013,Madrid,,,,,,,,GRAN VÍA,72,GRAN VÍA|72,0.5389272523174101,64,UNIVERSIDAD         ,CENTRO              ,BAR RESTAURANTE,1112.0,proximidad
6553913579,node,40.4221447,-3.7085536,La Sirena Verde,regional,Gran Vía,62,28013,Madrid,+34 91 547 39 10,http://www.restaurante-marisqueria-madrid.es/es/,,,,,,GRAN VÍA,62,GRAN VÍA|62,2.58146595043145,316,UNIVERSIDAD         ,CENTRO              ,BAR RESTAURANTE,1112.0,proximidad
6553934904,node,40.4210229,-3.7068035,Honest Greens,,Gran Vía,52,28013,Madrid,,,,,,,,GRAN VÍA,52,GRAN VÍA|52,2.6018409515064413,103,UNIVERSIDAD         ,CENTRO              ,RESTAURANTE,1115.0,proximidad
6612138785,node,40.4113176,-3.707692,La Bobia,spanish,,,,,,https://grupolafabrica.es/restaurante-la-bobia/,,,,,,,,,2.3618134258613286,21,EMBAJADORES         ,CENTRO              ,BAR RESTAURANTE,1025.0,proximidad
6691710960,node,40.4127284,-3.6996012,Leña Bar y Restaurante,spanish,,,,,,,,,,,,,,,20.407261175805306,419,EMBAJADORES         ,CENTRO              ,RESTAURANTES DE COMIDA RAPIDA,1027.0,proximidad
6738441885,node,40.4160718,-3.7115556,Restaurante Dans le noir,,,,,,+34 912 96 27 61,http://www.madrid.danslenoir.es/,,,,,,,,,4.42095772694177,201,PALACIO             ,CENTRO              ,BAR RESTAURANTE,1007.0,proximidad
6768793385,node,40.4192984,-3.6975674,Vinitus,tapas,Gran Vía,4,,,+34 916 14 44 21,https://www.laflautagroup.com/,Mo-Su 09:00-01:00,,,,,GRAN VÍA,4,GRAN VÍA|4,11.583068227097726,830,JUSTICIA            ,CENTRO              ,BAR RESTAURANTE,1074.0,proximidad
6788426790,node,40.4192822,-3.7033989,Focadeli,italian,,,,,,,,,,,,,,,3.4204820498571813,1258,SOL                 ,CENTRO              ,RESTAURANTE,1117.0,proximidad
6788486987,node,40.4106773,-3.6995051,Bresca,italian,,,,,,,,,,,,,,,11.63522840887309,249,EMBAJADORES         ,CENTRO              ,BAR RESTAURANTE,1049.0,proximidad
6945347197,node,40.4178989,-3.696253,Casa Suecia,mediterranean,Calle del Marqués de Casa Riera,4,28014,,+34 910 51 35 92,https://casasuecia.es/es/inicio/,,,,,,MARQUÉS DE CASA RIERA,4,MARQUÉS DE CASA RIERA|4,7.699468361592881,1421,CORTES              ,CENTRO              ,RESTAURANTE,1072.0,proximidad
6965525847,node,40.4079482,-3.6984499,Primadonna,pizza,,,,,,,,,,,,,,,3.941495585335689,1013,EMBAJADORES         ,CENTRO              ,BAR RESTAURANTE,1054.0,proximidad
6991759443,node,40.4175091,-3.7108181,Taberna el Zorzal,,,,,,,https://www.tabernaelzorzal.es/,,,,,,,,,6.495679425359678,217,PALACIO             ,CENTRO              ,RESTAURANTE,1006.0,proximidad
7021697086,node,40.4131701,-3.7006227,Zuppa,,,,,,,,,,,,,,,,12.50010556733337,1414,CORTES              ,CENTRO              ,RESTAURANTE,1067.0,proximidad
7021703585,node,40.4125294,-3.6992463,Zuppa,,,,,,,,,,,,,,,,23.451403571104212,986,CORTES              ,CENTRO              ,RESTAURANTE,1067.0,proximidad
7038697086,node,40.4245829,-3.6956332,Roots Lamarca,,Calle de Fernando VI,10,28004,Madrid,+34 914 421 229,https://www.rootslamarca.com,Mo-Su 09:00-22:00,,,,,FERNANDO VI,10,FERNANDO VI|10,24.862541585043516,1473,JUSTICIA            ,CENTRO              ,RESTAURANTE,1084.0,proximidad
7088183338,node,40.4126966,-3.6960121,Tandem,italian,Calle de Santa María,39,28014,Madrid,+34 910 16 80 67,https://eltriciclo.es/tandem/,,,,,,SANTA MARÍA,39,SANTA MARÍA|39,1.318929898931743,1048,CORTES              ,CENTRO              ,RESTAURANTE,1064.0,proximidad
7134090685,node,40.4138361,-3.7075945,Healthy Poke,,Calle de Toledo,26,28005,,,,,,,,,TOLEDO,26,TOLEDO|26,5.850700671478647,1335,SOL                 ,CENTRO              ,RESTAURANTE,1121.0,proximidad
7207638721,node,40.4165388,-3.6957605,Paradis Madrid,,,,,,+34 914 29 7303,https://paradismadrid.es/,,,,,,,,,5.440399698423136,415,CORTES              ,CENTRO              ,BAR RESTAURANTE,1072.0,proximidad
7285375885,node,40.4148303,-3.7037401,100 Montaditos,sandwich,,,,,,,,,,,,,,,11.979149740890596,816,SOL                 ,CENTRO              ,RESTAURANTES DE COMIDA RAPIDA,1120.0,proximidad
7736930265,node,40.4227628,-3.6985824,Mad Mad Vegan,,Calle de Pelayo,19,28004,,+34 91 4442077,https://madmadvegan.com,Mo-Th 13:00-23:00; Fr 13:00-00:00; Sa 17:00-19:30; Su 13:00-23:00,,,,,PELAYO,19,PELAYO|19,16.11309145814141,577,JUSTICIA            ,CENTRO              ,BAR RESTAURANTE,1081.0,proximidad
7796615986,node,40.4153709,-3.6989014,Arrocería Marina Ventura,,,,,,,,,,,,,,,,3.336210145881119,91,CORTES              ,CENTRO              ,RESTAURANTE,1072.0,proximidad
7833114476,node,40.4214592,-3.7055527,El Lugar de Martina,burger,Plaza de Santa María Soledad Torres Acosta,2,28004,Madrid,,,,yes,,,yes,SANTA MARÍA SOLEDAD TORRES ACOSTA,2,SANTA MARÍA SOLEDAD TORRES ACOSTA|2,9.080330512677309,1280,UNIVERSIDAD         ,CENTRO              ,BAR RESTAURANTE,1115.0,proximidad
8095017481,node,40.4179924,-3.703242,La Cuenva de 1900,,,,,,,,,,,,,,,,3.9037994395020488,114,SOL                 ,CENTRO              ,BAR RESTAURANTE,1119.0,proximidad
8125036020,node,40.4256332,-3.7086801,El Lugarcito,,Calle de Noviciado,9,28015,Madrid,+34 628 24 98 98,,,,,,,NOVICIADO,9,NOVICIADO|9,15.36526983267403,784,UNIVERSIDAD         ,CENTRO              ,BAR RESTAURANTE,1109.0,proximidad
8186450108,node,40.4224409,-3.6942202,Cannibal Raw Bar,,Calle del Almirante,12,28004,Madrid,+34 91 026 87 94,http://www.cannibalrawbar.es/,,,,,,ALMIRANTE,12,ALMIRANTE|12,4.656931885776507,1093,JUSTICIA            ,CENTRO              ,RESTAURANTE,1073.0,proximidad
8234892117,node,40.421697,-3.7001627,Takomama,mexican,,,,,,,,,,,,,,,0.31443491772769455,28,JUSTICIA            ,CENTRO              ,BAR RESTAURANTE,1075.0,proximidad
8234892318,node,40.416026,-3.7058308,PEPE TACO,mexican,Calle de las Postas,12,28012,Madrid,,,,,,,,POSTAS,12,POSTAS|12,15.61588006447472,132,SOL                 ,CENTRO              ,RESTAURANTE,1121.0,proximidad
8414730489,node,40.414275,-3.6968598,El Barril de las Letras,,,,,,,https://barrildelasletras.com/,,,,,limited,,,,2.0558281408186603,1453,CORTES              ,CENTRO              ,BAR RESTAURANTE,1071.0,proximidad
8593238418,node,40.4159628,-3.7004302,La Reserva,,Calle del Príncipe,10,28012,Madrid,,,,,,,,PRÍNCIPE,10,PRÍNCIPE|10,0.6540159591512599,96,CORTES              ,CENTRO              ,RESTAURANTE,1069.0,proximidad
8625818256,node,40.4243592,-3.6951299,Totò e Peppino,italian;pizza,,,,,+34 913 08 73 70,,,,,,,,,,0.11777531868988975,79,JUSTICIA            ,CENTRO              ,RESTAURANTE,1084.0,proximidad
8714822079,node,40.4090165,-3.6936473,Trattoria Pinocchio,italian,Calle de Sánchez Bustillo,5,28012,Madrid,+34 91 468 73 73,http://www.pinocchio.es/,,yes,,,no,SÁNCHEZ BUSTILLO,5,SÁNCHEZ BUSTILLO|5,2.04022386243846,610,EMBAJADORES         ,CENTRO              ,RESTAURANTE,1058.0,proximidad
8793021620,node,40.4114114,-3.6994133,La Esperanza,mediterranean,Calle de la Torrecilla del Leal,3,28012,Madrid,,https://www.laesperanzabar.com/,Mo-Su 12:00-23:00,,,,,TORRECILLA DEL LEAL,3,TORRECILLA DEL LEAL|3,8.430188781417804,246,EMBAJADORES         ,CENTRO              ,BAR RESTAURANTE,1046.0,proximidad
8807517017,node,40.4170977,-3.6988046,AskuaBarra,spanish,Calle de Arlabán,7,28014,,+34915937507,https://askuabarra.com/,"Su 13:30-15:30; Mo-Th 13:30-15:30, 20:30-23:30; Fr-Sa 13:30-15:30, 20:30-23:00",,,,,ARLABÁN,7,ARLABÁN|7,5.360662605597762,538,CORTES              ,CENTRO              ,RESTAURANTE,1072.0,proximidad
8808929417,node,40.4244551,-3.7021688,Vira Vira - The Gyro's,,Corredera Alta de San Pablo,1,28004,,,https://www.viraviragyros.com/,Mo-Su 12:00-01:00,,,,,CORREDERA ALTA DE SAN PABLO,1,CORREDERA ALTA DE SAN PABLO|1,24.681446162438796,810,UNIVERSIDAD         ,CENTRO              ,BAR RESTAURANTE,1094.0,proximidad
8947051747,node,40.4207886,-3.7027816,,asian,,,,,,,,,,,,,,,4.11425400349553,752,UNIVERSIDAD         ,CENTRO              ,RESTAURANTE,1116.0,proximidad
8968610826,node,40.4172337,-3.710979,Le Bistroman Atelier,,,,,,+34 914 47 27 13,https://lebistroman.es/,,,,,,,,,4.151457649416689,1385,PALACIO             ,CENTRO              ,RESTAURANTE,1006.0,proximidad
8993499617,node,40.4074751,-3.6996997,,,Calle de la Sombrerería,6,28012,Madrid,,,,,,,,SOMBRERERÍA,6,SOMBRERERÍA|6,16.71899968767473,958,EMBAJADORES         ,CENTRO              ,RESTAURANTE,1055.0,proximidad
9023290420,node,40.4121093,-3.7072714,Be Beirut,arab,,,,,,,,,only,,,,,,18.935759830042425,938,EMBAJADORES         ,CENTRO              ,BAR RESTAURANTE,1025.0,proximidad
9050560233,node,40.4230454,-3.6955195,La Cachapera,cachapa;venezuelan,Calle del Barquillo,34,28004,Madrid,,https://www.lacachapera.es/en/,,,yes,,limited,BARQUILLO,34,BARQUILLO|34,28.709942560975993,1091,JUSTICIA            ,CENTRO              ,RESTAURANTE,1073.0,proximidad
9207340718,node,40.4151999,-3.7088608,Casa Mories,,,,,,+34 91 3666000,https://casamories.es/,,,,,,,,,6.8757778362180755,483,PALACIO             ,CENTRO              ,RESTAURANTE,1008.0,proximidad
9208165518,node,40.4116292,-3.7072527,bobia,,,,,,,,,,,,,,,,28.147037158906045,146,EMBAJADORES         ,CENTRO              ,BAR RESTAURANTE,1025.0,proximidad
9303690147,node,40.423364,-3.70876,Ishou,ramen,Plaza de los Mostenses,13,28015,Madrid,,,,no,,,,LOS MOSTENSES,13,LOS MOSTENSES|13,1.866074947201529,1486,UNIVERSIDAD         ,CENTRO              ,BAR RESTAURANTE,1112.0,proximidad
9350955617,node,40.4256529,-3.7021954,Cártel de Malasaña,mexican,,,,,,,,,,,,,,,8.946174747609232,297,UNIVERSIDAD         ,CENTRO              ,RESTAURANTE,1101.0,proximidad
9423873889,node,40.4154674,-3.7003953,Macao,,,,,,+34 915 21 89 11,https://restaurantemacao.es,,,,,,,,,2.0117473819627323,640,CORTES              ,CENTRO              ,RESTAURANTE,1069.0,proximidad
9532674317,node,40.4204441,-3.7051988,ella Sky Bar,,Gran Vía,42,,,,,,,,,,GRAN VÍA,42,GRAN VÍA|42,28.51845019638121,454,UNIVERSIDAD         ,CENTRO              ,RESTAURANTES DE COMIDA RAPIDA,1115.0,proximidad
9572715417,node,40.4102522,-3.7010642,Dakar,african,,,,,,,,,,,,,,,6.889937914631103,1409,EMBAJADORES         ,CENTRO              ,BAR RESTAURANTE,1048.0,proximidad
9626371117,node,40.4131744,-3.7006114,Zuppa,,Calle de Atocha,47,28012,Madrid,,,Mo-Sa 12:00-23:00; Su 12:00-17:00,no,,,,ATOCHA,47,ATOCHA|47,11.556612494902367,1414,CORTES              ,CENTRO              ,RESTAURANTE,1067.0,proximidad
9670801490,node,40.4151792,-3.7000464,Taberna La Trucha,,Calle de Manuel Fernández y González,3,28014,Madrid,+34 910 661 810,https://www.tabernalatrucha.es,,,,,,MANUEL FERNÁNDEZ Y GONZÁLEZ,3,MANUEL FERNÁNDEZ Y GONZÁLEZ|3,1.245542095209271,992,CORTES              ,CENTRO              ,RESTAURANTE,1069.0,proximidad
9671955817,node,40.407499,-3.7094774,Tasty Bowl,,,,,,,,"Tu-Fr 12:15-17:00,19:30-23:30; Sa,Su 12:15-17:30,19:30-24:00",,,,,,,,22.29024257009355,1382,EMBAJADORES         ,CENTRO              ,BAR RESTAURANTE,1022.0,proximidad
9688494681,node,40.4104659,-3.7045819,África Ndiambour,senegalese,,,,,,,,no,,,,,,,1.571547688551069,917,EMBAJADORES         ,CENTRO              ,RESTAURANTE,1029.0,proximidad
9688494682,node,40.4090342,-3.7036814,Colores,senegalese,,,,,,,,,,,,,,,12.366450914414942,56,EMBAJADORES         ,CENTRO              ,BAR RESTAURANTE,1034.0,proximidad
9724478123,node,40.412639,-3.6956978,La Diez,italian,,,,,,,,,,,no,,,,6.248989771009182,1436,CORTES              ,CENTRO              ,RESTAURANTE,1064.0,proximidad
9758947617,node,40.4162467,-3.7085574,Bar Gyoza Go!,,Plaza del Comandante Las Morenas,5,28013,,,,,,,,,COMANDANTE LAS MORENAS,5,COMANDANTE LAS MORENAS|5,28.14211711240934,63,SOL                 ,CENTRO              ,RESTAURANTES DE COMIDA RAPIDA,1123.0,proximidad
9848416962,node,40.4128933,-3.7113964,Cava de Illán,,,,,,,,,,,,limited,,,,1.2268903073434858,80,PALACIO             ,CENTRO              ,RESTAURANTE,1011.0,proximidad
9848416963,node,40.4128218,-3.7114116,Vanila,,,,,,,,,,,,limited,,,,0.8341462329933976,728,PALACIO             ,CENTRO              ,RESTAURANTE,1011.0,proximidad
9856192817,node,40.4155736,-3.7022668,Urvan Street Food,,,,,,,,,,,,,,,,19.419426332240675,133,SOL                 ,CENTRO              ,RESTAURANTE,1119.0,proximidad
9865440520,node,40.4228723,-3.6996803,Burritos Tex Mex,mexican,Calle de Augusto Figueroa,,,,,,,,,,,AUGUSTO FIGUEROA,,,2.2565571836112803,669,JUSTICIA            ,CENTRO              ,RESTAURANTE,1075.0,proximidad
9881399617,node,40.4176922,-3.7034029,La Arepera Resto-bar,arepa,Calle de Tetuán,20,28013,,,https://laarepera.es/,,,,,,TETUÁN,20,TETUÁN|20,0.9382849656415587,600,SOL                 ,CENTRO              ,BAR RESTAURANTE,1119.0,proximidad
9883567331,node,40.4151233,-3.6990227,Decadente,,,,,,,,,,,,,,,,3.5761675113878,259,CORTES              ,CENTRO              ,RESTAURANTE,1072.0,proximidad
9891433998,node,40.4226355,-3.7117831,Ginkgo Restaurante & Sky Bar,,,,,,+34 91 595 55 12,https://www.ginkgoskybarmadrid.com/,,,,,,,,,13.455770859173064,1526,PALACIO             ,CENTRO              ,RESTAURANTE,1001.0,proximidad
9905746218,node,40.4141175,-3.6968621,Parrilla El Barril,barbecue,,,,,,,,,,,,,,,2.854901895911445,1454,CORTES              ,CENTRO              ,BAR RESTAURANTE,1071.0,proximidad
9905746317,node,40.4082294,-3.6987356,África Fusión,african,,,,,,,,,,,,,,,1.1232242868309057,956,EMBAJADORES         ,CENTRO              ,BAR RESTAURANTE,1054.0,proximidad
9905748217,node,40.4082866,-3.7015048,La Alhambra,arab,,,,,+34 915 30 18 23,https://la-alhambra.eatbu.com/,,,,,,,,,9.072985292763214,9,EMBAJADORES         ,CENTRO              ,RESTAURANTE,1042.0,proximidad
9907522886,node,40.4226695,-3.696006,Cisne Azul,,,,,,,,,,,,,,,,2.36836981459202,1136,JUSTICIA            ,CENTRO              ,RESTAURANTE,1079.0,proximidad
9932043817,node,40.4091993,-3.7016755,Pakistani restaurante,indian,Calle de Lavapiés,53,,,+34 690290719,,,,,,,LAVAPIÉS,53,LAVAPIÉS|53,9.100011515860862,994,EMBAJADORES         ,CENTRO              ,BAR RESTAURANTE,1048.0,proximidad
9993666139,node,40.4140033,-3.7113337,Rollo Ocho,,,,,,,,13:00-02:00,yes,,,limited,,,,4.471014843401558,1387,PALACIO             ,CENTRO              ,BAR RESTAURANTE,1009.0,proximidad
10067418222,node,40.4148449,-3.7034978,El Senador,,,,,,,,,,,,,,,,16.118199253652097,816,SOL                 ,CENTRO              ,RESTAURANTES DE COMIDA RAPIDA,1120.0,proximidad
10143790117,node,40.4157868,-3.6988703,Inti de Oro,,,,,,,,,,,,,,,,3.112970067766884,807,CORTES              ,CENTRO              ,BAR RESTAURANTE,1072.0,proximidad
10146817117,node,40.4160565,-3.6988338,La vaca argentina,,,,,,,,,,,,,,,,13.862359800041853,293,CORTES              ,CENTRO              ,RESTAURANTE,1072.0,proximidad
10185348229,node,40.4193702,-3.6988574,Honest Greens,organic,Gran Vía,7,28013,Madrid,+34 931 22 76 64,https://honestgreens.com/,Mo-Su 08:30-23:00,no,yes,,,GRAN VÍA,7,GRAN VÍA|7,10.31016689827642,1456,CORTES              ,CENTRO              ,RESTAURANTE,1072.0,proximidad
10187203244,node,40.414626,-3.6968173,Can Punyetes,,,,,,,,Mo-Su 13:00-16:00; Mo-Sa 20:00-23:00,,,,no,,,,4.220981490616821,571,CORTES              ,CENTRO              ,BAR RESTAURANTE,1071.0,proximidad
10188297805,node,40.4129869,-3.7135257,EatMyTrip Brunch & Cocktails,brunch,Calle de la Morería,11,28005,Madrid,+34611151030,https://eatmytrip.com/,,,,,,MORERÍA,11,MORERÍA|11,7.662063541651528,919,PALACIO             ,CENTRO              ,BAR RESTAURANTE,1015.0,proximidad
10299468151,node,40.4184379,-3.7053938,Naked & Sated: Preciados,,,,,,,,,,,,,,,,9.42354112010886,462,SOL                 ,CENTRO              ,BAR RESTAURANTE,1117.0,proximidad
10562233580,node,40.4159552,-3.6996547,Casa Lobo,spanish,Calle de Echegaray,8,28014,Madrid,+34 913 60 00 01,https://casaloborestaurante.com/,,no,no,,limited,ECHEGARAY,8,ECHEGARAY|8,11.36835744425116,1419,CORTES              ,CENTRO              ,RESTAURANTE,1072.0,proximidad
10574468209,node,40.4115343,-3.6994148,La Esperanza,mediterranean;spanish,Calle de la Torrecilla del Leal,3,28012,,,https://www.laesperanzabar.com/,Sa-We 13:00-02:00; Th-Fr 13:00-00:30,,,,,TORRECILLA DEL LEAL,3,TORRECILLA DEL LEAL|3,5.6802575915915074,246,EMBAJADORES         ,CENTRO              ,BAR RESTAURANTE,1046.0,proximidad
10595190562,node,40.4125147,-3.7089122,La Taba,spanish;regional,Calle de la Cava Baja,19,28005,Madrid,+34 913 54 60 52,,,,,,,CAVA BAJA,19,CAVA BAJA|19,1.4234344660066471,746,PALACIO             ,CENTRO              ,RESTAURANTE,1011.0,proximidad
10651977405,node,40.4207332,-3.6974552,Puccias Libertad,,,,,,,,,,,,,,,,0.5507159416396628,1032,JUSTICIA            ,CENTRO              ,BAR RESTAURANTE,1074.0,proximidad
10665714180,node,40.4256194,-3.7074132,Gazteca,mexican,Calle de San Bernardo,53,28015,Madrid,,,,,yes,,,SAN BERNARDO,53,SAN BERNARDO|53,10.103999964691813,1206,UNIVERSIDAD         ,CENTRO              ,RESTAURANTES DE COMIDA RAPIDA,1110.0,proximidad
10727485115,node,40.410695,-3.708495,La testarruda,,,,,,,,,,,,,,,,5.642438363413788,895,EMBAJADORES         ,CENTRO              ,BAR RESTAURANTE,1024.0,proximidad
10816444204,node,40.4137066,-3.697964,La Buena Guarda,,Calle de Lope de Vega,14,28014,Madrid,,,,,,,,LOPE DE VEGA,14,LOPE DE VEGA|14,2.467020734266109,1053,CORTES              ,CENTRO              ,RESTAURANTE,1065.0,proximidad
10821328405,node,40.4106912,-3.6947928,Bodega de los Secretos,fish;steak_house,Calle de San Blas,2,,,,,,,,,no,SAN BLAS,2,SAN BLAS|2,0.9593906632472843,972,CORTES              ,CENTRO              ,RESTAURANTE,1061.0,proximidad
10829496433,node,40.4164792,-3.7108595,El Buti,,,,,,,,,,,,,,,,7.674809046351092,858,PALACIO             ,CENTRO              ,RESTAURANTE,1007.0,proximidad
10844529305,node,40.4161135,-3.7099494,Gloria Bendita Madrid,spanish,,,,,+34915488375,http://carta.avocaty.io/gloria-bendita,Mo-Su 10:00-00:00,,,,,,,,6.221283056895927,1363,PALACIO             ,CENTRO              ,BAR RESTAURANTE,1007.0,proximidad
10973900805,node,40.4261186,-3.6941121,La Tavernetta,italian,Calle de Orellana,17,28004,,+34 913 19 23 90,https://trattorialatavernetta.es/,"Mo-Sa 13:30-16:30, 20:30-00:00; Su 13:30-16:00",,,,,ORELLANA,17,ORELLANA|17,5.482831016792941,1110,JUSTICIA            ,CENTRO              ,RESTAURANTE,1084.0,proximidad
11032927194,node,40.4152125,-3.7118235,Restaurante Arcade,,,,,,+34914314083,https://restaurantearcade.es/,,,,,,,,,3.533893549588187,36,PALACIO             ,CENTRO              ,BAR RESTAURANTE,1009.0,proximidad
11070050405,node,40.4111439,-3.7074775,Pita Madrid,,,,,,,,,,,,,,,,8.757963678014441,721,EMBAJADORES         ,CENTRO              ,BAR RESTAURANTE,1025.0,proximidad
11071991705,node,40.4143147,-3.7085583,El Calamar,,,,,,,,,,,,,,,,13.250568176572806,1350,PALACIO             ,CENTRO              ,RESTAURANTE,1008.0,proximidad
11185027837,node,40.415559,-3.7016775,Casa Tony,,,,,,,,,,,,,,,,1.2948153906824675,438,CORTES              ,CENTRO              ,BAR RESTAURANTE,1069.0,proximidad
11220538679,node,40.4245952,-3.7095408,Las Gaviotas,,Calle de San Bernardino,,,Madrid,,,,,,,,SAN BERNARDINO,,,4.141635517469171,1265,UNIVERSIDAD         ,CENTRO              ,RESTAURANTE,1111.0,proximidad
11238691372,node,40.4208002,-3.704254,Lanzhou Beef Noodles,chinese,Travesía del Horno de la Mata,5,28004,Madrid,,,,,,,no,TRAVESÍA DEL HORNO DE LA MATA,5,TRAVESÍA DEL HORNO DE LA MATA|5,3.0157737554286252,1285,UNIVERSIDAD         ,CENTRO              ,RESTAURANTE,1116.0,proximidad
11252470349,node,40.4195487,-3.6985442,La Parrilla de la Reina,,Gran Vía,10,28013,Madrid,,,,,,,limited,GRAN VÍA,10,GRAN VÍA|10,1.6559525558677934,180,JUSTICIA            ,CENTRO              ,RESTAURANTE,1074.0,proximidad
11252470361,node,40.4197496,-3.6992032,Osadía,,Gran Vía,14,28013,Madrid,,,,,,,limited,GRAN VÍA,14,GRAN VÍA|14,24.929939444627276,785,JUSTICIA            ,CENTRO              ,RESTAURANTE,1074.0,proximidad
11272170469,node,40.4193261,-3.6977539,Oven Mozzarella,italian_pizza,Gran Vía,6,28013,,+34911088041,https://www.oven.es/,Su-Th 12:00-00:00; Fr-Sa 12:00-01:00,,,,,GRAN VÍA,6,GRAN VÍA|6,9.701821360401281,830,JUSTICIA            ,CENTRO              ,BAR RESTAURANTE,1074.0,proximidad
11286156767,node,40.4211087,-3.7041572,Zenith,,,,,,,,,,,,,,,,2.255016610931869,386,UNIVERSIDAD         ,CENTRO              ,BAR RESTAURANTE,1116.0,proximidad
11359817398,node,40.4195867,-3.7091113,Xiao Man,chinese,,,,,,,,,,,no,,,,3.5930646819832868,41,PALACIO             ,CENTRO              ,RESTAURANTE,1003.0,proximidad
11360762233,node,40.4078556,-3.6998331,Restaurante La Nobia,,,,,,+34 910 015 967,https://lanobia.es/,,,,,,,,,2.744167576923395,1325,EMBAJADORES         ,CENTRO              ,BAR RESTAURANTE,1054.0,proximidad
11361727164,node,40.423084,-3.7076311,Focacciamo,,,,,,,,,,,,,,,,24.580449262982356,1279,UNIVERSIDAD         ,CENTRO              ,RESTAURANTE,1115.0,proximidad
11361727167,node,40.4215474,-3.7083234,Twenty Nine's,,,,,,,,,,,,,,,,8.684203702827986,208,PALACIO             ,CENTRO              ,BAR RESTAURANTE,1003.0,proximidad
11365044194,node,40.4276996,-3.6967576,Piantao,,,,,,,,,,,,yes,,,,3.207875627554066,581,JUSTICIA            ,CENTRO              ,BAR RESTAURANTE,1087.0,proximidad
11365044202,node,40.42834,-3.6998034,La Manduca de Azagra,,,,,,,,,,,,limited,,,,2.5183335415078485,77,JUSTICIA            ,CENTRO              ,RESTAURANTE,1089.0,proximidad
11365044204,node,40.4283802,-3.6999651,La Prensa,burger,,,,,,,,,,,no,,,,3.477251901538957,1145,JUSTICIA            ,CENTRO              ,RESTAURANTE,1089.0,proximidad
11365044215,node,40.4287675,-3.7018971,Junk Burger,burger,,,,,,,,,,,,,,,5.054846019323499,287,JUSTICIA            ,CENTRO              ,RESTAURANTES DE COMIDA RAPIDA,1089.0,proximidad
11374426071,node,40.4249266,-3.7073285,Tilda,,,,,,,,,,,,yes,,,,27.374544546493926,155,UNIVERSIDAD         ,CENTRO              ,RESTAURANTE,1099.0,proximidad
11466679869,node,40.4130381,-3.6975047,Tambo,peruvian,,,,,,,,,,,,,,,3.1839666136813434,1055,CORTES              ,CENTRO              ,RESTAURANTE,1065.0,proximidad
11627622114,node,40.4153481,-3.7003711,La Albacería,,,,,,,,,,,,limited,,,,12.675524712022643,640,CORTES              ,CENTRO              ,RESTAURANTE,1069.0,proximidad
11627656888,node,40.4155421,-3.7002285,Uni Ramen,ramen,,,,,,https://uniramen.es,,no,,,no,,,,3.634275447318149,255,CORTES              ,CENTRO              ,BAR RESTAURANTE,1069.0,proximidad
11663782377,node,40.4144502,-3.6985937,Mexcalista,mexican,Calle del León,5,,,+34914678278,https://mexcalista.es/,,,,,,LEÓN,5,LEÓN|5,3.5368247433864943,269,CORTES              ,CENTRO              ,BAR RESTAURANTE,1068.0,proximidad
11822385870,node,40.4137855,-3.7070893,Sushi Sensei Buffet Libre,,Calle de la Concepción Jerónima,28,,,+34 919400768,,,,,,,CONCEPCIÓN JERÓNIMA,28,CONCEPCIÓN JERÓNIMA|28,4.061545157633307,1297,SOL                 ,CENTRO              ,RESTAURANTE,1121.0,proximidad
11835944044,node,40.4090951,-3.7056015,Eccolo,italian_pizza;italian,Calle de Embajadores,28,,,,https://eccolomadrid.com,,,,,,EMBAJADORES,28,EMBAJADORES|28,3.6233748027583106,954,EMBAJADORES         ,CENTRO              ,RESTAURANTE,1033.0,proximidad
11862109819,node,40.4198218,-3.7072301,El Gaucho,argentinian,,,,,,,,,,,,,,,3.6144885869484242,1517,SOL                 ,CENTRO              ,BAR RESTAURANTE,1117.0,proximidad
11869862839,node,40.4155112,-3.6988769,el chararrito,mexican,,,,,,,,no,,,,,,,1.9096406458795039,1063,CORTES              ,CENTRO              ,RESTAURANTE,1072.0,proximidad
11869862840,node,40.4155959,-3.6988716,La Cabaña Argentina,,,,,,,,,,,,,,,,1.6665614537441662,423,CORTES              ,CENTRO              ,BAR RESTAURANTE,1072.0,proximidad
11869862841,node,40.4149758,-3.7010223,Bombilla,,,,,,,,,,,,,,,,2.7721196105695394,238,CORTES              ,CENTRO              ,RESTAURANTE,1069.0,proximidad
11869862842,node,40.4153126,-3.6989023,Terezza,venezuelan,,,,,,,,,,,,,,,2.098548448589334,1009,CORTES              ,CENTRO              ,RESTAURANTE,1072.0,proximidad
11869862843,node,40.4149922,-3.7009136,Santanera,,,,,,,,,,,,,,,,10.542038322658364,1060,CORTES              ,CENTRO              ,BAR RESTAURANTE,1069.0,proximidad
11881782637,node,40.4064699,-3.7016712,Beirut,lebanese;arab,,,,,,,,,,,,,,,3.654979837450814,459,EMBAJADORES         ,CENTRO              ,RESTAURANTE,1039.0,proximidad
11913332676,node,40.4232395,-3.7014947,Josefita,,,,,,,,,,,,,,,,4.939241337581257,1161,UNIVERSIDAD         ,CENTRO              ,RESTAURANTE,1095.0,proximidad
11987603873,node,40.4142842,-3.6987945,Case de Diego,,,,,,,,,,,,,,,,3.6769966304049615,93,CORTES              ,CENTRO              ,BAR RESTAURANTE,1068.0,proximidad
11987606769,node,40.4152077,-3.6991084,Belli di mamma,,Calle de Manuel Fernández y González,17,,,,,,,,,,MANUEL FERNÁNDEZ Y GONZÁLEZ,17,MANUEL FERNÁNDEZ Y GONZÁLEZ|17,9.88548877926007,1004,CORTES              ,CENTRO              ,RESTAURANTE,1072.0,proximidad
11989861062,node,40.4103433,-3.6928276,Ramen Shifu,japanese,Paseo del Prado,42,28014,,+34910233630,https://www.ramenshifu.com,"Mo-Th 12:30-23:15, Fr,Sa 12:30-24:00, Su 12:30-23:15",no,,,,PRADO,42,PRADO|42,12.104945136693653,422,CORTES              ,CENTRO              ,RESTAURANTE,1062.0,proximidad
12036732079,node,40.4241492,-3.7009395,Raymi,peruvian,,,,,,,,,,,,,,,18.144275307658518,818,UNIVERSIDAD         ,CENTRO              ,BAR RESTAURANTE,1094.0,proximidad
12037738569,node,40.4150734,-3.7065683,Pizza Hut,pizza,Calle de Gerona,3,,,,,Mo-Fr 12:00-00:00; Sa-Su 12:00-00:30,,,,no,GERONA,3,GERONA|3,4.65624033563524,129,SOL                 ,CENTRO              ,RESTAURANTE,1121.0,proximidad
12056895569,node,40.4156501,-3.6996476,Pantín Grill,burger,,,,,+34 914 92 92 19,https://pantingrill.com/,"Su-Th 13:00-16:30, 20:00-23:30; Fr-Sa 13:00-16:30, 20:00-00:00",,,,,,,,2.191041854190064,1014,CORTES              ,CENTRO              ,RESTAURANTE,1069.0,proximidad
12056905569,node,40.415784,-3.7017531,Mu! El Placer de la Carne,argentinian;steak_house,Calle de la Victoria,12,,,+34 910 66 20 19,,Mo-Su 12:30-23:30,,,,,VICTORIA,12,VICTORIA|12,9.342019021837553,477,SOL                 ,CENTRO              ,RESTAURANTE,1119.0,proximidad
12056943769,node,40.4133049,-3.7080796,K.A,thai;japanese;vietnamese,Calle de Grafal,4,,,+34 912 30 97 35,https://www.ka-restaurante.com/,,,,,,GRAFAL,4,GRAFAL|4,1.7421731605651551,1366,PALACIO             ,CENTRO              ,BAR RESTAURANTE,1009.0,proximidad
12114535156,node,40.4236415,-3.6939318,Restaurante Persimmons,georgian,Calle de Doña Bárbara de Braganza,2,28004,Madrid,+34 915 75 55 22,https://persimmons.com.es,,,,,,DOÑA BÁRBARA DE BRAGANZA,2,DOÑA BÁRBARA DE BRAGANZA|2,24.512571375846125,1107,JUSTICIA            ,CENTRO              ,BAR RESTAURANTE,1073.0,proximidad
12167755757,node,40.4106458,-3.6946511,Yugo The Bunker,,Calle de San Blas,2,,,,,,,,,no,SAN BLAS,2,SAN BLAS|2,1.8302905906029445,971,CORTES              ,CENTRO              ,RESTAURANTE,1061.0,proximidad
12211339943,node,40.4093179,-3.7116574,Zipolite,,Calle de Calatrava,14,,,,,,,,,no,CALATRAVA,14,CALATRAVA|14,19.270964576134038,427,PALACIO             ,CENTRO              ,BAR RESTAURANTE,1021.0,proximidad
12293776734,node,40.4089745,-3.6935282,Pasta & Pizza Bar,,Calle de Sánchez Bustillo,5,,,,,,yes,,,no,SÁNCHEZ BUSTILLO,5,SÁNCHEZ BUSTILLO|5,12.125989776171842,610,EMBAJADORES         ,CENTRO              ,RESTAURANTE,1058.0,proximidad
12293776754,node,40.4095644,-3.6936115,Tako - Away,,Calle de Atocha,112,,,,,,,,,limited,ATOCHA,112,ATOCHA|112,24.9158706196448,551,EMBAJADORES         ,CENTRO              ,BAR RESTAURANTE,1058.0,proximidad
12425226591,node,40.4121062,-3.7030965,Albania,,,,,,,,,,,,,,,,12.430423978269307,943,EMBAJADORES         ,CENTRO              ,BAR RESTAURANTE,1045.0,proximidad
12425287271,node,40.4090204,-3.7017107,About Voodoo,,,,,,,,,,,,,,,,14.970212531251038,994,EMBAJADORES         ,CENTRO              ,BAR RESTAURANTE,1048.0,proximidad
12556258429,node,40.4159377,-3.6958879,Ginza,japanese,Plaza de las Cortes,3,,,,,,,,,no,LAS CORTES,3,LAS CORTES|3,4.257922153144327,684,CORTES              ,CENTRO              ,RESTAURANTE,1072.0,proximidad
12556258442,node,40.4158182,-3.6955273,La Mafia,,Plaza de las Cortes,4,,,,,,,,,limited,LAS CORTES,4,LAS CORTES|4,5.595435303349433,1029,CORTES              ,CENTRO              ,RESTAURANTE,1072.0,proximidad
12585946374,node,40.4132634,-3.6966921,Masala Darbar,indian,,,,,,,,,,,limited,,,,0.5848037638998898,656,CORTES              ,CENTRO              ,RESTAURANTE,1064.0,proximidad
12585946376,node,40.4201695,-3.7127179,Sol de Beirut,lebanese,,,,,,,,,,,no,,,,11.120578117154606,641,PALACIO             ,CENTRO              ,BAR RESTAURANTE,1001.0,proximidad
12627911761,node,40.4226181,-3.7110885,Restaurante Coreano GaRam,korean,Calle del Río,4,,,,,"Mo off; Tu-Su 13:00-16:30,19:30-23:30",,,,,RÍO,4,RÍO|4,20.650886428678206,511,PALACIO             ,CENTRO              ,BAR RESTAURANTE,1001.0,proximidad
12715842489,node,40.424618,-3.71144,RedBar,,,,,,,,,no,,,no,,,,12.076838432442713,1208,UNIVERSIDAD         ,CENTRO              ,BAR RESTAURANTE,1111.0,proximidad
12772983239,node,40.4166641,-3.6998826,Lelong Asian Club,,Carrera de San Jerónimo,9,,,+34 915 287 930,https://www.lelongclub.com/,,,,,,SAN JERÓNIMO,9,SAN JERÓNIMO|9,6.779951508963124,700,CORTES              ,CENTRO              ,RESTAURANTE,1072.0,proximidad
12810197253,node,40.413386,-3.7011176,Le coq,,,,,,,,,,,,,,,,2.170326173307299,510,CORTES              ,CENTRO              ,BAR RESTAURANTE,1067.0,proximidad
12853998829,node,40.4193287,-3.7001659,Gofio,,Calle del Caballero de Gracia,20,,,,,,,,,no,CABALLERO DE GRACIA,20,CABALLERO DE GRACIA|20,12.381152344908939,337,SOL                 ,CENTRO              ,BAR RESTAURANTE,1118.0,proximidad
12853998830,node,40.4194257,-3.7001595,Wacamole,,Calle del Caballero de Gracia,7,,,,,,,,,no,CABALLERO DE GRACIA,7,CABALLERO DE GRACIA|7,4.537224718327559,1241,SOL                 ,CENTRO              ,RESTAURANTE,1118.0,proximidad
12986410623,node,40.4254497,-3.7072483,Luxalad,salad,,,,,,,,,,,,,,,24.668572157883577,143,UNIVERSIDAD         ,CENTRO              ,BAR RESTAURANTE,1099.0,proximidad
13043726005,node,40.4187565,-3.7105063,Scarlett,,,,,,,,,,,,,,,,24.102774909082747,646,PALACIO             ,CENTRO              ,BAR RESTAURANTE,1004.0,proximidad
13056506017,node,40.4250523,-3.7072901,Ecoasiashop,asian,,,,,,,,,,,,,,,19.86880704732794,143,UNIVERSIDAD         ,CENTRO              ,BAR RESTAURANTE,1099.0,proximidad
13056506019,node,40.428102,-3.706038,BBQ Coreano Hangy,korean,,,,,,,,,,,,,,,2.7815447917987974,391,UNIVERSIDAD         ,CENTRO              ,BAR RESTAURANTE,1091.0,proximidad
13158139145,node,40.4196076,-3.7066746,Taberna Preciados 33,,,,,,,,,,,,,,,,7.215641406045988,327,SOL                 ,CENTRO              ,RESTAURANTE,1117.0,proximidad
13158156234,node,40.4197521,-3.7066749,Konnichiwa,japanese,,,,,,,,,,,,,,,0.9028867051343513,1228,SOL                 ,CENTRO              ,BAR RESTAURANTE,1117.0,proximidad
13158165852,node,40.4201124,-3.7076255,Dumpling go,chinese,,,,,,,,,,,,,,,8.85960175929079,1291,SOL                 ,CENTRO              ,BAR RESTAURANTE,1117.0,proximidad
13158165856,node,40.42011,-3.7073577,Carnes de Martín,,,,,,,,,,,,,,,,0.3331252611009284,119,SOL                 ,CENTRO              ,BAR RESTAURANTE,1117.0,proximidad
13158165857,node,40.420114,-3.7072877,Chim Pum Callao,peruvian,,,,,,,,,,,,,,,2.503796911157433,476,SOL                 ,CENTRO              ,RESTAURANTE,1117.0,proximidad
13159930057,node,40.4229854,-3.7108976,La Arepera,,,,,,,,,,,,,,,,16.772998477697886,753,PALACIO             ,CENTRO              ,BAR RESTAURANTE,1002.0,proximidad
13159930059,node,40.4226235,-3.7108644,Hammer,asian,,,,,,,,,,,,,,,17.31042478073424,511,PALACIO             ,CENTRO              ,BAR RESTAURANTE,1001.0,proximidad
13159930062,node,40.4219741,-3.7104213,Diez minutos mixian,asian,,,,,,,,,,,,,,,12.102133459186062,573,PALACIO             ,CENTRO              ,BAR RESTAURANTE,1002.0,proximidad
13159930067,node,40.4215049,-3.7099166,Rāmen obasan,ramen,,,,,,,,,,,,,,,1.700405959391335,847,PALACIO             ,CENTRO              ,RESTAURANTE,1003.0,proximidad
13159930070,node,40.4213325,-3.7097939,Ha Nok,korean,,,,,,,,,,,,,,,2.0444277493755116,370,PALACIO             ,CENTRO              ,RESTAURANTE,1003.0,proximidad
13159930072,node,40.4212472,-3.7097292,Huang's Bao,chinese,,,,,,,We-Mo 09:00-22:00,,,,,,,,13.829447008804458,370,PALACIO             ,CENTRO              ,RESTAURANTE,1003.0,proximidad
13159930073,node,40.4211535,-3.7096558,YaNori,sushi,,,,,,,,,,,,,,,27.061859000079064,370,PALACIO             ,CENTRO              ,RESTAURANTE,1003.0,proximidad
13171814201,node,40.4136381,-3.6987451,Sunset,,Calle de las Huertas,31,,,,,,,,,,HUERTAS,31,HUERTAS|31,10.442620142908115,135,CORTES              ,CENTRO              ,BAR RESTAURANTE,1065.0,proximidad
13235637724,node,40.4178395,-3.7108204,La Paradita,,,,,,,,,,,,,,,,6.325537094404255,53,PALACIO             ,CENTRO              ,RESTAURANTE,1006.0,proximidad
13237618978,node,40.4211107,-3.6968205,Barganzo,,,,,,,,,,,,,,,,0.45083132675469867,34,JUSTICIA            ,CENTRO              ,BAR RESTAURANTE,1074.0,proximidad
13240433279,node,40.4194038,-3.7030215,Xiongzai II,chinese,,,,,,,,,,,,,,,11.055687199274846,1259,SOL                 ,CENTRO              ,BAR RESTAURANTE,1117.0,proximidad
13262273425,node,40.4137807,-3.6988756,Greek-o Rico,greek,,,,,,,,,,,,,,,6.012951694590203,1444,CORTES              ,CENTRO              ,RESTAURANTE,1065.0,proximidad
13336133064,node,40.4286768,-3.7059004,El chino venezolano,,,,,,,,,,,,,,,,5.4279989251392715,1478,UNIVERSIDAD         ,CENTRO              ,RESTAURANTE,1091.0,proximidad
13342702051,node,40.4214403,-3.7061006,Red Dragon Hot Pot,asian,,,,,,,,,,,,,,,1.5108318410069064,1514,UNIVERSIDAD         ,CENTRO              ,RESTAURANTE,1115.0,proximidad
13464055857,node,40.4208519,-3.7102322,La cochinita loca,mexican,,,,,,,,,,,,,,,2.541044049716352,843,PALACIO             ,CENTRO              ,BAR RESTAURANTE,1002.0,proximidad
13505363242,node,40.4079832,-3.6997893,Souksou - Couscous Bar,,Calle del Salitre,43,,,+34 919 48 32 26,https://souksouk.es,"Tu-Sa 13:30-16:30,20:00-23:30; Su 13:30-17:00",,,,,SALITRE,43,SALITRE|43,12.865049417533221,1325,EMBAJADORES         ,CENTRO              ,BAR RESTAURANTE,1054.0,proximidad
13532746042,node,40.411356,-3.6995145,bunny Chao,,,,,,,,,,,,,,,,17.241937932867195,246,EMBAJADORES         ,CENTRO              ,BAR RESTAURANTE,1046.0,proximidad
13598056984,node,40.4124057,-3.6970554,Cacao,,Calle de Moratín,19,28014,Madrid,+34 654 92 10 43,,,,,,,MORATÍN,19,MORATÍN|19,3.6812031385074495,985,CORTES              ,CENTRO              ,BAR RESTAURANTE,1066.0,proximidad
13650650301,node,40.4273638,-3.7100652,Amis - bar de vinos,french;spanish,Calle del Limón,32,28105,,+34 665 09 49 22,,"Mo-We 19:00-00:00; Th-Su 13:00-16:00, 19:00-00:00",,,,,LIMÓN,32,LIMÓN|32,22.153700056813715,1227,UNIVERSIDAD         ,CENTRO              ,BAR RESTAURANTE,1105.0,proximidad
13666474638,node,40.4205605,-3.7091649,Sea Kitchen,asian,,,,,,,,,,,,,,,0.9098413623703686,437,PALACIO             ,CENTRO              ,BAR RESTAURANTE,1003.0,proximidad
13674560801,node,40.411354,-3.7071299,Pizzeria Limonzello,italian_pizza,Plaza de Cascorro,1,28005,,+34914296690,,Mo-Th 12:00-00:00; Fr 12:00-01:00; Sa-Su 12:00-02:00,yes,,,,CASCORRO,1,CASCORRO|1,21.673763021492267,727,EMBAJADORES         ,CENTRO              ,BAR RESTAURANTE,1028.0,proximidad
13688572876,node,40.4205873,-3.7078397,Chi La,chinese,,,,,,,,,,,,,,,9.89048250146588,68,PALACIO             ,CENTRO              ,BAR RESTAURANTE,1003.0,proximidad
13688572878,node,40.4205588,-3.7079326,Rong Ji,chinese,,,,,,,,,,,,,,,3.5107092138037626,203,PALACIO             ,CENTRO              ,RESTAURANTE,1003.0,proximidad
13716967822,node,40.4230594,-3.6991535,Tita de Buenos Aires,,,,,,,,,,,,,,,,29.537080329719686,1082,JUSTICIA            ,CENTRO              ,BAR RESTAURANTE,1081.0,proximidad
13716967834,node,40.4220951,-3.6998718,Bar gyoza,asian,,,,,,,,,,,,,,,26.148160759277395,278,JUSTICIA            ,CENTRO              ,BAR RESTAURANTE,1076.0,proximidad
13716967837,node,40.4218105,-3.6999135,XPecado,burger,,,,,,,,,,,,,,,9.571705075211396,1502,JUSTICIA            ,CENTRO              ,RESTAURANTE,1076.0,proximidad
13737338475,node,40.4162693,-3.7005117,Restaurante El Príncipe - Parrilla Argentina,argentine;argentine_grill,Pl. de Canalejas,5,28014,Madrid,+34 911 08 85 63,https://restauranteelprincipe.com,LUN — JUE : 13:00 — 00:30 VIE — SÁB : 13:00 — 01:00 DOM : 13:00 — 00:30,,,,,PL. DE CANALEJAS,5,PL. DE CANALEJAS|5,13.684586983061457,490,CORTES              ,CENTRO              ,BAR RESTAURANTE,1069.0,proximidad
13759566441,node,40.421514,-3.7092859,El rey de los tacos,mexican,,,,,,,,,,,,,,,10.022402589909484,118,PALACIO             ,CENTRO              ,RESTAURANTE,1003.0,proximidad
13759566442,node,40.4214447,-3.7092669,Tian Tian,chinese,,,,,,,,,,,,,,,2.139479812219746,118,PALACIO             ,CENTRO              ,RESTAURANTE,1003.0,proximidad
13759566443,node,40.4213716,-3.7092439,Al Nassim,lebanese,,,,,,,,,,,,,,,6.623133121400007,118,PALACIO             ,CENTRO              ,RESTAURANTE,1003.0,proximidad
13759566444,node,40.421608,-3.7093203,Shifu,ramen,,,,,,,,,,,,,,,0.3849491612562007,70,PALACIO             ,CENTRO              ,RESTAURANTE,1003.0,proximidad
13841205605,node,40.4189327,-3.7080038,La Huerta Funky Castizo,,Calle de las Conchas,8,,,,,,,,,,CONCHAS,8,CONCHAS|8,11.939509540024446,1231,SOL                 ,CENTRO              ,BAR RESTAURANTE,1117.0,proximidad
13898783207,node,40.4181612,-3.6995748,TGI Fridays,,Calle de la Virgen de los Peligros,1,28013,,,,Su-We 12:00-00:00; Th-Sa 12:00-02:30,,,,,VIRGEN DE LOS PELIGROS,1,VIRGEN DE LOS PELIGROS|1,3.873883263974277,774,SOL                 ,CENTRO              ,RESTAURANTE,1119.0,proximidad
13912114705,node,40.4133374,-3.6957028,La Menina,,,,,,,,,,,,,,,,12.010141458755438,262,CORTES              ,CENTRO              ,RESTAURANTE,1064.0,proximidad
13918158772,node,40.4154156,-3.709078,Parimita,steak_house,,,,,,,,,,,,,,,26.510267446848797,192,PALACIO             ,CENTRO              ,BAR RESTAURANTE,1008.0,proximidad
13968247901,node,40.4137312,-3.7073673,DIVORARE l Focaccia Madrid,sandwich,Calle de Toledo,27,,,,,Mo-Th 11:00-23:00; Fr-Su 11:00-23:30,,,,,TOLEDO,27,TOLEDO|27,24.389749942815953,1293,SOL                 ,CENTRO              ,BAR RESTAURANTE,1121.0,proximidad
14000529701,node,40.4216752,-3.7046782,Chang An Yi,chinese,,,,,,,Mo-Su 12:00-23:00,no,,,,,,,4.360816130169759,385,UNIVERSIDAD         ,CENTRO              ,BAR RESTAURANTE,1116.0,proximidad
14001161901,node,40.4124225,-3.7010463,Achuri,tapas,,21,,,,,,,,,,,21,,16.81853407520478,635,EMBAJADORES         ,CENTRO              ,BAR RESTAURANTE,1045.0,proximidad
14004109058,node,40.4204929,-3.7081657,Pecorilo,italian,,,,,,,,,,,,,,,23.455545069671302,203,PALACIO             ,CENTRO              ,RESTAURANTE,1003.0,proximidad
14156287880,node,40.420479,-3.6974523,Ocote,mexican,,,,,,,,,,,,,,,1.2632354565687705,1463,JUSTICIA            ,CENTRO              ,BAR RESTAURANTE,1074.0,proximidad
