osm_id,osm_type,lat,lon,name,cuisine,addr_street,addr_housenumber,addr_postcode,addr_city,phone,website,opening_hours,outdoor_seating,takeaway,delivery,wheelchair,calle_norm_osm,numero_norm_osm,clave_cruce,id_local,id_distrito_local,desc_distrito_local,id_barrio_local,desc_barrio_local,cod_barrio_local,id_seccion_censal_local,desc_seccion_censal_local,coordenada_x_local,coordenada_y_local,id_tipo_acceso_local,desc_tipo_acceso_local,id_situacion_local,desc_situacion_local,id_vial_edificio,clase_vial_edificio,desc_vial_edificio,id_ndp_edificio,id_clase_ndp_edificio,nom_edificio,num_edificio,cal_edificio,secuencial_local_PC,id_vial_acceso,clase_vial_acceso,desc_vial_acceso,id_ndp_acceso,id_clase_ndp_acceso,nom_acceso,num_acceso,cal_acceso,coordenada_x_agrupacion,coordenada_y_agrupacion,id_agrupacion,nombre_agrupacion,id_tipo_agrup,desc_tipo_agrup,id_planta_agrupado,id_local_agrupado,rotulo,id_seccion,desc_seccion,id_division,desc_division,id_epigrafe,desc_epigrafe,fx_carga,calle_norm_censo,numero_norm_censo,metodo_match
26065697,node,40.4287093,-3.701972,Café Comercial,,Glorieta de Bilbao,7,28004,Madrid,+34 910 88 25 25,https://cafecomercialmadrid.com/,Mo-Th 08:30-01:00; Fr-Su 08:30-02:00,,,,,BILBAO,7,BILBAO|7,270047371.0,1.0,CENTRO              ,104.0,JUSTICIA            ,4.0,1089.0,89.0,440458.6,4475584.53,1.0,Puerta Calle,1.0,Abierto,106800.0,GLORIETA                ,BILBAO                                            ,11005282.0,1.0,NUM,7.0,  ,10.0,106800.0,GLORIETA                ,BILBAO                                            ,11005282.0,1.0,NUM,7.0,  ,,,,,,,1,CT,S/R,I,HOSTELERÍA,56,SERVICIOS DE COMIDAS Y BEBIDAS,561002,RESTAURANTES DE COMIDA RAPIDA,13/09/2026,BILBAO,7,direccion
26065699,node,40.4270276,-3.7016997,Honest Greens,organic,Calle de Fuencarral,95,28004,Madrid,,https://honestgreens.com/,"Mo-Th 08:30-23:00, Fr 08:30-24:00, Sa 09:30-24:00, Su,PH 09:30-23:00",,,,no,FUENCARRAL,95,FUENCARRAL|95,10001802.0,1.0,CENTRO              ,105.0,UNIVERSIDAD         ,5.0,1093.0,93.0,440474.59,4475401.53,1.0,Puerta Calle,1.0,Abierto,313100.0,CALLE                   ,FUENCARRAL                                        ,11005485.0,1.0,NUM,95.0,  ,20.0,313100.0,CALLE                   ,FUENCARRAL                                        ,11005485.0,1.0,NUM,95.0,  ,,,,,,,1,DR1,LA MUCCA,I,HOSTELERÍA,56,SERVICIOS DE COMIDAS Y BEBIDAS,561004,BAR RESTAURANTE,13/09/2026,FUENCARRAL,95,direccion
26065699,node,40.4270276,-3.7016997,Honest Greens,organic,Calle de Fuencarral,95,28004,Madrid,,https://honestgreens.com/,"Mo-Th 08:30-23:00, Fr 08:30-24:00, Sa 09:30-24:00, Su,PH 09:30-23:00",,,,no,FUENCARRAL,95,FUENCARRAL|95,10003486.0,1.0,CENTRO              ,105.0,UNIVERSIDAD         ,5.0,1093.0,93.0,440472.59,4475407.53,1.0,Puerta Calle,1.0,Abierto,313100.0,CALLE                   ,FUENCARRAL                                        ,11005485.0,1.0,NUM,95.0,  ,30.0,313100.0,CALLE                   ,FUENCARRAL                                        ,11005485.0,1.0,NUM,95.0,  ,,,,,,,1,DR,SIN RÓTULO,I,HOSTELERÍA,56,SERVICIOS DE COMIDAS Y BEBIDAS,561004,BAR RESTAURANTE,13/09/2026,FUENCARRAL,95,direccion
26065699,node,40.4270276,-3.7016997,Honest Greens,organic,Calle de Fuencarral,95,28004,Madrid,,https://honestgreens.com/,"Mo-Th 08:30-23:00, Fr 08:30-24:00, Sa 09:30-24:00, Su,PH 09:30-23:00",,,,no,FUENCARRAL,95,FUENCARRAL|95,270403727.0,1.0,CENTRO              ,105.0,UNIVERSIDAD         ,5.0,1093.0,93.0,440477.59,4475389.53,1.0,Puerta Calle,1.0,Abierto,313100.0,CALLE                   ,FUENCARRAL                                        ,11005485.0,1.0,NUM,95.0,  ,10.0,313100.0,CALLE                   ,FUENCARRAL                                        ,11005485.0,1.0,NUM,95.0,  ,,,,,,,1,IZ,HONEST GREEN,I,HOSTELERÍA,56,SERVICIOS DE COMIDAS Y BEBIDAS,561001,RESTAURANTE,13/09/2026,FUENCARRAL,95,direccion
26808568,node,40.4257656,-3.7120898,La Parrilla de Nino,,Plaza de Cristino Martos,2,28015,Madrid,+34 915 59 60 11,,,yes,,,limited,CRISTINO MARTOS,2,CRISTINO MARTOS|2,270361975.0,1.0,CENTRO              ,105.0,UNIVERSIDAD         ,5.0,1108.0,108.0,439590.6,4475254.54,1.0,Puerta Calle,1.0,Abierto,218500.0,PLAZA                   ,CRISTINO MARTOS                                   ,11006548.0,1.0,NUM,2.0,  ,20.0,218500.0,PLAZA                   ,CRISTINO MARTOS                                   ,11006548.0,1.0,NUM,2.0,  ,,,,,,,1,DR,CERVECERÍA NINO,I,HOSTELERÍA,56,SERVICIOS DE COMIDAS Y BEBIDAS,561004,BAR RESTAURANTE,13/09/2026,CRISTINO MARTOS,2,direccion
26808568,node,40.4257656,-3.7120898,La Parrilla de Nino,,Plaza de Cristino Martos,2,28015,Madrid,+34 915 59 60 11,,,yes,,,limited,CRISTINO MARTOS,2,CRISTINO MARTOS|2,280010893.0,1.0,CENTRO              ,105.0,UNIVERSIDAD         ,5.0,1108.0,108.0,439583.6,4475244.54,1.0,Puerta Calle,1.0,Abierto,218500.0,PLAZA                   ,CRISTINO MARTOS                                   ,11006548.0,1.0,NUM,2.0,  ,10.0,218500.0,PLAZA                   ,CRISTINO MARTOS                                   ,11006548.0,1.0,NUM,2.0,  ,,,,,,,1,IZ,MÜR,I,HOSTELERÍA,56,SERVICIOS DE COMIDAS Y BEBIDAS,561001,RESTAURANTE,13/09/2026,CRISTINO MARTOS,2,direccion
26808571,node,40.42514,-3.7118533,Taj Mahal,indian,Calle del Duque de Osuna,6,28015,Madrid,+34 917 377 090,https://www.restaurantetajmahal.es/,,yes,yes,,no,DUQUE DE OSUNA,6,DUQUE DE OSUNA|6,270237092.0,1.0,CENTRO              ,105.0,UNIVERSIDAD         ,5.0,1111.0,111.0,439613.6,4475189.54,1.0,Puerta Calle,1.0,Abierto,253800.0,CALLE                   ,DUQUE DE OSUNA                                    ,11006751.0,1.0,NUM,6.0,  ,10.0,253800.0,CALLE                   ,DUQUE DE OSUNA                                    ,11006751.0,1.0,NUM,6.0,  ,,,,,,,1,01,TAJ MAHAL,I,HOSTELERÍA,56,SERVICIOS DE COMIDAS Y BEBIDAS,561001,RESTAURANTE,13/09/2026,DUQUE DE OSUNA,6,direccion
26808571,node,40.42514,-3.7118533,Taj Mahal,indian,Calle del Duque de Osuna,6,28015,Madrid,+34 917 377 090,https://www.restaurantetajmahal.es/,,yes,yes,,no,DUQUE DE OSUNA,6,DUQUE DE OSUNA|6,270530885.0,1.0,CENTRO              ,105.0,UNIVERSIDAD         ,5.0,1111.0,111.0,439615.6,4475181.54,1.0,Puerta Calle,1.0,Abierto,253800.0,CALLE                   ,DUQUE DE OSUNA                                    ,11006751.0,1.0,NUM,6.0,  ,20.0,253800.0,CALLE                   ,DUQUE DE OSUNA                                    ,11006751.0,1.0,NUM,6.0,  ,,,,,,,1,EX1,LA VENGANZA DE MELINCHE,I,HOSTELERÍA,56,SERVICIOS DE COMIDAS Y BEBIDAS,561001,RESTAURANTE,13/09/2026,DUQUE DE OSUNA,6,direccion
27507931,node,40.4252476,-3.6963836,Sexto,,Calle de Fernando VI,6,28004,Madrid,+34 608566104,http://thesexto.com/,,,,,,FERNANDO VI,6,FERNANDO VI|6,270552682.0,1.0,CENTRO              ,104.0,JUSTICIA            ,4.0,1079.0,79.0,440927.59,4475192.52,1.0,Puerta Calle,1.0,Abierto,295400.0,CALLE                   ,FERNANDO VI                                       ,11004794.0,1.0,NUM,6.0,  ,10.0,295400.0,CALLE                   ,FERNANDO VI                                       ,11004794.0,1.0,NUM,6.0,  ,,,,,,,0,01,RÓTULO NO INFORMADO,I,HOSTELERÍA,56,SERVICIOS DE COMIDAS Y BEBIDAS,561004,BAR RESTAURANTE,13/09/2026,FERNANDO VI,6,direccion
47215976,node,40.4116487,-3.7101786,El Viajero,,Plaza de la Cebada,11,28005,Madrid,,http://www.elviajeromadrid.com/,,,,,no,CEBADA,11,CEBADA|11,270224383.0,1.0,CENTRO              ,101.0,PALACIO             ,1.0,1012.0,12.0,439740.59,4473687.53,1.0,Puerta Calle,1.0,Abierto,160000.0,PLAZA                   ,CEBADA                                            ,11000744.0,1.0,NUM,11.0,  ,10.0,160000.0,PLAZA                   ,CEBADA                                            ,11000744.0,1.0,NUM,11.0,  ,,,,,,,1,01,BAR EL VIAJERO,I,HOSTELERÍA,56,SERVICIOS DE COMIDAS Y BEBIDAS,561004,BAR RESTAURANTE,13/09/2026,CEBADA,11,direccion
167301973,node,40.4115676,-3.6978097,KungFu Noodle Atocha 武功牛,chinese,Calle de Atocha,68,28012,,+34910713165,https://kungfunoodle.eu/,"Mo-Su 12:00-16:00,19:30-23:30",,,,,ATOCHA,68,ATOCHA|68,270484547.0,1.0,CENTRO              ,102.0,EMBAJADORES         ,2.0,1059.0,59.0,440794.59,4473671.52,1.0,Puerta Calle,1.0,Abierto,81600.0,CALLE                   ,ATOCHA                                            ,11003162.0,1.0,NUM,68.0,  ,10.0,81600.0,CALLE                   ,ATOCHA                                            ,11003162.0,1.0,NUM,68.0,  ,,,,,,,1,A,KUNG FU NOODLE,I,HOSTELERÍA,56,SERVICIOS DE COMIDAS Y BEBIDAS,561001,RESTAURANTE,13/09/2026,ATOCHA,68,direccion
167302180,node,40.4122937,-3.6939658,El Fogón Verde,spanish,Calle de la Alameda,4,28014,Madrid,,https://elfogonverde.net/,,,,,no,ALAMEDA,4,ALAMEDA|4,10001545.0,1.0,CENTRO              ,103.0,CORTES              ,3.0,1063.0,63.0,441119.59,4473749.52,1.0,Puerta Calle,1.0,Abierto,12800.0,CALLE                   ,ALAMEDA                                           ,11003403.0,1.0,NUM,4.0,  ,10.0,12800.0,CALLE                   ,ALAMEDA                                           ,11003403.0,1.0,NUM,4.0,  ,,,,,,,1,DR,EL FOGON VERDE,I,HOSTELERÍA,56,SERVICIOS DE COMIDAS Y BEBIDAS,561001,RESTAURANTE,13/09/2026,ALAMEDA,4,direccion
167302675,node,40.4136237,-3.6960696,Terra Mundi,regional,Calle de Lope de Vega,32,28014,Madrid,+34 914295280;+34 914296380,https://terramundi.net/,"Mo 13:00-17:30, Tu-Su 13:00-17:30,20:30-24:00",,,,no,LOPE DE VEGA,32,LOPE DE VEGA|32,270406534.0,1.0,CENTRO              ,103.0,CORTES              ,3.0,1064.0,64.0,440933.59,4473899.52,1.0,Puerta Calle,1.0,Abierto,441000.0,CALLE                   ,LOPE DE VEGA                                      ,11003490.0,1.0,NUM,32.0,  ,10.0,441000.0,CALLE                   ,LOPE DE VEGA                                      ,11003490.0,1.0,NUM,32.0,  ,,,,,,,1,B,TERRAMUNDI RESTAURANTE,I,HOSTELERÍA,56,SERVICIOS DE COMIDAS Y BEBIDAS,561001,RESTAURANTE,13/09/2026,LOPE DE VEGA,32,direccion
167302905,node,40.4173325,-3.6966034,Sagardi,,Calle de Jovellanos,3,28014,,+34 91 531 2564,https://sagardi.com/,,,,,,JOVELLANOS,3,JOVELLANOS|3,270241995.0,1.0,CENTRO              ,103.0,CORTES              ,3.0,1072.0,72.0,0.0,0.0,12.0,PC Asociado,1.0,Abierto,409700.0,CALLE                   ,JOVELLANOS                                        ,20005270.0,1.0,NUM,3.0,  ,10.0,409700.0,CALLE                   ,JOVELLANOS                                        ,20005270.0,1.0,NUM,3.0,  ,,,,,,,1,01,SAGARDI,I,HOSTELERÍA,56,SERVICIOS DE COMIDAS Y BEBIDAS,561004,BAR RESTAURANTE,13/09/2026,JOVELLANOS,3,direccion
167302905,node,40.4173325,-3.6966034,Sagardi,,Calle de Jovellanos,3,28014,,+34 91 531 2564,https://sagardi.com/,,,,,,JOVELLANOS,3,JOVELLANOS|3,270555208.0,1.0,CENTRO              ,103.0,CORTES              ,3.0,1072.0,72.0,0.0,0.0,12.0,PC Asociado,1.0,Abierto,409700.0,CALLE                   ,JOVELLANOS                                        ,20005270.0,1.0,NUM,3.0,  ,10.0,409700.0,CALLE                   ,JOVELLANOS                                        ,20005270.0,1.0,NUM,3.0,  ,,,,,,,1,01,SAGARDI,I,HOSTELERÍA,56,SERVICIOS DE COMIDAS Y BEBIDAS,561004,BAR RESTAURANTE,13/09/2026,JOVELLANOS,3,direccion
178820924,node,40.4152606,-3.7115508,Arcade,regional,Calle Mayor,73,28013,Madrid,+34 91 431 40 83,http://www.restaurantearcade.es/,,,,,,MAYOR,73,MAYOR|73,10001376.0,1.0,CENTRO              ,101.0,PALACIO             ,1.0,1009.0,9.0,439610.6,4474088.53,1.0,Puerta Calle,1.0,Abierto,497800.0,CALLE                   ,MAYOR                                             ,11000560.0,1.0,NUM,73.0,  ,20.0,497800.0,CALLE                   ,MAYOR                                             ,11000560.0,1.0,NUM,73.0,  ,,,,,,,1,CT,RESTAURANTE ARCADE,I,HOSTELERÍA,56,SERVICIOS DE COMIDAS Y BEBIDAS,561004,BAR RESTAURANTE,13/09/2026,MAYOR,73,direccion
178820939,node,40.4156653,-3.7102121,Cruz Blanca,spanish,Calle Mayor,68,28013,Madrid,+34 915476715,https://cerveceriacruzblanca.es/local/cervecer%C3%ADa-cruz-blanca-madrid-mayor,,,,,no,MAYOR,68,MAYOR|68,280007441.0,1.0,CENTRO              ,101.0,PALACIO             ,1.0,1007.0,7.0,439744.6,4474133.53,1.0,Puerta Calle,1.0,Abierto,497800.0,CALLE                   ,MAYOR                                             ,11000463.0,1.0,NUM,68.0,  ,10.0,497800.0,CALLE                   ,MAYOR                                             ,11000463.0,1.0,NUM,68.0,  ,,,,,,,1,CC3,MIRADOR SAN FINS,I,HOSTELERÍA,56,SERVICIOS DE COMIDAS Y BEBIDAS,561004,BAR RESTAURANTE,13/09/2026,MAYOR,68,direccion
178821005,node,40.4163669,-3.7104348,Taberneros,,Calle de Santiago,9,28013,Madrid,+34 91 542 21 60,http://www.restaurantetaberneros.es/,,,,,,SANTIAGO,9,SANTIAGO|9,280007457.0,1.0,CENTRO              ,101.0,PALACIO             ,1.0,1007.0,7.0,439726.6,4474215.53,1.0,Puerta Calle,1.0,Abierto,700000.0,CALLE                   ,SANTIAGO                                          ,11000486.0,1.0,NUM,9.0,  ,10.0,700000.0,CALLE                   ,SANTIAGO                                          ,11000486.0,1.0,NUM,9.0,  ,,,,,,,1,04,TABERNEROS,I,HOSTELERÍA,56,SERVICIOS DE COMIDAS Y BEBIDAS,561001,RESTAURANTE,13/09/2026,SANTIAGO,9,direccion
178821005,node,40.4163669,-3.7104348,Taberneros,,Calle de Santiago,9,28013,Madrid,+34 91 542 21 60,http://www.restaurantetaberneros.es/,,,,,,SANTIAGO,9,SANTIAGO|9,280007458.0,1.0,CENTRO              ,101.0,PALACIO             ,1.0,1007.0,7.0,439718.6,4474218.53,1.0,Puerta Calle,1.0,Abierto,700000.0,CALLE                   ,SANTIAGO                                          ,11000486.0,1.0,NUM,9.0,  ,20.0,700000.0,CALLE                   ,SANTIAGO                                          ,11000486.0,1.0,NUM,9.0,  ,,,,,,,1,03,RESTAURANTE VEGETARIANO,I,HOSTELERÍA,56,SERVICIOS DE COMIDAS Y BEBIDAS,561001,RESTAURANTE,13/09/2026,SANTIAGO,9,direccion
178821006,node,40.4164826,-3.7106873,Arbonaida,,Calle de Santiago,11,28013,Madrid,+34 639 50 00 68,,,,,,,SANTIAGO,11,SANTIAGO|11,280007460.0,1.0,CENTRO              ,101.0,PALACIO             ,1.0,1007.0,7.0,439706.6,4474226.53,1.0,Puerta Calle,1.0,Abierto,700000.0,CALLE                   ,SANTIAGO                                          ,11000487.0,1.0,NUM,11.0,  ,10.0,700000.0,CALLE                   ,SANTIAGO                                          ,11000487.0,1.0,NUM,11.0,  ,,,,,,,1,IZ,ARBONAIDA,I,HOSTELERÍA,56,SERVICIOS DE COMIDAS Y BEBIDAS,561004,BAR RESTAURANTE,13/09/2026,SANTIAGO,11,direccion
184049060,node,40.4186369,-3.7090308,Entre Suspiro y Suspiro,mexican,Calle de Caños del Peral,3,28013,Madrid,+34 915 420 644,https://www.entresuspiroysuspiro.com/,"Su 13:30-16:00; Tu-Sa 13:30-16:00, 20:30-23:30",,,,,CAÑOS DEL PERAL,3,CAÑOS DEL PERAL|3,10002067.0,1.0,CENTRO              ,101.0,PALACIO             ,1.0,1003.0,3.0,439847.6,4474464.53,1.0,Puerta Calle,1.0,Abierto,136500.0,CALLE                   ,CAÑOS DEL PERAL                                   ,20003716.0,1.0,NUM,3.0,  ,10.0,136500.0,CALLE                   ,CAÑOS DEL PERAL                                   ,20003716.0,1.0,NUM,3.0,  ,,,,,,,1,01,ENTRE SUSPIRO Y SUSPIRO,I,HOSTELERÍA,56,SERVICIOS DE COMIDAS Y BEBIDAS,561001,RESTAURANTE,13/09/2026,CAÑOS DEL PERAL,3,direccion
184049103,node,40.4185506,-3.7089327,Ópera Victoria,,Calle de Caños del Peral,2,28013,Madrid,+34 918 313 489,http://www.grupandilana.com/opera-victoria/,,,,,,CAÑOS DEL PERAL,2,CAÑOS DEL PERAL|2,10003547.0,1.0,CENTRO              ,101.0,PALACIO             ,1.0,1006.0,6.0,439873.6,4474471.53,1.0,Puerta Calle,1.0,Abierto,136500.0,CALLE                   ,CAÑOS DEL PERAL                                   ,11000355.0,1.0,NUM,2.0,  ,10.0,136500.0,CALLE                   ,CAÑOS DEL PERAL                                   ,11000355.0,1.0,NUM,2.0,  ,,,,,,,1,03,OUH BABBOO,I,HOSTELERÍA,56,SERVICIOS DE COMIDAS Y BEBIDAS,561001,RESTAURANTE,13/09/2026,CAÑOS DEL PERAL,2,direccion
184049103,node,40.4185506,-3.7089327,Ópera Victoria,,Calle de Caños del Peral,2,28013,Madrid,+34 918 313 489,http://www.grupandilana.com/opera-victoria/,,,,,,CAÑOS DEL PERAL,2,CAÑOS DEL PERAL|2,270489045.0,1.0,CENTRO              ,101.0,PALACIO             ,1.0,1006.0,6.0,439855.6,4474454.53,1.0,Puerta Calle,1.0,Abierto,136500.0,CALLE                   ,CAÑOS DEL PERAL                                   ,11000355.0,1.0,NUM,2.0,  ,20.0,136500.0,CALLE                   ,CAÑOS DEL PERAL                                   ,11000355.0,1.0,NUM,2.0,  ,,,,,,,1,01,RESTAURANTE OPERA VICTORIA,I,HOSTELERÍA,56,SERVICIOS DE COMIDAS Y BEBIDAS,561001,RESTAURANTE,13/09/2026,CAÑOS DEL PERAL,2,direccion
184049146,node,40.4195999,-3.7077336,Wok King,chinese,Calle de las Veneras,9,28013,Madrid,,,,,,,,VENERAS,9,VENERAS|9,270578777.0,1.0,CENTRO              ,106.0,SOL                 ,6.0,1117.0,117.0,0.0,0.0,12.0,PC Asociado,1.0,Abierto,774000.0,CALLE                   ,VENERAS                                           ,11007242.0,1.0,NUM,9.0,  ,30.0,702300.0,PLAZA                   ,SANTO DOMINGO                                     ,31020462.0,1.0,NUM,18.0,  ,,,,,,,1,DR,POPEYES,I,HOSTELERÍA,56,SERVICIOS DE COMIDAS Y BEBIDAS,561002,RESTAURANTES DE COMIDA RAPIDA,13/09/2026,VENERAS,9,direccion
184049146,node,40.4195999,-3.7077336,Wok King,chinese,Calle de las Veneras,9,28013,Madrid,,,,,,,,VENERAS,9,VENERAS|9,280011334.0,1.0,CENTRO              ,106.0,SOL                 ,6.0,1117.0,117.0,439958.6,4474572.53,1.0,Puerta Calle,1.0,Abierto,774000.0,CALLE                   ,VENERAS                                           ,11007242.0,1.0,NUM,9.0,  ,20.0,774000.0,CALLE                   ,VENERAS                                           ,11007242.0,1.0,NUM,9.0,  ,,,,,,,1,IZ,WOK KING,I,HOSTELERÍA,56,SERVICIOS DE COMIDAS Y BEBIDAS,561001,RESTAURANTE,13/09/2026,VENERAS,9,direccion
184049146,node,40.4195999,-3.7077336,Wok King,chinese,Calle de las Veneras,9,28013,Madrid,,,,,,,,VENERAS,9,VENERAS|9,280011335.0,1.0,CENTRO              ,106.0,SOL                 ,6.0,1117.0,117.0,439938.6,4474561.53,1.0,Puerta Calle,1.0,Abierto,774000.0,CALLE                   ,VENERAS                                           ,11007242.0,1.0,NUM,9.0,  ,40.0,51600.0,COSTANILLA              ,ANGELES                                           ,11007241.0,1.0,NUM,20.0,  ,,,,,,,0,01,CAFE BERLIN,I,HOSTELERÍA,56,SERVICIOS DE COMIDAS Y BEBIDAS,561001,RESTAURANTE,13/09/2026,VENERAS,9,direccion
184049171,node,40.4196449,-3.7070086,Prep‘ la Crêpe,crepes,Calle Preciados,33,28013,Madrid,,https://www.preplacrepe.com,,yes,,,limited,PRECIADOS,33,PRECIADOS|33,270051408.0,1.0,CENTRO              ,106.0,SOL                 ,6.0,1117.0,117.0,440043.59,4474571.53,1.0,Puerta Calle,1.0,Abierto,608100.0,CALLE                   ,PRECIADOS                                         ,11007254.0,1.0,NUM,33.0,  ,20.0,608100.0,CALLE                   ,PRECIADOS                                         ,11007254.0,1.0,NUM,33.0,  ,,,,,,,1,B,PIZZA EMPORIO,I,HOSTELERÍA,56,SERVICIOS DE COMIDAS Y BEBIDAS,561001,RESTAURANTE,13/09/2026,PRECIADOS,33,direccion
184049171,node,40.4196449,-3.7070086,Prep‘ la Crêpe,crepes,Calle Preciados,33,28013,Madrid,,https://www.preplacrepe.com,,yes,,,limited,PRECIADOS,33,PRECIADOS|33,270536450.0,1.0,CENTRO              ,106.0,SOL                 ,6.0,1117.0,117.0,440054.59,4474569.53,1.0,Puerta Calle,1.0,Abierto,608100.0,CALLE                   ,PRECIADOS                                         ,11007254.0,1.0,NUM,33.0,  ,10.0,608100.0,CALLE                   ,PRECIADOS                                         ,11007254.0,1.0,NUM,33.0,  ,,,,,,,1,A,GAES CENTRO AUDITIVO,I,HOSTELERÍA,56,SERVICIOS DE COMIDAS Y BEBIDAS,561001,RESTAURANTE,13/09/2026,PRECIADOS,33,direccion
184049330,node,40.4192239,-3.7029032,Artemisa - Gran Vía,,Calle de las Tres Cruces,4,28013,Madrid,+34 915 218 721,https://restaurantesvegetarianosartemisa.com/,"Mo-Su 13:30-16:00,20:00-23:00",,yes,yes,,TRES CRUCES,4,TRES CRUCES|4,270352124.0,1.0,CENTRO              ,106.0,SOL                 ,6.0,1117.0,117.0,440369.59,4474528.53,1.0,Puerta Calle,1.0,Abierto,753300.0,CALLE                   ,TRES CRUCES                                       ,11007345.0,1.0,NUM,4.0,  ,10.0,753300.0,CALLE                   ,TRES CRUCES                                       ,11007345.0,1.0,NUM,4.0,  ,,,,,,,1,A,RESTAURANTE ARTEMISA,I,HOSTELERÍA,56,SERVICIOS DE COMIDAS Y BEBIDAS,561001,RESTAURANTE,13/09/2026,TRES CRUCES,4,direccion
338836392,node,40.4127198,-3.7017271,Casa Patas,spanish,Calle de los Cañizares,10,28012,Madrid,+34 913 69 04 96,https://casapatas.com/,,,,,,CAÑIZARES,10,CAÑIZARES|10,270445905.0,1.0,CENTRO              ,102.0,EMBAJADORES         ,2.0,1027.0,27.0,440462.59,4473799.53,1.0,Puerta Calle,1.0,Abierto,135900.0,CALLE                   ,CAÑIZARES                                         ,11001610.0,1.0,NUM,10.0,  ,10.0,135900.0,CALLE                   ,CAÑIZARES                                         ,11001610.0,1.0,NUM,10.0,  ,,,,,,,1,01,CASA PATAS,I,HOSTELERÍA,56,SERVICIOS DE COMIDAS Y BEBIDAS,561001,RESTAURANTE,13/09/2026,CAÑIZARES,10,direccion
510812824,node,40.4141745,-3.707981,Botín,,Calle de Cuchilleros,17,,,+34 91 366 4217,https://www.botin.es/,"Mo-Su 13:00-16:00, 20:00-00:00",,,,limited,CUCHILLEROS,17,CUCHILLEROS|17,270309047.0,1.0,CENTRO              ,106.0,SOL                 ,6.0,1121.0,121.0,439933.59,4473969.53,1.0,Puerta Calle,1.0,Abierto,224400.0,CALLE                   ,CUCHILLEROS                                       ,11007696.0,1.0,NUM,17.0,  ,10.0,224400.0,CALLE                   ,CUCHILLEROS                                       ,11007696.0,1.0,NUM,17.0,  ,,,,,,,1,01,S/R,I,HOSTELERÍA,56,SERVICIOS DE COMIDAS Y BEBIDAS,561001,RESTAURANTE,13/09/2026,CUCHILLEROS,17,direccion
622204622,node,40.4160137,-3.6989734,Artemisa - Huertas,,Calle de Ventura de la Vega,4,,,+34 914 295 092,https://restaurantesvegetarianosartemisa.com/,"Mo-Su 13:30-16:00,20:30-23:30",,,,,VENTURA DE LA VEGA,4,VENTURA DE LA VEGA|4,270043724.0,1.0,CENTRO              ,103.0,CORTES              ,3.0,1072.0,72.0,440701.59,4474165.53,1.0,Puerta Calle,1.0,Abierto,775400.0,CALLE                   ,VENTURA DE LA VEGA                                ,11003935.0,1.0,NUM,4.0,  ,10.0,775400.0,CALLE                   ,VENTURA DE LA VEGA                                ,11003935.0,1.0,NUM,4.0,  ,,,,,,,1,01,RESTAURANTE ARTEMISA,I,HOSTELERÍA,56,SERVICIOS DE COMIDAS Y BEBIDAS,561001,RESTAURANTE,13/09/2026,VENTURA DE LA VEGA,4,direccion
622204646,node,40.4089902,-3.6997202,La Buga del Lobo,spanish,Calle de Argumosa,11,28012,Madrid,,,,,,,,ARGUMOSA,11,ARGUMOSA|11,280008837.0,1.0,CENTRO              ,102.0,EMBAJADORES         ,2.0,1054.0,54.0,440680.59,4473308.52,1.0,Puerta Calle,1.0,Abierto,71000.0,CALLE                   ,ARGUMOSA                                          ,11003006.0,1.0,NUM,11.0,  ,20.0,71000.0,CALLE                   ,ARGUMOSA                                          ,11003006.0,1.0,NUM,11.0,  ,,,,,,,1,DR,LA BUGA DEL LOBO,I,HOSTELERÍA,56,SERVICIOS DE COMIDAS Y BEBIDAS,561004,BAR RESTAURANTE,13/09/2026,ARGUMOSA,11,direccion
885680156,node,40.4189153,-3.7074588,Casa Parrondo,regional,Calle de los Trujillos,9,28013,Madrid,,,,,,,,TRUJILLOS,9,TRUJILLOS|9,270362059.0,1.0,CENTRO              ,106.0,SOL                 ,6.0,1117.0,117.0,439980.6,4474494.53,1.0,Puerta Calle,1.0,Abierto,756000.0,CALLE                   ,TRUJILLOS                                         ,11007274.0,1.0,NUM,9.0,  ,10.0,756000.0,CALLE                   ,TRUJILLOS                                         ,11007274.0,1.0,NUM,9.0,  ,,,,,,,1,IZ,EL LLAGAR DE PARRONDO,I,HOSTELERÍA,56,SERVICIOS DE COMIDAS Y BEBIDAS,561004,BAR RESTAURANTE,13/09/2026,TRUJILLOS,9,direccion
885680159,node,40.4197091,-3.7088582,El Chulo,regional,Cuesta de Santo Domingo,16,28013,Madrid,+34 914 445 128,https://www.elchulo.es,Mo-Su 12:00-02:00,,,,,SANTO DOMINGO,16,SANTO DOMINGO|16,270037745.0,1.0,CENTRO              ,101.0,PALACIO             ,1.0,1003.0,3.0,439850.6,4474582.53,1.0,Puerta Calle,1.0,Abierto,702200.0,CUESTA                  ,SANTO DOMINGO                                     ,11000186.0,1.0,NUM,16.0,  ,10.0,702200.0,CUESTA                  ,SANTO DOMINGO                                     ,11000186.0,1.0,NUM,16.0,  ,,,,,,,1,01,BAR RESTAURANTE EL CHULO DE MADRID,I,HOSTELERÍA,56,SERVICIOS DE COMIDAS Y BEBIDAS,561004,BAR RESTAURANTE,13/09/2026,SANTO DOMINGO,16,direccion
942770846,node,40.408608,-3.6928819,El Brillante,spanish;bocadillos,Plaza del Emperador Carlos V,8,28012,Madrid,+34 915 28 6966,https://www.barelbrillante.es/,Mo-Su 06:30-00:30,yes,yes,yes,no,EMPERADOR CARLOS V,8,EMPERADOR CARLOS V|8,280008944.0,1.0,CENTRO              ,102.0,EMBAJADORES         ,2.0,1058.0,58.0,441179.58,4473331.52,1.0,Puerta Calle,1.0,Abierto,264800.0,PLAZA                   ,EMPERADOR CARLOS V                                ,11003119.0,1.0,NUM,8.0,  ,60.0,241175.0,CALLE                   ,DOCTOR DRUMEN                                     ,20004914.0,1.0,NUM,7.0,  ,,,,,,,1,01,BAMBOO,I,HOSTELERÍA,56,SERVICIOS DE COMIDAS Y BEBIDAS,561004,BAR RESTAURANTE,13/09/2026,EMPERADOR CARLOS V,8,direccion
991990955,node,40.4289157,-3.709595,El Toril,,Calle del Conde Duque,13,28015,Madrid,+34 695 883 964,https://www.eltorilgourmet.com/,,,,,,CONDE DUQUE,13,CONDE DUQUE|13,270434527.0,1.0,CENTRO              ,105.0,UNIVERSIDAD         ,5.0,1108.0,108.0,439708.6,4475294.54,1.0,Puerta Calle,1.0,Abierto,205300.0,TRAVESIA                ,CONDE DUQUE                                       ,11006543.0,1.0,NUM,13.0,  ,10.0,438400.0,CALLE                   ,LIMON                                             ,11006573.0,1.0,NUM,9.0,  ,,,,,,,1,C,RESTAURANTE RIO MIÑO,I,HOSTELERÍA,56,SERVICIOS DE COMIDAS Y BEBIDAS,561001,RESTAURANTE,13/09/2026,CONDE DUQUE,13,direccion
1178442295,node,40.4103182,-3.7076364,Malacatín,mediterranean;spanish;regional;local,Calle de la Ruda,5,28005,Madrid,+34913655241,https://www.malacatin.com/,We-Sa 11:00-00:30; Su-Tu 11:00-17:30,,,,no,RUDA,5,RUDA|5,270039765.0,1.0,CENTRO              ,102.0,EMBAJADORES         ,2.0,1024.0,24.0,439955.59,4473541.53,1.0,Puerta Calle,1.0,Abierto,650100.0,CALLE                   ,RUDA                                              ,11001451.0,1.0,NUM,5.0,  ,10.0,650100.0,CALLE                   ,RUDA                                              ,11001451.0,1.0,NUM,5.0,  ,,,,,,,1,01,MALACATIN,I,HOSTELERÍA,56,SERVICIOS DE COMIDAS Y BEBIDAS,561001,RESTAURANTE,13/09/2026,RUDA,5,direccion
1180030639,node,40.4136604,-3.707795,La Cueva de La Tina,,Calle de Tintoreros,4,,Madrid,,,,,,,,TINTOREROS,4,TINTOREROS|4,285003958.0,1.0,CENTRO              ,106.0,SOL                 ,6.0,1121.0,121.0,439942.59,4473912.53,1.0,Puerta Calle,1.0,Abierto,742500.0,CALLE                   ,TINTOREROS                                        ,11007641.0,1.0,NUM,4.0,  ,10.0,742500.0,CALLE                   ,TINTOREROS                                        ,11007641.0,1.0,NUM,4.0,  ,,,,,,,1,IZ,OJOS NEGROS,I,HOSTELERÍA,56,SERVICIOS DE COMIDAS Y BEBIDAS,561004,BAR RESTAURANTE,13/09/2026,TINTOREROS,4,direccion
1180035455,node,40.4106324,-3.7059609,La Encomienda,tapas,Calle de la Encomienda,19,28012,Madrid,+34 910 291300,https://laencomienda.es,Mo-Sa 13:30-00:30; Su 11:00-00:30,,,,,ENCOMIENDA,19,ENCOMIENDA|19,280008184.0,1.0,CENTRO              ,102.0,EMBAJADORES         ,2.0,1029.0,29.0,440101.59,4473573.53,1.0,Puerta Calle,1.0,Abierto,266100.0,CALLE                   ,ENCOMIENDA                                        ,11001784.0,1.0,NUM,19.0,  ,10.0,266100.0,CALLE                   ,ENCOMIENDA                                        ,11001784.0,1.0,NUM,19.0,  ,,,,,,,1,IZ,LA ENCOMIENDA VEGANA,I,HOSTELERÍA,56,SERVICIOS DE COMIDAS Y BEBIDAS,561004,BAR RESTAURANTE,13/09/2026,ENCOMIENDA,19,direccion
1180102005,node,40.4109033,-3.707633,Carol House,,Calle de las Maldonadas,4,28005,Madrid,,,,,,,no,MALDONADAS,4,MALDONADAS|4,270491253.0,1.0,CENTRO              ,102.0,EMBAJADORES         ,2.0,1025.0,25.0,439958.59,4473604.53,1.0,Puerta Calle,1.0,Abierto,456800.0,CALLE                   ,MALDONADAS                                        ,11001513.0,1.0,NUM,4.0,  ,10.0,456800.0,CALLE                   ,MALDONADAS                                        ,11001513.0,1.0,NUM,4.0,  ,,,,,,,1, ,RESTAURANTE,I,HOSTELERÍA,56,SERVICIOS DE COMIDAS Y BEBIDAS,561001,RESTAURANTE,13/09/2026,MALDONADAS,4,direccion
1187929752,node,40.4129955,-3.708661,La Cava de Illán,,Calle de la Cava Baja,16,,,+34 91 366 3883,,,,,,limited,CAVA BAJA,16,CAVA BAJA|16,270038617.0,1.0,CENTRO              ,101.0,PALACIO             ,1.0,1009.0,9.0,439874.59,4473837.53,1.0,Puerta Calle,1.0,Abierto,158700.0,CALLE                   ,CAVA BAJA                                         ,11000609.0,1.0,NUM,16.0,  ,10.0,158700.0,CALLE                   ,CAVA BAJA                                         ,11000609.0,1.0,NUM,16.0,  ,,,,,,,1,CT,LA CAVA DE YLLAN,I,HOSTELERÍA,56,SERVICIOS DE COMIDAS Y BEBIDAS,561004,BAR RESTAURANTE,13/09/2026,CAVA BAJA,16,direccion
1259427733,node,40.4147794,-3.698653,Lamucca de Prado,,Calle del Prado,16,28014,Madrid,+34 915 21 0000,https://lamuccacompany.com/lamucca-de-prado/,Mo-Th 13:00-01:00; Fr-Su 13:00-02:00,,,,,PRADO,16,PRADO|16,270530696.0,1.0,CENTRO              ,103.0,CORTES              ,3.0,1068.0,68.0,440730.59,4474034.52,1.0,Puerta Calle,1.0,Abierto,606800.0,CALLE                   ,PRADO                                             ,20005182.0,1.0,NUM,16.0,  ,20.0,606800.0,CALLE                   ,PRADO                                             ,20005182.0,1.0,NUM,16.0,  ,,,,,,,1,IZ,LAMUCA,I,HOSTELERÍA,56,SERVICIOS DE COMIDAS Y BEBIDAS,561001,RESTAURANTE,13/09/2026,PRADO,16,direccion
1259427733,node,40.4147794,-3.698653,Lamucca de Prado,,Calle del Prado,16,28014,Madrid,+34 915 21 0000,https://lamuccacompany.com/lamucca-de-prado/,Mo-Th 13:00-01:00; Fr-Su 13:00-02:00,,,,,PRADO,16,PRADO|16,280009446.0,1.0,CENTRO              ,103.0,CORTES              ,3.0,1071.0,71.0,441105.59,4473941.52,1.0,Puerta Calle,1.0,Abierto,606900.0,PASEO                   ,PRADO                                             ,11003990.0,1.0,NUM,16.0,  ,10.0,606900.0,PASEO                   ,PRADO                                             ,11003990.0,1.0,NUM,16.0,  ,,,,,,,1,02,CAFETERIA PRADO RESTAURANTE PRADO,I,HOSTELERÍA,56,SERVICIOS DE COMIDAS Y BEBIDAS,561001,RESTAURANTE,13/09/2026,PRADO,16,direccion
1312416809,node,40.4206813,-3.7111998,Restaurante El Buey,spanish,Plaza de la Marina Española,1,28013,Madrid,+34 915 413 041,https://www.restauranteelbuey.com/,,,,,no,MARINA ESPAÑOLA,1,MARINA ESPAÑOLA|1,270449119.0,1.0,CENTRO              ,101.0,PALACIO             ,1.0,1004.0,4.0,439666.6,4474690.54,1.0,Puerta Calle,1.0,Abierto,482500.0,PLAZA                   ,MARINA ESPAÑOLA                                   ,11000291.0,1.0,NUM,1.0,  ,10.0,482500.0,PLAZA                   ,MARINA ESPAÑOLA                                   ,11000291.0,1.0,NUM,1.0,  ,,,,,,,1,01,EL BUEY,I,HOSTELERÍA,56,SERVICIOS DE COMIDAS Y BEBIDAS,561001,RESTAURANTE,13/09/2026,MARINA ESPAÑOLA,1,direccion
1312422693,node,40.4198376,-3.7105593,El Mollete,spanish,Calle de la Bola,4,28013,,,,,,,,,BOLA,4,BOLA|4,270037794.0,1.0,CENTRO              ,101.0,PALACIO             ,1.0,1004.0,4.0,439723.6,4474600.53,1.0,Puerta Calle,1.0,Abierto,110400.0,CALLE                   ,BOLA                                              ,11000266.0,1.0,NUM,4.0,  ,10.0,110400.0,CALLE                   ,BOLA                                              ,11000266.0,1.0,NUM,4.0,  ,,,,,,,1,FD,TRESIIIES ,I,HOSTELERÍA,56,SERVICIOS DE COMIDAS Y BEBIDAS,561004,BAR RESTAURANTE,13/09/2026,BOLA,4,direccion
1319826802,node,40.4261592,-3.6964188,Osom Coffee Atelier,,Calle de Santa Teresa,2,28004,Madrid,+34 913 244 999,https://www.somososom.com/,,,,,,SANTA TERESA,2,SANTA TERESA|2,285003097.0,1.0,CENTRO              ,104.0,JUSTICIA            ,4.0,1084.0,84.0,440925.59,4475289.52,1.0,Puerta Calle,1.0,Abierto,699100.0,CALLE                   ,SANTA TERESA                                      ,11005038.0,1.0,NUM,2.0,  ,10.0,699100.0,CALLE                   ,SANTA TERESA                                      ,11005038.0,1.0,NUM,2.0,  ,,,,,,,1,05,ROTULO NO INFORMADO,I,HOSTELERÍA,56,SERVICIOS DE COMIDAS Y BEBIDAS,561004,BAR RESTAURANTE,13/09/2026,SANTA TERESA,2,direccion
1319826838,node,40.4256413,-3.6957089,Nuevo Horno de Santa Teresa,,Calle de Santa Teresa,8,28004,Madrid,+34 913 08 05 90,,,,,,,SANTA TERESA,8,SANTA TERESA|8,280010009.0,1.0,CENTRO              ,104.0,JUSTICIA            ,4.0,1084.0,84.0,440983.59,4475234.52,1.0,Puerta Calle,1.0,Abierto,699100.0,CALLE                   ,SANTA TERESA                                      ,11005041.0,1.0,NUM,8.0,  ,10.0,699100.0,CALLE                   ,SANTA TERESA                                      ,11005041.0,1.0,NUM,8.0,  ,,,,,,,1,01,EL HORNO DE SANTA TERESA,I,HOSTELERÍA,56,SERVICIOS DE COMIDAS Y BEBIDAS,561001,RESTAURANTE,13/09/2026,SANTA TERESA,8,direccion
1319826838,node,40.4256413,-3.6957089,Nuevo Horno de Santa Teresa,,Calle de Santa Teresa,8,28004,Madrid,+34 913 08 05 90,,,,,,,SANTA TERESA,8,SANTA TERESA|8,280010010.0,1.0,CENTRO              ,104.0,JUSTICIA            ,4.0,1084.0,84.0,440978.59,4475238.52,1.0,Puerta Calle,1.0,Abierto,699100.0,CALLE                   ,SANTA TERESA                                      ,11005041.0,1.0,NUM,8.0,  ,20.0,699100.0,CALLE                   ,SANTA TERESA                                      ,11005041.0,1.0,NUM,8.0,  ,,,,,,,1,02,OLIVIA TE CUIDA,I,HOSTELERÍA,56,SERVICIOS DE COMIDAS Y BEBIDAS,561001,RESTAURANTE,13/09/2026,SANTA TERESA,8,direccion
1319826838,node,40.4256413,-3.6957089,Nuevo Horno de Santa Teresa,,Calle de Santa Teresa,8,28004,Madrid,+34 913 08 05 90,,,,,,,SANTA TERESA,8,SANTA TERESA|8,280010011.0,1.0,CENTRO              ,104.0,JUSTICIA            ,4.0,1084.0,84.0,440974.59,4475242.52,1.0,Puerta Calle,1.0,Abierto,699100.0,CALLE                   ,SANTA TERESA                                      ,11005041.0,1.0,NUM,8.0,  ,30.0,699100.0,CALLE                   ,SANTA TERESA                                      ,11005041.0,1.0,NUM,8.0,  ,,,,,,,1,03,STO. GLOBO SUSHI ROOM,I,HOSTELERÍA,56,SERVICIOS DE COMIDAS Y BEBIDAS,561001,RESTAURANTE,13/09/2026,SANTA TERESA,8,direccion
1324284128,node,40.425659,-3.6947144,Calicanto,,Calle de Argensola,15,28004,Madrid,+34 917003547,http://www.restaurantecalicanto.com/,,,,,no,ARGENSOLA,15,ARGENSOLA|15,270436847.0,1.0,CENTRO              ,104.0,JUSTICIA            ,4.0,1087.0,87.0,441066.59,4475231.52,1.0,Puerta Calle,1.0,Abierto,70000.0,CALLE                   ,ARGENSOLA                                         ,11005196.0,1.0,NUM,15.0,  ,10.0,70000.0,CALLE                   ,ARGENSOLA                                         ,11005196.0,1.0,NUM,15.0,  ,,,,,,,1,IZ,LA CAÑA DE ESPAÑA,I,HOSTELERÍA,56,SERVICIOS DE COMIDAS Y BEBIDAS,561004,BAR RESTAURANTE,13/09/2026,ARGENSOLA,15,direccion
1324284960,node,40.4250697,-3.6951729,La tasca suprema,,Calle de Argensola,7,28004,Madrid,+34 913 080 347,http://latascasuprema.com/,,,,,,ARGENSOLA,7,ARGENSOLA|7,270046174.0,1.0,CENTRO              ,104.0,JUSTICIA            ,4.0,1084.0,84.0,441030.59,4475169.52,1.0,Puerta Calle,1.0,Abierto,70000.0,CALLE                   ,ARGENSOLA                                         ,11005009.0,1.0,NUM,7.0,  ,10.0,70000.0,CALLE                   ,ARGENSOLA                                         ,11005009.0,1.0,NUM,7.0,  ,,,,,,,1,IZ,LA TASCA SUPREMA RESTAURANTE VINOS,I,HOSTELERÍA,56,SERVICIOS DE COMIDAS Y BEBIDAS,561001,RESTAURANTE,13/09/2026,ARGENSOLA,7,direccion
1324284960,node,40.4250697,-3.6951729,La tasca suprema,,Calle de Argensola,7,28004,Madrid,+34 913 080 347,http://latascasuprema.com/,,,,,,ARGENSOLA,7,ARGENSOLA|7,270449859.0,1.0,CENTRO              ,104.0,JUSTICIA            ,4.0,1084.0,84.0,441035.59,4475177.52,1.0,Puerta Calle,1.0,Abierto,70000.0,CALLE                   ,ARGENSOLA                                         ,11005009.0,1.0,NUM,7.0,  ,20.0,70000.0,CALLE                   ,ARGENSOLA                                         ,11005009.0,1.0,NUM,7.0,  ,,,,,,,1,DR,DRAY MARTINI,I,HOSTELERÍA,56,SERVICIOS DE COMIDAS Y BEBIDAS,561001,RESTAURANTE,13/09/2026,ARGENSOLA,7,direccion
1329861087,node,40.412118,-3.7091871,Taberna Matritum,regional,Calle de la Cava Alta,17,28005,Madrid,+34 913658237,https://www.matritum.es/,Mo-Su 20:30-00:30; Sa-Su 13:00-16:30,,,,,CAVA ALTA,17,CAVA ALTA|17,280007610.0,1.0,CENTRO              ,101.0,PALACIO             ,1.0,1012.0,12.0,439828.59,4473741.53,1.0,Puerta Calle,1.0,Abierto,158600.0,CALLE                   ,CAVA ALTA                                         ,11000731.0,1.0,NUM,17.0,  ,10.0,158600.0,CALLE                   ,CAVA ALTA                                         ,11000731.0,1.0,NUM,17.0,  ,,,,,,,1,IZ,MATRITUM TABERNA,I,HOSTELERÍA,56,SERVICIOS DE COMIDAS Y BEBIDAS,561001,RESTAURANTE,13/09/2026,CAVA ALTA,17,direccion
1329861103,node,40.411475,-3.709854,Tapioca,pizza,Plaza de la Cebada,9,28005,Madrid,,http://www.tapiocamadrid.es/,,,,,no,CEBADA,9,CEBADA|9,280007621.0,1.0,CENTRO              ,101.0,PALACIO             ,1.0,1012.0,12.0,439772.59,4473670.53,1.0,Puerta Calle,1.0,Abierto,160000.0,PLAZA                   ,CEBADA                                            ,11000742.0,1.0,NUM,9.0,  ,20.0,160000.0,PLAZA                   ,CEBADA                                            ,11000742.0,1.0,NUM,9.0,  ,,,,,,,1,DR,TATEMADO,I,HOSTELERÍA,56,SERVICIOS DE COMIDAS Y BEBIDAS,561004,BAR RESTAURANTE,13/09/2026,CEBADA,9,direccion
1329861133,node,40.4124541,-3.7084514,Casa María,spanish,Calle de la Cava Alta,7,28005,,+34 91 559 10 07;+34 696 58 20 27,https://www.casamariacava.com/,"Su-Th 13:30-16:30; Fr-Sa 13:30-16:30, 20:30-23:30",,,,no,CAVA ALTA,7,CAVA ALTA|7,280007607.0,1.0,CENTRO              ,101.0,PALACIO             ,1.0,1012.0,12.0,439895.59,4473774.53,1.0,Puerta Calle,1.0,Abierto,158600.0,CALLE                   ,CAVA ALTA                                         ,11000727.0,1.0,NUM,7.0,  ,10.0,158600.0,CALLE                   ,CAVA ALTA                                         ,11000727.0,1.0,NUM,7.0,  ,,,,,,,0,01,CASA MARIA,I,HOSTELERÍA,56,SERVICIOS DE COMIDAS Y BEBIDAS,561001,RESTAURANTE,13/09/2026,CAVA ALTA,7,direccion
1329861148,node,40.4122689,-3.7088555,Mad Café,burger,Calle de la Cava Alta,13,28005,Madrid,,,,,,,,CAVA ALTA,13,CAVA ALTA|13,280007608.0,1.0,CENTRO              ,101.0,PALACIO             ,1.0,1012.0,12.0,439858.59,4473758.53,1.0,Puerta Calle,1.0,Abierto,158600.0,CALLE                   ,CAVA ALTA                                         ,11000729.0,1.0,NUM,13.0,  ,10.0,158600.0,CALLE                   ,CAVA ALTA                                         ,11000729.0,1.0,NUM,13.0,  ,,,,,,,1,IZ,BAR MITÖN,I,HOSTELERÍA,56,SERVICIOS DE COMIDAS Y BEBIDAS,561002,RESTAURANTES DE COMIDA RAPIDA,13/09/2026,CAVA ALTA,13,direccion
1388356941,node,40.4233025,-3.7038566,Lamucca,,Plaza de Carlos Cambronero,4,,,,,"Su-Th 08:00-02:00; Fr,Sa 08:00-02:30",,,,,CARLOS CAMBRONERO,4,CARLOS CAMBRONERO|4,10002882.0,1.0,CENTRO              ,105.0,UNIVERSIDAD         ,5.0,1097.0,97.0,440290.59,4474978.53,1.0,Puerta Calle,1.0,Abierto,143000.0,PLAZA                   ,CARLOS CAMBRONERO                                 ,11005814.0,1.0,NUM,4.0,  ,10.0,143000.0,PLAZA                   ,CARLOS CAMBRONERO                                 ,11005814.0,1.0,NUM,4.0,  ,,,,,,,1,01,LAMUCCA DE PEZ,I,HOSTELERÍA,56,SERVICIOS DE COMIDAS Y BEBIDAS,561001,RESTAURANTE,13/09/2026,CARLOS CAMBRONERO,4,direccion
1517405728,node,40.4241124,-3.7093953,Little Dragon,,Calle de los Reyes,11,28015,Madrid,,http://www.lovinghut.es/,,,,,no,REYES,11,REYES|11,270534995.0,1.0,CENTRO              ,105.0,UNIVERSIDAD         ,5.0,1112.0,112.0,439823.6,4475072.53,1.0,Puerta Calle,1.0,Abierto,638700.0,CALLE                   ,REYES                                             ,11006838.0,1.0,NUM,11.0,  ,10.0,638700.0,CALLE                   ,REYES                                             ,11006838.0,1.0,NUM,11.0,  ,,,,,,,1,02,LITTLE DRAGON,I,HOSTELERÍA,56,SERVICIOS DE COMIDAS Y BEBIDAS,561001,RESTAURANTE,13/09/2026,REYES,11,direccion
1517405743,node,40.4091828,-3.6940348,Sanabria,regional,Calle del Doctor Mata,3,28012,Madrid,,http://www.elsanabria.es/en/,,yes,,,limited,DOCTOR MATA,3,DOCTOR MATA|3,270437146.0,1.0,CENTRO              ,102.0,EMBAJADORES         ,2.0,1058.0,58.0,441112.59,4473413.52,1.0,Puerta Calle,1.0,Abierto,243500.0,CALLE                   ,DOCTOR MATA                                       ,11003139.0,1.0,NUM,3.0,  ,20.0,243500.0,CALLE                   ,DOCTOR MATA                                       ,11003139.0,1.0,NUM,3.0,  ,,,,,,,1,DR,BAR SANABRIA RESTAURANTE,I,HOSTELERÍA,56,SERVICIOS DE COMIDAS Y BEBIDAS,561001,RESTAURANTE,13/09/2026,DOCTOR MATA,3,direccion
1517405754,node,40.4272563,-3.7037411,Sardos,pizza,Plaza del Dos de Mayo,8,28004,Madrid,,,,yes,,,no,DOS DE MAYO,8,DOS DE MAYO|8,280010387.0,1.0,CENTRO              ,105.0,UNIVERSIDAD         ,5.0,1093.0,93.0,440305.6,4475417.53,1.0,Puerta Calle,1.0,Abierto,251900.0,PLAZA                   ,DOS DE MAYO                                       ,11005467.0,1.0,NUM,8.0,  ,10.0,251900.0,PLAZA                   ,DOS DE MAYO                                       ,11005467.0,1.0,NUM,8.0,  ,,,,,,,1,1-2,PIZZERIA SANDOS,I,HOSTELERÍA,56,SERVICIOS DE COMIDAS Y BEBIDAS,561001,RESTAURANTE,13/09/2026,DOS DE MAYO,8,direccion
1530471404,node,40.4200398,-3.6989861,Janatomo,japanese,Calle de la Reina,27,28004,Madrid,+34 915 21 55 66,,,,,,,REINA,27,REINA|27,10002349.0,1.0,CENTRO              ,104.0,JUSTICIA            ,4.0,1074.0,74.0,440699.59,4474614.53,1.0,Puerta Calle,1.0,Abierto,635000.0,CALLE                   ,REINA                                             ,11004342.0,1.0,NUM,27.0,  ,10.0,635000.0,CALLE                   ,REINA                                             ,11004342.0,1.0,NUM,27.0,  ,,,,,,,1,01,JANATOMO,I,HOSTELERÍA,56,SERVICIOS DE COMIDAS Y BEBIDAS,561001,RESTAURANTE,13/09/2026,REINA,27,direccion
1530471409,node,40.4202822,-3.699844,Petit Comité,french,Calle de la Reina,15,28004,Madrid,+34 91 521 75 52,http://restaurante-petitcomite.com/,,,,,,REINA,15,REINA|15,280009569.0,1.0,CENTRO              ,104.0,JUSTICIA            ,4.0,1074.0,74.0,440628.59,4474641.53,1.0,Puerta Calle,1.0,Abierto,635000.0,CALLE                   ,REINA                                             ,11004309.0,1.0,NUM,15.0,  ,20.0,635000.0,CALLE                   ,REINA                                             ,11004309.0,1.0,NUM,15.0,  ,,,,,,,1,01,PETIT COMITE,I,HOSTELERÍA,56,SERVICIOS DE COMIDAS Y BEBIDAS,561004,BAR RESTAURANTE,13/09/2026,REINA,15,direccion
1530471413,node,40.4206047,-3.7007665,Vesuvio Pizza,pizza,Calle de Hortaleza,4,,Madrid,+34 91 521 51 71,,,,,,,HORTALEZA,4,HORTALEZA|4,280009576.0,1.0,CENTRO              ,104.0,JUSTICIA            ,4.0,1074.0,74.0,440553.59,4474684.53,1.0,Puerta Calle,1.0,Abierto,365400.0,CALLE                   ,HORTALEZA                                         ,11004317.0,1.0,NUM,4.0,  ,10.0,365400.0,CALLE                   ,HORTALEZA                                         ,11004317.0,1.0,NUM,4.0,  ,,,,,,,1,04,BOSFOROS TURKIS,I,HOSTELERÍA,56,SERVICIOS DE COMIDAS Y BEBIDAS,561001,RESTAURANTE,13/09/2026,HORTALEZA,4,direccion
1530471414,node,40.420186,-3.6993425,UDON,japanese,Calle del Clavel,6,28004,Madrid,+34 91 532 33 69,https://www.udon.es/,Tu-Su 13:00-24:00,,,,no,CLAVEL,6,CLAVEL|6,280011989.0,1.0,CENTRO              ,104.0,JUSTICIA            ,4.0,1074.0,74.0,440669.59,4474633.53,1.0,Puerta Calle,1.0,Abierto,172800.0,CALLE                   ,CLAVEL                                            ,20005426.0,1.0,NUM,6.0,  ,20.0,172800.0,CALLE                   ,CLAVEL                                            ,20005426.0,1.0,NUM,6.0,  ,,,,,,,1,DR,UDON RESTAURANTE,I,HOSTELERÍA,56,SERVICIOS DE COMIDAS Y BEBIDAS,561001,RESTAURANTE,13/09/2026,CLAVEL,6,direccion
1531413624,node,40.4197027,-3.6975447,La Paella de la Reina,regional,Calle de la Reina,39,28004,Madrid,+34 91 531 18 85,http://www.lapaelladelareina.com/,,,,,no,REINA,39,REINA|39,270044927.0,1.0,CENTRO              ,104.0,JUSTICIA            ,4.0,1074.0,74.0,440823.59,4474573.52,1.0,Puerta Calle,1.0,Abierto,635000.0,CALLE                   ,REINA                                             ,11004349.0,1.0,NUM,39.0,  ,20.0,635000.0,CALLE                   ,REINA                                             ,11004349.0,1.0,NUM,39.0,  ,,,,,,,1,DR,LA PAELLA DE LA REINA,I,HOSTELERÍA,56,SERVICIOS DE COMIDAS Y BEBIDAS,561004,BAR RESTAURANTE,13/09/2026,REINA,39,direccion
1535864087,node,40.4083556,-3.6995524,El Económico,,Calle de Argumosa,9,28012,Madrid,,,"Mo-Su 09:00-12:30,13:00-16:30,20:00-24:00",,,,,ARGUMOSA,9,ARGUMOSA|9,10002538.0,1.0,CENTRO              ,102.0,EMBAJADORES         ,2.0,1054.0,54.0,440647.59,4473314.52,1.0,Puerta Calle,1.0,Abierto,71000.0,CALLE                   ,ARGUMOSA                                          ,11003007.0,1.0,NUM,9.0,  ,10.0,71000.0,CALLE                   ,ARGUMOSA                                          ,11003007.0,1.0,NUM,9.0,  ,,,,,,,1,01,SOIDEMERSOL,I,HOSTELERÍA,56,SERVICIOS DE COMIDAS Y BEBIDAS,561001,RESTAURANTE,13/09/2026,ARGUMOSA,9,direccion
1535864087,node,40.4083556,-3.6995524,El Económico,,Calle de Argumosa,9,28012,Madrid,,,"Mo-Su 09:00-12:30,13:00-16:30,20:00-24:00",,,,,ARGUMOSA,9,ARGUMOSA|9,285002566.0,1.0,CENTRO              ,102.0,EMBAJADORES         ,2.0,1054.0,54.0,440651.59,4473314.52,1.0,Puerta Calle,1.0,Abierto,71000.0,CALLE                   ,ARGUMOSA                                          ,11003007.0,1.0,NUM,9.0,  ,20.0,71000.0,CALLE                   ,ARGUMOSA                                          ,11003007.0,1.0,NUM,9.0,  ,,,,,,,1,02,LA PLAYA DE LAVAPIES,I,HOSTELERÍA,56,SERVICIOS DE COMIDAS Y BEBIDAS,561004,BAR RESTAURANTE,13/09/2026,ARGUMOSA,9,direccion
1619574648,node,40.4109537,-3.7178626,Seoul,korean,Ronda de Segovia,25,,,,,"Mo-Sa 13:30-16:00,20:00-23:30; Su off",,,,,SEGOVIA,25,SEGOVIA|25,280007835.0,1.0,CENTRO              ,101.0,PALACIO             ,1.0,1019.0,19.0,439081.6,4473622.54,1.0,Puerta Calle,1.0,Abierto,706400.0,RONDA                   ,SEGOVIA                                           ,11001135.0,1.0,NUM,25.0,  ,10.0,706400.0,RONDA                   ,SEGOVIA                                           ,11001135.0,1.0,NUM,25.0,  ,,,,,,,1,02,SEOUL,I,HOSTELERÍA,56,SERVICIOS DE COMIDAS Y BEBIDAS,561001,RESTAURANTE,13/09/2026,SEGOVIA,25,direccion
1623075022,node,40.4136579,-3.6988496,Miranda,arab,Calle de las Huertas,29,28014,Madrid,+34913691025,,,,,,,HUERTAS,29,HUERTAS|29,10002519.0,1.0,CENTRO              ,103.0,CORTES              ,3.0,1065.0,65.0,440708.59,4473903.52,1.0,Puerta Calle,1.0,Abierto,369000.0,CALLE                   ,HUERTAS                                           ,11003547.0,1.0,NUM,29.0,  ,10.0,369000.0,CALLE                   ,HUERTAS                                           ,11003547.0,1.0,NUM,29.0,  ,,,,,,,1,01,MONISSSIMA,I,HOSTELERÍA,56,SERVICIOS DE COMIDAS Y BEBIDAS,561004,BAR RESTAURANTE,13/09/2026,HUERTAS,29,direccion
1632020527,node,40.4192366,-3.7044963,La Soleá,regional,Calle de Mesonero Romanos,6,28013,Madrid,,,,,,,,MESONERO ROMANOS,6,MESONERO ROMANOS|6,280011746.0,1.0,CENTRO              ,106.0,SOL                 ,6.0,1124.0,124.0,440233.59,4474529.53,1.0,Puerta Calle,1.0,Abierto,505100.0,CALLE                   ,MESONERO ROMANOS                                  ,11007867.0,1.0,NUM,6.0,  ,10.0,505100.0,CALLE                   ,MESONERO ROMANOS                                  ,11007867.0,1.0,NUM,6.0,  ,,,,,,,1,IZ,RÓTULO NO INFORMADO,I,HOSTELERÍA,56,SERVICIOS DE COMIDAS Y BEBIDAS,561004,BAR RESTAURANTE,13/09/2026,MESONERO ROMANOS,6,direccion
1642177903,node,40.424714,-3.7096932,Bombay Masala,indian,Calle de San Bernardino,1,28015,Madrid,+34 915429498,http://www.bombaymasalamadrid.com/,,,,,no,SAN BERNARDINO,1,SAN BERNARDINO|1,10003161.0,1.0,CENTRO              ,105.0,UNIVERSIDAD         ,5.0,1111.0,111.0,439783.6,4475152.54,1.0,Puerta Calle,1.0,Abierto,661600.0,CALLE                   ,SAN BERNARDINO                                    ,11006763.0,1.0,NUM,1.0,  ,20.0,661600.0,CALLE                   ,SAN BERNARDINO                                    ,11006763.0,1.0,NUM,1.0,  ,,,,,,,1,DR,RESTAURANTE CHAMO,I,HOSTELERÍA,56,SERVICIOS DE COMIDAS Y BEBIDAS,561001,RESTAURANTE,13/09/2026,SAN BERNARDINO,1,direccion
1642177903,node,40.424714,-3.7096932,Bombay Masala,indian,Calle de San Bernardino,1,28015,Madrid,+34 915429498,http://www.bombaymasalamadrid.com/,,,,,no,SAN BERNARDINO,1,SAN BERNARDINO|1,270452211.0,1.0,CENTRO              ,105.0,UNIVERSIDAD         ,5.0,1111.0,111.0,439789.6,4475147.54,1.0,Puerta Calle,1.0,Abierto,661600.0,CALLE                   ,SAN BERNARDINO                                    ,11006763.0,1.0,NUM,1.0,  ,10.0,661600.0,CALLE                   ,SAN BERNARDINO                                    ,11006763.0,1.0,NUM,1.0,  ,,,,,,,1,IZ,RESTAURANTE PERSA ESFAHAN,I,HOSTELERÍA,56,SERVICIOS DE COMIDAS Y BEBIDAS,561001,RESTAURANTE,13/09/2026,SAN BERNARDINO,1,direccion
1642177965,node,40.424841,-3.7098715,Jin Jin,asian,Calle de San Bernardino,1,,,,,,,,,no,SAN BERNARDINO,1,SAN BERNARDINO|1,10003161.0,1.0,CENTRO              ,105.0,UNIVERSIDAD         ,5.0,1111.0,111.0,439783.6,4475152.54,1.0,Puerta Calle,1.0,Abierto,661600.0,CALLE                   ,SAN BERNARDINO                                    ,11006763.0,1.0,NUM,1.0,  ,20.0,661600.0,CALLE                   ,SAN BERNARDINO                                    ,11006763.0,1.0,NUM,1.0,  ,,,,,,,1,DR,RESTAURANTE CHAMO,I,HOSTELERÍA,56,SERVICIOS DE COMIDAS Y BEBIDAS,561001,RESTAURANTE,13/09/2026,SAN BERNARDINO,1,direccion
1642177965,node,40.424841,-3.7098715,Jin Jin,asian,Calle de San Bernardino,1,,,,,,,,,no,SAN BERNARDINO,1,SAN BERNARDINO|1,270452211.0,1.0,CENTRO              ,105.0,UNIVERSIDAD         ,5.0,1111.0,111.0,439789.6,4475147.54,1.0,Puerta Calle,1.0,Abierto,661600.0,CALLE                   ,SAN BERNARDINO                                    ,11006763.0,1.0,NUM,1.0,  ,10.0,661600.0,CALLE                   ,SAN BERNARDINO                                    ,11006763.0,1.0,NUM,1.0,  ,,,,,,,1,IZ,RESTAURANTE PERSA ESFAHAN,I,HOSTELERÍA,56,SERVICIOS DE COMIDAS Y BEBIDAS,561001,RESTAURANTE,13/09/2026,SAN BERNARDINO,1,direccion
1642177974,node,40.4249899,-3.7098677,YGF Malatang,chinese,Calle de San Bernardino,6,28015,Madrid,,,,,,,limited,SAN BERNARDINO,6,SAN BERNARDINO|6,270534703.0,1.0,CENTRO              ,105.0,UNIVERSIDAD         ,5.0,1110.0,110.0,439783.6,4475168.54,1.0,Puerta Calle,1.0,Abierto,661600.0,CALLE                   ,SAN BERNARDINO                                    ,11006712.0,1.0,NUM,6.0,  ,10.0,661600.0,CALLE                   ,SAN BERNARDINO                                    ,11006712.0,1.0,NUM,6.0,  ,,,,,,,1,IZ,RESTAURANTE WANG WANG,I,HOSTELERÍA,56,SERVICIOS DE COMIDAS Y BEBIDAS,561001,RESTAURANTE,13/09/2026,SAN BERNARDINO,6,direccion
1642177985,node,40.4247819,-3.7097856,Esfahan,persian,Calle de San Bernardino,1,28015,Madrid,+34 91 559 68 12,http://www.restaurantesfahan.es/,,,,,limited,SAN BERNARDINO,1,SAN BERNARDINO|1,10003161.0,1.0,CENTRO              ,105.0,UNIVERSIDAD         ,5.0,1111.0,111.0,439783.6,4475152.54,1.0,Puerta Calle,1.0,Abierto,661600.0,CALLE                   ,SAN BERNARDINO                                    ,11006763.0,1.0,NUM,1.0,  ,20.0,661600.0,CALLE                   ,SAN BERNARDINO                                    ,11006763.0,1.0,NUM,1.0,  ,,,,,,,1,DR,RESTAURANTE CHAMO,I,HOSTELERÍA,56,SERVICIOS DE COMIDAS Y BEBIDAS,561001,RESTAURANTE,13/09/2026,SAN BERNARDINO,1,direccion
1642177985,node,40.4247819,-3.7097856,Esfahan,persian,Calle de San Bernardino,1,28015,Madrid,+34 91 559 68 12,http://www.restaurantesfahan.es/,,,,,limited,SAN BERNARDINO,1,SAN BERNARDINO|1,270452211.0,1.0,CENTRO              ,105.0,UNIVERSIDAD         ,5.0,1111.0,111.0,439789.6,4475147.54,1.0,Puerta Calle,1.0,Abierto,661600.0,CALLE                   ,SAN BERNARDINO                                    ,11006763.0,1.0,NUM,1.0,  ,10.0,661600.0,CALLE                   ,SAN BERNARDINO                                    ,11006763.0,1.0,NUM,1.0,  ,,,,,,,1,IZ,RESTAURANTE PERSA ESFAHAN,I,HOSTELERÍA,56,SERVICIOS DE COMIDAS Y BEBIDAS,561001,RESTAURANTE,13/09/2026,SAN BERNARDINO,1,direccion
1642177995,node,40.4249284,-3.7097918,Baan Pad Thai,thai,Calle de San Bernardino,6,28015,Madrid,+34 911 62 20 52,https://baanpadthai.es/,,,,,no,SAN BERNARDINO,6,SAN BERNARDINO|6,270534703.0,1.0,CENTRO              ,105.0,UNIVERSIDAD         ,5.0,1110.0,110.0,439783.6,4475168.54,1.0,Puerta Calle,1.0,Abierto,661600.0,CALLE                   ,SAN BERNARDINO                                    ,11006712.0,1.0,NUM,6.0,  ,10.0,661600.0,CALLE                   ,SAN BERNARDINO                                    ,11006712.0,1.0,NUM,6.0,  ,,,,,,,1,IZ,RESTAURANTE WANG WANG,I,HOSTELERÍA,56,SERVICIOS DE COMIDAS Y BEBIDAS,561001,RESTAURANTE,13/09/2026,SAN BERNARDINO,6,direccion
1642178011,node,40.4244048,-3.7092948,Taberna del Mozárabe,,Calle de los Reyes,6,28015,Madrid,,,,,,,limited,REYES,6,REYES|6,10002862.0,1.0,CENTRO              ,105.0,UNIVERSIDAD         ,5.0,1111.0,111.0,439822.6,4475088.53,1.0,Puerta Calle,1.0,Abierto,638700.0,CALLE                   ,REYES                                             ,11006756.0,1.0,NUM,6.0,  ,20.0,638700.0,CALLE                   ,REYES                                             ,11006756.0,1.0,NUM,6.0,  ,,,,,,,1,02,CERVECERIA HISTORY,I,HOSTELERÍA,56,SERVICIOS DE COMIDAS Y BEBIDAS,561001,RESTAURANTE,13/09/2026,REYES,6,direccion
1666232605,node,40.4214789,-3.6979501,El Bierzo,regional,Calle de Barbieri,16,28004,Madrid,,http://www.restauranteelbierzodebarbieri.com/,,,,,,BARBIERI,16,BARBIERI|16,270045536.0,1.0,CENTRO              ,104.0,JUSTICIA            ,4.0,1077.0,77.0,440789.59,4474770.53,1.0,Puerta Calle,1.0,Abierto,92600.0,CALLE                   ,BARBIERI                                          ,11004654.0,1.0,NUM,16.0,  ,20.0,92600.0,CALLE                   ,BARBIERI                                          ,11004654.0,1.0,NUM,16.0,  ,,,,,,,1,DR,RESTAURANTE EL BIERZO,I,HOSTELERÍA,56,SERVICIOS DE COMIDAS Y BEBIDAS,561001,RESTAURANTE,13/09/2026,BARBIERI,16,direccion
1666232640,node,40.4215899,-3.6980225,Le Cocó,,Calle de Barbieri,15,28004,Madrid,,https://www.lecocomadrid.com/,,,,,,BARBIERI,15,BARBIERI|15,280010018.0,1.0,CENTRO              ,104.0,JUSTICIA            ,4.0,1077.0,77.0,440783.59,4474784.53,1.0,Puerta Calle,1.0,Abierto,92600.0,CALLE                   ,BARBIERI                                          ,11004629.0,1.0,NUM,15.0,  ,10.0,92600.0,CALLE                   ,BARBIERI                                          ,11004629.0,1.0,NUM,15.0,  ,,,,,,,1,01,LA CERDA,I,HOSTELERÍA,56,SERVICIOS DE COMIDAS Y BEBIDAS,561001,RESTAURANTE,13/09/2026,BARBIERI,15,direccion
1666232666,node,40.4233396,-3.6981607,Vegaviana,,Calle de Pelayo,35,,,,http://vegaviana.restaurantesok.com/,,,,,no,PELAYO,35,PELAYO|35,270045926.0,1.0,CENTRO              ,104.0,JUSTICIA            ,4.0,1081.0,81.0,440773.59,4474977.53,1.0,Puerta Calle,1.0,Abierto,576200.0,CALLE                   ,PELAYO                                            ,11004867.0,1.0,NUM,35.0,  ,10.0,576200.0,CALLE                   ,PELAYO                                            ,11004867.0,1.0,NUM,35.0,  ,,,,,,,1,IZ,RESTAURANTE VEGETARIANO VEGAVIANA,I,HOSTELERÍA,56,SERVICIOS DE COMIDAS Y BEBIDAS,561001,RESTAURANTE,13/09/2026,PELAYO,35,direccion
1669507391,node,40.4220838,-3.7030382,Lab '84,,Calle de la Puebla,9,28004,Madrid,+34 912 46 13 34,https://lab84.es/es/contacto,,,,,,PUEBLA,9,PUEBLA|9,270489569.0,1.0,CENTRO              ,105.0,UNIVERSIDAD         ,5.0,1116.0,116.0,440359.59,4474845.53,1.0,Puerta Calle,1.0,Abierto,612200.0,CALLE                   ,PUEBLA                                            ,20006462.0,1.0,NUM,9.0,  ,10.0,612200.0,CALLE                   ,PUEBLA                                            ,20006462.0,1.0,NUM,9.0,  ,,,,,,,1,01,HOT&SMOKED,I,HOSTELERÍA,56,SERVICIOS DE COMIDAS Y BEBIDAS,561004,BAR RESTAURANTE,13/09/2026,PUEBLA,9,direccion
1717732783,node,40.4224143,-3.6994608,Restaurante Vivares,,Calle de Hortaleza,52,28004,Madrid,,,,,,,,HORTALEZA,52,HORTALEZA|52,270492367.0,1.0,CENTRO              ,104.0,JUSTICIA            ,4.0,1076.0,76.0,440662.59,4474875.53,1.0,Puerta Calle,1.0,Abierto,365400.0,CALLE                   ,HORTALEZA                                         ,11004512.0,1.0,NUM,52.0,  ,20.0,365400.0,CALLE                   ,HORTALEZA                                         ,11004512.0,1.0,NUM,52.0,  ,,,,,,,1,IZ,VIVARES,I,HOSTELERÍA,56,SERVICIOS DE COMIDAS Y BEBIDAS,561001,RESTAURANTE,13/09/2026,HORTALEZA,52,direccion
1718183544,node,40.4216046,-3.6974219,La Nieta,regional,Calle de la Libertad,25,28004,Madrid,+34 91 521 51 00,http://www.restaurantelanieta.net/,,,,,,LIBERTAD,25,LIBERTAD|25,270275475.0,1.0,CENTRO              ,104.0,JUSTICIA            ,4.0,1077.0,77.0,440835.59,4474785.52,1.0,Puerta Calle,1.0,Abierto,437400.0,CALLE                   ,LIBERTAD                                          ,11004647.0,1.0,NUM,25.0,  ,10.0,437400.0,CALLE                   ,LIBERTAD                                          ,11004647.0,1.0,NUM,25.0,  ,,,,,,,1,01,MESON RESTAURANTE LA NIETA,I,HOSTELERÍA,56,SERVICIOS DE COMIDAS Y BEBIDAS,561001,RESTAURANTE,13/09/2026,LIBERTAD,25,direccion
1735431627,node,40.4285245,-3.7030353,Puro Teatro,,Calle de Manuela Malasaña,9,28004,Madrid,+34 918215126,http://taperiapuroteatro.es/,,,,,,MANUELA MALASAÑA,9,MANUELA MALASAÑA|9,270047594.0,1.0,CENTRO              ,105.0,UNIVERSIDAD         ,5.0,1090.0,90.0,440358.6,4475558.53,1.0,Puerta Calle,1.0,Abierto,467700.0,CALLE                   ,MANUELA MALASAÑA                                  ,11005369.0,1.0,NUM,9.0,  ,30.0,467700.0,CALLE                   ,MANUELA MALASAÑA                                  ,11005369.0,1.0,NUM,9.0,  ,,,,,,,1, ,EL TXOKO,I,HOSTELERÍA,56,SERVICIOS DE COMIDAS Y BEBIDAS,561001,RESTAURANTE,13/09/2026,MANUELA MALASAÑA,9,direccion
1735431627,node,40.4285245,-3.7030353,Puro Teatro,,Calle de Manuela Malasaña,9,28004,Madrid,+34 918215126,http://taperiapuroteatro.es/,,,,,,MANUELA MALASAÑA,9,MANUELA MALASAÑA|9,280010356.0,1.0,CENTRO              ,105.0,UNIVERSIDAD         ,5.0,1090.0,90.0,440366.6,4475558.53,1.0,Puerta Calle,1.0,Abierto,467700.0,CALLE                   ,MANUELA MALASAÑA                                  ,11005369.0,1.0,NUM,9.0,  ,10.0,467700.0,CALLE                   ,MANUELA MALASAÑA                                  ,11005369.0,1.0,NUM,9.0,  ,,,,,,,1, ,MILWAUKEE,I,HOSTELERÍA,56,SERVICIOS DE COMIDAS Y BEBIDAS,561004,BAR RESTAURANTE,13/09/2026,MANUELA MALASAÑA,9,direccion
1789051703,node,40.4164803,-3.7077567,El Ñeru,asturian,Calle de Bordadores,5,,Madrid,+34 915 48 19 77,https://www.restauranteelneru.com/,,,,,,BORDADORES,5,BORDADORES|5,270053315.0,1.0,CENTRO              ,106.0,SOL                 ,6.0,1123.0,123.0,439956.59,4474230.53,1.0,Puerta Calle,1.0,Abierto,112100.0,CALLE                   ,BORDADORES                                        ,11007786.0,1.0,NUM,5.0,  ,30.0,112100.0,CALLE                   ,BORDADORES                                        ,11007786.0,1.0,NUM,5.0,  ,,,,,,,1,03,RTE.GREGORIO III,I,HOSTELERÍA,56,SERVICIOS DE COMIDAS Y BEBIDAS,561001,RESTAURANTE,13/09/2026,BORDADORES,5,direccion
1789051703,node,40.4164803,-3.7077567,El Ñeru,asturian,Calle de Bordadores,5,,Madrid,+34 915 48 19 77,https://www.restauranteelneru.com/,,,,,,BORDADORES,5,BORDADORES|5,270053316.0,1.0,CENTRO              ,106.0,SOL                 ,6.0,1123.0,123.0,439954.59,4474227.53,1.0,Puerta Calle,1.0,Abierto,112100.0,CALLE                   ,BORDADORES                                        ,11007786.0,1.0,NUM,5.0,  ,20.0,112100.0,CALLE                   ,BORDADORES                                        ,11007786.0,1.0,NUM,5.0,  ,,,,,,,1,02,BAR RESTAURANTE EL NERU,I,HOSTELERÍA,56,SERVICIOS DE COMIDAS Y BEBIDAS,561004,BAR RESTAURANTE,13/09/2026,BORDADORES,5,direccion
2046224575,node,40.4197656,-3.7068279,La Tagliatella,italian,Calle Preciados,36,28013,Madrid,+34 915229121,https://www.latagliatella.es/restaurantes/la-tagliatella-preciados/,,,,,,PRECIADOS,36,PRECIADOS|36,280012025.0,1.0,CENTRO              ,106.0,SOL                 ,6.0,1117.0,117.0,440034.6,4474588.53,1.0,Puerta Calle,1.0,Abierto,608100.0,CALLE                   ,PRECIADOS                                         ,20006548.0,1.0,NUM,36.0,  ,10.0,608100.0,CALLE                   ,PRECIADOS                                         ,20006548.0,1.0,NUM,36.0,  ,,,,,,,1,DR,LA TAGLIATELLA,I,HOSTELERÍA,56,SERVICIOS DE COMIDAS Y BEBIDAS,561001,RESTAURANTE,13/09/2026,PRECIADOS,36,direccion
2046224575,node,40.4197656,-3.7068279,La Tagliatella,italian,Calle Preciados,36,28013,Madrid,+34 915229121,https://www.latagliatella.es/restaurantes/la-tagliatella-preciados/,,,,,,PRECIADOS,36,PRECIADOS|36,280012025.0,1.0,CENTRO              ,106.0,SOL                 ,6.0,1117.0,117.0,440034.6,4474588.53,1.0,Puerta Calle,1.0,Abierto,608100.0,CALLE                   ,PRECIADOS                                         ,20006548.0,1.0,NUM,36.0,  ,10.0,608100.0,CALLE                   ,PRECIADOS                                         ,20006548.0,1.0,NUM,36.0,  ,,,,,,,1,DR,LA TAGLIATELLA,I,HOSTELERÍA,56,SERVICIOS DE COMIDAS Y BEBIDAS,561002,RESTAURANTES DE COMIDA RAPIDA,13/09/2026,PRECIADOS,36,direccion
2077053432,node,40.411831,-3.710589,La Potente,,Calle de la Cava Baja,42,28005,Madrid,+34 913 65 93 42,,,,,,yes,CAVA BAJA,42,CAVA BAJA|42,270446636.0,1.0,CENTRO              ,101.0,PALACIO             ,1.0,1011.0,11.0,439721.59,4473714.53,1.0,Puerta Calle,1.0,Abierto,158700.0,CALLE                   ,CAVA BAJA                                         ,11000684.0,1.0,NUM,42.0,  ,30.0,158700.0,CALLE                   ,CAVA BAJA                                         ,11000684.0,1.0,NUM,42.0,  ,,,,,,,1,07,LAMIAK,I,HOSTELERÍA,56,SERVICIOS DE COMIDAS Y BEBIDAS,561004,BAR RESTAURANTE,13/09/2026,CAVA BAJA,42,direccion
2077053461,node,40.4112183,-3.7106426,Taberna El Búho,,Calle del Humilladero,4,28005,Madrid,,,,,,,,HUMILLADERO,4,HUMILLADERO|4,280007680.0,1.0,CENTRO              ,101.0,PALACIO             ,1.0,1014.0,14.0,439707.59,4473644.53,1.0,Puerta Calle,1.0,Abierto,369700.0,CALLE                   ,HUMILLADERO                                       ,11000859.0,1.0,NUM,4.0,  ,30.0,369700.0,CALLE                   ,HUMILLADERO                                       ,11000859.0,1.0,NUM,4.0,  ,,,,,,,1,DR,EL BUO LA LATINA,I,HOSTELERÍA,56,SERVICIOS DE COMIDAS Y BEBIDAS,561001,RESTAURANTE,13/09/2026,HUMILLADERO,4,direccion
2128038040,node,40.4189932,-3.7093862,Sanissimo Opera,,Calle de Campomanes,5,28013,Madrid,+34 911 15 25 46,https://www.sanissimo.eu/,,,,,,CAMPOMANES,5,CAMPOMANES|5,280007349.0,1.0,CENTRO              ,101.0,PALACIO             ,1.0,1004.0,4.0,439817.6,4474504.53,1.0,Puerta Calle,1.0,Abierto,130000.0,CALLE                   ,CAMPOMANES                                        ,11000269.0,1.0,NUM,5.0,  ,10.0,130000.0,CALLE                   ,CAMPOMANES                                        ,11000269.0,1.0,NUM,5.0,  ,,,,,,,1,IZ,CHIC,I,HOSTELERÍA,56,SERVICIOS DE COMIDAS Y BEBIDAS,561004,BAR RESTAURANTE,13/09/2026,CAMPOMANES,5,direccion
2294956290,node,40.4238331,-3.707038,Sidrería La Cuenca,regional,Calle de la Cruz Verde,16,28004,Madrid,,,,yes,,,no,CRUZ VERDE,16,CRUZ VERDE|16,270050464.0,1.0,CENTRO              ,105.0,UNIVERSIDAD         ,5.0,1113.0,113.0,440020.6,4475038.53,1.0,Puerta Calle,1.0,Abierto,221800.0,CALLE                   ,CRUZ VERDE                                        ,11006895.0,1.0,NUM,16.0,  ,10.0,221800.0,CALLE                   ,CRUZ VERDE                                        ,11006895.0,1.0,NUM,16.0,  ,,,,,,,1,01,SIDRERIA LA CUENCA,I,HOSTELERÍA,56,SERVICIOS DE COMIDAS Y BEBIDAS,561004,BAR RESTAURANTE,13/09/2026,CRUZ VERDE,16,direccion
2350754843,node,40.4163792,-3.7078349,Yerbabuena,,Calle de Bordadores,3,,,+34 915480811,http://www.yerbabuena.ws/,"Mo-Sa 13:00-16:30,20:00-24:00",,,,,BORDADORES,3,BORDADORES|3,270053325.0,1.0,CENTRO              ,106.0,SOL                 ,6.0,1123.0,123.0,439949.59,4474216.53,1.0,Puerta Calle,1.0,Abierto,112100.0,CALLE                   ,BORDADORES                                        ,11007787.0,1.0,NUM,3.0,  ,20.0,112100.0,CALLE                   ,BORDADORES                                        ,11007787.0,1.0,NUM,3.0,  ,,,,,,,1,DR,YERBABUENA,I,HOSTELERÍA,56,SERVICIOS DE COMIDAS Y BEBIDAS,561001,RESTAURANTE,13/09/2026,BORDADORES,3,direccion
2379568327,node,40.4183316,-3.7043938,Café Carmen,spanish,Calle del Carmen,17,28013,Madrid,,,,,,,limited,CARMEN,17,CARMEN|17,270394017.0,1.0,CENTRO              ,106.0,SOL                 ,6.0,1124.0,124.0,440239.59,4474426.53,1.0,Puerta Calle,1.0,Abierto,145600.0,CALLE                   ,CARMEN                                            ,11007850.0,1.0,NUM,17.0,  ,10.0,145600.0,CALLE                   ,CARMEN                                            ,11007850.0,1.0,NUM,17.0,  ,,,,,,,1,01,CAFE CARMEN,I,HOSTELERÍA,56,SERVICIOS DE COMIDAS Y BEBIDAS,561004,BAR RESTAURANTE,13/09/2026,CARMEN,17,direccion
2437748228,node,40.4164268,-3.7017415,Pulpería de Victoria,regional,Calle de la Victoria,2,28012,Madrid,+34 910 804 929,https://www.pulperiadevictoria.es,,,,,,VICTORIA,2,VICTORIA|2,270052537.0,1.0,CENTRO              ,106.0,SOL                 ,6.0,1119.0,119.0,440464.59,4474217.53,1.0,Puerta Calle,1.0,Abierto,782700.0,CALLE                   ,VICTORIA                                          ,11007536.0,1.0,NUM,2.0,  ,20.0,782700.0,CALLE                   ,VICTORIA                                          ,11007536.0,1.0,NUM,2.0,  ,,,,,,,1,02,LA PULPERIA DE VICTORIA,I,HOSTELERÍA,56,SERVICIOS DE COMIDAS Y BEBIDAS,561001,RESTAURANTE,13/09/2026,VICTORIA,2,direccion
2449728811,node,40.4121225,-3.7044957,La Parrilla de Galicia,,Plaza de Tirso de Molina,7,28012,Madrid,+34 914 29 50 30,http://www.asadorarizmendi.com,,,,,,TIRSO DE MOLINA,7,TIRSO DE MOLINA|7,270438458.0,1.0,CENTRO              ,102.0,EMBAJADORES         ,2.0,1028.0,28.0,440227.59,4473738.53,1.0,Puerta Calle,1.0,Abierto,742900.0,PLAZA                   ,TIRSO DE MOLINA                                   ,11001681.0,1.0,NUM,7.0,  ,20.0,742900.0,PLAZA                   ,TIRSO DE MOLINA                                   ,11001681.0,1.0,NUM,7.0,  ,,,,,,,1,DR,LA PARRILLA DE GALICIA,I,HOSTELERÍA,56,SERVICIOS DE COMIDAS Y BEBIDAS,561004,BAR RESTAURANTE,13/09/2026,TIRSO DE MOLINA,7,direccion
2458105107,node,40.4153209,-3.7065788,Restaurante Hegar,regional,Plaza Mayor,35,28012,Madrid,+34 91 2664280,,,,,,,MAYOR,35,MAYOR|35,270220318.0,1.0,CENTRO              ,106.0,SOL                 ,6.0,1121.0,121.0,439959.59,4474146.53,1.0,Puerta Calle,1.0,Abierto,497800.0,CALLE                   ,MAYOR                                             ,11007746.0,1.0,NUM,35.0,  ,30.0,497800.0,CALLE                   ,MAYOR                                             ,11007746.0,1.0,NUM,35.0,  ,,,,,,,1,,LA TORRE DEL ORO,I,HOSTELERÍA,56,SERVICIOS DE COMIDAS Y BEBIDAS,561004,BAR RESTAURANTE,13/09/2026,MAYOR,35,direccion
2494908510,node,40.4138307,-3.6979373,La Cocinilla,tapas,Calle de Lope de Vega,15,28014,Madrid,+34 911 10 40 72,http://www.lapetisabar.com,,,,,,LOPE DE VEGA,15,LOPE DE VEGA|15,285002760.0,1.0,CENTRO              ,103.0,CORTES              ,3.0,1065.0,65.0,440790.59,4473919.52,1.0,Puerta Calle,1.0,Abierto,441000.0,CALLE                   ,LOPE DE VEGA                                      ,11003522.0,1.0,NUM,15.0,  ,10.0,441000.0,CALLE                   ,LOPE DE VEGA                                      ,11003522.0,1.0,NUM,15.0,  ,,,,,,,1,IZ,LA FILOMENA,I,HOSTELERÍA,56,SERVICIOS DE COMIDAS Y BEBIDAS,561004,BAR RESTAURANTE,13/09/2026,LOPE DE VEGA,15,direccion
2523695126,node,40.4149531,-3.7079506,Gustos,,Plaza Mayor,7,28012,Madrid,+34 91 366 40 30,http://www.gustosbcn.com/plaza-mayor/,,,,,,MAYOR,7,MAYOR|7,280011940.0,1.0,CENTRO              ,106.0,SOL                 ,6.0,1121.0,121.0,439937.59,4474057.53,1.0,Puerta Calle,1.0,Abierto,498000.0,PLAZA                   ,MAYOR                                             ,20006894.0,1.0,NUM,7.0,  ,10.0,498000.0,PLAZA                   ,MAYOR                                             ,20006894.0,1.0,NUM,7.0,  ,,,,,,,1,03,DON CALAMAR,I,HOSTELERÍA,56,SERVICIOS DE COMIDAS Y BEBIDAS,561004,BAR RESTAURANTE,13/09/2026,MAYOR,7,direccion
2523695127,node,40.4152228,-3.7065714,Castaña,,Plaza Mayor,35,28012,Madrid,,,,yes,,,,MAYOR,35,MAYOR|35,270220318.0,1.0,CENTRO              ,106.0,SOL                 ,6.0,1121.0,121.0,439959.59,4474146.53,1.0,Puerta Calle,1.0,Abierto,497800.0,CALLE                   ,MAYOR                                             ,11007746.0,1.0,NUM,35.0,  ,30.0,497800.0,CALLE                   ,MAYOR                                             ,11007746.0,1.0,NUM,35.0,  ,,,,,,,1,,LA TORRE DEL ORO,I,HOSTELERÍA,56,SERVICIOS DE COMIDAS Y BEBIDAS,561004,BAR RESTAURANTE,13/09/2026,MAYOR,35,direccion
2523695128,node,40.4150063,-3.706646,Los Arcos,,Plaza Mayor,1,28012,Madrid,,,,,,,,MAYOR,1,MAYOR|1,10002435.0,1.0,CENTRO              ,106.0,SOL                 ,6.0,1121.0,121.0,440050.59,4474068.53,1.0,Puerta Calle,1.0,Abierto,498000.0,PLAZA                   ,MAYOR                                             ,11007683.0,1.0,NUM,1.0,  ,30.0,335900.0,CALLE                   ,GERONA                                            ,20006866.0,1.0,NUM,3.0,  ,,,,,,,1,02,SANTA MARTA,I,HOSTELERÍA,56,SERVICIOS DE COMIDAS Y BEBIDAS,561001,RESTAURANTE,13/09/2026,MAYOR,1,direccion
2523695130,node,40.4153766,-3.7081521,Museo del Jamón,deli;spanish,Plaza Mayor,18,28012,Madrid,+34 915 42 26 32,https://www.museodeljamon.com/museos/plaza-mayor/,Su-Th 09:00-23:30; Fr-Sa 09:00-00:30,yes,,,no,MAYOR,18,MAYOR|18,270226022.0,1.0,CENTRO              ,106.0,SOL                 ,6.0,1123.0,123.0,440044.59,4474213.53,1.0,Puerta Calle,1.0,Abierto,497800.0,CALLE                   ,MAYOR                                             ,11007799.0,1.0,NUM,18.0,  ,20.0,497800.0,CALLE                   ,MAYOR                                             ,11007799.0,1.0,NUM,18.0,  ,,,,,,,1,01,EL NAVIEGO,I,HOSTELERÍA,56,SERVICIOS DE COMIDAS Y BEBIDAS,561004,BAR RESTAURANTE,13/09/2026,MAYOR,18,direccion
2524787188,node,40.4170809,-3.7073497,La casa gallega,regional,Calle de Bordadores,11,28013,Madrid,+34 915 419 056;+34 915 419 055,https://www.lacasagallega.com/,,,,,yes,BORDADORES,11,BORDADORES|11,270308798.0,1.0,CENTRO              ,106.0,SOL                 ,6.0,1123.0,123.0,439986.59,4474288.53,1.0,Puerta Calle,1.0,Abierto,112100.0,CALLE                   ,BORDADORES                                        ,11007782.0,1.0,NUM,11.0,  ,10.0,112100.0,CALLE                   ,BORDADORES                                        ,11007782.0,1.0,NUM,11.0,  ,,,,,,,1,IZ,RESTAURANTE CASA GALLEGA,I,HOSTELERÍA,56,SERVICIOS DE COMIDAS Y BEBIDAS,561001,RESTAURANTE,13/09/2026,BORDADORES,11,direccion
2535751174,node,40.4262403,-3.7013748,Taberna Madrid - Madriz,regional,Calle de Fuencarral,85,28004,Madrid,+34 91 448 83 94,https://www.restaurante-madrid-madriz.com/,,,,,no,FUENCARRAL,85,FUENCARRAL|85,10001369.0,1.0,CENTRO              ,105.0,UNIVERSIDAD         ,5.0,1093.0,93.0,440503.59,4475303.53,1.0,Puerta Calle,1.0,Abierto,313100.0,CALLE                   ,FUENCARRAL                                        ,11005526.0,1.0,NUM,85.0,  ,10.0,313100.0,CALLE                   ,FUENCARRAL                                        ,11005526.0,1.0,NUM,85.0,  ,,,,,,,1,IZ,BAR RESTAURANTE  MADRID-MADRIZ,I,HOSTELERÍA,56,SERVICIOS DE COMIDAS Y BEBIDAS,561001,RESTAURANTE,13/09/2026,FUENCARRAL,85,direccion
2544272006,node,40.4125657,-3.6996958,Take Wok,asian,Calle de Atocha,44,28012,Madrid,,,,no,yes,,limited,ATOCHA,44,ATOCHA|44,270243835.0,1.0,CENTRO              ,102.0,EMBAJADORES         ,2.0,1027.0,27.0,440634.59,4473785.53,1.0,Puerta Calle,1.0,Abierto,81600.0,CALLE                   ,ATOCHA                                            ,11001605.0,1.0,NUM,44.0,  ,10.0,81600.0,CALLE                   ,ATOCHA                                            ,11001605.0,1.0,NUM,44.0,  ,,,,,,,1,01,TAKE WOK,I,HOSTELERÍA,56,SERVICIOS DE COMIDAS Y BEBIDAS,561002,RESTAURANTES DE COMIDA RAPIDA,13/09/2026,ATOCHA,44,direccion
2546770617,node,40.4101726,-3.6942588,Steak Grill House,,Calle de Atocha,117,28012,Madrid,,,,,,,no,ATOCHA,117,ATOCHA|117,10001817.0,1.0,CENTRO              ,103.0,CORTES              ,3.0,1061.0,61.0,441091.59,4473515.52,1.0,Puerta Calle,1.0,Abierto,81600.0,CALLE                   ,ATOCHA                                            ,11003273.0,1.0,NUM,117.0,  ,30.0,81600.0,CALLE                   ,ATOCHA                                            ,11003273.0,1.0,NUM,117.0,  ,,,,,,,1,DR,EURO DONER ISTANBUL,I,HOSTELERÍA,56,SERVICIOS DE COMIDAS Y BEBIDAS,561002,RESTAURANTES DE COMIDA RAPIDA,13/09/2026,ATOCHA,117,direccion
2546794632,node,40.4104087,-3.6947574,El Campesino,,Calle de Atocha,111,28012,Madrid,,,,,,,no,ATOCHA,111,ATOCHA|111,280008236.0,1.0,CENTRO              ,103.0,CORTES              ,3.0,1061.0,61.0,441048.59,4473539.52,1.0,Puerta Calle,1.0,Abierto,81600.0,CALLE                   ,ATOCHA                                            ,11003270.0,1.0,NUM,111.0,  ,40.0,81600.0,CALLE                   ,ATOCHA                                            ,11003270.0,1.0,NUM,111.0,  ,,,,,,,1,04,EL CAMPESINO,I,HOSTELERÍA,56,SERVICIOS DE COMIDAS Y BEBIDAS,561004,BAR RESTAURANTE,13/09/2026,ATOCHA,111,direccion
2546794632,node,40.4104087,-3.6947574,El Campesino,,Calle de Atocha,111,28012,Madrid,,,,,,,no,ATOCHA,111,ATOCHA|111,280008237.0,1.0,CENTRO              ,103.0,CORTES              ,3.0,1061.0,61.0,441052.59,4473537.52,1.0,Puerta Calle,1.0,Abierto,81600.0,CALLE                   ,ATOCHA                                            ,11003270.0,1.0,NUM,111.0,  ,50.0,81600.0,CALLE                   ,ATOCHA                                            ,11003270.0,1.0,NUM,111.0,  ,,,,,,,1,05,JINODE,I,HOSTELERÍA,56,SERVICIOS DE COMIDAS Y BEBIDAS,561001,RESTAURANTE,13/09/2026,ATOCHA,111,direccion
2546794632,node,40.4104087,-3.6947574,El Campesino,,Calle de Atocha,111,28012,Madrid,,,,,,,no,ATOCHA,111,ATOCHA|111,280009035.0,1.0,CENTRO              ,103.0,CORTES              ,3.0,1061.0,61.0,441062.59,4473567.52,1.0,Puerta Calle,1.0,Abierto,81600.0,CALLE                   ,ATOCHA                                            ,11003270.0,1.0,NUM,111.0,  ,70.0,661800.0,CALLE                   ,SAN BLAS                                          ,11003294.0,1.0,NUM,4.0,  ,,,,,,,1,08,YUGO THE BUNKER,I,HOSTELERÍA,56,SERVICIOS DE COMIDAS Y BEBIDAS,561001,RESTAURANTE,13/09/2026,ATOCHA,111,direccion
2546794632,node,40.4104087,-3.6947574,El Campesino,,Calle de Atocha,111,28012,Madrid,,,,,,,no,ATOCHA,111,ATOCHA|111,280009037.0,1.0,CENTRO              ,103.0,CORTES              ,3.0,1061.0,61.0,441048.59,4473573.52,1.0,Puerta Calle,1.0,Abierto,81600.0,CALLE                   ,ATOCHA                                            ,11003270.0,1.0,NUM,111.0,  ,90.0,661800.0,CALLE                   ,SAN BLAS                                          ,11003294.0,1.0,NUM,4.0,  ,,,,,,,1,07,BODEGA DE LOS SECRETOS,I,HOSTELERÍA,56,SERVICIOS DE COMIDAS Y BEBIDAS,561001,RESTAURANTE,13/09/2026,ATOCHA,111,direccion
2579288583,node,40.4231356,-3.7072785,Luna Rossa,italian,Calle de San Bernardo,24,28015,Madrid,+34 91 5321454,http://www.restaurantelunarossa.com/,,no,yes,,no,SAN BERNARDO,24,SAN BERNARDO|24,280011080.0,1.0,CENTRO              ,105.0,UNIVERSIDAD         ,5.0,1113.0,113.0,439999.6,4474962.53,1.0,Puerta Calle,1.0,Abierto,661700.0,CALLE                   ,SAN BERNARDO                                      ,11006932.0,1.0,NUM,24.0,  ,40.0,449600.0,CALLE                   ,LUNA                                              ,11006942.0,1.0,NUM,34.0,  ,,,,,,,1,01,LUNA ROSSA,I,HOSTELERÍA,56,SERVICIOS DE COMIDAS Y BEBIDAS,561001,RESTAURANTE,13/09/2026,SAN BERNARDO,24,direccion
2579518629,node,40.4242052,-3.7067659,Calle 29,,Calle del Pez,29,28004,Madrid,,,,,,,no,PEZ,29,PEZ|29,10002515.0,1.0,CENTRO              ,105.0,UNIVERSIDAD         ,5.0,1113.0,113.0,440044.6,4475081.53,1.0,Puerta Calle,1.0,Abierto,586500.0,CALLE                   ,PEZ                                               ,11006921.0,1.0,NUM,29.0,  ,10.0,586500.0,CALLE                   ,PEZ                                               ,11006921.0,1.0,NUM,29.0,  ,,,,,,,1,01,BAR RESTAURANTE EL SANTON,I,HOSTELERÍA,56,SERVICIOS DE COMIDAS Y BEBIDAS,561004,BAR RESTAURANTE,13/09/2026,PEZ,29,direccion
2579525851,node,40.4218661,-3.7057098,Chiang Hu,chinese,Calle de Silva,25,28004,Madrid,,,,,,,no,SILVA,25,SILVA|25,10002696.0,1.0,CENTRO              ,105.0,UNIVERSIDAD         ,5.0,1115.0,115.0,440131.6,4474820.53,1.0,Puerta Calle,1.0,Abierto,722400.0,CALLE                   ,SILVA                                             ,11007114.0,1.0,NUM,25.0,  ,10.0,722400.0,CALLE                   ,SILVA                                             ,11007114.0,1.0,NUM,25.0,  ,,,,,,,1,A,CHIANG JU,I,HOSTELERÍA,56,SERVICIOS DE COMIDAS Y BEBIDAS,561004,BAR RESTAURANTE,13/09/2026,SILVA,25,direccion
2579525851,node,40.4218661,-3.7057098,Chiang Hu,chinese,Calle de Silva,25,28004,Madrid,,,,,,,no,SILVA,25,SILVA|25,280011216.0,1.0,CENTRO              ,105.0,UNIVERSIDAD         ,5.0,1115.0,115.0,440137.6,4474827.53,1.0,Puerta Calle,1.0,Abierto,722400.0,CALLE                   ,SILVA                                             ,11007114.0,1.0,NUM,25.0,  ,20.0,722400.0,CALLE                   ,SILVA                                             ,11007114.0,1.0,NUM,25.0,  ,,,,,,,1,B,HOME BURGER BAR,I,HOSTELERÍA,56,SERVICIOS DE COMIDAS Y BEBIDAS,561004,BAR RESTAURANTE,13/09/2026,SILVA,25,direccion
2579527534,node,40.4219441,-3.7056153,Home Burger Bar,burger,Calle de Silva,25,28004,Madrid,+34 911151279,http://www.homeburgerbar.com/index1.html#/portada,,yes,,,yes,SILVA,25,SILVA|25,10002696.0,1.0,CENTRO              ,105.0,UNIVERSIDAD         ,5.0,1115.0,115.0,440131.6,4474820.53,1.0,Puerta Calle,1.0,Abierto,722400.0,CALLE                   ,SILVA                                             ,11007114.0,1.0,NUM,25.0,  ,10.0,722400.0,CALLE                   ,SILVA                                             ,11007114.0,1.0,NUM,25.0,  ,,,,,,,1,A,CHIANG JU,I,HOSTELERÍA,56,SERVICIOS DE COMIDAS Y BEBIDAS,561004,BAR RESTAURANTE,13/09/2026,SILVA,25,direccion
2579527534,node,40.4219441,-3.7056153,Home Burger Bar,burger,Calle de Silva,25,28004,Madrid,+34 911151279,http://www.homeburgerbar.com/index1.html#/portada,,yes,,,yes,SILVA,25,SILVA|25,280011216.0,1.0,CENTRO              ,105.0,UNIVERSIDAD         ,5.0,1115.0,115.0,440137.6,4474827.53,1.0,Puerta Calle,1.0,Abierto,722400.0,CALLE                   ,SILVA                                             ,11007114.0,1.0,NUM,25.0,  ,20.0,722400.0,CALLE                   ,SILVA                                             ,11007114.0,1.0,NUM,25.0,  ,,,,,,,1,B,HOME BURGER BAR,I,HOSTELERÍA,56,SERVICIOS DE COMIDAS Y BEBIDAS,561004,BAR RESTAURANTE,13/09/2026,SILVA,25,direccion
2579545277,node,40.4230723,-3.7074038,Kinza,georgian,Calle de San Bernardo,22,28015,Madrid,+34 915456628,http://kinzamadrid.es/,,,,,no,SAN BERNARDO,22,SAN BERNARDO|22,280011223.0,1.0,CENTRO              ,105.0,UNIVERSIDAD         ,5.0,1115.0,115.0,439989.6,4474954.53,1.0,Puerta Calle,1.0,Abierto,661700.0,CALLE                   ,SAN BERNARDO                                      ,11007120.0,1.0,NUM,22.0,  ,10.0,661700.0,CALLE                   ,SAN BERNARDO                                      ,11007120.0,1.0,NUM,22.0,  ,,,,,,,1,01,KINZA,I,HOSTELERÍA,56,SERVICIOS DE COMIDAS Y BEBIDAS,561001,RESTAURANTE,13/09/2026,SAN BERNARDO,22,direccion
2580708162,node,40.4131993,-3.7085279,Posada del León de Oro,,Calle de la Cava Baja,12,28005,Madrid,+34 91 119 14 94,http://www.posadadelleondeoro.com/es/eno/enotaberna.html,,,,,yes,CAVA BAJA,12,CAVA BAJA|12,285001339.0,1.0,CENTRO              ,101.0,PALACIO             ,1.0,1009.0,9.0,439885.59,4473857.53,1.0,Puerta Calle,1.0,Abierto,158700.0,CALLE                   ,CAVA BAJA                                         ,11000607.0,1.0,NUM,12.0,  ,10.0,158700.0,CALLE                   ,CAVA BAJA                                         ,11000607.0,1.0,NUM,12.0,  ,,,,,,,1,01,LA POSADA DEL LEON DE ORO,I,HOSTELERÍA,56,SERVICIOS DE COMIDAS Y BEBIDAS,561004,BAR RESTAURANTE,13/09/2026,CAVA BAJA,12,direccion
2580708166,node,40.4122758,-3.7095313,Taberna los Huevos de Lucio,spanish,Calle de la Cava Baja,30,28005,Madrid,,,"Sa-Su 13:00-16:30, 20:00-00:00; Mo-Fr 13:00-16:15, 20:00-00:00",,,,limited,CAVA BAJA,30,CAVA BAJA|30,280007564.0,1.0,CENTRO              ,101.0,PALACIO             ,1.0,1011.0,11.0,439806.59,4473762.53,1.0,Puerta Calle,1.0,Abierto,158700.0,CALLE                   ,CAVA BAJA                                         ,11000678.0,1.0,NUM,30.0,  ,20.0,158700.0,CALLE                   ,CAVA BAJA                                         ,11000678.0,1.0,NUM,30.0,  ,,,,,,,1,02,CASA LUCAS,I,HOSTELERÍA,56,SERVICIOS DE COMIDAS Y BEBIDAS,561001,RESTAURANTE,13/09/2026,CAVA BAJA,30,direccion
2582180382,node,40.4224624,-3.7061785,Katsu,japanese,Calle de la Luna,22,28004,Madrid,+34912133078,https://katsumadrid.com/,"Tu-Th 13:00-16:30,19:30-23:30; Fr-Su 13:00-17:00,19:30-23:30; Mo off",,,,,LUNA,22,LUNA|22,280011251.0,1.0,CENTRO              ,105.0,UNIVERSIDAD         ,5.0,1114.0,114.0,440092.6,4474887.53,1.0,Puerta Calle,1.0,Abierto,449600.0,CALLE                   ,LUNA                                              ,11006975.0,1.0,NUM,22.0,  ,20.0,449600.0,CALLE                   ,LUNA                                              ,11006975.0,1.0,NUM,22.0,  ,,,,,,,1,DR,ZOTZ MEZCALERIA,I,HOSTELERÍA,56,SERVICIOS DE COMIDAS Y BEBIDAS,561004,BAR RESTAURANTE,13/09/2026,LUNA,22,direccion
2583647344,node,40.4208882,-3.7055654,kiraku,japanese,Calle de Miguel Moya,6,28004,Madrid,,,,,,,no,MIGUEL MOYA,6,MIGUEL MOYA|6,280011204.0,1.0,CENTRO              ,105.0,UNIVERSIDAD         ,5.0,1115.0,115.0,440144.59,4474707.53,1.0,Puerta Calle,1.0,Abierto,507100.0,CALLE                   ,MIGUEL MOYA                                       ,11007094.0,1.0,NUM,6.0,  ,20.0,507100.0,CALLE                   ,MIGUEL MOYA                                       ,11007094.0,1.0,NUM,6.0,  ,,,,,,,1,02,OISHII,I,HOSTELERÍA,56,SERVICIOS DE COMIDAS Y BEBIDAS,561001,RESTAURANTE,13/09/2026,MIGUEL MOYA,6,direccion
2583985475,node,40.4266236,-3.7038736,Pizzería Maravillas,pizza,Plaza del Dos de Mayo,9,28004,Madrid,,,,yes,,,no,DOS DE MAYO,9,DOS DE MAYO|9,10002879.0,1.0,CENTRO              ,105.0,UNIVERSIDAD         ,5.0,1102.0,102.0,440292.6,4475347.53,1.0,Puerta Calle,1.0,Abierto,251900.0,PLAZA                   ,DOS DE MAYO                                       ,11006172.0,1.0,NUM,9.0,  ,20.0,251900.0,PLAZA                   ,DOS DE MAYO                                       ,11006172.0,1.0,NUM,9.0,  ,,,,,,,1,DR,PIZZERIA MARAVILLAS,I,HOSTELERÍA,56,SERVICIOS DE COMIDAS Y BEBIDAS,561004,BAR RESTAURANTE,13/09/2026,DOS DE MAYO,9,direccion
2585135709,node,40.4286843,-3.7031176,Nuria,ethiopian,Calle de Manuela Malasaña,6,28004,Madrid,+34 915 916 327,http://www.nuriarestauranteetiope.es/,,,,,,MANUELA MALASAÑA,6,MANUELA MALASAÑA|6,280010253.0,1.0,CENTRO              ,105.0,UNIVERSIDAD         ,5.0,1090.0,90.0,440354.6,4475575.53,1.0,Puerta Calle,1.0,Abierto,467700.0,CALLE                   ,MANUELA MALASAÑA                                  ,11005347.0,1.0,NUM,6.0,  ,10.0,467700.0,CALLE                   ,MANUELA MALASAÑA                                  ,11005347.0,1.0,NUM,6.0,  ,,,,,,,1,TT3,RESTAURANTE ETIOPE,I,HOSTELERÍA,56,SERVICIOS DE COMIDAS Y BEBIDAS,561001,RESTAURANTE,13/09/2026,MANUELA MALASAÑA,6,direccion
2585141470,node,40.4285206,-3.7032964,Boom Boom Ciao,,Calle de Manuela Malasaña,11,28004,Madrid,,,,,,,,MANUELA MALASAÑA,11,MANUELA MALASAÑA|11,280010355.0,1.0,CENTRO              ,105.0,UNIVERSIDAD         ,5.0,1090.0,90.0,440344.6,4475558.53,1.0,Puerta Calle,1.0,Abierto,467700.0,CALLE                   ,MANUELA MALASAÑA                                  ,11005368.0,1.0,NUM,11.0,  ,10.0,467700.0,CALLE                   ,MANUELA MALASAÑA                                  ,11005368.0,1.0,NUM,11.0,  ,,,,,,,1,CDR,BOOM BOOM CIAO,I,HOSTELERÍA,56,SERVICIOS DE COMIDAS Y BEBIDAS,561004,BAR RESTAURANTE,13/09/2026,MANUELA MALASAÑA,11,direccion
2586619868,node,40.4194108,-3.7074591,El Labriego,regional,Calle de las Veneras,4,28013,Madrid,+34 915 59 24 07,https://ellabriego.es/,,,,,,VENERAS,4,VENERAS|4,270036022.0,1.0,CENTRO              ,106.0,SOL                 ,6.0,1117.0,117.0,439983.6,4474546.53,1.0,Puerta Calle,1.0,Abierto,774000.0,CALLE                   ,VENERAS                                           ,11007248.0,1.0,NUM,4.0,  ,10.0,774000.0,CALLE                   ,VENERAS                                           ,11007248.0,1.0,NUM,4.0,  ,,,,,,,1,IZ,RESTAURANTE EL LABRIEGO,I,HOSTELERÍA,56,SERVICIOS DE COMIDAS Y BEBIDAS,561001,RESTAURANTE,13/09/2026,VENERAS,4,direccion
2629829293,node,40.4240174,-3.7059346,Sobrado,,Calle del Pez,30,28004,Madrid,,https://barsobrado.com/,,,,,limited,PEZ,30,PEZ|30,280010622.0,1.0,CENTRO              ,105.0,UNIVERSIDAD         ,5.0,1099.0,99.0,440114.6,4475060.53,1.0,Puerta Calle,1.0,Abierto,586500.0,CALLE                   ,PEZ                                               ,11005981.0,1.0,NUM,30.0,  ,20.0,586500.0,CALLE                   ,PEZ                                               ,11005981.0,1.0,NUM,30.0,  ,,,,,,,1,DR,SOBRADO,I,HOSTELERÍA,56,SERVICIOS DE COMIDAS Y BEBIDAS,561004,BAR RESTAURANTE,13/09/2026,PEZ,30,direccion
2630127070,node,40.4285899,-3.7036942,La Tía Juana,mexican,Calle de Manuela Malasaña,15,28004,Madrid,,,,,,,,MANUELA MALASAÑA,15,MANUELA MALASAÑA|15,270347296.0,1.0,CENTRO              ,105.0,UNIVERSIDAD         ,5.0,1090.0,90.0,440316.6,4475564.53,1.0,Puerta Calle,1.0,Abierto,467700.0,CALLE                   ,MANUELA MALASAÑA                                  ,11005350.0,1.0,NUM,15.0,  ,10.0,467700.0,CALLE                   ,MANUELA MALASAÑA                                  ,11005350.0,1.0,NUM,15.0,  ,,,,,,,1,E1,S/R,I,HOSTELERÍA,56,SERVICIOS DE COMIDAS Y BEBIDAS,561001,RESTAURANTE,13/09/2026,MANUELA MALASAÑA,15,direccion
2631124674,node,40.4156264,-3.7084029,Valle del Tiétar,regional,Calle Ciudad Rodrigo,5,28012,Madrid,,,,,,,,CIUDAD RODRIGO,5,CIUDAD RODRIGO|5,270269320.0,1.0,CENTRO              ,106.0,SOL                 ,6.0,1121.0,121.0,439902.59,4474133.53,1.0,Puerta Calle,1.0,Abierto,172000.0,CALLE                   ,CIUDAD RODRIGO                                    ,11007719.0,1.0,NUM,5.0,  ,20.0,172000.0,CALLE                   ,CIUDAD RODRIGO                                    ,11007719.0,1.0,NUM,5.0,  ,,,,,,,1,01,BAR VALLE DEL TIETAR,I,HOSTELERÍA,56,SERVICIOS DE COMIDAS Y BEBIDAS,561001,RESTAURANTE,13/09/2026,CIUDAD RODRIGO,5,direccion
2631134831,node,40.41496,-3.7076879,Cervecería Éboli,regional,Plaza Mayor,4-5,28012,Madrid,+34 913659341,http://www.restauranteebolicerveceria.es/es/,,,,,,MAYOR,4,MAYOR|4,10001962.0,1.0,CENTRO              ,106.0,SOL                 ,6.0,1123.0,123.0,440180.59,4474234.53,1.0,Puerta Calle,1.0,Abierto,497800.0,CALLE                   ,MAYOR                                             ,11007803.0,1.0,NUM,4.0,  ,20.0,497800.0,CALLE                   ,MAYOR                                             ,11007803.0,1.0,NUM,4.0,  ,,,,,,,1,T6,WOK TO WALK,I,HOSTELERÍA,56,SERVICIOS DE COMIDAS Y BEBIDAS,561001,RESTAURANTE,13/09/2026,MAYOR,4,direccion
2631134831,node,40.41496,-3.7076879,Cervecería Éboli,regional,Plaza Mayor,4-5,28012,Madrid,+34 913659341,http://www.restauranteebolicerveceria.es/es/,,,,,,MAYOR,4,MAYOR|4,10003433.0,1.0,CENTRO              ,106.0,SOL                 ,6.0,1123.0,123.0,440175.59,4474234.53,1.0,Puerta Calle,1.0,Abierto,497800.0,CALLE                   ,MAYOR                                             ,11007803.0,1.0,NUM,4.0,  ,10.0,497800.0,CALLE                   ,MAYOR                                             ,11007803.0,1.0,NUM,4.0,  ,,,,,,,1,T1,TACO BELL,I,HOSTELERÍA,56,SERVICIOS DE COMIDAS Y BEBIDAS,561001,RESTAURANTE,13/09/2026,MAYOR,4,direccion
2632237572,node,40.4222044,-3.7078499,Mesón O'Luar,regional,Calle de San Bernardo,17,28015,Madrid,,,,,,,no,SAN BERNARDO,17,SAN BERNARDO|17,10003462.0,1.0,CENTRO              ,105.0,UNIVERSIDAD         ,5.0,1112.0,112.0,439950.6,4474860.53,1.0,Puerta Calle,1.0,Abierto,661700.0,CALLE                   ,SAN BERNARDO                                      ,11006846.0,1.0,NUM,17.0,  ,10.0,661700.0,CALLE                   ,SAN BERNARDO                                      ,11006846.0,1.0,NUM,17.0,  ,,,,,,,1,IZ,"MESON O LUAR, TAPAS Y MARISCO",I,HOSTELERÍA,56,SERVICIOS DE COMIDAS Y BEBIDAS,561004,BAR RESTAURANTE,13/09/2026,SAN BERNARDO,17,direccion
2632237573,node,40.4219842,-3.7076973,Kaiten Sushi,japanese;chinese;thai;asian,Calle de San Bernardo,10,28015,Madrid,,,,,,,,SAN BERNARDO,10,SAN BERNARDO|10,270345988.0,1.0,CENTRO              ,105.0,UNIVERSIDAD         ,5.0,1115.0,115.0,439964.6,4474833.53,1.0,Puerta Calle,1.0,Abierto,661700.0,CALLE                   ,SAN BERNARDO                                      ,11007096.0,1.0,NUM,10.0,  ,30.0,661700.0,CALLE                   ,SAN BERNARDO                                      ,11007096.0,1.0,NUM,10.0,  ,,,,,,,1,A,BUFFET KAITEN SUSHI,I,HOSTELERÍA,56,SERVICIOS DE COMIDAS Y BEBIDAS,561001,RESTAURANTE,13/09/2026,SAN BERNARDO,10,direccion
2632245313,node,40.420364,-3.7080532,Cafetería Oskar,,Calle de Silva,2,28013,Madrid,,,8:00-2:30,,,,,SILVA,2,SILVA|2,10002074.0,1.0,CENTRO              ,101.0,PALACIO             ,1.0,1003.0,3.0,439935.6,4474652.53,1.0,Puerta Calle,1.0,Abierto,722400.0,CALLE                   ,SILVA                                             ,11000168.0,1.0,NUM,2.0,  ,70.0,388600.0,CALLE                   ,JACOMETREZO                                       ,31033430.0,1.0,NUM,10.0,  ,,,,,,,1,B,CAFETERIA DOMINGOS,I,HOSTELERÍA,56,SERVICIOS DE COMIDAS Y BEBIDAS,561001,RESTAURANTE,13/09/2026,SILVA,2,direccion
2632245313,node,40.420364,-3.7080532,Cafetería Oskar,,Calle de Silva,2,28013,Madrid,,,8:00-2:30,,,,,SILVA,2,SILVA|2,270037667.0,1.0,CENTRO              ,101.0,PALACIO             ,1.0,1003.0,3.0,439940.6,4474676.53,1.0,Puerta Calle,1.0,Abierto,722400.0,CALLE                   ,SILVA                                             ,11000168.0,1.0,NUM,2.0,  ,20.0,722400.0,CALLE                   ,SILVA                                             ,11000168.0,1.0,NUM,2.0,  ,,,,,,,1,J,RONG JI SHAO BING,I,HOSTELERÍA,56,SERVICIOS DE COMIDAS Y BEBIDAS,561001,RESTAURANTE,13/09/2026,SILVA,2,direccion
2632252636,node,40.4200761,-3.7078991,O' Faro Finisterre,regional,Calle de Jacometrezo,15,28013,Madrid,+34 915 47 42 40,http://www.ofarofinisterre.es/,09:00-21:00,,,,,JACOMETREZO,15,JACOMETREZO|15,10002077.0,1.0,CENTRO              ,106.0,SOL                 ,6.0,1117.0,117.0,439991.6,4474627.53,1.0,Puerta Calle,1.0,Abierto,388600.0,CALLE                   ,JACOMETREZO                                       ,11007229.0,1.0,NUM,15.0,  ,10.0,388600.0,CALLE                   ,JACOMETREZO                                       ,11007229.0,1.0,NUM,15.0,  ,,,,,,,1,14,TEAPANDA,I,HOSTELERÍA,56,SERVICIOS DE COMIDAS Y BEBIDAS,561004,BAR RESTAURANTE,13/09/2026,JACOMETREZO,15,direccion
2632252636,node,40.4200761,-3.7078991,O' Faro Finisterre,regional,Calle de Jacometrezo,15,28013,Madrid,+34 915 47 42 40,http://www.ofarofinisterre.es/,09:00-21:00,,,,,JACOMETREZO,15,JACOMETREZO|15,270051335.0,1.0,CENTRO              ,106.0,SOL                 ,6.0,1117.0,117.0,439946.6,4474622.53,1.0,Puerta Calle,1.0,Abierto,388600.0,CALLE                   ,JACOMETREZO                                       ,11007229.0,1.0,NUM,15.0,  ,70.0,388600.0,CALLE                   ,JACOMETREZO                                       ,11007229.0,1.0,NUM,15.0,  ,,,,,,,1,07,O´FARO DE FINISTERRE RESTAURANTE,I,HOSTELERÍA,56,SERVICIOS DE COMIDAS Y BEBIDAS,561004,BAR RESTAURANTE,13/09/2026,JACOMETREZO,15,direccion
2632252636,node,40.4200761,-3.7078991,O' Faro Finisterre,regional,Calle de Jacometrezo,15,28013,Madrid,+34 915 47 42 40,http://www.ofarofinisterre.es/,09:00-21:00,,,,,JACOMETREZO,15,JACOMETREZO|15,270287246.0,1.0,CENTRO              ,106.0,SOL                 ,6.0,1117.0,117.0,439961.6,4474601.53,1.0,Puerta Calle,1.0,Abierto,388600.0,CALLE                   ,JACOMETREZO                                       ,11007229.0,1.0,NUM,15.0,  ,100.0,702300.0,PLAZA                   ,SANTO DOMINGO                                     ,20181114.0,1.0,NUM,17.0,  ,,,,,,,1,03,TOPOLINO,I,HOSTELERÍA,56,SERVICIOS DE COMIDAS Y BEBIDAS,561001,RESTAURANTE,13/09/2026,JACOMETREZO,15,direccion
2632252636,node,40.4200761,-3.7078991,O' Faro Finisterre,regional,Calle de Jacometrezo,15,28013,Madrid,+34 915 47 42 40,http://www.ofarofinisterre.es/,09:00-21:00,,,,,JACOMETREZO,15,JACOMETREZO|15,270440084.0,1.0,CENTRO              ,106.0,SOL                 ,6.0,1117.0,117.0,439980.6,4474627.53,1.0,Puerta Calle,1.0,Abierto,388600.0,CALLE                   ,JACOMETREZO                                       ,11007229.0,1.0,NUM,15.0,  ,40.0,388600.0,CALLE                   ,JACOMETREZO                                       ,11007229.0,1.0,NUM,15.0,  ,,,,,,,1,10,MUESTRA,I,HOSTELERÍA,56,SERVICIOS DE COMIDAS Y BEBIDAS,561001,RESTAURANTE,13/09/2026,JACOMETREZO,15,direccion
2632252636,node,40.4200761,-3.7078991,O' Faro Finisterre,regional,Calle de Jacometrezo,15,28013,Madrid,+34 915 47 42 40,http://www.ofarofinisterre.es/,09:00-21:00,,,,,JACOMETREZO,15,JACOMETREZO|15,270440084.0,1.0,CENTRO              ,106.0,SOL                 ,6.0,1117.0,117.0,439980.6,4474627.53,1.0,Puerta Calle,1.0,Abierto,388600.0,CALLE                   ,JACOMETREZO                                       ,11007229.0,1.0,NUM,15.0,  ,40.0,388600.0,CALLE                   ,JACOMETREZO                                       ,11007229.0,1.0,NUM,15.0,  ,,,,,,,1,10,MUESTRA,I,HOSTELERÍA,56,SERVICIOS DE COMIDAS Y BEBIDAS,561004,BAR RESTAURANTE,13/09/2026,JACOMETREZO,15,direccion
2632252636,node,40.4200761,-3.7078991,O' Faro Finisterre,regional,Calle de Jacometrezo,15,28013,Madrid,+34 915 47 42 40,http://www.ofarofinisterre.es/,09:00-21:00,,,,,JACOMETREZO,15,JACOMETREZO|15,280011317.0,1.0,CENTRO              ,106.0,SOL                 ,6.0,1117.0,117.0,439955.6,4474604.53,1.0,Puerta Calle,1.0,Abierto,388600.0,CALLE                   ,JACOMETREZO                                       ,11007229.0,1.0,NUM,15.0,  ,90.0,388600.0,CALLE                   ,JACOMETREZO                                       ,11007229.0,1.0,NUM,15.0,  ,,,,,,,1,05,SHISHA,I,HOSTELERÍA,56,SERVICIOS DE COMIDAS Y BEBIDAS,561001,RESTAURANTE,13/09/2026,JACOMETREZO,15,direccion
2632252636,node,40.4200761,-3.7078991,O' Faro Finisterre,regional,Calle de Jacometrezo,15,28013,Madrid,+34 915 47 42 40,http://www.ofarofinisterre.es/,09:00-21:00,,,,,JACOMETREZO,15,JACOMETREZO|15,280011317.0,1.0,CENTRO              ,106.0,SOL                 ,6.0,1117.0,117.0,439955.6,4474604.53,1.0,Puerta Calle,1.0,Abierto,388600.0,CALLE                   ,JACOMETREZO                                       ,11007229.0,1.0,NUM,15.0,  ,90.0,388600.0,CALLE                   ,JACOMETREZO                                       ,11007229.0,1.0,NUM,15.0,  ,,,,,,,1,05,SHISHA,I,HOSTELERÍA,56,SERVICIOS DE COMIDAS Y BEBIDAS,561002,RESTAURANTES DE COMIDA RAPIDA,13/09/2026,JACOMETREZO,15,direccion
2632252636,node,40.4200761,-3.7078991,O' Faro Finisterre,regional,Calle de Jacometrezo,15,28013,Madrid,+34 915 47 42 40,http://www.ofarofinisterre.es/,09:00-21:00,,,,,JACOMETREZO,15,JACOMETREZO|15,280011313.0,1.0,CENTRO              ,106.0,SOL                 ,6.0,1117.0,117.0,439984.6,4474627.53,1.0,Puerta Calle,1.0,Abierto,388600.0,CALLE                   ,JACOMETREZO                                       ,11007229.0,1.0,NUM,15.0,  ,30.0,388600.0,CALLE                   ,JACOMETREZO                                       ,11007229.0,1.0,NUM,15.0,  ,,,,,,,1,12,DAMASCOS GATE,I,HOSTELERÍA,56,SERVICIOS DE COMIDAS Y BEBIDAS,561001,RESTAURANTE,13/09/2026,JACOMETREZO,15,direccion
2632252636,node,40.4200761,-3.7078991,O' Faro Finisterre,regional,Calle de Jacometrezo,15,28013,Madrid,+34 915 47 42 40,http://www.ofarofinisterre.es/,09:00-21:00,,,,,JACOMETREZO,15,JACOMETREZO|15,280011313.0,1.0,CENTRO              ,106.0,SOL                 ,6.0,1117.0,117.0,439984.6,4474627.53,1.0,Puerta Calle,1.0,Abierto,388600.0,CALLE                   ,JACOMETREZO                                       ,11007229.0,1.0,NUM,15.0,  ,30.0,388600.0,CALLE                   ,JACOMETREZO                                       ,11007229.0,1.0,NUM,15.0,  ,,,,,,,1,12,DAMASCOS GATE,I,HOSTELERÍA,56,SERVICIOS DE COMIDAS Y BEBIDAS,561004,BAR RESTAURANTE,13/09/2026,JACOMETREZO,15,direccion
2632252636,node,40.4200761,-3.7078991,O' Faro Finisterre,regional,Calle de Jacometrezo,15,28013,Madrid,+34 915 47 42 40,http://www.ofarofinisterre.es/,09:00-21:00,,,,,JACOMETREZO,15,JACOMETREZO|15,280011314.0,1.0,CENTRO              ,106.0,SOL                 ,6.0,1117.0,117.0,439975.6,4474627.53,1.0,Puerta Calle,1.0,Abierto,388600.0,CALLE                   ,JACOMETREZO                                       ,11007229.0,1.0,NUM,15.0,  ,50.0,388600.0,CALLE                   ,JACOMETREZO                                       ,11007229.0,1.0,NUM,15.0,  ,,,,,,,1,09,PALMERA DE BABYLON,I,HOSTELERÍA,56,SERVICIOS DE COMIDAS Y BEBIDAS,561001,RESTAURANTE,13/09/2026,JACOMETREZO,15,direccion
2632252636,node,40.4200761,-3.7078991,O' Faro Finisterre,regional,Calle de Jacometrezo,15,28013,Madrid,+34 915 47 42 40,http://www.ofarofinisterre.es/,09:00-21:00,,,,,JACOMETREZO,15,JACOMETREZO|15,280011314.0,1.0,CENTRO              ,106.0,SOL                 ,6.0,1117.0,117.0,439975.6,4474627.53,1.0,Puerta Calle,1.0,Abierto,388600.0,CALLE                   ,JACOMETREZO                                       ,11007229.0,1.0,NUM,15.0,  ,50.0,388600.0,CALLE                   ,JACOMETREZO                                       ,11007229.0,1.0,NUM,15.0,  ,,,,,,,1,09,PALMERA DE BABYLON,I,HOSTELERÍA,56,SERVICIOS DE COMIDAS Y BEBIDAS,561004,BAR RESTAURANTE,13/09/2026,JACOMETREZO,15,direccion
2632252642,node,40.4200045,-3.7078402,La Abadía,regional,Calle de Jacometrezo,15,28013,Madrid,,,Mo-Su 07:00-5:00,,,,,JACOMETREZO,15,JACOMETREZO|15,10002077.0,1.0,CENTRO              ,106.0,SOL                 ,6.0,1117.0,117.0,439991.6,4474627.53,1.0,Puerta Calle,1.0,Abierto,388600.0,CALLE                   ,JACOMETREZO                                       ,11007229.0,1.0,NUM,15.0,  ,10.0,388600.0,CALLE                   ,JACOMETREZO                                       ,11007229.0,1.0,NUM,15.0,  ,,,,,,,1,14,TEAPANDA,I,HOSTELERÍA,56,SERVICIOS DE COMIDAS Y BEBIDAS,561004,BAR RESTAURANTE,13/09/2026,JACOMETREZO,15,direccion
2632252642,node,40.4200045,-3.7078402,La Abadía,regional,Calle de Jacometrezo,15,28013,Madrid,,,Mo-Su 07:00-5:00,,,,,JACOMETREZO,15,JACOMETREZO|15,270051335.0,1.0,CENTRO              ,106.0,SOL                 ,6.0,1117.0,117.0,439946.6,4474622.53,1.0,Puerta Calle,1.0,Abierto,388600.0,CALLE                   ,JACOMETREZO                                       ,11007229.0,1.0,NUM,15.0,  ,70.0,388600.0,CALLE                   ,JACOMETREZO                                       ,11007229.0,1.0,NUM,15.0,  ,,,,,,,1,07,O´FARO DE FINISTERRE RESTAURANTE,I,HOSTELERÍA,56,SERVICIOS DE COMIDAS Y BEBIDAS,561004,BAR RESTAURANTE,13/09/2026,JACOMETREZO,15,direccion
2632252642,node,40.4200045,-3.7078402,La Abadía,regional,Calle de Jacometrezo,15,28013,Madrid,,,Mo-Su 07:00-5:00,,,,,JACOMETREZO,15,JACOMETREZO|15,270287246.0,1.0,CENTRO              ,106.0,SOL                 ,6.0,1117.0,117.0,439961.6,4474601.53,1.0,Puerta Calle,1.0,Abierto,388600.0,CALLE                   ,JACOMETREZO                                       ,11007229.0,1.0,NUM,15.0,  ,100.0,702300.0,PLAZA                   ,SANTO DOMINGO                                     ,20181114.0,1.0,NUM,17.0,  ,,,,,,,1,03,TOPOLINO,I,HOSTELERÍA,56,SERVICIOS DE COMIDAS Y BEBIDAS,561001,RESTAURANTE,13/09/2026,JACOMETREZO,15,direccion
2632252642,node,40.4200045,-3.7078402,La Abadía,regional,Calle de Jacometrezo,15,28013,Madrid,,,Mo-Su 07:00-5:00,,,,,JACOMETREZO,15,JACOMETREZO|15,270440084.0,1.0,CENTRO              ,106.0,SOL                 ,6.0,1117.0,117.0,439980.6,4474627.53,1.0,Puerta Calle,1.0,Abierto,388600.0,CALLE                   ,JACOMETREZO                                       ,11007229.0,1.0,NUM,15.0,  ,40.0,388600.0,CALLE                   ,JACOMETREZO                                       ,11007229.0,1.0,NUM,15.0,  ,,,,,,,1,10,MUESTRA,I,HOSTELERÍA,56,SERVICIOS DE COMIDAS Y BEBIDAS,561001,RESTAURANTE,13/09/2026,JACOMETREZO,15,direccion
2632252642,node,40.4200045,-3.7078402,La Abadía,regional,Calle de Jacometrezo,15,28013,Madrid,,,Mo-Su 07:00-5:00,,,,,JACOMETREZO,15,JACOMETREZO|15,270440084.0,1.0,CENTRO              ,106.0,SOL                 ,6.0,1117.0,117.0,439980.6,4474627.53,1.0,Puerta Calle,1.0,Abierto,388600.0,CALLE                   ,JACOMETREZO                                       ,11007229.0,1.0,NUM,15.0,  ,40.0,388600.0,CALLE                   ,JACOMETREZO                                       ,11007229.0,1.0,NUM,15.0,  ,,,,,,,1,10,MUESTRA,I,HOSTELERÍA,56,SERVICIOS DE COMIDAS Y BEBIDAS,561004,BAR RESTAURANTE,13/09/2026,JACOMETREZO,15,direccion
2632252642,node,40.4200045,-3.7078402,La Abadía,regional,Calle de Jacometrezo,15,28013,Madrid,,,Mo-Su 07:00-5:00,,,,,JACOMETREZO,15,JACOMETREZO|15,280011317.0,1.0,CENTRO              ,106.0,SOL                 ,6.0,1117.0,117.0,439955.6,4474604.53,1.0,Puerta Calle,1.0,Abierto,388600.0,CALLE                   ,JACOMETREZO                                       ,11007229.0,1.0,NUM,15.0,  ,90.0,388600.0,CALLE                   ,JACOMETREZO                                       ,11007229.0,1.0,NUM,15.0,  ,,,,,,,1,05,SHISHA,I,HOSTELERÍA,56,SERVICIOS DE COMIDAS Y BEBIDAS,561001,RESTAURANTE,13/09/2026,JACOMETREZO,15,direccion
2632252642,node,40.4200045,-3.7078402,La Abadía,regional,Calle de Jacometrezo,15,28013,Madrid,,,Mo-Su 07:00-5:00,,,,,JACOMETREZO,15,JACOMETREZO|15,280011317.0,1.0,CENTRO              ,106.0,SOL                 ,6.0,1117.0,117.0,439955.6,4474604.53,1.0,Puerta Calle,1.0,Abierto,388600.0,CALLE                   ,JACOMETREZO                                       ,11007229.0,1.0,NUM,15.0,  ,90.0,388600.0,CALLE                   ,JACOMETREZO                                       ,11007229.0,1.0,NUM,15.0,  ,,,,,,,1,05,SHISHA,I,HOSTELERÍA,56,SERVICIOS DE COMIDAS Y BEBIDAS,561002,RESTAURANTES DE COMIDA RAPIDA,13/09/2026,JACOMETREZO,15,direccion
2632252642,node,40.4200045,-3.7078402,La Abadía,regional,Calle de Jacometrezo,15,28013,Madrid,,,Mo-Su 07:00-5:00,,,,,JACOMETREZO,15,JACOMETREZO|15,280011313.0,1.0,CENTRO              ,106.0,SOL                 ,6.0,1117.0,117.0,439984.6,4474627.53,1.0,Puerta Calle,1.0,Abierto,388600.0,CALLE                   ,JACOMETREZO                                       ,11007229.0,1.0,NUM,15.0,  ,30.0,388600.0,CALLE                   ,JACOMETREZO                                       ,11007229.0,1.0,NUM,15.0,  ,,,,,,,1,12,DAMASCOS GATE,I,HOSTELERÍA,56,SERVICIOS DE COMIDAS Y BEBIDAS,561001,RESTAURANTE,13/09/2026,JACOMETREZO,15,direccion
2632252642,node,40.4200045,-3.7078402,La Abadía,regional,Calle de Jacometrezo,15,28013,Madrid,,,Mo-Su 07:00-5:00,,,,,JACOMETREZO,15,JACOMETREZO|15,280011313.0,1.0,CENTRO              ,106.0,SOL                 ,6.0,1117.0,117.0,439984.6,4474627.53,1.0,Puerta Calle,1.0,Abierto,388600.0,CALLE                   ,JACOMETREZO                                       ,11007229.0,1.0,NUM,15.0,  ,30.0,388600.0,CALLE                   ,JACOMETREZO                                       ,11007229.0,1.0,NUM,15.0,  ,,,,,,,1,12,DAMASCOS GATE,I,HOSTELERÍA,56,SERVICIOS DE COMIDAS Y BEBIDAS,561004,BAR RESTAURANTE,13/09/2026,JACOMETREZO,15,direccion
2632252642,node,40.4200045,-3.7078402,La Abadía,regional,Calle de Jacometrezo,15,28013,Madrid,,,Mo-Su 07:00-5:00,,,,,JACOMETREZO,15,JACOMETREZO|15,280011314.0,1.0,CENTRO              ,106.0,SOL                 ,6.0,1117.0,117.0,439975.6,4474627.53,1.0,Puerta Calle,1.0,Abierto,388600.0,CALLE                   ,JACOMETREZO                                       ,11007229.0,1.0,NUM,15.0,  ,50.0,388600.0,CALLE                   ,JACOMETREZO                                       ,11007229.0,1.0,NUM,15.0,  ,,,,,,,1,09,PALMERA DE BABYLON,I,HOSTELERÍA,56,SERVICIOS DE COMIDAS Y BEBIDAS,561001,RESTAURANTE,13/09/2026,JACOMETREZO,15,direccion
2632252642,node,40.4200045,-3.7078402,La Abadía,regional,Calle de Jacometrezo,15,28013,Madrid,,,Mo-Su 07:00-5:00,,,,,JACOMETREZO,15,JACOMETREZO|15,280011314.0,1.0,CENTRO              ,106.0,SOL                 ,6.0,1117.0,117.0,439975.6,4474627.53,1.0,Puerta Calle,1.0,Abierto,388600.0,CALLE                   ,JACOMETREZO                                       ,11007229.0,1.0,NUM,15.0,  ,50.0,388600.0,CALLE                   ,JACOMETREZO                                       ,11007229.0,1.0,NUM,15.0,  ,,,,,,,1,09,PALMERA DE BABYLON,I,HOSTELERÍA,56,SERVICIOS DE COMIDAS Y BEBIDAS,561004,BAR RESTAURANTE,13/09/2026,JACOMETREZO,15,direccion
2632252650,node,40.4199733,-3.7078185,Shisha,kebab,Calle de Jacometrezo,15,28013,Madrid,,,,,,,,JACOMETREZO,15,JACOMETREZO|15,10002077.0,1.0,CENTRO              ,106.0,SOL                 ,6.0,1117.0,117.0,439991.6,4474627.53,1.0,Puerta Calle,1.0,Abierto,388600.0,CALLE                   ,JACOMETREZO                                       ,11007229.0,1.0,NUM,15.0,  ,10.0,388600.0,CALLE                   ,JACOMETREZO                                       ,11007229.0,1.0,NUM,15.0,  ,,,,,,,1,14,TEAPANDA,I,HOSTELERÍA,56,SERVICIOS DE COMIDAS Y BEBIDAS,561004,BAR RESTAURANTE,13/09/2026,JACOMETREZO,15,direccion
2632252650,node,40.4199733,-3.7078185,Shisha,kebab,Calle de Jacometrezo,15,28013,Madrid,,,,,,,,JACOMETREZO,15,JACOMETREZO|15,270051335.0,1.0,CENTRO              ,106.0,SOL                 ,6.0,1117.0,117.0,439946.6,4474622.53,1.0,Puerta Calle,1.0,Abierto,388600.0,CALLE                   ,JACOMETREZO                                       ,11007229.0,1.0,NUM,15.0,  ,70.0,388600.0,CALLE                   ,JACOMETREZO                                       ,11007229.0,1.0,NUM,15.0,  ,,,,,,,1,07,O´FARO DE FINISTERRE RESTAURANTE,I,HOSTELERÍA,56,SERVICIOS DE COMIDAS Y BEBIDAS,561004,BAR RESTAURANTE,13/09/2026,JACOMETREZO,15,direccion
2632252650,node,40.4199733,-3.7078185,Shisha,kebab,Calle de Jacometrezo,15,28013,Madrid,,,,,,,,JACOMETREZO,15,JACOMETREZO|15,270287246.0,1.0,CENTRO              ,106.0,SOL                 ,6.0,1117.0,117.0,439961.6,4474601.53,1.0,Puerta Calle,1.0,Abierto,388600.0,CALLE                   ,JACOMETREZO                                       ,11007229.0,1.0,NUM,15.0,  ,100.0,702300.0,PLAZA                   ,SANTO DOMINGO                                     ,20181114.0,1.0,NUM,17.0,  ,,,,,,,1,03,TOPOLINO,I,HOSTELERÍA,56,SERVICIOS DE COMIDAS Y BEBIDAS,561001,RESTAURANTE,13/09/2026,JACOMETREZO,15,direccion
2632252650,node,40.4199733,-3.7078185,Shisha,kebab,Calle de Jacometrezo,15,28013,Madrid,,,,,,,,JACOMETREZO,15,JACOMETREZO|15,270440084.0,1.0,CENTRO              ,106.0,SOL                 ,6.0,1117.0,117.0,439980.6,4474627.53,1.0,Puerta Calle,1.0,Abierto,388600.0,CALLE                   ,JACOMETREZO                                       ,11007229.0,1.0,NUM,15.0,  ,40.0,388600.0,CALLE                   ,JACOMETREZO                                       ,11007229.0,1.0,NUM,15.0,  ,,,,,,,1,10,MUESTRA,I,HOSTELERÍA,56,SERVICIOS DE COMIDAS Y BEBIDAS,561001,RESTAURANTE,13/09/2026,JACOMETREZO,15,direccion
2632252650,node,40.4199733,-3.7078185,Shisha,kebab,Calle de Jacometrezo,15,28013,Madrid,,,,,,,,JACOMETREZO,15,JACOMETREZO|15,270440084.0,1.0,CENTRO              ,106.0,SOL                 ,6.0,1117.0,117.0,439980.6,4474627.53,1.0,Puerta Calle,1.0,Abierto,388600.0,CALLE                   ,JACOMETREZO                                       ,11007229.0,1.0,NUM,15.0,  ,40.0,388600.0,CALLE                   ,JACOMETREZO                                       ,11007229.0,1.0,NUM,15.0,  ,,,,,,,1,10,MUESTRA,I,HOSTELERÍA,56,SERVICIOS DE COMIDAS Y BEBIDAS,561004,BAR RESTAURANTE,13/09/2026,JACOMETREZO,15,direccion
2632252650,node,40.4199733,-3.7078185,Shisha,kebab,Calle de Jacometrezo,15,28013,Madrid,,,,,,,,JACOMETREZO,15,JACOMETREZO|15,280011317.0,1.0,CENTRO              ,106.0,SOL                 ,6.0,1117.0,117.0,439955.6,4474604.53,1.0,Puerta Calle,1.0,Abierto,388600.0,CALLE                   ,JACOMETREZO                                       ,11007229.0,1.0,NUM,15.0,  ,90.0,388600.0,CALLE                   ,JACOMETREZO                                       ,11007229.0,1.0,NUM,15.0,  ,,,,,,,1,05,SHISHA,I,HOSTELERÍA,56,SERVICIOS DE COMIDAS Y BEBIDAS,561001,RESTAURANTE,13/09/2026,JACOMETREZO,15,direccion
2632252650,node,40.4199733,-3.7078185,Shisha,kebab,Calle de Jacometrezo,15,28013,Madrid,,,,,,,,JACOMETREZO,15,JACOMETREZO|15,280011317.0,1.0,CENTRO              ,106.0,SOL                 ,6.0,1117.0,117.0,439955.6,4474604.53,1.0,Puerta Calle,1.0,Abierto,388600.0,CALLE                   ,JACOMETREZO                                       ,11007229.0,1.0,NUM,15.0,  ,90.0,388600.0,CALLE                   ,JACOMETREZO                                       ,11007229.0,1.0,NUM,15.0,  ,,,,,,,1,05,SHISHA,I,HOSTELERÍA,56,SERVICIOS DE COMIDAS Y BEBIDAS,561002,RESTAURANTES DE COMIDA RAPIDA,13/09/2026,JACOMETREZO,15,direccion
2632252650,node,40.4199733,-3.7078185,Shisha,kebab,Calle de Jacometrezo,15,28013,Madrid,,,,,,,,JACOMETREZO,15,JACOMETREZO|15,280011313.0,1.0,CENTRO              ,106.0,SOL                 ,6.0,1117.0,117.0,439984.6,4474627.53,1.0,Puerta Calle,1.0,Abierto,388600.0,CALLE                   ,JACOMETREZO                                       ,11007229.0,1.0,NUM,15.0,  ,30.0,388600.0,CALLE                   ,JACOMETREZO                                       ,11007229.0,1.0,NUM,15.0,  ,,,,,,,1,12,DAMASCOS GATE,I,HOSTELERÍA,56,SERVICIOS DE COMIDAS Y BEBIDAS,561001,RESTAURANTE,13/09/2026,JACOMETREZO,15,direccion
2632252650,node,40.4199733,-3.7078185,Shisha,kebab,Calle de Jacometrezo,15,28013,Madrid,,,,,,,,JACOMETREZO,15,JACOMETREZO|15,280011313.0,1.0,CENTRO              ,106.0,SOL                 ,6.0,1117.0,117.0,439984.6,4474627.53,1.0,Puerta Calle,1.0,Abierto,388600.0,CALLE                   ,JACOMETREZO                                       ,11007229.0,1.0,NUM,15.0,  ,30.0,388600.0,CALLE                   ,JACOMETREZO                                       ,11007229.0,1.0,NUM,15.0,  ,,,,,,,1,12,DAMASCOS GATE,I,HOSTELERÍA,56,SERVICIOS DE COMIDAS Y BEBIDAS,561004,BAR RESTAURANTE,13/09/2026,JACOMETREZO,15,direccion
2632252650,node,40.4199733,-3.7078185,Shisha,kebab,Calle de Jacometrezo,15,28013,Madrid,,,,,,,,JACOMETREZO,15,JACOMETREZO|15,280011314.0,1.0,CENTRO              ,106.0,SOL                 ,6.0,1117.0,117.0,439975.6,4474627.53,1.0,Puerta Calle,1.0,Abierto,388600.0,CALLE                   ,JACOMETREZO                                       ,11007229.0,1.0,NUM,15.0,  ,50.0,388600.0,CALLE                   ,JACOMETREZO                                       ,11007229.0,1.0,NUM,15.0,  ,,,,,,,1,09,PALMERA DE BABYLON,I,HOSTELERÍA,56,SERVICIOS DE COMIDAS Y BEBIDAS,561001,RESTAURANTE,13/09/2026,JACOMETREZO,15,direccion
2632252650,node,40.4199733,-3.7078185,Shisha,kebab,Calle de Jacometrezo,15,28013,Madrid,,,,,,,,JACOMETREZO,15,JACOMETREZO|15,280011314.0,1.0,CENTRO              ,106.0,SOL                 ,6.0,1117.0,117.0,439975.6,4474627.53,1.0,Puerta Calle,1.0,Abierto,388600.0,CALLE                   ,JACOMETREZO                                       ,11007229.0,1.0,NUM,15.0,  ,50.0,388600.0,CALLE                   ,JACOMETREZO                                       ,11007229.0,1.0,NUM,15.0,  ,,,,,,,1,09,PALMERA DE BABYLON,I,HOSTELERÍA,56,SERVICIOS DE COMIDAS Y BEBIDAS,561004,BAR RESTAURANTE,13/09/2026,JACOMETREZO,15,direccion
2632261940,node,40.4194778,-3.7076436,Nan Nan,hotpot,Calle de las Veneras,7,28013,Madrid,,,,,,,,VENERAS,7,VENERAS|7,270051378.0,1.0,CENTRO              ,106.0,SOL                 ,6.0,1117.0,117.0,439969.6,4474552.53,1.0,Puerta Calle,1.0,Abierto,774000.0,CALLE                   ,VENERAS                                           ,11007243.0,1.0,NUM,7.0,  ,10.0,774000.0,CALLE                   ,VENERAS                                           ,11007243.0,1.0,NUM,7.0,  ,,,,,,,1,IZ,SPORT BAR,I,HOSTELERÍA,56,SERVICIOS DE COMIDAS Y BEBIDAS,561004,BAR RESTAURANTE,13/09/2026,VENERAS,7,direccion
2632261941,node,40.4194528,-3.707627,La Deportiva,spanish,Calle de las Veneras,7,28013,Madrid,,,,,,,,VENERAS,7,VENERAS|7,270051378.0,1.0,CENTRO              ,106.0,SOL                 ,6.0,1117.0,117.0,439969.6,4474552.53,1.0,Puerta Calle,1.0,Abierto,774000.0,CALLE                   ,VENERAS                                           ,11007243.0,1.0,NUM,7.0,  ,10.0,774000.0,CALLE                   ,VENERAS                                           ,11007243.0,1.0,NUM,7.0,  ,,,,,,,1,IZ,SPORT BAR,I,HOSTELERÍA,56,SERVICIOS DE COMIDAS Y BEBIDAS,561004,BAR RESTAURANTE,13/09/2026,VENERAS,7,direccion
2632263192,node,40.4193115,-3.7075029,Mareas Vivas,regional,Calle de las Veneras,3,28013,Madrid,,,,,,,,VENERAS,3,VENERAS|3,270473115.0,1.0,CENTRO              ,106.0,SOL                 ,6.0,1117.0,117.0,439978.6,4474537.53,1.0,Puerta Calle,1.0,Abierto,774000.0,CALLE                   ,VENERAS                                           ,11007245.0,1.0,NUM,3.0,  ,10.0,774000.0,CALLE                   ,VENERAS                                           ,11007245.0,1.0,NUM,3.0,  ,,,,,,,1,01,RESTAURANTE MAREAS VIVAS,I,HOSTELERÍA,56,SERVICIOS DE COMIDAS Y BEBIDAS,561001,RESTAURANTE,13/09/2026,VENERAS,3,direccion
2639172447,node,40.4128842,-3.7083007,Taberna del Capitán Alatriste,madrileña;regional,Calle de Grafal,7,28005,Madrid,+34 913 66 18 83,https://tabernadelcapitanalatriste.com/,"Tu-Su 13:00-16:00,20:00-24:00",,,,no,GRAFAL,7,GRAFAL|7,270532421.0,1.0,CENTRO              ,101.0,PALACIO             ,1.0,1012.0,12.0,439904.59,4473828.53,1.0,Puerta Calle,1.0,Abierto,342500.0,CALLE                   ,GRAFAL                                            ,20004022.0,1.0,NUM,7.0,  ,10.0,342500.0,CALLE                   ,GRAFAL                                            ,20004022.0,1.0,NUM,7.0,  ,,,,,,,1,01,CAPITAN ALA TRISTE,I,HOSTELERÍA,56,SERVICIOS DE COMIDAS Y BEBIDAS,561001,RESTAURANTE,13/09/2026,GRAFAL,7,direccion
2639581530,node,40.4240471,-3.709858,Asador de Hongkongnes,chinese,Calle de los Reyes,12,28015,Madrid,,,,,,,limited,REYES,12,REYES|12,10002967.0,1.0,CENTRO              ,105.0,UNIVERSIDAD         ,5.0,1111.0,111.0,439782.6,4475065.53,1.0,Puerta Calle,1.0,Abierto,638700.0,CALLE                   ,REYES                                             ,11006759.0,1.0,NUM,12.0,  ,10.0,638700.0,CALLE                   ,REYES                                             ,11006759.0,1.0,NUM,12.0,  ,,,,,,,1,01,RESTAURANTE DE HONG KONGNES,I,HOSTELERÍA,56,SERVICIOS DE COMIDAS Y BEBIDAS,561001,RESTAURANTE,13/09/2026,REYES,12,direccion
2639581530,node,40.4240471,-3.709858,Asador de Hongkongnes,chinese,Calle de los Reyes,12,28015,Madrid,,,,,,,limited,REYES,12,REYES|12,270304145.0,1.0,CENTRO              ,105.0,UNIVERSIDAD         ,5.0,1111.0,111.0,439787.6,4475068.53,1.0,Puerta Calle,1.0,Abierto,638700.0,CALLE                   ,REYES                                             ,11006759.0,1.0,NUM,12.0,  ,20.0,638700.0,CALLE                   ,REYES                                             ,11006759.0,1.0,NUM,12.0,  ,,,,,,,1,02,RESTAURANTE JIN LING,I,HOSTELERÍA,56,SERVICIOS DE COMIDAS Y BEBIDAS,561004,BAR RESTAURANTE,13/09/2026,REYES,12,direccion
2639608412,node,40.4177056,-3.7093085,Asador Real,regional,Plaza de Isabel II,1,28013,Madrid,+34 91 547 1111,https://www.asadorreal.com/,,,,,,ISABEL II,1,ISABEL II|1,10001127.0,1.0,CENTRO              ,101.0,PALACIO             ,1.0,1006.0,6.0,439828.6,4474367.53,1.0,Puerta Calle,1.0,Abierto,378200.0,PLAZA                   ,ISABEL II                                         ,11000396.0,1.0,NUM,1.0,  ,20.0,378200.0,PLAZA                   ,ISABEL II                                         ,11000396.0,1.0,NUM,1.0,  ,,,,,,,1,DR,MCDONALD,I,HOSTELERÍA,56,SERVICIOS DE COMIDAS Y BEBIDAS,561002,RESTAURANTES DE COMIDA RAPIDA,13/09/2026,ISABEL II,1,direccion
2639608412,node,40.4177056,-3.7093085,Asador Real,regional,Plaza de Isabel II,1,28013,Madrid,+34 91 547 1111,https://www.asadorreal.com/,,,,,,ISABEL II,1,ISABEL II|1,270372066.0,1.0,CENTRO              ,101.0,PALACIO             ,1.0,1006.0,6.0,439824.6,4474363.53,1.0,Puerta Calle,1.0,Abierto,378200.0,PLAZA                   ,ISABEL II                                         ,11000396.0,1.0,NUM,1.0,  ,30.0,271100.0,CALLE                   ,ESCALINATA                                        ,31029635.0,1.0,NUM,12.0,  ,,,,,,,0,01,EL ASADOR REAL,I,HOSTELERÍA,56,SERVICIOS DE COMIDAS Y BEBIDAS,561001,RESTAURANTE,13/09/2026,ISABEL II,1,direccion
2639629712,node,40.4246662,-3.7113161,La Chalana,regional,Calle de San Leonardo,12,28015,Madrid,+34 91 5417683,https://www.lachalana.com/,,no,,,no,SAN LEONARDO,12,SAN LEONARDO|12,280011026.0,1.0,CENTRO              ,105.0,UNIVERSIDAD         ,5.0,1111.0,111.0,439657.6,4475135.54,1.0,Puerta Calle,1.0,Abierto,676200.0,CALLE                   ,SAN LEONARDO                                      ,11006781.0,1.0,NUM,12.0,  ,10.0,676200.0,CALLE                   ,SAN LEONARDO                                      ,11006781.0,1.0,NUM,12.0,  ,,,,,,,1,DR,REDBAR,I,HOSTELERÍA,56,SERVICIOS DE COMIDAS Y BEBIDAS,561004,BAR RESTAURANTE,13/09/2026,SAN LEONARDO,12,direccion
2642299082,node,40.4237936,-3.7028378,Casa Fidel,regional,Calle de El Escorial,6,28004,Madrid,+34 915 31 77 36,,"Mo-Fr 10:00-16:00,21:00-00:30; Sa 12:30-16:00,21:00-00:30; Su 12:00-16:30",,,,,EL ESCORIAL,6,EL ESCORIAL|6,10003468.0,1.0,CENTRO              ,105.0,UNIVERSIDAD         ,5.0,1094.0,94.0,440378.59,4475032.53,1.0,Puerta Calle,1.0,Abierto,271700.0,CALLE                   ,EL ESCORIAL                                       ,11005560.0,1.0,NUM,6.0,  ,20.0,271700.0,CALLE                   ,EL ESCORIAL                                       ,11005560.0,1.0,NUM,6.0,  ,,,,,,,1,DR,CASA FIDEL,I,HOSTELERÍA,56,SERVICIOS DE COMIDAS Y BEBIDAS,561001,RESTAURANTE,13/09/2026,EL ESCORIAL,6,direccion
2643652953,node,40.422113,-3.7058075,La Rayúa,regional,Calle de la Luna,3,28004,Madrid,,,,,,,limited,LUNA,3,LUNA|3,270310779.0,1.0,CENTRO              ,105.0,UNIVERSIDAD         ,5.0,1115.0,115.0,440124.6,4474847.53,1.0,Puerta Calle,1.0,Abierto,449600.0,CALLE                   ,LUNA                                              ,11007085.0,1.0,NUM,3.0,  ,10.0,449600.0,CALLE                   ,LUNA                                              ,11007085.0,1.0,NUM,3.0,  ,,,,,,,1,IZ,LA RAYUA,I,HOSTELERÍA,56,SERVICIOS DE COMIDAS Y BEBIDAS,561001,RESTAURANTE,13/09/2026,LUNA,3,direccion
2643887893,node,40.4183956,-3.7075337,Califa,,Calle de los Trujillos,3,28013,Madrid,+34 91 5599360,http://www.califamadrid.com/,,,,,,TRUJILLOS,3,TRUJILLOS|3,270549674.0,1.0,CENTRO              ,106.0,SOL                 ,6.0,1117.0,117.0,439994.59,4474432.53,1.0,Puerta Calle,1.0,Abierto,756100.0,TRAVESIA                ,TRUJILLOS                                         ,20006584.0,1.0,NUM,3.0,  ,20.0,678200.0,PLAZA                   ,SAN MARTIN                                        ,11007288.0,1.0,NUM,2.0,  ,,,,,,,1,08,CANTINA CANALLA,I,HOSTELERÍA,56,SERVICIOS DE COMIDAS Y BEBIDAS,561004,BAR RESTAURANTE,13/09/2026,TRUJILLOS,3,direccion
2643887893,node,40.4183956,-3.7075337,Califa,,Calle de los Trujillos,3,28013,Madrid,+34 91 5599360,http://www.califamadrid.com/,,,,,,TRUJILLOS,3,TRUJILLOS|3,280012134.0,1.0,CENTRO              ,106.0,SOL                 ,6.0,1117.0,117.0,439974.59,4474441.53,1.0,Puerta Calle,1.0,Abierto,756000.0,CALLE                   ,TRUJILLOS                                         ,20147565.0,1.0,NUM,3.0,  ,20.0,756000.0,CALLE                   ,TRUJILLOS                                         ,20147565.0,1.0,NUM,3.0,  ,,,,,,,1,01,EL CALIFA,I,HOSTELERÍA,56,SERVICIOS DE COMIDAS Y BEBIDAS,561004,BAR RESTAURANTE,13/09/2026,TRUJILLOS,3,direccion
2643887895,node,40.4189847,-3.7074466,Casa Valiño,regional,Calle de los Trujillos,9,28013,Madrid,+34 915 47 30 58,,Mo-Sa 10:00-1:00,,,,,TRUJILLOS,9,TRUJILLOS|9,270362059.0,1.0,CENTRO              ,106.0,SOL                 ,6.0,1117.0,117.0,439980.6,4474494.53,1.0,Puerta Calle,1.0,Abierto,756000.0,CALLE                   ,TRUJILLOS                                         ,11007274.0,1.0,NUM,9.0,  ,10.0,756000.0,CALLE                   ,TRUJILLOS                                         ,11007274.0,1.0,NUM,9.0,  ,,,,,,,1,IZ,EL LLAGAR DE PARRONDO,I,HOSTELERÍA,56,SERVICIOS DE COMIDAS Y BEBIDAS,561004,BAR RESTAURANTE,13/09/2026,TRUJILLOS,9,direccion
2643887896,node,40.4190175,-3.7073218,Igo Ramen,noodle,Calle de las Navas de Tolosa,9,28013,Madrid,,,,,,,,NAVAS DE TOLOSA,9,NAVAS DE TOLOSA|9,280011372.0,1.0,CENTRO              ,106.0,SOL                 ,6.0,1117.0,117.0,440008.59,4474513.53,1.0,Puerta Calle,1.0,Abierto,531200.0,CALLE                   ,NAVAS DE TOLOSA                                   ,11007284.0,1.0,NUM,9.0,  ,10.0,531200.0,CALLE                   ,NAVAS DE TOLOSA                                   ,11007284.0,1.0,NUM,9.0,  ,,,,,,,1,01,LETRA SUELTA SOBRE DINTEL DE ACCESO SIN SUPERAR ANCHO DE HUECO,I,HOSTELERÍA,56,SERVICIOS DE COMIDAS Y BEBIDAS,561001,RESTAURANTE,13/09/2026,NAVAS DE TOLOSA,9,direccion
2643887896,node,40.4190175,-3.7073218,Igo Ramen,noodle,Calle de las Navas de Tolosa,9,28013,Madrid,,,,,,,,NAVAS DE TOLOSA,9,NAVAS DE TOLOSA|9,280011373.0,1.0,CENTRO              ,106.0,SOL                 ,6.0,1117.0,117.0,439993.6,4474508.53,1.0,Puerta Calle,1.0,Abierto,531200.0,CALLE                   ,NAVAS DE TOLOSA                                   ,11007284.0,1.0,NUM,9.0,  ,20.0,531200.0,CALLE                   ,NAVAS DE TOLOSA                                   ,11007284.0,1.0,NUM,9.0,  ,,,,,,,1,02,IGO RAMEN,I,HOSTELERÍA,56,SERVICIOS DE COMIDAS Y BEBIDAS,561001,RESTAURANTE,13/09/2026,NAVAS DE TOLOSA,9,direccion
2643887898,node,40.4187834,-3.7074757,El Zagal,regional,Calle de los Trujillos,7,28013,Madrid,+34 915420557,http://www.elzagalmadrid.com/HOME.html,,,,,,TRUJILLOS,7,TRUJILLOS|7,270051450.0,1.0,CENTRO              ,106.0,SOL                 ,6.0,1117.0,117.0,439979.6,4474481.53,1.0,Puerta Calle,1.0,Abierto,756000.0,CALLE                   ,TRUJILLOS                                         ,11007275.0,1.0,NUM,7.0,  ,30.0,756000.0,CALLE                   ,TRUJILLOS                                         ,11007275.0,1.0,NUM,7.0,  ,,,,,,,1,C1,RESTAURANTE  EL ZAGAL,I,HOSTELERÍA,56,SERVICIOS DE COMIDAS Y BEBIDAS,561004,BAR RESTAURANTE,13/09/2026,TRUJILLOS,7,direccion
2643887898,node,40.4187834,-3.7074757,El Zagal,regional,Calle de los Trujillos,7,28013,Madrid,+34 915420557,http://www.elzagalmadrid.com/HOME.html,,,,,,TRUJILLOS,7,TRUJILLOS|7,270051450.0,1.0,CENTRO              ,106.0,SOL                 ,6.0,1117.0,117.0,439979.6,4474481.53,1.0,Puerta Calle,1.0,Abierto,756000.0,CALLE                   ,TRUJILLOS                                         ,11007275.0,1.0,NUM,7.0,  ,30.0,756000.0,CALLE                   ,TRUJILLOS                                         ,11007275.0,1.0,NUM,7.0,  ,,,,,,,1,C1,RESTAURANTE  EL ZAGAL,I,HOSTELERÍA,56,SERVICIOS DE COMIDAS Y BEBIDAS,561001,RESTAURANTE,13/09/2026,TRUJILLOS,7,direccion
2643887906,node,40.4186817,-3.7074887,Hot Pot de Sichuan,,Calle de los Trujillos,7,28013,Madrid,+34 910 66 98 36,https://hotpot.es/,"Mo-Th 13:00-16:00, 19:00-00:00; Fr-Su 13:00-00:00",,,,,TRUJILLOS,7,TRUJILLOS|7,270051450.0,1.0,CENTRO              ,106.0,SOL                 ,6.0,1117.0,117.0,439979.6,4474481.53,1.0,Puerta Calle,1.0,Abierto,756000.0,CALLE                   ,TRUJILLOS                                         ,11007275.0,1.0,NUM,7.0,  ,30.0,756000.0,CALLE                   ,TRUJILLOS                                         ,11007275.0,1.0,NUM,7.0,  ,,,,,,,1,C1,RESTAURANTE  EL ZAGAL,I,HOSTELERÍA,56,SERVICIOS DE COMIDAS Y BEBIDAS,561004,BAR RESTAURANTE,13/09/2026,TRUJILLOS,7,direccion
2643887906,node,40.4186817,-3.7074887,Hot Pot de Sichuan,,Calle de los Trujillos,7,28013,Madrid,+34 910 66 98 36,https://hotpot.es/,"Mo-Th 13:00-16:00, 19:00-00:00; Fr-Su 13:00-00:00",,,,,TRUJILLOS,7,TRUJILLOS|7,270051450.0,1.0,CENTRO              ,106.0,SOL                 ,6.0,1117.0,117.0,439979.6,4474481.53,1.0,Puerta Calle,1.0,Abierto,756000.0,CALLE                   ,TRUJILLOS                                         ,11007275.0,1.0,NUM,7.0,  ,30.0,756000.0,CALLE                   ,TRUJILLOS                                         ,11007275.0,1.0,NUM,7.0,  ,,,,,,,1,C1,RESTAURANTE  EL ZAGAL,I,HOSTELERÍA,56,SERVICIOS DE COMIDAS Y BEBIDAS,561001,RESTAURANTE,13/09/2026,TRUJILLOS,7,direccion
2643893663,node,40.4178177,-3.7076313,El Escarpín,regional,Calle de las Hileras,17,28013,Madrid,+34 91 559 99 57,https://elescarpinsidreria.com/,Mo-Su 09:00-23:30,,,,no,HILERAS,17,HILERAS|17,10002084.0,1.0,CENTRO              ,106.0,SOL                 ,6.0,1124.0,124.0,439966.59,4474376.53,1.0,Puerta Calle,1.0,Abierto,363200.0,CALLE                   ,HILERAS                                           ,20007126.0,1.0,NUM,17.0,  ,10.0,363200.0,CALLE                   ,HILERAS                                           ,20007126.0,1.0,NUM,17.0,  ,,,,,,,1,03,EL ESCARPIN,I,HOSTELERÍA,56,SERVICIOS DE COMIDAS Y BEBIDAS,561001,RESTAURANTE,13/09/2026,HILERAS,17,direccion
2643893663,node,40.4178177,-3.7076313,El Escarpín,regional,Calle de las Hileras,17,28013,Madrid,+34 91 559 99 57,https://elescarpinsidreria.com/,Mo-Su 09:00-23:30,,,,no,HILERAS,17,HILERAS|17,280011966.0,1.0,CENTRO              ,106.0,SOL                 ,6.0,1124.0,124.0,439977.59,4474392.53,1.0,Puerta Calle,1.0,Abierto,363200.0,CALLE                   ,HILERAS                                           ,20007126.0,1.0,NUM,17.0,  ,30.0,363200.0,CALLE                   ,HILERAS                                           ,20007126.0,1.0,NUM,17.0,  ,,,,,,,1,02,TSG STEAK,I,HOSTELERÍA,56,SERVICIOS DE COMIDAS Y BEBIDAS,561001,RESTAURANTE,13/09/2026,HILERAS,17,direccion
2643911162,node,40.4169967,-3.7081706,El Cogollo de la Descarga,regional,Calle de las Hileras,6,28013,Madrid,+34 911 96 03 51,,,,,,no,HILERAS,6,HILERAS|6,10001233.0,1.0,CENTRO              ,106.0,SOL                 ,6.0,1123.0,123.0,439918.59,4474281.53,1.0,Puerta Calle,1.0,Abierto,363200.0,CALLE                   ,HILERAS                                           ,20147765.0,1.0,NUM,6.0,  ,20.0,363200.0,CALLE                   ,HILERAS                                           ,20147765.0,1.0,NUM,6.0,  ,,,,,,,1,B,EL COGOLLO DE LA DESCARGA,I,HOSTELERÍA,56,SERVICIOS DE COMIDAS Y BEBIDAS,561001,RESTAURANTE,13/09/2026,HILERAS,6,direccion
2645501124,node,40.4240802,-3.7097849,Jin Ling,chinese,Calle de los Reyes,12,28015,Madrid,,,,,,,limited,REYES,12,REYES|12,10002967.0,1.0,CENTRO              ,105.0,UNIVERSIDAD         ,5.0,1111.0,111.0,439782.6,4475065.53,1.0,Puerta Calle,1.0,Abierto,638700.0,CALLE                   ,REYES                                             ,11006759.0,1.0,NUM,12.0,  ,10.0,638700.0,CALLE                   ,REYES                                             ,11006759.0,1.0,NUM,12.0,  ,,,,,,,1,01,RESTAURANTE DE HONG KONGNES,I,HOSTELERÍA,56,SERVICIOS DE COMIDAS Y BEBIDAS,561001,RESTAURANTE,13/09/2026,REYES,12,direccion
2645501124,node,40.4240802,-3.7097849,Jin Ling,chinese,Calle de los Reyes,12,28015,Madrid,,,,,,,limited,REYES,12,REYES|12,270304145.0,1.0,CENTRO              ,105.0,UNIVERSIDAD         ,5.0,1111.0,111.0,439787.6,4475068.53,1.0,Puerta Calle,1.0,Abierto,638700.0,CALLE                   ,REYES                                             ,11006759.0,1.0,NUM,12.0,  ,20.0,638700.0,CALLE                   ,REYES                                             ,11006759.0,1.0,NUM,12.0,  ,,,,,,,1,02,RESTAURANTE JIN LING,I,HOSTELERÍA,56,SERVICIOS DE COMIDAS Y BEBIDAS,561004,BAR RESTAURANTE,13/09/2026,REYES,12,direccion
2645501131,node,40.4241051,-3.7097242,Shi Shang,chinese,Calle de los Reyes,10,28015,Madrid,,,,,,,no,REYES,10,REYES|10,280011076.0,1.0,CENTRO              ,105.0,UNIVERSIDAD         ,5.0,1111.0,111.0,439791.6,4475071.53,1.0,Puerta Calle,1.0,Abierto,638700.0,CALLE                   ,REYES                                             ,11006758.0,1.0,NUM,10.0,  ,10.0,638700.0,CALLE                   ,REYES                                             ,11006758.0,1.0,NUM,10.0,  ,,,,,,,1,IZ,RESTAURANTE NASSIB,I,HOSTELERÍA,56,SERVICIOS DE COMIDAS Y BEBIDAS,561001,RESTAURANTE,13/09/2026,REYES,10,direccion
2645520105,node,40.4237667,-3.7100657,Taberna Rincón de Reyes,regional,Calle de los Reyes,21,28015,Madrid,,,,,,,no,REYES,21,REYES|21,10002968.0,1.0,CENTRO              ,105.0,UNIVERSIDAD         ,5.0,1112.0,112.0,439764.6,4475035.54,1.0,Puerta Calle,1.0,Abierto,638700.0,CALLE                   ,REYES                                             ,11006843.0,1.0,NUM,21.0,  ,20.0,638700.0,CALLE                   ,REYES                                             ,11006843.0,1.0,NUM,21.0,  ,,,,,,,1,DR,TABERNA RINCON DE REYES,I,HOSTELERÍA,56,SERVICIOS DE COMIDAS Y BEBIDAS,561001,RESTAURANTE,13/09/2026,REYES,21,direccion
2645525102,node,40.4221364,-3.7057086,Chun Li dumpling house,chinese,Calle de la Luna,12,28004,Madrid,,,,,,,no,LUNA,12,LUNA|12,285003822.0,1.0,CENTRO              ,105.0,UNIVERSIDAD         ,5.0,1114.0,114.0,440133.6,4474849.53,1.0,Puerta Calle,1.0,Abierto,449600.0,CALLE                   ,LUNA                                              ,11006977.0,1.0,NUM,12.0,  ,10.0,449600.0,CALLE                   ,LUNA                                              ,11006977.0,1.0,NUM,12.0,  ,,,,,,,1,IZ,CHUN LI DUMPLINGS,I,HOSTELERÍA,56,SERVICIOS DE COMIDAS Y BEBIDAS,561001,RESTAURANTE,13/09/2026,LUNA,12,direccion
2645525102,node,40.4221364,-3.7057086,Chun Li dumpling house,chinese,Calle de la Luna,12,28004,Madrid,,,,,,,no,LUNA,12,LUNA|12,285003823.0,1.0,CENTRO              ,105.0,UNIVERSIDAD         ,5.0,1114.0,114.0,440138.6,4474844.53,1.0,Puerta Calle,1.0,Abierto,449600.0,CALLE                   ,LUNA                                              ,11006977.0,1.0,NUM,12.0,  ,20.0,449600.0,CALLE                   ,LUNA                                              ,11006977.0,1.0,NUM,12.0,  ,,,,,,,1,DR,YE JI GOURMET,I,HOSTELERÍA,56,SERVICIOS DE COMIDAS Y BEBIDAS,561004,BAR RESTAURANTE,13/09/2026,LUNA,12,direccion
2645863018,node,40.4251547,-3.7044697,Taberna Griega,greek,Calle del Tesoro,6,28004,Madrid,+34 91 532 58 97,https://tabernagriega.com/,"Tu-Su 13:30-16:00,20:30-24:00",,,,,TESORO,6,TESORO|6,270048704.0,1.0,CENTRO              ,105.0,UNIVERSIDAD         ,5.0,1100.0,100.0,440241.6,4475184.53,1.0,Puerta Calle,1.0,Abierto,740900.0,CALLE                   ,TESORO                                            ,11006049.0,1.0,NUM,6.0,  ,30.0,740900.0,CALLE                   ,TESORO                                            ,11006049.0,1.0,NUM,6.0,  ,,,,,,,1,C,TABERNA GRIEGA,I,HOSTELERÍA,56,SERVICIOS DE COMIDAS Y BEBIDAS,561001,RESTAURANTE,13/09/2026,TESORO,6,direccion
2645863018,node,40.4251547,-3.7044697,Taberna Griega,greek,Calle del Tesoro,6,28004,Madrid,+34 91 532 58 97,https://tabernagriega.com/,"Tu-Su 13:30-16:00,20:30-24:00",,,,,TESORO,6,TESORO|6,280010635.0,1.0,CENTRO              ,105.0,UNIVERSIDAD         ,5.0,1100.0,100.0,440239.6,4475219.53,1.0,Puerta Calle,1.0,Abierto,740900.0,CALLE                   ,TESORO                                            ,11006049.0,1.0,NUM,6.0,  ,40.0,275700.0,CALLE                   ,ESPIRITU SANTO                                    ,11006047.0,1.0,NUM,21.0,  ,,,,,,,1,E,LA BLANCA PALOMA,I,HOSTELERÍA,56,SERVICIOS DE COMIDAS Y BEBIDAS,561004,BAR RESTAURANTE,13/09/2026,TESORO,6,direccion
2651743628,node,40.4216236,-3.7047287,Elemental Bistro,,Corredera Baja de San Pablo,4,28004,Madrid,+34 911 47 52 37,,,,,,,CORREDERA BAJA DE SAN PABLO,4,CORREDERA BAJA DE SAN PABLO|4,10001989.0,1.0,CENTRO              ,105.0,UNIVERSIDAD         ,5.0,1116.0,116.0,440214.59,4474792.53,1.0,Puerta Calle,1.0,Abierto,212400.0,CALLE                   ,CORREDERA BAJA DE SAN PABLO                       ,20006402.0,1.0,NUM,4.0,  ,40.0,212400.0,CALLE                   ,CORREDERA BAJA DE SAN PABLO                       ,20006402.0,1.0,NUM,4.0,  ,,,,,,,1,01,ELEMENTAL BISTRO,I,HOSTELERÍA,56,SERVICIOS DE COMIDAS Y BEBIDAS,561001,RESTAURANTE,13/09/2026,CORREDERA BAJA DE SAN PABLO,4,direccion
2651743628,node,40.4216236,-3.7047287,Elemental Bistro,,Corredera Baja de San Pablo,4,28004,Madrid,+34 911 47 52 37,,,,,,,CORREDERA BAJA DE SAN PABLO,4,CORREDERA BAJA DE SAN PABLO|4,270202860.0,1.0,CENTRO              ,105.0,UNIVERSIDAD         ,5.0,1116.0,116.0,440217.59,4474796.53,1.0,Puerta Calle,1.0,Abierto,212400.0,CALLE                   ,CORREDERA BAJA DE SAN PABLO                       ,20006402.0,1.0,NUM,4.0,  ,30.0,212400.0,CALLE                   ,CORREDERA BAJA DE SAN PABLO                       ,20006402.0,1.0,NUM,4.0,  ,,,,,,,1,02,MALPIKA,I,HOSTELERÍA,56,SERVICIOS DE COMIDAS Y BEBIDAS,561004,BAR RESTAURANTE,13/09/2026,CORREDERA BAJA DE SAN PABLO,4,direccion
2651743629,node,40.4216548,-3.7046979,Malpica,regional,Corredera Baja de San Pablo,4,28004,Madrid,+34 911 28 17 61,http://www.malpicabar.com/,Mo-Fr 10:00-01:00; Sa-Su 11:00-02:30,no,,,no,CORREDERA BAJA DE SAN PABLO,4,CORREDERA BAJA DE SAN PABLO|4,10001989.0,1.0,CENTRO              ,105.0,UNIVERSIDAD         ,5.0,1116.0,116.0,440214.59,4474792.53,1.0,Puerta Calle,1.0,Abierto,212400.0,CALLE                   ,CORREDERA BAJA DE SAN PABLO                       ,20006402.0,1.0,NUM,4.0,  ,40.0,212400.0,CALLE                   ,CORREDERA BAJA DE SAN PABLO                       ,20006402.0,1.0,NUM,4.0,  ,,,,,,,1,01,ELEMENTAL BISTRO,I,HOSTELERÍA,56,SERVICIOS DE COMIDAS Y BEBIDAS,561001,RESTAURANTE,13/09/2026,CORREDERA BAJA DE SAN PABLO,4,direccion
2651743629,node,40.4216548,-3.7046979,Malpica,regional,Corredera Baja de San Pablo,4,28004,Madrid,+34 911 28 17 61,http://www.malpicabar.com/,Mo-Fr 10:00-01:00; Sa-Su 11:00-02:30,no,,,no,CORREDERA BAJA DE SAN PABLO,4,CORREDERA BAJA DE SAN PABLO|4,270202860.0,1.0,CENTRO              ,105.0,UNIVERSIDAD         ,5.0,1116.0,116.0,440217.59,4474796.53,1.0,Puerta Calle,1.0,Abierto,212400.0,CALLE                   ,CORREDERA BAJA DE SAN PABLO                       ,20006402.0,1.0,NUM,4.0,  ,30.0,212400.0,CALLE                   ,CORREDERA BAJA DE SAN PABLO                       ,20006402.0,1.0,NUM,4.0,  ,,,,,,,1,02,MALPIKA,I,HOSTELERÍA,56,SERVICIOS DE COMIDAS Y BEBIDAS,561004,BAR RESTAURANTE,13/09/2026,CORREDERA BAJA DE SAN PABLO,4,direccion
2651743633,node,40.4217087,-3.7046283,Byblos,lebanese,Corredera Baja de San Pablo,4,28004,Madrid,,,,,,,,CORREDERA BAJA DE SAN PABLO,4,CORREDERA BAJA DE SAN PABLO|4,10001989.0,1.0,CENTRO              ,105.0,UNIVERSIDAD         ,5.0,1116.0,116.0,440214.59,4474792.53,1.0,Puerta Calle,1.0,Abierto,212400.0,CALLE                   ,CORREDERA BAJA DE SAN PABLO                       ,20006402.0,1.0,NUM,4.0,  ,40.0,212400.0,CALLE                   ,CORREDERA BAJA DE SAN PABLO                       ,20006402.0,1.0,NUM,4.0,  ,,,,,,,1,01,ELEMENTAL BISTRO,I,HOSTELERÍA,56,SERVICIOS DE COMIDAS Y BEBIDAS,561001,RESTAURANTE,13/09/2026,CORREDERA BAJA DE SAN PABLO,4,direccion
2651743633,node,40.4217087,-3.7046283,Byblos,lebanese,Corredera Baja de San Pablo,4,28004,Madrid,,,,,,,,CORREDERA BAJA DE SAN PABLO,4,CORREDERA BAJA DE SAN PABLO|4,270202860.0,1.0,CENTRO              ,105.0,UNIVERSIDAD         ,5.0,1116.0,116.0,440217.59,4474796.53,1.0,Puerta Calle,1.0,Abierto,212400.0,CALLE                   ,CORREDERA BAJA DE SAN PABLO                       ,20006402.0,1.0,NUM,4.0,  ,30.0,212400.0,CALLE                   ,CORREDERA BAJA DE SAN PABLO                       ,20006402.0,1.0,NUM,4.0,  ,,,,,,,1,02,MALPIKA,I,HOSTELERÍA,56,SERVICIOS DE COMIDAS Y BEBIDAS,561004,BAR RESTAURANTE,13/09/2026,CORREDERA BAJA DE SAN PABLO,4,direccion
2651743636,node,40.4221302,-3.7041799,Maricastaña,international,Corredera Baja de San Pablo,12,28004,Madrid,+34 910827142,https://www.maricastanamadrid.com/,Mo-Th 09:00-2:00; Fr 09:00-2:30; Sa 10:00-2:30; Su 10:00-2:00,,,,,CORREDERA BAJA DE SAN PABLO,12,CORREDERA BAJA DE SAN PABLO|12,285003837.0,1.0,CENTRO              ,105.0,UNIVERSIDAD         ,5.0,1114.0,114.0,440259.59,4474845.53,1.0,Puerta Calle,1.0,Abierto,212400.0,CALLE                   ,CORREDERA BAJA DE SAN PABLO                       ,11007024.0,1.0,NUM,12.0,  ,10.0,212400.0,CALLE                   ,CORREDERA BAJA DE SAN PABLO                       ,11007024.0,1.0,NUM,12.0,  ,,,,,,,1,A,MARICASTAÑA,I,HOSTELERÍA,56,SERVICIOS DE COMIDAS Y BEBIDAS,561004,BAR RESTAURANTE,13/09/2026,CORREDERA BAJA DE SAN PABLO,12,direccion
2651748584,node,40.4210245,-3.7055554,Love Company,,Calle de los Tudescos,4,28004,Madrid,,,,,,,limited,TUDESCOS,4,TUDESCOS|4,285003867.0,1.0,CENTRO              ,105.0,UNIVERSIDAD         ,5.0,1115.0,115.0,440158.59,4474740.53,1.0,Puerta Calle,1.0,Abierto,756900.0,CALLE                   ,TUDESCOS                                          ,11007115.0,1.0,NUM,4.0,  ,10.0,756900.0,CALLE                   ,TUDESCOS                                          ,11007115.0,1.0,NUM,4.0,  ,,,,,,,1,IZ,IGO RAMEN,I,HOSTELERÍA,56,SERVICIOS DE COMIDAS Y BEBIDAS,561004,BAR RESTAURANTE,13/09/2026,TUDESCOS,4,direccion
2653722456,node,40.4252402,-3.7072772,Cervecería Padrón,regional,Calle de San Bernardo,56,28015,Madrid,,,,,,,no,SAN BERNARDO,56,SAN BERNARDO|56,10002975.0,1.0,CENTRO              ,105.0,UNIVERSIDAD         ,5.0,1099.0,99.0,440002.6,4475195.53,1.0,Puerta Calle,1.0,Abierto,661700.0,CALLE                   ,SAN BERNARDO                                      ,11005914.0,1.0,NUM,56.0,  ,20.0,661700.0,CALLE                   ,SAN BERNARDO                                      ,11005914.0,1.0,NUM,56.0,  ,,,,,,,1,DR,RESTAURANTE PADRON,I,HOSTELERÍA,56,SERVICIOS DE COMIDAS Y BEBIDAS,561004,BAR RESTAURANTE,13/09/2026,SAN BERNARDO,56,direccion
2653822212,node,40.4257853,-3.7073035,La Concha,regional,Calle de San Bernardo,55,28015,Madrid,,,,,,,no,SAN BERNARDO,55,SAN BERNARDO|55,270049716.0,1.0,CENTRO              ,105.0,UNIVERSIDAD         ,5.0,1110.0,110.0,439996.6,4475255.53,1.0,Puerta Calle,1.0,Abierto,661700.0,CALLE                   ,SAN BERNARDO                                      ,11006719.0,1.0,NUM,55.0,  ,10.0,661700.0,CALLE                   ,SAN BERNARDO                                      ,11006719.0,1.0,NUM,55.0,  ,,,,,,,1,IZ,BAR RESTAURANTE LA CONCHA,I,HOSTELERÍA,56,SERVICIOS DE COMIDAS Y BEBIDAS,561004,BAR RESTAURANTE,13/09/2026,SAN BERNARDO,55,direccion
2653869281,node,40.4269697,-3.7066588,Magumar,regional,Calle de San Bernardo,69,28015,Madrid,,,,,,,no,SAN BERNARDO,69,SAN BERNARDO|69,270049034.0,1.0,CENTRO              ,105.0,UNIVERSIDAD         ,5.0,1104.0,104.0,440054.6,4475388.53,1.0,Puerta Calle,1.0,Abierto,661700.0,CALLE                   ,SAN BERNARDO                                      ,11006301.0,1.0,NUM,69.0,  ,20.0,661700.0,CALLE                   ,SAN BERNARDO                                      ,11006301.0,1.0,NUM,69.0,  ,,,,,,,1,DR,CAFETERIA RESTAURANTE MAGUMAR,I,HOSTELERÍA,56,SERVICIOS DE COMIDAS Y BEBIDAS,561004,BAR RESTAURANTE,13/09/2026,SAN BERNARDO,69,direccion
2655900793,node,40.4207309,-3.7055795,La Prensa,regional,Calle de Miguel Moya,4,28004,Madrid,,,,,,,limited,MIGUEL MOYA,4,MIGUEL MOYA|4,280011203.0,1.0,CENTRO              ,105.0,UNIVERSIDAD         ,5.0,1115.0,115.0,440144.59,4474702.53,1.0,Puerta Calle,1.0,Abierto,507100.0,CALLE                   ,MIGUEL MOYA                                       ,11007093.0,1.0,NUM,4.0,  ,10.0,507100.0,CALLE                   ,MIGUEL MOYA                                       ,11007093.0,1.0,NUM,4.0,  ,,,,,,,1,IZ,LA PRENSA,I,HOSTELERÍA,56,SERVICIOS DE COMIDAS Y BEBIDAS,561004,BAR RESTAURANTE,13/09/2026,MIGUEL MOYA,4,direccion
2656033536,node,40.4165193,-3.7077263,Kausa Madrid,peruvian;regional,Calle de Bordadores,5,28013,Madrid,+34 916 287 398,https://kausamadrid.es/,Mo-Su 13:00-00:00,no,,,,BORDADORES,5,BORDADORES|5,270053315.0,1.0,CENTRO              ,106.0,SOL                 ,6.0,1123.0,123.0,439956.59,4474230.53,1.0,Puerta Calle,1.0,Abierto,112100.0,CALLE                   ,BORDADORES                                        ,11007786.0,1.0,NUM,5.0,  ,30.0,112100.0,CALLE                   ,BORDADORES                                        ,11007786.0,1.0,NUM,5.0,  ,,,,,,,1,03,RTE.GREGORIO III,I,HOSTELERÍA,56,SERVICIOS DE COMIDAS Y BEBIDAS,561001,RESTAURANTE,13/09/2026,BORDADORES,5,direccion
2656033536,node,40.4165193,-3.7077263,Kausa Madrid,peruvian;regional,Calle de Bordadores,5,28013,Madrid,+34 916 287 398,https://kausamadrid.es/,Mo-Su 13:00-00:00,no,,,,BORDADORES,5,BORDADORES|5,270053316.0,1.0,CENTRO              ,106.0,SOL                 ,6.0,1123.0,123.0,439954.59,4474227.53,1.0,Puerta Calle,1.0,Abierto,112100.0,CALLE                   ,BORDADORES                                        ,11007786.0,1.0,NUM,5.0,  ,20.0,112100.0,CALLE                   ,BORDADORES                                        ,11007786.0,1.0,NUM,5.0,  ,,,,,,,1,02,BAR RESTAURANTE EL NERU,I,HOSTELERÍA,56,SERVICIOS DE COMIDAS Y BEBIDAS,561004,BAR RESTAURANTE,13/09/2026,BORDADORES,5,direccion
2656033537,node,40.4167991,-3.707515,Gayagum,korean,Calle de Bordadores,7,28013,Madrid,,,,,,,,BORDADORES,7,BORDADORES|7,270053310.0,1.0,CENTRO              ,106.0,SOL                 ,6.0,1123.0,123.0,439973.59,4474257.53,1.0,Puerta Calle,1.0,Abierto,112100.0,CALLE                   ,BORDADORES                                        ,11007785.0,1.0,NUM,7.0,  ,10.0,112100.0,CALLE                   ,BORDADORES                                        ,11007785.0,1.0,NUM,7.0,  ,,,,,,,1,IZ,SAN GINÉS,I,HOSTELERÍA,56,SERVICIOS DE COMIDAS Y BEBIDAS,561001,RESTAURANTE,13/09/2026,BORDADORES,7,direccion
2656033537,node,40.4167991,-3.707515,Gayagum,korean,Calle de Bordadores,7,28013,Madrid,,,,,,,,BORDADORES,7,BORDADORES|7,270053310.0,1.0,CENTRO              ,106.0,SOL                 ,6.0,1123.0,123.0,439973.59,4474257.53,1.0,Puerta Calle,1.0,Abierto,112100.0,CALLE                   ,BORDADORES                                        ,11007785.0,1.0,NUM,7.0,  ,10.0,112100.0,CALLE                   ,BORDADORES                                        ,11007785.0,1.0,NUM,7.0,  ,,,,,,,1,IZ,SAN GINÉS,I,HOSTELERÍA,56,SERVICIOS DE COMIDAS Y BEBIDAS,561004,BAR RESTAURANTE,13/09/2026,BORDADORES,7,direccion
2656051906,node,40.4157824,-3.7066073,Café & Tapas,regional,Plaza Mayor,30,28012,Madrid,,,,,,,,MAYOR,30,MAYOR|30,270438474.0,1.0,CENTRO              ,106.0,SOL                 ,6.0,1121.0,121.0,440036.59,4474151.53,1.0,Puerta Calle,1.0,Abierto,498000.0,PLAZA                   ,MAYOR                                             ,11007753.0,1.0,NUM,30.0,  ,10.0,498000.0,PLAZA                   ,MAYOR                                             ,11007753.0,1.0,NUM,30.0,  ,,,,,,,1, ,EL GATO NEGRO,I,HOSTELERÍA,56,SERVICIOS DE COMIDAS Y BEBIDAS,561004,BAR RESTAURANTE,13/09/2026,MAYOR,30,direccion
2656051906,node,40.4157824,-3.7066073,Café & Tapas,regional,Plaza Mayor,30,28012,Madrid,,,,,,,,MAYOR,30,MAYOR|30,270509059.0,1.0,CENTRO              ,106.0,SOL                 ,6.0,1123.0,123.0,439971.59,4474201.53,1.0,Puerta Calle,1.0,Abierto,497800.0,CALLE                   ,MAYOR                                             ,11007814.0,1.0,NUM,30.0,  ,10.0,497800.0,CALLE                   ,MAYOR                                             ,11007814.0,1.0,NUM,30.0,  ,,,,,,,1,01,"COLE NÚMERO 9, S.L.U.",I,HOSTELERÍA,56,SERVICIOS DE COMIDAS Y BEBIDAS,561004,BAR RESTAURANTE,13/09/2026,MAYOR,30,direccion
2656051906,node,40.4157824,-3.7066073,Café & Tapas,regional,Plaza Mayor,30,28012,Madrid,,,,,,,,MAYOR,30,MAYOR|30,270521474.0,1.0,CENTRO              ,106.0,SOL                 ,6.0,1123.0,123.0,439978.59,4474202.53,1.0,Puerta Calle,1.0,Abierto,497800.0,CALLE                   ,MAYOR                                             ,11007814.0,1.0,NUM,30.0,  ,20.0,497800.0,CALLE                   ,MAYOR                                             ,11007814.0,1.0,NUM,30.0,  ,,,,,,,1,02,LA PANERA ROSA,I,HOSTELERÍA,56,SERVICIOS DE COMIDAS Y BEBIDAS,561001,RESTAURANTE,13/09/2026,MAYOR,30,direccion
2661121483,node,40.4238714,-3.70043,Casa Hortensia,regional,Calle de la Farmacia,2,28004,Madrid,+34 915390090,https://www.casahortensia.com,,,,,yes,FARMACIA,2,FARMACIA|2,280013617.0,1.0,CENTRO              ,104.0,JUSTICIA            ,4.0,1081.0,81.0,0.0,0.0,3.0,Interior,1.0,Abierto,286400.0,CALLE                   ,FARMACIA                                          ,11004888.0,1.0,NUM,2.0,  ,0.0,286400.0,CALLE                   ,FARMACIA                                          ,11004888.0,1.0,NUM,2.0,  ,,,,,,,3,01,CASA HORTENSIA,I,HOSTELERÍA,56,SERVICIOS DE COMIDAS Y BEBIDAS,561001,RESTAURANTE,13/09/2026,FARMACIA,2,direccion
2661121483,node,40.4238714,-3.70043,Casa Hortensia,regional,Calle de la Farmacia,2,28004,Madrid,+34 915390090,https://www.casahortensia.com,,,,,yes,FARMACIA,2,FARMACIA|2,280013618.0,1.0,CENTRO              ,104.0,JUSTICIA            ,4.0,1081.0,81.0,0.0,0.0,3.0,Interior,1.0,Abierto,286400.0,CALLE                   ,FARMACIA                                          ,11004888.0,1.0,NUM,2.0,  ,0.0,286400.0,CALLE                   ,FARMACIA                                          ,11004888.0,1.0,NUM,2.0,  ,,,,,,,4,01,SIDRERÍA CASA HORTENSIA,I,HOSTELERÍA,56,SERVICIOS DE COMIDAS Y BEBIDAS,561004,BAR RESTAURANTE,13/09/2026,FARMACIA,2,direccion
2663017681,node,40.4213704,-3.7061958,Curry Masala,indian,Calle de Silva,16,28004,Madrid,,,,,,,no,SILVA,16,SILVA|16,270532721.0,1.0,CENTRO              ,105.0,UNIVERSIDAD         ,5.0,1115.0,115.0,440092.6,4474764.53,1.0,Puerta Calle,1.0,Abierto,722400.0,CALLE                   ,SILVA                                             ,11007104.0,1.0,NUM,16.0,  ,10.0,722400.0,CALLE                   ,SILVA                                             ,11007104.0,1.0,NUM,16.0,  ,,,,,,,1,01,CURRY MASALA,I,HOSTELERÍA,56,SERVICIOS DE COMIDAS Y BEBIDAS,561001,RESTAURANTE,13/09/2026,SILVA,16,direccion
2665094817,node,40.4210364,-3.6998468,Hundred,burger,Plaza de Pedro Zerolo,1,28004,Madrid,+34 919 99 27 18,https://hundredburgers.com,Mo-Su 13:00-23:00,,,,,PEDRO ZEROLO,1,PEDRO ZEROLO|1,285002998.0,1.0,CENTRO              ,104.0,JUSTICIA            ,4.0,1076.0,76.0,440630.59,4474730.53,1.0,Puerta Calle,1.0,Abierto,771000.0,PLAZA                   ,PEDRO ZEROLO                                      ,11004541.0,1.0,NUM,1.0,  ,20.0,771000.0,PLAZA                   ,PEDRO ZEROLO                                      ,11004541.0,1.0,NUM,1.0,  ,,,,,,,1,03,HUNDRED,I,HOSTELERÍA,56,SERVICIOS DE COMIDAS Y BEBIDAS,561004,BAR RESTAURANTE,13/09/2026,PEDRO ZEROLO,1,direccion
2667563697,node,40.4271135,-3.7096169,Roll,american,Calle de Amaniel,23,28015,Madrid,+34 918 05 79 30,,,,,,,AMANIEL,23,AMANIEL|23,285003172.0,1.0,CENTRO              ,105.0,UNIVERSIDAD         ,5.0,1105.0,105.0,439805.6,4475404.54,1.0,Puerta Calle,1.0,Abierto,40700.0,CALLE                   ,AMANIEL                                           ,11006364.0,1.0,NUM,23.0,  ,10.0,40700.0,CALLE                   ,AMANIEL                                           ,11006364.0,1.0,NUM,23.0,  ,,,,,,,1,EX,ROLL MADRID,I,HOSTELERÍA,56,SERVICIOS DE COMIDAS Y BEBIDAS,561001,RESTAURANTE,13/09/2026,AMANIEL,23,direccion
2667576941,node,40.4287289,-3.7058889,Chivuos,burger,Calle de San Bernardo,86,28015,Madrid,+34 647794823,https://www.chivuos.com/restaurantes/,,,,,limited,SAN BERNARDO,86,SAN BERNARDO|86,285003213.0,1.0,CENTRO              ,105.0,UNIVERSIDAD         ,5.0,1091.0,91.0,440122.6,4475582.53,1.0,Puerta Calle,1.0,Abierto,661700.0,CALLE                   ,SAN BERNARDO                                      ,11005421.0,1.0,NUM,86.0,  ,10.0,661700.0,CALLE                   ,SAN BERNARDO                                      ,11005421.0,1.0,NUM,86.0,  ,,,,,,,1, ,RESTAURANTE,I,HOSTELERÍA,56,SERVICIOS DE COMIDAS Y BEBIDAS,561001,RESTAURANTE,13/09/2026,SAN BERNARDO,86,direccion
2669909214,node,40.4285028,-3.7063068,Menomale,italian,Calle de San Bernardo,85,28015,Madrid,+34 910 18 05 14,http://menomale.es/,,,,,yes,SAN BERNARDO,85,SAN BERNARDO|85,270048948.0,1.0,CENTRO              ,105.0,UNIVERSIDAD         ,5.0,1103.0,103.0,440086.6,4475557.53,1.0,Puerta Calle,1.0,Abierto,661700.0,CALLE                   ,SAN BERNARDO                                      ,11006217.0,1.0,NUM,85.0,  ,30.0,661700.0,CALLE                   ,SAN BERNARDO                                      ,11006217.0,1.0,NUM,85.0,  ,,,,,,,1,01,MENOMALE,I,HOSTELERÍA,56,SERVICIOS DE COMIDAS Y BEBIDAS,561004,BAR RESTAURANTE,13/09/2026,SAN BERNARDO,85,direccion
2669909218,node,40.4286149,-3.706278,El Retoñar,regional,Calle de San Bernardo,87,28015,Madrid,,,,,,,yes,SAN BERNARDO,87,SAN BERNARDO|87,270476228.0,1.0,CENTRO              ,105.0,UNIVERSIDAD         ,5.0,1103.0,103.0,440089.6,4475569.53,1.0,Puerta Calle,1.0,Abierto,661700.0,CALLE                   ,SAN BERNARDO                                      ,11006237.0,1.0,NUM,87.0,  ,20.0,661700.0,CALLE                   ,SAN BERNARDO                                      ,11006237.0,1.0,NUM,87.0,  ,,,,,,,1,DR,RESTAURANTE EL RETOÑAR,I,HOSTELERÍA,56,SERVICIOS DE COMIDAS Y BEBIDAS,561001,RESTAURANTE,13/09/2026,SAN BERNARDO,87,direccion
2669909223,node,40.4284236,-3.7063416,Espetinhos,brazilian,Calle de San Bernardo,85,28015,Madrid,+34 910 56 48 95,,,,,,no,SAN BERNARDO,85,SAN BERNARDO|85,270048948.0,1.0,CENTRO              ,105.0,UNIVERSIDAD         ,5.0,1103.0,103.0,440086.6,4475557.53,1.0,Puerta Calle,1.0,Abierto,661700.0,CALLE                   ,SAN BERNARDO                                      ,11006217.0,1.0,NUM,85.0,  ,30.0,661700.0,CALLE                   ,SAN BERNARDO                                      ,11006217.0,1.0,NUM,85.0,  ,,,,,,,1,01,MENOMALE,I,HOSTELERÍA,56,SERVICIOS DE COMIDAS Y BEBIDAS,561004,BAR RESTAURANTE,13/09/2026,SAN BERNARDO,85,direccion
2671241916,node,40.426805,-3.7083142,El Maño,regional,Calle de la Palma,64,28015,Madrid,,,,,,,,PALMA,64,PALMA|64,280010800.0,1.0,CENTRO              ,105.0,UNIVERSIDAD         ,5.0,1105.0,105.0,439911.6,4475371.53,1.0,Puerta Calle,1.0,Abierto,558900.0,CALLE                   ,PALMA                                             ,11006414.0,1.0,NUM,64.0,  ,20.0,558900.0,CALLE                   ,PALMA                                             ,11006414.0,1.0,NUM,64.0,  ,,,,,,,1, ,EL MAÑO,I,HOSTELERÍA,56,SERVICIOS DE COMIDAS Y BEBIDAS,561001,RESTAURANTE,13/09/2026,PALMA,64,direccion
2671241936,node,40.4261246,-3.7078935,La Gringa,american,Calle de San Vicente Ferrer,57,28015,Madrid,+34 679 18 33 99,https://www.lagringamadrid.es/,,,,,,SAN VICENTE FERRER,57,SAN VICENTE FERRER|57,280011061.0,1.0,CENTRO              ,105.0,UNIVERSIDAD         ,5.0,1110.0,110.0,439950.6,4475294.53,1.0,Puerta Calle,1.0,Abierto,687600.0,CALLE                   ,SAN VICENTE FERRER                                ,11006728.0,1.0,NUM,57.0,  ,10.0,687600.0,CALLE                   ,SAN VICENTE FERRER                                ,11006728.0,1.0,NUM,57.0,  ,,,,,,,1,01,S/R,I,HOSTELERÍA,56,SERVICIOS DE COMIDAS Y BEBIDAS,561004,BAR RESTAURANTE,13/09/2026,SAN VICENTE FERRER,57,direccion
2672814923,node,40.4226606,-3.7037501,ET Kebab,,Calle del Pez,2,28004,Madrid,,,,,,,,PEZ,2,PEZ|2,10003415.0,1.0,CENTRO              ,105.0,UNIVERSIDAD         ,5.0,1096.0,96.0,440300.59,4474908.53,1.0,Puerta Calle,1.0,Abierto,586500.0,CALLE                   ,PEZ                                               ,11005737.0,1.0,NUM,2.0,  ,30.0,586500.0,CALLE                   ,PEZ                                               ,11005737.0,1.0,NUM,2.0,  ,,,,,,,1,DR,AMARGO PLACE TO BE,I,HOSTELERÍA,56,SERVICIOS DE COMIDAS Y BEBIDAS,561004,BAR RESTAURANTE,13/09/2026,PEZ,2,direccion
2672814927,node,40.4228396,-3.7040127,El Pez Gordo,,Calle del Pez,6,28004,Madrid,,,,,,,no,PEZ,6,PEZ|6,10003610.0,1.0,CENTRO              ,105.0,UNIVERSIDAD         ,5.0,1096.0,96.0,440277.59,4474930.53,1.0,Puerta Calle,1.0,Abierto,586500.0,CALLE                   ,PEZ                                               ,11005739.0,1.0,NUM,6.0,  ,20.0,586500.0,CALLE                   ,PEZ                                               ,11005739.0,1.0,NUM,6.0,  ,,,,,,,1,DR,EL PEZ GORDO,I,HOSTELERÍA,56,SERVICIOS DE COMIDAS Y BEBIDAS,561001,RESTAURANTE,13/09/2026,PEZ,6,direccion
2676854998,node,40.4222488,-3.7042612,Clarita,international,Corredera Baja de San Pablo,19,28004,Madrid,+34 91 522 80 70,https://claritamadrid.com/,,,,,no,CORREDERA BAJA DE SAN PABLO,19,CORREDERA BAJA DE SAN PABLO|19,10003474.0,1.0,CENTRO              ,105.0,UNIVERSIDAD         ,5.0,1114.0,114.0,440254.59,4474860.53,1.0,Puerta Calle,1.0,Abierto,212400.0,CALLE                   ,CORREDERA BAJA DE SAN PABLO                       ,11007007.0,1.0,NUM,19.0,  ,10.0,212400.0,CALLE                   ,CORREDERA BAJA DE SAN PABLO                       ,11007007.0,1.0,NUM,19.0,  ,,,,,,,1,IZ,CLARITA,I,HOSTELERÍA,56,SERVICIOS DE COMIDAS Y BEBIDAS,561004,BAR RESTAURANTE,13/09/2026,CORREDERA BAJA DE SAN PABLO,19,direccion
2676855000,node,40.4227035,-3.7036384,El Perro y la Galleta,,Corredera Baja de San Pablo,31,28004,Madrid,+34 619 830 503,https://elperroylagalleta.com/locales/restaurante-en-malasana/,13:00-00:30,,,,,CORREDERA BAJA DE SAN PABLO,31,CORREDERA BAJA DE SAN PABLO|31,285003317.0,1.0,CENTRO              ,105.0,UNIVERSIDAD         ,5.0,1096.0,96.0,440309.59,4474912.53,1.0,Puerta Calle,1.0,Abierto,212400.0,CALLE                   ,CORREDERA BAJA DE SAN PABLO                       ,11005716.0,1.0,NUM,31.0,  ,10.0,212400.0,CALLE                   ,CORREDERA BAJA DE SAN PABLO                       ,11005716.0,1.0,NUM,31.0,  ,,,,,,,1,02,BAR GALLETA,I,HOSTELERÍA,56,SERVICIOS DE COMIDAS Y BEBIDAS,561004,BAR RESTAURANTE,13/09/2026,CORREDERA BAJA DE SAN PABLO,31,direccion
2676855002,node,40.423578,-3.7052373,La Zanta,mexican,Calle del Pez,15,28004,Madrid,+34 911 131 833,http://lazanta.es/,,,,,,PEZ,15,PEZ|15,280011087.0,1.0,CENTRO              ,105.0,UNIVERSIDAD         ,5.0,1114.0,114.0,440172.6,4475013.53,1.0,Puerta Calle,1.0,Abierto,586500.0,CALLE                   ,PEZ                                               ,11006958.0,1.0,NUM,15.0,  ,10.0,586500.0,CALLE                   ,PEZ                                               ,11006958.0,1.0,NUM,15.0,  ,,,,,,,1,IZ,GUMBO,I,HOSTELERÍA,56,SERVICIOS DE COMIDAS Y BEBIDAS,561001,RESTAURANTE,13/09/2026,PEZ,15,direccion
2676855002,node,40.423578,-3.7052373,La Zanta,mexican,Calle del Pez,15,28004,Madrid,+34 911 131 833,http://lazanta.es/,,,,,,PEZ,15,PEZ|15,280011087.0,1.0,CENTRO              ,105.0,UNIVERSIDAD         ,5.0,1114.0,114.0,440172.6,4475013.53,1.0,Puerta Calle,1.0,Abierto,586500.0,CALLE                   ,PEZ                                               ,11006958.0,1.0,NUM,15.0,  ,10.0,586500.0,CALLE                   ,PEZ                                               ,11006958.0,1.0,NUM,15.0,  ,,,,,,,1,IZ,GUMBO,I,HOSTELERÍA,56,SERVICIOS DE COMIDAS Y BEBIDAS,561004,BAR RESTAURANTE,13/09/2026,PEZ,15,direccion
2678581212,node,40.4267515,-3.7078182,La Palma 60,,Calle de la Palma,60,28015,Madrid,,http://www.lapalma60.com/,,,,,,PALMA,60,PALMA|60,280010741.0,1.0,CENTRO              ,105.0,UNIVERSIDAD         ,5.0,1104.0,104.0,439956.6,4475365.53,1.0,Puerta Calle,1.0,Abierto,558900.0,CALLE                   ,PALMA                                             ,11006270.0,1.0,NUM,60.0,  ,20.0,558900.0,CALLE                   ,PALMA                                             ,11006270.0,1.0,NUM,60.0,  ,,,,,,,1,DR,LA PALMA 60,I,HOSTELERÍA,56,SERVICIOS DE COMIDAS Y BEBIDAS,561001,RESTAURANTE,13/09/2026,PALMA,60,direccion
2680511812,node,40.4234595,-3.7077063,Hoh's,chinese,Calle de Antonio Grilo,4,28015,Madrid,,,,,,,,ANTONIO GRILO,4,ANTONIO GRILO|4,280011032.0,1.0,CENTRO              ,105.0,UNIVERSIDAD         ,5.0,1112.0,112.0,439965.6,4474999.53,1.0,Puerta Calle,1.0,Abierto,58500.0,CALLE                   ,ANTONIO GRILO                                     ,11006794.0,1.0,NUM,4.0,  ,10.0,58500.0,CALLE                   ,ANTONIO GRILO                                     ,11006794.0,1.0,NUM,4.0,  ,,,,,,,1,01,DATANG RESTAURANTE,I,HOSTELERÍA,56,SERVICIOS DE COMIDAS Y BEBIDAS,561004,BAR RESTAURANTE,13/09/2026,ANTONIO GRILO,4,direccion
2681923258,node,40.4235286,-3.7082912,Sabor Cantonés,chinese,Calle de Antonio Grilo,12,28015,Madrid,,,,,,,no,ANTONIO GRILO,12,ANTONIO GRILO|12,270488059.0,1.0,CENTRO              ,105.0,UNIVERSIDAD         ,5.0,1112.0,112.0,439913.6,4475008.53,1.0,Puerta Calle,1.0,Abierto,58500.0,CALLE                   ,ANTONIO GRILO                                     ,11006798.0,1.0,NUM,12.0,  ,20.0,58500.0,CALLE                   ,ANTONIO GRILO                                     ,11006798.0,1.0,NUM,12.0,  ,,,,,,,1,IZ,SABOR CANTONES,I,HOSTELERÍA,56,SERVICIOS DE COMIDAS Y BEBIDAS,561004,BAR RESTAURANTE,13/09/2026,ANTONIO GRILO,12,direccion
2682145876,node,40.4251681,-3.7102129,,,Calle de San Bernardino,10,28015,Madrid,,,,,,,limited,SAN BERNARDINO,10,SAN BERNARDINO|10,10003004.0,1.0,CENTRO              ,105.0,UNIVERSIDAD         ,5.0,1110.0,110.0,439754.6,4475190.54,1.0,Puerta Calle,1.0,Abierto,661600.0,CALLE                   ,SAN BERNARDINO                                    ,11006714.0,1.0,NUM,10.0,  ,10.0,661600.0,CALLE                   ,SAN BERNARDINO                                    ,11006714.0,1.0,NUM,10.0,  ,,,,,,,1,01,NAMSAN,I,HOSTELERÍA,56,SERVICIOS DE COMIDAS Y BEBIDAS,561001,RESTAURANTE,13/09/2026,SAN BERNARDINO,10,direccion
2682145882,node,40.4259439,-3.7120307,Aladino,arab,Calle del Duque de Liria,2,28015,Madrid,+34 915474950,http://www.restaurantealadino.es/,,,,,no,DUQUE DE LIRIA,2,DUQUE DE LIRIA|2,270530626.0,1.0,CENTRO              ,105.0,UNIVERSIDAD         ,5.0,1108.0,108.0,439599.6,4475278.54,1.0,Puerta Calle,1.0,Abierto,253300.0,CALLE                   ,DUQUE DE LIRIA                                    ,11006550.0,1.0,NUM,2.0,  ,10.0,253300.0,CALLE                   ,DUQUE DE LIRIA                                    ,11006550.0,1.0,NUM,2.0,  ,,,,,,,1,DR,ALADINO,I,HOSTELERÍA,56,SERVICIOS DE COMIDAS Y BEBIDAS,561001,RESTAURANTE,13/09/2026,DUQUE DE LIRIA,2,direccion
2682145883,node,40.4260872,-3.7124108,María Bonita,mexican,Calle del Duque de Liria,9,28015,Madrid,+34 672733329,http://www.mariabonitatacobar.es/,,,,,no,DUQUE DE LIRIA,9,DUQUE DE LIRIA|9,270049509.0,1.0,CENTRO              ,105.0,UNIVERSIDAD         ,5.0,1108.0,108.0,439568.6,4475291.54,1.0,Puerta Calle,1.0,Abierto,253300.0,CALLE                   ,DUQUE DE LIRIA                                    ,11006557.0,1.0,NUM,9.0,  ,10.0,253300.0,CALLE                   ,DUQUE DE LIRIA                                    ,11006557.0,1.0,NUM,9.0,  ,,,,,,,1,IZ,MARIA BONITA TACO BAR,I,HOSTELERÍA,56,SERVICIOS DE COMIDAS Y BEBIDAS,561001,RESTAURANTE,13/09/2026,DUQUE DE LIRIA,9,direccion
2682145883,node,40.4260872,-3.7124108,María Bonita,mexican,Calle del Duque de Liria,9,28015,Madrid,+34 672733329,http://www.mariabonitatacobar.es/,,,,,no,DUQUE DE LIRIA,9,DUQUE DE LIRIA|9,270049510.0,1.0,CENTRO              ,105.0,UNIVERSIDAD         ,5.0,1108.0,108.0,439547.6,4475299.54,1.0,Puerta Calle,1.0,Abierto,253300.0,CALLE                   ,DUQUE DE LIRIA                                    ,11006557.0,1.0,NUM,9.0,  ,30.0,253300.0,CALLE                   ,DUQUE DE LIRIA                                    ,11006557.0,1.0,NUM,9.0,  ,,,,,,,0,03,CUEVAS DEL DUQUE,I,HOSTELERÍA,56,SERVICIOS DE COMIDAS Y BEBIDAS,561001,RESTAURANTE,13/09/2026,DUQUE DE LIRIA,9,direccion
2682145884,node,40.426414,-3.7125969,Küche,,Calle de la Princesa,18,,,+34 915996887,http://www.kuche.es/,,,,,limited,PRINCESA,18,PRINCESA|18,280010962.0,1.0,CENTRO              ,105.0,UNIVERSIDAD         ,5.0,1108.0,108.0,439550.6,4475329.54,1.0,Puerta Calle,1.0,Abierto,610000.0,CALLE                   ,PRINCESA                                          ,11006599.0,1.0,NUM,18.0,  ,10.0,532200.0,CALLE                   ,NEGRAS                                            ,11006594.0,1.0,NUM,1.0,  ,,,,,,,1,DR,KÜCHE,I,HOSTELERÍA,56,SERVICIOS DE COMIDAS Y BEBIDAS,561004,BAR RESTAURANTE,13/09/2026,PRINCESA,18,direccion
2683390837,node,40.414785,-3.7035258,Café & Tapas,regional,Calle de Carretas,14,28012,Madrid,,,,,,,,CARRETAS,14,CARRETAS|14,270549995.0,1.0,CENTRO              ,106.0,SOL                 ,6.0,1120.0,120.0,440302.59,4474035.53,1.0,Puerta Calle,1.0,Abierto,149300.0,CALLE                   ,CARRETAS                                          ,11007612.0,1.0,NUM,14.0,  ,90.0,388200.0,PLAZA                   ,JACINTO BENAVENTE                                 ,11007613.0,1.0,NUM,5.0,  ,,,,,,,1,,100 MONTADITOS LA SUREÑA,I,HOSTELERÍA,56,SERVICIOS DE COMIDAS Y BEBIDAS,561002,RESTAURANTES DE COMIDA RAPIDA,13/09/2026,CARRETAS,14,direccion
2683390837,node,40.414785,-3.7035258,Café & Tapas,regional,Calle de Carretas,14,28012,Madrid,,,,,,,,CARRETAS,14,CARRETAS|14,280014929.0,1.0,CENTRO              ,106.0,SOL                 ,6.0,1120.0,120.0,0.0,0.0,3.0,Interior,1.0,Abierto,149300.0,CALLE                   ,CARRETAS                                          ,11007612.0,1.0,NUM,14.0,  ,0.0,149300.0,CALLE                   ,CARRETAS                                          ,11007612.0,1.0,NUM,14.0,  ,,,,,,,4,B,CENTRO GALLEGO DE MADRID,I,HOSTELERÍA,56,SERVICIOS DE COMIDAS Y BEBIDAS,561004,BAR RESTAURANTE,13/09/2026,CARRETAS,14,direccion
2683390843,node,40.4131803,-3.6982035,La Biotika,,Calle Amor de Dios,3,28014,Madrid,+34 914 29 07 80,https://www.labiotika.es/,,,yes,,,AMOR DE DIOS,3,AMOR DE DIOS|3,270043014.0,1.0,CENTRO              ,103.0,CORTES              ,3.0,1065.0,65.0,440760.59,4473852.52,1.0,Puerta Calle,1.0,Abierto,42900.0,CALLE                   ,AMOR DE DIOS                                      ,11003569.0,1.0,NUM,3.0,  ,20.0,42900.0,CALLE                   ,AMOR DE DIOS                                      ,11003569.0,1.0,NUM,3.0,  ,,,,,,,1,IZ,LA BIOTIKA                                        ,I,HOSTELERÍA,56,SERVICIOS DE COMIDAS Y BEBIDAS,561001,RESTAURANTE,13/09/2026,AMOR DE DIOS,3,direccion
2683390843,node,40.4131803,-3.6982035,La Biotika,,Calle Amor de Dios,3,28014,Madrid,+34 914 29 07 80,https://www.labiotika.es/,,,yes,,,AMOR DE DIOS,3,AMOR DE DIOS|3,285002781.0,1.0,CENTRO              ,103.0,CORTES              ,3.0,1065.0,65.0,440762.59,4473859.52,1.0,Puerta Calle,1.0,Abierto,42900.0,CALLE                   ,AMOR DE DIOS                                      ,11003569.0,1.0,NUM,3.0,  ,10.0,42900.0,CALLE                   ,AMOR DE DIOS                                      ,11003569.0,1.0,NUM,3.0,  ,,,,,,,1,DR,LA BIOTIKA,I,HOSTELERÍA,56,SERVICIOS DE COMIDAS Y BEBIDAS,561001,RESTAURANTE,13/09/2026,AMOR DE DIOS,3,direccion
2686612540,node,40.4233996,-3.7050144,Grosso Napoletano,italian,Calle del Pez,11,28004,Madrid,+34 912 919 333,https://www.grossonapoletano.com/locales/pez-11/,"Mo-Th 13:00-16:00, 20:00-23:00; Fr-Sa 13:00-00:00; Su 13:00-23:30",,,,,PEZ,11,PEZ|11,270507667.0,1.0,CENTRO              ,105.0,UNIVERSIDAD         ,5.0,1114.0,114.0,440194.6,4474991.53,1.0,Puerta Calle,1.0,Abierto,586500.0,CALLE                   ,PEZ                                               ,11007047.0,1.0,NUM,11.0,  ,10.0,586500.0,CALLE                   ,PEZ                                               ,11007047.0,1.0,NUM,11.0,  ,,,,,,,1,IZ,GROSSO NAPOLITANO,I,HOSTELERÍA,56,SERVICIOS DE COMIDAS Y BEBIDAS,561004,BAR RESTAURANTE,13/09/2026,PEZ,11,direccion
2689631484,node,40.4242038,-3.7094953,,chinese,Calle de los Reyes,8,28015,Madrid,,,,,,,no,REYES,8,REYES|8,270448872.0,1.0,CENTRO              ,105.0,UNIVERSIDAD         ,5.0,1111.0,111.0,439812.6,4475082.53,1.0,Puerta Calle,1.0,Abierto,638700.0,CALLE                   ,REYES                                             ,11006757.0,1.0,NUM,8.0,  ,20.0,638700.0,CALLE                   ,REYES                                             ,11006757.0,1.0,NUM,8.0,  ,,,,,,,1,DR,PASTELERIA COCARROIS,I,HOSTELERÍA,56,SERVICIOS DE COMIDAS Y BEBIDAS,561001,RESTAURANTE,13/09/2026,REYES,8,direccion
2689693250,node,40.4169483,-3.7087607,La Mordida,mexican,Calle de las Fuentes,3,28013,Madrid,+34 91 5591136,http://www.lamordida.com/web/sample-page/la-mordida-de-fuentes/,Su-Th 13:30-00:30; Fr-Sa 13:30-01:30,,,,,FUENTES,3,FUENTES|3,270243974.0,1.0,CENTRO              ,101.0,PALACIO             ,1.0,1006.0,6.0,439868.6,4474275.53,1.0,Puerta Calle,1.0,Abierto,317900.0,CALLE                   ,FUENTES                                           ,11000404.0,1.0,NUM,3.0,  ,10.0,317900.0,CALLE                   ,FUENTES                                           ,11000404.0,1.0,NUM,3.0,  ,,,,,,,1,01,LA MORDIDA,I,HOSTELERÍA,56,SERVICIOS DE COMIDAS Y BEBIDAS,561001,RESTAURANTE,13/09/2026,FUENTES,3,direccion
2689693259,node,40.416651,-3.7087203,Kuraya,japanese,Plaza de Herradores,7,28013,Madrid,+34 91 0411 646,http://www.kuraya.es/index.html,"Mo-Su,PH 13:00-16:00,20:30-23:30",,,,,HERRADORES,7,HERRADORES|7,280007412.0,1.0,CENTRO              ,101.0,PALACIO             ,1.0,1006.0,6.0,439871.6,4474243.53,1.0,Puerta Calle,1.0,Abierto,361200.0,PLAZA                   ,HERRADORES                                        ,11000407.0,1.0,NUM,7.0,  ,10.0,361200.0,PLAZA                   ,HERRADORES                                        ,11000407.0,1.0,NUM,7.0,  ,,,,,,,1,01,RURAYA,I,HOSTELERÍA,56,SERVICIOS DE COMIDAS Y BEBIDAS,561001,RESTAURANTE,13/09/2026,HERRADORES,7,direccion
2692581952,node,40.4228695,-3.7033818,Ceviche,peruvian,Corredera Baja de San Pablo,37,28004,Madrid,,,,,,,,CORREDERA BAJA DE SAN PABLO,37,CORREDERA BAJA DE SAN PABLO|37,280010506.0,1.0,CENTRO              ,105.0,UNIVERSIDAD         ,5.0,1096.0,96.0,440329.59,4474930.53,1.0,Puerta Calle,1.0,Abierto,212400.0,CALLE                   ,CORREDERA BAJA DE SAN PABLO                       ,11005719.0,1.0,NUM,37.0,  ,20.0,212400.0,CALLE                   ,CORREDERA BAJA DE SAN PABLO                       ,11005719.0,1.0,NUM,37.0,  ,,,,,,,1,DR,COSTUMBRES PERUANAS,I,HOSTELERÍA,56,SERVICIOS DE COMIDAS Y BEBIDAS,561004,BAR RESTAURANTE,13/09/2026,CORREDERA BAJA DE SAN PABLO,37,direccion
2692606021,node,40.4228041,-3.6997981,Dionisos,greek,Calle de Augusto Figueroa,8,28004,Madrid,+34 915225183,https://dionisosrestaurants.com/restaurante-griego-dionisos-figueroa/,,,,,yes,AUGUSTO FIGUEROA,8,AUGUSTO FIGUEROA|8,285002962.0,1.0,CENTRO              ,104.0,JUSTICIA            ,4.0,1075.0,75.0,440634.59,4474920.53,1.0,Puerta Calle,1.0,Abierto,81800.0,CALLE                   ,AUGUSTO FIGUEROA                                  ,11004378.0,1.0,NUM,8.0,  ,10.0,81800.0,CALLE                   ,AUGUSTO FIGUEROA                                  ,11004378.0,1.0,NUM,8.0,  ,,,,,,,1,01,NERO,I,HOSTELERÍA,56,SERVICIOS DE COMIDAS Y BEBIDAS,561004,BAR RESTAURANTE,13/09/2026,AUGUSTO FIGUEROA,8,direccion
2694514295,node,40.4217133,-3.7059133,Jota Batela,regional,Calle de Silva,23,28004,Madrid,+34 91 521 32 08,https://www.jotabatela.com/,,,,,no,SILVA,23,SILVA|23,280011215.0,1.0,CENTRO              ,105.0,UNIVERSIDAD         ,5.0,1115.0,115.0,440113.6,4474803.53,1.0,Puerta Calle,1.0,Abierto,722400.0,CALLE                   ,SILVA                                             ,11007113.0,1.0,NUM,23.0,  ,10.0,722400.0,CALLE                   ,SILVA                                             ,11007113.0,1.0,NUM,23.0,  ,,,,,,,1,IZ,BAR JOTA BATELA,I,HOSTELERÍA,56,SERVICIOS DE COMIDAS Y BEBIDAS,561004,BAR RESTAURANTE,13/09/2026,SILVA,23,direccion
2694514298,node,40.41942,-3.7070844,Cuando Salí de Cuba,cuban,Calle de la Ternera,4,28013,Madrid,,,,,,,,TERNERA,4,TERNERA|4,270432308.0,1.0,CENTRO              ,106.0,SOL                 ,6.0,1117.0,117.0,440012.6,4474549.53,1.0,Puerta Calle,1.0,Abierto,740300.0,CALLE                   ,TERNERA                                           ,11007252.0,1.0,NUM,4.0,  ,10.0,740300.0,CALLE                   ,TERNERA                                           ,11007252.0,1.0,NUM,4.0,  ,,,,,,,1,01,CUANDO SALI DE CUBA,I,HOSTELERÍA,56,SERVICIOS DE COMIDAS Y BEBIDAS,561001,RESTAURANTE,13/09/2026,TERNERA,4,direccion
2694514302,node,40.4191255,-3.7065737,A Miña Gaita,regional,Calle de las Navas de Tolosa,3,28013,Madrid,,,,,,,,NAVAS DE TOLOSA,3,NAVAS DE TOLOSA|3,270535646.0,1.0,CENTRO              ,106.0,SOL                 ,6.0,1117.0,117.0,440045.59,4474519.53,1.0,Puerta Calle,1.0,Abierto,531200.0,CALLE                   ,NAVAS DE TOLOSA                                   ,11007287.0,1.0,NUM,3.0,  ,20.0,531200.0,CALLE                   ,NAVAS DE TOLOSA                                   ,11007287.0,1.0,NUM,3.0,  ,,,,,,,1,DR,ABONAVIDA,I,HOSTELERÍA,56,SERVICIOS DE COMIDAS Y BEBIDAS,561001,RESTAURANTE,13/09/2026,NAVAS DE TOLOSA,3,direccion
2694514304,node,40.4191056,-3.7069436,La Chamana,mexican,Calle de las Navas de Tolosa,7,28013,Madrid,+34 910 582 073,http://lachamana.es/,,,,,,NAVAS DE TOLOSA,7,NAVAS DE TOLOSA|7,280011374.0,1.0,CENTRO              ,106.0,SOL                 ,6.0,1117.0,117.0,440025.59,4474516.53,1.0,Puerta Calle,1.0,Abierto,531200.0,CALLE                   ,NAVAS DE TOLOSA                                   ,11007285.0,1.0,NUM,7.0,  ,10.0,531200.0,CALLE                   ,NAVAS DE TOLOSA                                   ,11007285.0,1.0,NUM,7.0,  ,,,,,,,1,IZ,LA CHAMANA,I,HOSTELERÍA,56,SERVICIOS DE COMIDAS Y BEBIDAS,561001,RESTAURANTE,13/09/2026,NAVAS DE TOLOSA,7,direccion
2694514307,node,40.4190828,-3.7071347,Cornucopia,international,Calle de las Navas de Tolosa,9,28013,Madrid,+34 91 521 38 96,https://www.restaurantecornucopia.com/,,,,,,NAVAS DE TOLOSA,9,NAVAS DE TOLOSA|9,280011372.0,1.0,CENTRO              ,106.0,SOL                 ,6.0,1117.0,117.0,440008.59,4474513.53,1.0,Puerta Calle,1.0,Abierto,531200.0,CALLE                   ,NAVAS DE TOLOSA                                   ,11007284.0,1.0,NUM,9.0,  ,10.0,531200.0,CALLE                   ,NAVAS DE TOLOSA                                   ,11007284.0,1.0,NUM,9.0,  ,,,,,,,1,01,LETRA SUELTA SOBRE DINTEL DE ACCESO SIN SUPERAR ANCHO DE HUECO,I,HOSTELERÍA,56,SERVICIOS DE COMIDAS Y BEBIDAS,561001,RESTAURANTE,13/09/2026,NAVAS DE TOLOSA,9,direccion
2694514307,node,40.4190828,-3.7071347,Cornucopia,international,Calle de las Navas de Tolosa,9,28013,Madrid,+34 91 521 38 96,https://www.restaurantecornucopia.com/,,,,,,NAVAS DE TOLOSA,9,NAVAS DE TOLOSA|9,280011373.0,1.0,CENTRO              ,106.0,SOL                 ,6.0,1117.0,117.0,439993.6,4474508.53,1.0,Puerta Calle,1.0,Abierto,531200.0,CALLE                   ,NAVAS DE TOLOSA                                   ,11007284.0,1.0,NUM,9.0,  ,20.0,531200.0,CALLE                   ,NAVAS DE TOLOSA                                   ,11007284.0,1.0,NUM,9.0,  ,,,,,,,1,02,IGO RAMEN,I,HOSTELERÍA,56,SERVICIOS DE COMIDAS Y BEBIDAS,561001,RESTAURANTE,13/09/2026,NAVAS DE TOLOSA,9,direccion
2694514309,node,40.4173248,-3.7060621,Taberna Los 4 Robles,regional,Plaza de Celenque,1,28013,Madrid,+34 915 227 686,http://los4robles.com,Mo-Su 07:00-00:00,,,,,CELENQUE,1,CELENQUE|1,270053749.0,1.0,CENTRO              ,106.0,SOL                 ,6.0,1124.0,124.0,440096.59,4474312.53,1.0,Puerta Calle,1.0,Abierto,161200.0,PLAZA                   ,CELENQUE                                          ,11007853.0,1.0,NUM,1.0,  ,20.0,161200.0,PLAZA                   ,CELENQUE                                          ,11007853.0,1.0,NUM,1.0,  ,,,,,,,1,02,TABERNA LOS CUATRO ROBLES,I,HOSTELERÍA,56,SERVICIOS DE COMIDAS Y BEBIDAS,561001,RESTAURANTE,13/09/2026,CELENQUE,1,direccion
2694514309,node,40.4173248,-3.7060621,Taberna Los 4 Robles,regional,Plaza de Celenque,1,28013,Madrid,+34 915 227 686,http://los4robles.com,Mo-Su 07:00-00:00,,,,,CELENQUE,1,CELENQUE|1,270456853.0,1.0,CENTRO              ,106.0,SOL                 ,6.0,1124.0,124.0,440099.59,4474326.53,1.0,Puerta Calle,1.0,Abierto,161200.0,PLAZA                   ,CELENQUE                                          ,11007853.0,1.0,NUM,1.0,  ,30.0,161200.0,PLAZA                   ,CELENQUE                                          ,11007853.0,1.0,NUM,1.0,  ,,,,,,,1,03,CAÑAS Y TAPAS,I,HOSTELERÍA,56,SERVICIOS DE COMIDAS Y BEBIDAS,561001,RESTAURANTE,13/09/2026,CELENQUE,1,direccion
2696236502,node,40.4172783,-3.7086063,La Excéntrica,regional,Calle de las Fuentes,10,28013,Madrid,+34 915 59 71 68,,Mo-Su 10:00-02:00,,,,,FUENTES,10,FUENTES|10,10003548.0,1.0,CENTRO              ,106.0,SOL                 ,6.0,1124.0,124.0,439883.6,4474314.53,1.0,Puerta Calle,1.0,Abierto,317900.0,CALLE                   ,FUENTES                                           ,11007941.0,1.0,NUM,10.0,  ,20.0,317900.0,CALLE                   ,FUENTES                                           ,11007941.0,1.0,NUM,10.0,  ,,,,,,,1,DR,LA EXCÉNTRICA,I,HOSTELERÍA,56,SERVICIOS DE COMIDAS Y BEBIDAS,561004,BAR RESTAURANTE,13/09/2026,FUENTES,10,direccion
2697521929,node,40.4206521,-3.7114917,El Senador,regional,Plaza de la Marina Española,2,28013,Madrid,+34 91 541 22 21,http://www.restaurantesenador.com/,,,,,no,MARINA ESPAÑOLA,2,MARINA ESPAÑOLA|2,270442861.0,1.0,CENTRO              ,101.0,PALACIO             ,1.0,1004.0,4.0,439650.6,4474688.54,1.0,Puerta Calle,1.0,Abierto,482500.0,PLAZA                   ,MARINA ESPAÑOLA                                   ,11000292.0,1.0,NUM,2.0,  ,10.0,482500.0,PLAZA                   ,MARINA ESPAÑOLA                                   ,11000292.0,1.0,NUM,2.0,  ,,,,,,,1,01,SENADOR,I,HOSTELERÍA,56,SERVICIOS DE COMIDAS Y BEBIDAS,561001,RESTAURANTE,13/09/2026,MARINA ESPAÑOLA,2,direccion
2697521930,node,40.4218125,-3.7116158,Mesón Del Bacalao,,Calle del Reloj,16,28013,Madrid,,,,,,,,RELOJ,16,RELOJ|16,270418915.0,1.0,CENTRO              ,101.0,PALACIO             ,1.0,1002.0,2.0,439631.6,4474821.54,1.0,Puerta Calle,1.0,Abierto,635700.0,CALLE                   ,RELOJ                                             ,11000137.0,1.0,NUM,16.0,  ,10.0,635700.0,CALLE                   ,RELOJ                                             ,11000137.0,1.0,NUM,16.0,  ,,,,,,,1,I,RINCON BAHIANO,I,HOSTELERÍA,56,SERVICIOS DE COMIDAS Y BEBIDAS,561001,RESTAURANTE,13/09/2026,RELOJ,16,direccion
2697589083,node,40.4115906,-3.7119728,María La Lia,,Calle de Don Pedro,6,28005,Madrid,+34 913 65 34 11,https://www.marialalia.com/,,,,,,DON PEDRO,6,DON PEDRO|6,285001495.0,1.0,CENTRO              ,101.0,PALACIO             ,1.0,1015.0,15.0,439582.6,4473684.53,1.0,Puerta Calle,1.0,Abierto,248500.0,CALLE                   ,DON PEDRO                                         ,11000948.0,1.0,NUM,6.0,  ,10.0,248500.0,CALLE                   ,DON PEDRO                                         ,11000948.0,1.0,NUM,6.0,  ,,,,,,,1,IZ,MADRESELVA,I,HOSTELERÍA,56,SERVICIOS DE COMIDAS Y BEBIDAS,561001,RESTAURANTE,13/09/2026,DON PEDRO,6,direccion
2697589095,node,40.4135782,-3.7102688,El Sainete,international,Calle de Segovia,8,28005,Madrid,,https://cerveceraindependiente.com/locales/el-sainete/#.QwZ4cehlxqjSi7h,,,,,,SEGOVIA,8,SEGOVIA|8,270448945.0,1.0,CENTRO              ,101.0,PALACIO             ,1.0,1009.0,9.0,439736.59,4473912.53,1.0,Puerta Calle,1.0,Abierto,706300.0,CALLE                   ,SEGOVIA                                           ,11000637.0,1.0,NUM,8.0,  ,30.0,706300.0,CALLE                   ,SEGOVIA                                           ,11000637.0,1.0,NUM,8.0,  ,,,,,,,1,03,YAKUZA SUSHI,I,HOSTELERÍA,56,SERVICIOS DE COMIDAS Y BEBIDAS,561004,BAR RESTAURANTE,13/09/2026,SEGOVIA,8,direccion
2697589095,node,40.4135782,-3.7102688,El Sainete,international,Calle de Segovia,8,28005,Madrid,,https://cerveceraindependiente.com/locales/el-sainete/#.QwZ4cehlxqjSi7h,,,,,,SEGOVIA,8,SEGOVIA|8,270537179.0,1.0,CENTRO              ,101.0,PALACIO             ,1.0,1009.0,9.0,439716.59,4473903.53,1.0,Puerta Calle,1.0,Abierto,706300.0,CALLE                   ,SEGOVIA                                           ,11000637.0,1.0,NUM,8.0,  ,10.0,706300.0,CALLE                   ,SEGOVIA                                           ,11000637.0,1.0,NUM,8.0,  ,,,,,,,1,01,ARROCERIA JIMMY,I,HOSTELERÍA,56,SERVICIOS DE COMIDAS Y BEBIDAS,561004,BAR RESTAURANTE,13/09/2026,SEGOVIA,8,direccion
2697589099,node,40.4176746,-3.7115376,Café de Oriente,,Plaza de Oriente,2,28013,Madrid,+34 915 413 974,https://www.cafedeoriente.es/,,,,,,ORIENTE,2,ORIENTE|2,280012619.0,1.0,CENTRO              ,101.0,PALACIO             ,1.0,1006.0,6.0,439642.5803193509,4474369.939742383,1.0,Puerta Calle,1.0,Abierto,551300.0,PLAZA                   ,ORIENTE                                           ,11000350.0,1.0,NUM,2.0,  ,10.0,551300.0,PLAZA                   ,ORIENTE                                           ,11000350.0,1.0,NUM,2.0,  ,,,,,,,1,,CAFE DE ORIENTE,I,HOSTELERÍA,56,SERVICIOS DE COMIDAS Y BEBIDAS,561001,RESTAURANTE,13/09/2026,ORIENTE,2,direccion
2697589101,node,40.4185813,-3.7111009,La Lonja/La Mar/Raw Bar,regional,Plaza de Oriente,6,28013,Madrid,+34 91 541 3333,https://www.lalonjadelmar.com/,,,,,,ORIENTE,6,ORIENTE|6,270524297.0,1.0,CENTRO              ,101.0,PALACIO             ,1.0,1004.0,4.0,439662.6,4474470.53,1.0,Puerta Calle,1.0,Abierto,551300.0,PLAZA                   ,ORIENTE                                           ,11000294.0,1.0,NUM,6.0,  ,10.0,551300.0,PLAZA                   ,ORIENTE                                           ,11000294.0,1.0,NUM,6.0,  ,,,,,,,1,IZ,LA LONJA,I,HOSTELERÍA,56,SERVICIOS DE COMIDAS Y BEBIDAS,561004,BAR RESTAURANTE,13/09/2026,ORIENTE,6,direccion
2697589101,node,40.4185813,-3.7111009,La Lonja/La Mar/Raw Bar,regional,Plaza de Oriente,6,28013,Madrid,+34 91 541 3333,https://www.lalonjadelmar.com/,,,,,,ORIENTE,6,ORIENTE|6,285001240.0,1.0,CENTRO              ,101.0,PALACIO             ,1.0,1004.0,4.0,439672.6,4474457.53,1.0,Puerta Calle,1.0,Abierto,551300.0,PLAZA                   ,ORIENTE                                           ,11000294.0,1.0,NUM,6.0,  ,20.0,290500.0,CALLE                   ,FELIPE V                                          ,20003804.0,1.0,NUM,8.0,  ,,,,,,,1,DR,LA LONJA,I,HOSTELERÍA,56,SERVICIOS DE COMIDAS Y BEBIDAS,561004,BAR RESTAURANTE,13/09/2026,ORIENTE,6,direccion
2701917499,node,40.4149486,-3.7083714,Mesón La Mazmorra,,Calle de la Cava de San Miguel,6,,,,,,,,,,CAVA DE SAN MIGUEL,6,CAVA DE SAN MIGUEL|6,10002139.0,1.0,CENTRO              ,101.0,PALACIO             ,1.0,1008.0,8.0,439895.59,4474065.53,1.0,Puerta Calle,1.0,Abierto,158800.0,CALLE                   ,CAVA DE SAN MIGUEL                                ,11000526.0,1.0,NUM,6.0,  ,60.0,158800.0,CALLE                   ,CAVA DE SAN MIGUEL                                ,11000526.0,1.0,NUM,6.0,  ,,,,,,,1,02,JUANCHI´S BURGUER,I,HOSTELERÍA,56,SERVICIOS DE COMIDAS Y BEBIDAS,561004,BAR RESTAURANTE,13/09/2026,CAVA DE SAN MIGUEL,6,direccion
2717079169,node,40.4228535,-3.7030917,La Pescadería,,Calle de la Ballesta,32,28004,Madrid,+34 91 523 90 51,http://www.la-pescaderia.com/,,,,,,BALLESTA,32,BALLESTA|32,270549438.0,1.0,CENTRO              ,105.0,UNIVERSIDAD         ,5.0,1096.0,96.0,440354.59,4474931.53,1.0,Puerta Calle,1.0,Abierto,89300.0,CALLE                   ,BALLESTA                                          ,11005695.0,1.0,NUM,32.0,  ,20.0,89300.0,CALLE                   ,BALLESTA                                          ,11005695.0,1.0,NUM,32.0,  ,,,,,,,1,DR,LA PESCADERIA,I,HOSTELERÍA,56,SERVICIOS DE COMIDAS Y BEBIDAS,561004,BAR RESTAURANTE,13/09/2026,BALLESTA,32,direccion
2723834799,node,40.4143998,-3.7007134,Cañas y Tapas,tapas,Plaza de Santa Ana,9,28012,Madrid,,,,,,,,SANTA ANA,9,SANTA ANA|9,270267317.0,1.0,CENTRO              ,103.0,CORTES              ,3.0,1068.0,68.0,440552.59,4473987.53,1.0,Puerta Calle,1.0,Abierto,691700.0,PLAZA                   ,SANTA ANA                                         ,11003719.0,1.0,NUM,9.0,  ,10.0,691700.0,PLAZA                   ,SANTA ANA                                         ,11003719.0,1.0,NUM,9.0,  ,,,,,,,1,01,SANTA ASKUA,I,HOSTELERÍA,56,SERVICIOS DE COMIDAS Y BEBIDAS,561002,RESTAURANTES DE COMIDA RAPIDA,13/09/2026,SANTA ANA,9,direccion
2723834809,node,40.4144215,-3.7005981,Pintxibar,tapas,Plaza de Santa Ana,8,28012,Madrid,,,,,,,,SANTA ANA,8,SANTA ANA|8,270191169.0,1.0,CENTRO              ,102.0,EMBAJADORES         ,2.0,1024.0,24.0,439877.59,4473473.53,1.0,Puerta Calle,1.0,Abierto,691500.0,CALLE                   ,SANTA ANA                                         ,11001435.0,1.0,NUM,8.0,  ,10.0,691500.0,CALLE                   ,SANTA ANA                                         ,11001435.0,1.0,NUM,8.0,  ,,,,,,,1,01,MUSEO DE LA RADIO,I,HOSTELERÍA,56,SERVICIOS DE COMIDAS Y BEBIDAS,561004,BAR RESTAURANTE,13/09/2026,SANTA ANA,8,direccion
2723834809,node,40.4144215,-3.7005981,Pintxibar,tapas,Plaza de Santa Ana,8,28012,Madrid,,,,,,,,SANTA ANA,8,SANTA ANA|8,270532513.0,1.0,CENTRO              ,103.0,CORTES              ,3.0,1068.0,68.0,440560.59,4473989.53,1.0,Puerta Calle,1.0,Abierto,691700.0,PLAZA                   ,SANTA ANA                                         ,11003720.0,1.0,NUM,8.0,  ,10.0,691700.0,PLAZA                   ,SANTA ANA                                         ,11003720.0,1.0,NUM,8.0,  ,,,,,,,1,01,LA CHULANA,I,HOSTELERÍA,56,SERVICIOS DE COMIDAS Y BEBIDAS,561004,BAR RESTAURANTE,13/09/2026,SANTA ANA,8,direccion
2725509703,node,40.4256274,-3.7076511,El Duero,portuguese,Calle de Noviciado,2,28015,Madrid,+34 910 74 36 04,,,,,,,NOVICIADO,2,NOVICIADO|2,10003003.0,1.0,CENTRO              ,105.0,UNIVERSIDAD         ,5.0,1110.0,110.0,439975.6,4475241.53,1.0,Puerta Calle,1.0,Abierto,536700.0,CALLE                   ,NOVICIADO                                         ,11006687.0,1.0,NUM,2.0,  ,20.0,536700.0,CALLE                   ,NOVICIADO                                         ,11006687.0,1.0,NUM,2.0,  ,,,,,,,1,04,BAR LA GLORIA,I,HOSTELERÍA,56,SERVICIOS DE COMIDAS Y BEBIDAS,561001,RESTAURANTE,13/09/2026,NOVICIADO,2,direccion
2725509703,node,40.4256274,-3.7076511,El Duero,portuguese,Calle de Noviciado,2,28015,Madrid,+34 910 74 36 04,,,,,,,NOVICIADO,2,NOVICIADO|2,280010991.0,1.0,CENTRO              ,105.0,UNIVERSIDAD         ,5.0,1110.0,110.0,439995.6,4475247.53,1.0,Puerta Calle,1.0,Abierto,536700.0,CALLE                   ,NOVICIADO                                         ,11006687.0,1.0,NUM,2.0,  ,40.0,661700.0,CALLE                   ,SAN BERNARDO                                      ,11006718.0,1.0,NUM,53.0,  ,,,,,,,1,01,SHITO RAMEN,I,HOSTELERÍA,56,SERVICIOS DE COMIDAS Y BEBIDAS,561002,RESTAURANTES DE COMIDA RAPIDA,13/09/2026,NOVICIADO,2,direccion
2725509704,node,40.4256169,-3.7075202,La Gloria,regional,Calle de Noviciado,2,28015,Madrid,+34 91 083 14 01,http://www.barlagloria.com/es/,,,,,no,NOVICIADO,2,NOVICIADO|2,10003003.0,1.0,CENTRO              ,105.0,UNIVERSIDAD         ,5.0,1110.0,110.0,439975.6,4475241.53,1.0,Puerta Calle,1.0,Abierto,536700.0,CALLE                   ,NOVICIADO                                         ,11006687.0,1.0,NUM,2.0,  ,20.0,536700.0,CALLE                   ,NOVICIADO                                         ,11006687.0,1.0,NUM,2.0,  ,,,,,,,1,04,BAR LA GLORIA,I,HOSTELERÍA,56,SERVICIOS DE COMIDAS Y BEBIDAS,561001,RESTAURANTE,13/09/2026,NOVICIADO,2,direccion
2725509704,node,40.4256169,-3.7075202,La Gloria,regional,Calle de Noviciado,2,28015,Madrid,+34 91 083 14 01,http://www.barlagloria.com/es/,,,,,no,NOVICIADO,2,NOVICIADO|2,280010991.0,1.0,CENTRO              ,105.0,UNIVERSIDAD         ,5.0,1110.0,110.0,439995.6,4475247.53,1.0,Puerta Calle,1.0,Abierto,536700.0,CALLE                   ,NOVICIADO                                         ,11006687.0,1.0,NUM,2.0,  ,40.0,661700.0,CALLE                   ,SAN BERNARDO                                      ,11006718.0,1.0,NUM,53.0,  ,,,,,,,1,01,SHITO RAMEN,I,HOSTELERÍA,56,SERVICIOS DE COMIDAS Y BEBIDAS,561002,RESTAURANTES DE COMIDA RAPIDA,13/09/2026,NOVICIADO,2,direccion
2727060486,node,40.4227802,-3.7109461,O' Muiño,regional,Calle de Leganitos,43,28013,Madrid,,,,,,,,LEGANITOS,43,LEGANITOS|43,270355643.0,1.0,CENTRO              ,101.0,PALACIO             ,1.0,1001.0,1.0,439688.6,4474922.54,1.0,Puerta Calle,1.0,Abierto,433800.0,CALLE                   ,LEGANITOS                                         ,11000031.0,1.0,NUM,43.0,  ,20.0,433800.0,CALLE                   ,LEGANITOS                                         ,11000031.0,1.0,NUM,43.0,  ,,,,,,,1,03,O´MUIÑO,I,HOSTELERÍA,56,SERVICIOS DE COMIDAS Y BEBIDAS,561004,BAR RESTAURANTE,13/09/2026,LEGANITOS,43,direccion
2727060487,node,40.4227242,-3.7109084,Sidrería A Lareira,regional,Calle de Leganitos,43,28013,Madrid,,,,,,,,LEGANITOS,43,LEGANITOS|43,270355643.0,1.0,CENTRO              ,101.0,PALACIO             ,1.0,1001.0,1.0,439688.6,4474922.54,1.0,Puerta Calle,1.0,Abierto,433800.0,CALLE                   ,LEGANITOS                                         ,11000031.0,1.0,NUM,43.0,  ,20.0,433800.0,CALLE                   ,LEGANITOS                                         ,11000031.0,1.0,NUM,43.0,  ,,,,,,,1,03,O´MUIÑO,I,HOSTELERÍA,56,SERVICIOS DE COMIDAS Y BEBIDAS,561004,BAR RESTAURANTE,13/09/2026,LEGANITOS,43,direccion
2727060490,node,40.4223656,-3.7106938,Orient,chinese,Calle de Leganitos,37,28013,Madrid,+34 915 41 17 10,,,,,,,LEGANITOS,37,LEGANITOS|37,270526924.0,1.0,CENTRO              ,101.0,PALACIO             ,1.0,1002.0,2.0,439710.6,4474878.54,1.0,Puerta Calle,1.0,Abierto,433800.0,CALLE                   ,LEGANITOS                                         ,20003694.0,1.0,NUM,37.0,  ,10.0,433800.0,CALLE                   ,LEGANITOS                                         ,20003694.0,1.0,NUM,37.0,  ,,,,,,,1,01,RESTAURANTE ASIATICO ORIENT,I,HOSTELERÍA,56,SERVICIOS DE COMIDAS Y BEBIDAS,561001,RESTAURANTE,13/09/2026,LEGANITOS,37,direccion
2727060494,node,40.4218999,-3.7103685,Al-Aman II,arab,Calle de Leganitos,27,28013,Madrid,+34 915 59 22 58,,,,,,,LEGANITOS,27,LEGANITOS|27,270420207.0,1.0,CENTRO              ,101.0,PALACIO             ,1.0,1002.0,2.0,439737.6,4474825.53,1.0,Puerta Calle,1.0,Abierto,433800.0,CALLE                   ,LEGANITOS                                         ,11000122.0,1.0,NUM,27.0,  ,10.0,433800.0,CALLE                   ,LEGANITOS                                         ,11000122.0,1.0,NUM,27.0,  ,,,,,,,1,IZ,RESTAURANTE AL-AMAN,I,HOSTELERÍA,56,SERVICIOS DE COMIDAS Y BEBIDAS,561004,BAR RESTAURANTE,13/09/2026,LEGANITOS,27,direccion
2728979067,node,40.4221735,-3.7097663,Wasabi & Roll,japanese,Calle de la Flor Baja,5,28013,Madrid,+34 916 226 374,http://www.wasabiandroll.com/,,,,,,FLOR BAJA,5,FLOR BAJA|5,10002415.0,1.0,CENTRO              ,101.0,PALACIO             ,1.0,1003.0,3.0,439778.6,4474862.53,1.0,Puerta Calle,1.0,Abierto,297800.0,CALLE                   ,FLOR BAJA                                         ,11000212.0,1.0,NUM,5.0,  ,20.0,297800.0,CALLE                   ,FLOR BAJA                                         ,11000212.0,1.0,NUM,5.0,  ,,,,,,,0,01,MIYAMA,I,HOSTELERÍA,56,SERVICIOS DE COMIDAS Y BEBIDAS,561001,RESTAURANTE,13/09/2026,FLOR BAJA,5,direccion
2728979067,node,40.4221735,-3.7097663,Wasabi & Roll,japanese,Calle de la Flor Baja,5,28013,Madrid,+34 916 226 374,http://www.wasabiandroll.com/,,,,,,FLOR BAJA,5,FLOR BAJA|5,280007315.0,1.0,CENTRO              ,101.0,PALACIO             ,1.0,1003.0,3.0,439790.6,4474857.53,1.0,Puerta Calle,1.0,Abierto,297800.0,CALLE                   ,FLOR BAJA                                         ,11000212.0,1.0,NUM,5.0,  ,10.0,297800.0,CALLE                   ,FLOR BAJA                                         ,11000212.0,1.0,NUM,5.0,  ,,,,,,,0,02,KANPAI RESTAURANTE,I,HOSTELERÍA,56,SERVICIOS DE COMIDAS Y BEBIDAS,561001,RESTAURANTE,13/09/2026,FLOR BAJA,5,direccion
2728979112,node,40.4195822,-3.7093352,Del Greco,regional,Cuesta de Santo Domingo,12,28013,Madrid,,,,,,,,SANTO DOMINGO,12,SANTO DOMINGO|12,10000327.0,1.0,CENTRO              ,101.0,PALACIO             ,1.0,1003.0,3.0,439844.6,4474692.53,1.0,Puerta Calle,1.0,Abierto,702300.0,PLAZA                   ,SANTO DOMINGO                                     ,11000227.0,1.0,NUM,12.0,  ,40.0,702300.0,PLAZA                   ,SANTO DOMINGO                                     ,11000227.0,1.0,NUM,12.0,  ,,,,,,,1,02,BAR EL ENCUENTRO,I,HOSTELERÍA,56,SERVICIOS DE COMIDAS Y BEBIDAS,561004,BAR RESTAURANTE,13/09/2026,SANTO DOMINGO,12,direccion
2731037363,node,40.4220797,-3.7042651,Mamá Chicó,,Corredera Baja de San Pablo,10,28004,Madrid,,,,,,,,CORREDERA BAJA DE SAN PABLO,10,CORREDERA BAJA DE SAN PABLO|10,285003836.0,1.0,CENTRO              ,105.0,UNIVERSIDAD         ,5.0,1114.0,114.0,440254.59,4474842.53,1.0,Puerta Calle,1.0,Abierto,212400.0,CALLE                   ,CORREDERA BAJA DE SAN PABLO                       ,11007023.0,1.0,NUM,10.0,  ,10.0,212400.0,CALLE                   ,CORREDERA BAJA DE SAN PABLO                       ,11007023.0,1.0,NUM,10.0,  ,,,,,,,1,A,RESTAURANTE,I,HOSTELERÍA,56,SERVICIOS DE COMIDAS Y BEBIDAS,561001,RESTAURANTE,13/09/2026,CORREDERA BAJA DE SAN PABLO,10,direccion
2752824256,node,40.4155198,-3.7017311,El Jardín,regional,Calle de la Cruz,19,,,,,,,,,,CRUZ,19,CRUZ|19,270531808.0,1.0,CENTRO              ,103.0,CORTES              ,3.0,1069.0,69.0,440464.59,4474115.53,1.0,Puerta Calle,1.0,Abierto,221000.0,CALLE                   ,CRUZ                                              ,11003858.0,1.0,NUM,19.0,  ,10.0,221000.0,CALLE                   ,CRUZ                                              ,11003858.0,1.0,NUM,19.0,  ,,,,,,,1,01,GRAMA LOUNGE,I,HOSTELERÍA,56,SERVICIOS DE COMIDAS Y BEBIDAS,561004,BAR RESTAURANTE,13/09/2026,CRUZ,19,direccion
2769265442,node,40.4228838,-3.6997242,Xanacuk,,Calle de Augusto Figueroa,13,28004,Madrid,+34 91 521 22 70,http://www.xanacuk.com/,,,,,no,AUGUSTO FIGUEROA,13,AUGUSTO FIGUEROA|13,270487711.0,1.0,CENTRO              ,104.0,JUSTICIA            ,4.0,1075.0,75.0,440643.59,4474928.53,1.0,Puerta Calle,1.0,Abierto,81800.0,CALLE                   ,AUGUSTO FIGUEROA                                  ,11004396.0,1.0,NUM,13.0,  ,10.0,81800.0,CALLE                   ,AUGUSTO FIGUEROA                                  ,11004396.0,1.0,NUM,13.0,  ,,,,,,,1,01,XANACUK,I,HOSTELERÍA,56,SERVICIOS DE COMIDAS Y BEBIDAS,561001,RESTAURANTE,13/09/2026,AUGUSTO FIGUEROA,13,direccion
2777306971,node,40.4232513,-3.7037052,Sákale Madrid,,Calle del Molino de Viento,4,28004,Madrid,+34 918 65 63 22,https://sakalemadrid.com/,,,,,,MOLINO DE VIENTO,4,MOLINO DE VIENTO|4,285003326.0,1.0,CENTRO              ,105.0,UNIVERSIDAD         ,5.0,1096.0,96.0,440302.59,4474973.53,1.0,Puerta Calle,1.0,Abierto,513200.0,CALLE                   ,MOLINO DE VIENTO                                  ,11005731.0,1.0,NUM,4.0,  ,10.0,513200.0,CALLE                   ,MOLINO DE VIENTO                                  ,11005731.0,1.0,NUM,4.0,  ,,,,,,,1,,SAKALE,I,HOSTELERÍA,56,SERVICIOS DE COMIDAS Y BEBIDAS,561004,BAR RESTAURANTE,13/09/2026,MOLINO DE VIENTO,4,direccion
2779006951,node,40.418978,-3.7015174,Hemu Sushi,,Calle de los Jardines,3,28013,Madrid,,,,,,,limited,JARDINES,3,JARDINES|3,270531024.0,1.0,CENTRO              ,106.0,SOL                 ,6.0,1118.0,118.0,440486.59,4474496.53,1.0,Puerta Calle,1.0,Abierto,390100.0,CALLE                   ,JARDINES                                          ,11007398.0,1.0,NUM,3.0,  ,20.0,390100.0,CALLE                   ,JARDINES                                          ,11007398.0,1.0,NUM,3.0,  ,,,,,,,1,01,HEMU SUSHI,I,HOSTELERÍA,56,SERVICIOS DE COMIDAS Y BEBIDAS,561001,RESTAURANTE,13/09/2026,JARDINES,3,direccion
2779006954,node,40.4189749,-3.7013642,La Venganza de Malinche,mexican,Calle de los Jardines,5,28013,Madrid,+34 915 23 41 64,http://www.lavenganzademalinche.com/conocenos.html,,no,,,no,JARDINES,5,JARDINES|5,270051972.0,1.0,CENTRO              ,106.0,SOL                 ,6.0,1118.0,118.0,440499.59,4474496.53,1.0,Puerta Calle,1.0,Abierto,390100.0,CALLE                   ,JARDINES                                          ,11007397.0,1.0,NUM,5.0,  ,20.0,390100.0,CALLE                   ,JARDINES                                          ,11007397.0,1.0,NUM,5.0,  ,,,,,,,1,1DR,LA VENGANZA DE  MALINCHE,I,HOSTELERÍA,56,SERVICIOS DE COMIDAS Y BEBIDAS,561001,RESTAURANTE,13/09/2026,JARDINES,5,direccion
2781347240,node,40.4173628,-3.7060503,Cañas y Tapas,regional,Plaza de Celenque,1,28013,Madrid,+34 91 522 14 15,https://canasytapas.es/,Mo-Su 08:00-00:30,yes,,,,CELENQUE,1,CELENQUE|1,270053749.0,1.0,CENTRO              ,106.0,SOL                 ,6.0,1124.0,124.0,440096.59,4474312.53,1.0,Puerta Calle,1.0,Abierto,161200.0,PLAZA                   ,CELENQUE                                          ,11007853.0,1.0,NUM,1.0,  ,20.0,161200.0,PLAZA                   ,CELENQUE                                          ,11007853.0,1.0,NUM,1.0,  ,,,,,,,1,02,TABERNA LOS CUATRO ROBLES,I,HOSTELERÍA,56,SERVICIOS DE COMIDAS Y BEBIDAS,561001,RESTAURANTE,13/09/2026,CELENQUE,1,direccion
2781347240,node,40.4173628,-3.7060503,Cañas y Tapas,regional,Plaza de Celenque,1,28013,Madrid,+34 91 522 14 15,https://canasytapas.es/,Mo-Su 08:00-00:30,yes,,,,CELENQUE,1,CELENQUE|1,270456853.0,1.0,CENTRO              ,106.0,SOL                 ,6.0,1124.0,124.0,440099.59,4474326.53,1.0,Puerta Calle,1.0,Abierto,161200.0,PLAZA                   ,CELENQUE                                          ,11007853.0,1.0,NUM,1.0,  ,30.0,161200.0,PLAZA                   ,CELENQUE                                          ,11007853.0,1.0,NUM,1.0,  ,,,,,,,1,03,CAÑAS Y TAPAS,I,HOSTELERÍA,56,SERVICIOS DE COMIDAS Y BEBIDAS,561001,RESTAURANTE,13/09/2026,CELENQUE,1,direccion
2781347248,node,40.4148251,-3.7077041,Taberna Victoria,regional,Calle de Toledo,4,28005,Madrid,,,,,,,limited,TOLEDO,4,TOLEDO|4,10001936.0,1.0,CENTRO              ,106.0,SOL                 ,6.0,1121.0,121.0,439958.59,4474028.53,1.0,Puerta Calle,1.0,Abierto,743600.0,CALLE                   ,TOLEDO                                            ,11007699.0,1.0,NUM,4.0,  ,10.0,743600.0,CALLE                   ,TOLEDO                                            ,11007699.0,1.0,NUM,4.0,  ,,,,,,,1,CT,CORRIENTES 348,I,HOSTELERÍA,56,SERVICIOS DE COMIDAS Y BEBIDAS,561004,BAR RESTAURANTE,13/09/2026,TOLEDO,4,direccion
2781347255,node,40.4144821,-3.7076475,Andarica,,Calle de Toledo,12,28005,Madrid,,,,,,,,TOLEDO,12,TOLEDO|12,280011877.0,1.0,CENTRO              ,106.0,SOL                 ,6.0,1121.0,121.0,439961.59,4474000.53,1.0,Puerta Calle,1.0,Abierto,743600.0,CALLE                   ,TOLEDO                                            ,11007703.0,1.0,NUM,12.0,  ,10.0,743600.0,CALLE                   ,TOLEDO                                            ,11007703.0,1.0,NUM,12.0,  ,,,,,,,1,01,LA SUREÑA,I,HOSTELERÍA,56,SERVICIOS DE COMIDAS Y BEBIDAS,561002,RESTAURANTES DE COMIDA RAPIDA,13/09/2026,TOLEDO,12,direccion
2781347255,node,40.4144821,-3.7076475,Andarica,,Calle de Toledo,12,28005,Madrid,,,,,,,,TOLEDO,12,TOLEDO|12,280011877.0,1.0,CENTRO              ,106.0,SOL                 ,6.0,1121.0,121.0,439961.59,4474000.53,1.0,Puerta Calle,1.0,Abierto,743600.0,CALLE                   ,TOLEDO                                            ,11007703.0,1.0,NUM,12.0,  ,10.0,743600.0,CALLE                   ,TOLEDO                                            ,11007703.0,1.0,NUM,12.0,  ,,,,,,,1,01,LA SUREÑA,I,HOSTELERÍA,56,SERVICIOS DE COMIDAS Y BEBIDAS,561004,BAR RESTAURANTE,13/09/2026,TOLEDO,12,direccion
2781347255,node,40.4144821,-3.7076475,Andarica,,Calle de Toledo,12,28005,Madrid,,,,,,,,TOLEDO,12,TOLEDO|12,280011878.0,1.0,CENTRO              ,106.0,SOL                 ,6.0,1121.0,121.0,439935.59,4473999.53,1.0,Puerta Calle,1.0,Abierto,743600.0,CALLE                   ,TOLEDO                                            ,11007703.0,1.0,NUM,12.0,  ,20.0,224400.0,CALLE                   ,CUCHILLEROS                                       ,20006856.0,1.0,NUM,9.0,  ,,,,,,,1,02,TABERNA DE LA DANIELA,I,HOSTELERÍA,56,SERVICIOS DE COMIDAS Y BEBIDAS,561004,BAR RESTAURANTE,13/09/2026,TOLEDO,12,direccion
2781347259,node,40.4145735,-3.7074986,La Casa del Abuelo,regional,Calle de Toledo,11,28005,Madrid,,http://lacasadelabuelo.es/,,yes,,,no,TOLEDO,11,TOLEDO|11,270538569.0,1.0,CENTRO              ,106.0,SOL                 ,6.0,1121.0,121.0,439974.59,4474011.53,1.0,Puerta Calle,1.0,Abierto,743600.0,CALLE                   ,TOLEDO                                            ,20006944.0,1.0,NUM,11.0,  ,30.0,743600.0,CALLE                   ,TOLEDO                                            ,20006944.0,1.0,NUM,11.0,  ,,,,,,,1,03,LA CASA DEL ABUELO,I,HOSTELERÍA,56,SERVICIOS DE COMIDAS Y BEBIDAS,561004,BAR RESTAURANTE,13/09/2026,TOLEDO,11,direccion
2781347282,node,40.4137355,-3.707576,Hong Kong 70,chinese,Calle de Toledo,28,28005,Madrid,+34 910 59 83 78,https://hongkong70.com/,"Mo-Su 13:00-16:30,20:00-24:00",,,,,TOLEDO,28,TOLEDO|28,270377319.0,1.0,CENTRO              ,106.0,SOL                 ,6.0,1121.0,121.0,439967.59,4473910.53,1.0,Puerta Calle,1.0,Abierto,743600.0,CALLE                   ,TOLEDO                                            ,11007640.0,1.0,NUM,28.0,  ,10.0,743600.0,CALLE                   ,TOLEDO                                            ,11007640.0,1.0,NUM,28.0,  ,,,,,,,1,C,LA MAS CASTIZA,I,HOSTELERÍA,56,SERVICIOS DE COMIDAS Y BEBIDAS,561004,BAR RESTAURANTE,13/09/2026,TOLEDO,28,direccion
2781347282,node,40.4137355,-3.707576,Hong Kong 70,chinese,Calle de Toledo,28,28005,Madrid,+34 910 59 83 78,https://hongkong70.com/,"Mo-Su 13:00-16:30,20:00-24:00",,,,,TOLEDO,28,TOLEDO|28,280011853.0,1.0,CENTRO              ,106.0,SOL                 ,6.0,1121.0,121.0,439966.59,4473921.53,1.0,Puerta Calle,1.0,Abierto,743600.0,CALLE                   ,TOLEDO                                            ,11007640.0,1.0,NUM,28.0,  ,20.0,743600.0,CALLE                   ,TOLEDO                                            ,11007640.0,1.0,NUM,28.0,  ,,,,,,,1,D,COPAS ROTAS,I,HOSTELERÍA,56,SERVICIOS DE COMIDAS Y BEBIDAS,561004,BAR RESTAURANTE,13/09/2026,TOLEDO,28,direccion
2813472226,node,40.4249117,-3.7019474,La Tapería de Malasaña,regional,Corredera Alta de San Pablo,8,28004,Madrid,,,,,,,,CORREDERA ALTA DE SAN PABLO,8,CORREDERA ALTA DE SAN PABLO|8,10002871.0,1.0,CENTRO              ,105.0,UNIVERSIDAD         ,5.0,1094.0,94.0,440454.59,4475155.53,1.0,Puerta Calle,1.0,Abierto,212300.0,CALLE                   ,CORREDERA ALTA DE SAN PABLO                       ,11005543.0,1.0,NUM,8.0,  ,20.0,212300.0,CALLE                   ,CORREDERA ALTA DE SAN PABLO                       ,11005543.0,1.0,NUM,8.0,  ,,,,,,,1,DR,TAPERÍA DE MALASAÑA,I,HOSTELERÍA,56,SERVICIOS DE COMIDAS Y BEBIDAS,561004,BAR RESTAURANTE,13/09/2026,CORREDERA ALTA DE SAN PABLO,8,direccion
2815481534,node,40.4218476,-3.7044909,Loreto,,Corredera Baja de San Pablo,6,28004,Madrid,,,,,,,limited,CORREDERA BAJA DE SAN PABLO,6,CORREDERA BAJA DE SAN PABLO|6,270050675.0,1.0,CENTRO              ,105.0,UNIVERSIDAD         ,5.0,1114.0,114.0,440235.59,4474817.53,1.0,Puerta Calle,1.0,Abierto,212400.0,CALLE                   ,CORREDERA BAJA DE SAN PABLO                       ,11007021.0,1.0,NUM,6.0,  ,10.0,212400.0,CALLE                   ,CORREDERA BAJA DE SAN PABLO                       ,11007021.0,1.0,NUM,6.0,  ,,,,,,,1,01,BAR LORETO,I,HOSTELERÍA,56,SERVICIOS DE COMIDAS Y BEBIDAS,561004,BAR RESTAURANTE,13/09/2026,CORREDERA BAJA DE SAN PABLO,6,direccion
2815481541,node,40.4267813,-3.7031532,Velarde 13,spanish;tapas,Calle de Velarde,13,28004,Madrid,,,,,,,limited,VELARDE,13,VELARDE|13,285003243.0,1.0,CENTRO              ,105.0,UNIVERSIDAD         ,5.0,1093.0,93.0,440354.6,4475364.53,1.0,Puerta Calle,1.0,Abierto,772700.0,CALLE                   ,VELARDE                                           ,11005501.0,1.0,NUM,13.0,  ,10.0,772700.0,CALLE                   ,VELARDE                                           ,11005501.0,1.0,NUM,13.0,  ,,,,,,,1,IZ,EL PUERTO DE CABREIRA,I,HOSTELERÍA,56,SERVICIOS DE COMIDAS Y BEBIDAS,561004,BAR RESTAURANTE,13/09/2026,VELARDE,13,direccion
2820273946,node,40.4220081,-3.7061415,Chuan Yu,chinese,Calle de la Estrella,5,28004,Madrid,,,,,,,,ESTRELLA,5,ESTRELLA|5,280011107.0,1.0,CENTRO              ,105.0,UNIVERSIDAD         ,5.0,1115.0,115.0,440093.6,4474838.53,1.0,Puerta Calle,1.0,Abierto,281400.0,CALLE                   ,ESTRELLA                                          ,11007056.0,1.0,NUM,5.0,  ,20.0,281400.0,CALLE                   ,ESTRELLA                                          ,11007056.0,1.0,NUM,5.0,  ,,,,,,,1,DR,CHAN YU,I,HOSTELERÍA,56,SERVICIOS DE COMIDAS Y BEBIDAS,561001,RESTAURANTE,13/09/2026,ESTRELLA,5,direccion
2822786392,node,40.4195531,-3.7094318,La Veranda,,Cuesta de Santo Domingo,12,28013,Madrid,,,,,,,,SANTO DOMINGO,12,SANTO DOMINGO|12,10000327.0,1.0,CENTRO              ,101.0,PALACIO             ,1.0,1003.0,3.0,439844.6,4474692.53,1.0,Puerta Calle,1.0,Abierto,702300.0,PLAZA                   ,SANTO DOMINGO                                     ,11000227.0,1.0,NUM,12.0,  ,40.0,702300.0,PLAZA                   ,SANTO DOMINGO                                     ,11000227.0,1.0,NUM,12.0,  ,,,,,,,1,02,BAR EL ENCUENTRO,I,HOSTELERÍA,56,SERVICIOS DE COMIDAS Y BEBIDAS,561004,BAR RESTAURANTE,13/09/2026,SANTO DOMINGO,12,direccion
2824456980,node,40.4185875,-3.7097935,La Paella Real,regional,Calle de Arrieta,2,28013,Madrid,+34 915420942,https://www.lapaellareal.es/,Mo-Su 13:00-16:00,,,,,ARRIETA,2,ARRIETA|2,280012590.0,1.0,CENTRO              ,101.0,PALACIO             ,1.0,1004.0,4.0,0.0,0.0,3.0,Interior,1.0,Abierto,73700.0,CALLE                   ,ARRIETA                                           ,11000250.0,1.0,NUM,2.0,  ,0.0,73700.0,CALLE                   ,ARRIETA                                           ,11000250.0,1.0,NUM,2.0,  ,,,,,,,1,DR,LA PAELLA REAL,I,HOSTELERÍA,56,SERVICIOS DE COMIDAS Y BEBIDAS,561001,RESTAURANTE,13/09/2026,ARRIETA,2,direccion
2883836407,node,40.4257441,-3.7032708,Okashi Sanda,japanese,Calle de San Vicente Ferrer,22,28004,Madrid,+34 913 65 44 02,http://okashisanda.es/,"Mo-Tu off; We-Th 19:45-00:00; Fr 12:45-17:15, 19:45-00:15; Sa 12:45-00:15, Su 12:45-17:15, 19:45-00:00",no,,,,SAN VICENTE FERRER,22,SAN VICENTE FERRER|22,270048757.0,1.0,CENTRO              ,105.0,UNIVERSIDAD         ,5.0,1101.0,101.0,440342.59,4475249.53,1.0,Puerta Calle,1.0,Abierto,687600.0,CALLE                   ,SAN VICENTE FERRER                                ,11006093.0,1.0,NUM,22.0,  ,10.0,687600.0,CALLE                   ,SAN VICENTE FERRER                                ,11006093.0,1.0,NUM,22.0,  ,,,,,,,1,DR,OKASHI SANDA,I,HOSTELERÍA,56,SERVICIOS DE COMIDAS Y BEBIDAS,561004,BAR RESTAURANTE,13/09/2026,SAN VICENTE FERRER,22,direccion
2883836407,node,40.4257441,-3.7032708,Okashi Sanda,japanese,Calle de San Vicente Ferrer,22,28004,Madrid,+34 913 65 44 02,http://okashisanda.es/,"Mo-Tu off; We-Th 19:45-00:00; Fr 12:45-17:15, 19:45-00:15; Sa 12:45-00:15, Su 12:45-17:15, 19:45-00:00",no,,,,SAN VICENTE FERRER,22,SAN VICENTE FERRER|22,280010653.0,1.0,CENTRO              ,105.0,UNIVERSIDAD         ,5.0,1101.0,101.0,440350.59,4475248.53,1.0,Puerta Calle,1.0,Abierto,687600.0,CALLE                   ,SAN VICENTE FERRER                                ,11006093.0,1.0,NUM,22.0,  ,20.0,687600.0,CALLE                   ,SAN VICENTE FERRER                                ,11006093.0,1.0,NUM,22.0,  ,,,,,,,1,IZ,RED BAR,I,HOSTELERÍA,56,SERVICIOS DE COMIDAS Y BEBIDAS,561004,BAR RESTAURANTE,13/09/2026,SAN VICENTE FERRER,22,direccion
2883852305,node,40.4152265,-3.7082891,Mesón de la Guitarra,regional,Calle de la Cava de San Miguel,13,28005,Madrid,+34 915 59 95 31,http://mesonlaguitarraes.wix.com/ladrillo,,,,,limited,CAVA DE SAN MIGUEL,13,CAVA DE SAN MIGUEL|13,270053139.0,1.0,CENTRO              ,106.0,SOL                 ,6.0,1121.0,121.0,439907.59,4474086.53,1.0,Puerta Calle,1.0,Abierto,158800.0,CALLE                   ,CAVA DE SAN MIGUEL                                ,11007714.0,1.0,NUM,13.0,  ,10.0,158800.0,CALLE                   ,CAVA DE SAN MIGUEL                                ,11007714.0,1.0,NUM,13.0,  ,,,,,,,1,01,MESON DE LA GUITARRA,I,HOSTELERÍA,56,SERVICIOS DE COMIDAS Y BEBIDAS,561004,BAR RESTAURANTE,13/09/2026,CAVA DE SAN MIGUEL,13,direccion
2901534992,node,40.4137861,-3.6976582,Quevedo,,Calle de Lope de Vega,17,28014,Madrid,+34 91 429 4058,,,,,,,LOPE DE VEGA,17,LOPE DE VEGA|17,280009099.0,1.0,CENTRO              ,103.0,CORTES              ,3.0,1065.0,65.0,440807.59,4473919.52,1.0,Puerta Calle,1.0,Abierto,441000.0,CALLE                   ,LOPE DE VEGA                                      ,11003518.0,1.0,NUM,17.0,  ,20.0,622100.0,CALLE                   ,QUEVEDO                                           ,20005104.0,1.0,NUM,7.0,  ,,,,,,,1,IZ1,CERVECERIA RESTAURANTE QUEVEDO,I,HOSTELERÍA,56,SERVICIOS DE COMIDAS Y BEBIDAS,561004,BAR RESTAURANTE,13/09/2026,LOPE DE VEGA,17,direccion
2910130669,node,40.420446,-3.6974578,Morgana,,Calle de la Libertad,5,28004,Madrid,,https://restaurantemorgana.es,"Tu-Th 13:30-15:30, 20:30-22:30; Mo 20:30-22:30; Fr-Su 13:30-16:00, 20:30-23:00",,,,,LIBERTAD,5,LIBERTAD|5,285002937.0,1.0,CENTRO              ,104.0,JUSTICIA            ,4.0,1074.0,74.0,440831.59,4474660.52,1.0,Puerta Calle,1.0,Abierto,437400.0,CALLE                   ,LIBERTAD                                          ,11004279.0,1.0,NUM,5.0,  ,10.0,437400.0,CALLE                   ,LIBERTAD                                          ,11004279.0,1.0,NUM,5.0,  ,,,,,,,1, ,BAR RESTAURANTE,I,HOSTELERÍA,56,SERVICIOS DE COMIDAS Y BEBIDAS,561004,BAR RESTAURANTE,13/09/2026,LIBERTAD,5,direccion
2937735913,node,40.4160183,-3.7010341,Patong Thai,thai,Calle de la Cruz,7,,Madrid,+34 91 188 27 36,,,,,,,CRUZ,7,CRUZ|7,285002853.0,1.0,CENTRO              ,103.0,CORTES              ,3.0,1069.0,69.0,440525.59,4474168.53,1.0,Puerta Calle,1.0,Abierto,221000.0,CALLE                   ,CRUZ                                              ,11003798.0,1.0,NUM,7.0,  ,30.0,221000.0,CALLE                   ,CRUZ                                              ,11003798.0,1.0,NUM,7.0,  ,,,,,,,1,03,GROSSO NAPOLETANO,I,HOSTELERÍA,56,SERVICIOS DE COMIDAS Y BEBIDAS,561001,RESTAURANTE,13/09/2026,CRUZ,7,direccion
2971950684,node,40.4087301,-3.6927647,100 Montaditos,sandwich,Plaza del Emperador Carlos V,9,,,,,,yes,,,limited,EMPERADOR CARLOS V,9,EMPERADOR CARLOS V|9,10002357.0,1.0,CENTRO              ,102.0,EMBAJADORES         ,2.0,1058.0,58.0,441219.58,4473355.52,1.0,Puerta Calle,1.0,Abierto,264800.0,PLAZA                   ,EMPERADOR CARLOS V                                ,11003120.0,1.0,NUM,9.0,  ,20.0,264800.0,PLAZA                   ,EMPERADOR CARLOS V                                ,11003120.0,1.0,NUM,9.0,  ,,,,,,,1,DR,100 MONTADITOS,I,HOSTELERÍA,56,SERVICIOS DE COMIDAS Y BEBIDAS,561002,RESTAURANTES DE COMIDA RAPIDA,13/09/2026,EMPERADOR CARLOS V,9,direccion
2971950684,node,40.4087301,-3.6927647,100 Montaditos,sandwich,Plaza del Emperador Carlos V,9,,,,,,yes,,,limited,EMPERADOR CARLOS V,9,EMPERADOR CARLOS V|9,10002357.0,1.0,CENTRO              ,102.0,EMBAJADORES         ,2.0,1058.0,58.0,441219.58,4473355.52,1.0,Puerta Calle,1.0,Abierto,264800.0,PLAZA                   ,EMPERADOR CARLOS V                                ,11003120.0,1.0,NUM,9.0,  ,20.0,264800.0,PLAZA                   ,EMPERADOR CARLOS V                                ,11003120.0,1.0,NUM,9.0,  ,,,,,,,1,DR,100 MONTADITOS,I,HOSTELERÍA,56,SERVICIOS DE COMIDAS Y BEBIDAS,561004,BAR RESTAURANTE,13/09/2026,EMPERADOR CARLOS V,9,direccion
2971950684,node,40.4087301,-3.6927647,100 Montaditos,sandwich,Plaza del Emperador Carlos V,9,,,,,,yes,,,limited,EMPERADOR CARLOS V,9,EMPERADOR CARLOS V|9,270209319.0,1.0,CENTRO              ,102.0,EMBAJADORES         ,2.0,1058.0,58.0,441214.58,4473346.52,1.0,Puerta Calle,1.0,Abierto,264800.0,PLAZA                   ,EMPERADOR CARLOS V                                ,11003120.0,1.0,NUM,9.0,  ,10.0,264800.0,PLAZA                   ,EMPERADOR CARLOS V                                ,11003120.0,1.0,NUM,9.0,  ,,,,,,,1,IZ,RODILLA,I,HOSTELERÍA,56,SERVICIOS DE COMIDAS Y BEBIDAS,561002,RESTAURANTES DE COMIDA RAPIDA,13/09/2026,EMPERADOR CARLOS V,9,direccion
2973128833,node,40.4276604,-3.7138516,Hamburguesa Nostra,,Calle de la Princesa,26,,,,,,yes,,,limited,PRINCESA,26,PRINCESA|26,270523749.0,1.0,CENTRO              ,105.0,UNIVERSIDAD         ,5.0,1107.0,107.0,439442.6,4475467.54,1.0,Puerta Calle,1.0,Abierto,610000.0,CALLE                   ,PRINCESA                                          ,11006498.0,1.0,NUM,26.0,  ,20.0,610000.0,CALLE                   ,PRINCESA                                          ,11006498.0,1.0,NUM,26.0,  ,,,,,,,1, ,HAMBURGUESA NOSTRA,I,HOSTELERÍA,56,SERVICIOS DE COMIDAS Y BEBIDAS,561001,RESTAURANTE,13/09/2026,PRINCESA,26,direccion
2973128833,node,40.4276604,-3.7138516,Hamburguesa Nostra,,Calle de la Princesa,26,,,,,,yes,,,limited,PRINCESA,26,PRINCESA|26,280010854.0,1.0,CENTRO              ,105.0,UNIVERSIDAD         ,5.0,1107.0,107.0,439436.6,4475479.54,1.0,Puerta Calle,1.0,Abierto,610000.0,CALLE                   ,PRINCESA                                          ,11006498.0,1.0,NUM,26.0,  ,10.0,610000.0,CALLE                   ,PRINCESA                                          ,11006498.0,1.0,NUM,26.0,  ,,,,,,,1,IZ,GOIKO GRILL,I,HOSTELERÍA,56,SERVICIOS DE COMIDAS Y BEBIDAS,561004,BAR RESTAURANTE,13/09/2026,PRINCESA,26,direccion
3007306700,node,40.4196995,-3.7061345,De María,,Plaza de Callao,1,28013,Madrid,,,,,,,,CALLAO,1,CALLAO|1,270051263.0,1.0,CENTRO              ,106.0,SOL                 ,6.0,1117.0,117.0,440095.59,4474581.53,1.0,Puerta Calle,1.0,Abierto,125900.0,PLAZA                   ,CALLAO                                            ,11007220.0,1.0,NUM,1.0,  ,10.0,125900.0,PLAZA                   ,CALLAO                                            ,11007220.0,1.0,NUM,1.0,  ,,,,,,,1,02,DE MARIA RESTAURANTE,I,HOSTELERÍA,56,SERVICIOS DE COMIDAS Y BEBIDAS,561001,RESTAURANTE,13/09/2026,CALLAO,1,direccion
3050334916,node,40.4284427,-3.7022639,Bresca,italian,Calle de Fuencarral,105,,Madrid,,,,,,,,FUENCARRAL,105,FUENCARRAL|105,280010362.0,1.0,CENTRO              ,105.0,UNIVERSIDAD         ,5.0,1090.0,90.0,440431.6,4475547.53,1.0,Puerta Calle,1.0,Abierto,313100.0,CALLE                   ,FUENCARRAL                                        ,11005374.0,1.0,NUM,105.0,  ,10.0,313100.0,CALLE                   ,FUENCARRAL                                        ,11005374.0,1.0,NUM,105.0,  ,,,,,,,1,IZ,RESTAURANTE BRESCA,I,HOSTELERÍA,56,SERVICIOS DE COMIDAS Y BEBIDAS,561004,BAR RESTAURANTE,13/09/2026,FUENCARRAL,105,direccion
3050334916,node,40.4284427,-3.7022639,Bresca,italian,Calle de Fuencarral,105,,Madrid,,,,,,,,FUENCARRAL,105,FUENCARRAL|105,285003197.0,1.0,CENTRO              ,105.0,UNIVERSIDAD         ,5.0,1090.0,90.0,440429.6,4475556.53,1.0,Puerta Calle,1.0,Abierto,313100.0,CALLE                   ,FUENCARRAL                                        ,11005374.0,1.0,NUM,105.0,  ,20.0,313100.0,CALLE                   ,FUENCARRAL                                        ,11005374.0,1.0,NUM,105.0,  ,,,,,,,1,DR,CREPES & WAFFLES,I,HOSTELERÍA,56,SERVICIOS DE COMIDAS Y BEBIDAS,561001,RESTAURANTE,13/09/2026,FUENCARRAL,105,direccion
3050541419,node,40.4277604,-3.7017361,100 Montaditos,sandwich,Calle de Fuencarral,96,28004,Madrid,,,"Mo-Th 10:00-23:00, Fr 10:00-24:00, Sa 12:00-24:00, Su 12:00-23:00",,,,yes,FUENCARRAL,96,FUENCARRAL|96,10001597.0,1.0,CENTRO              ,104.0,JUSTICIA            ,4.0,1089.0,89.0,440472.59,4475471.53,1.0,Puerta Calle,1.0,Abierto,313100.0,CALLE                   ,FUENCARRAL                                        ,11005298.0,1.0,NUM,96.0,  ,10.0,313100.0,CALLE                   ,FUENCARRAL                                        ,11005298.0,1.0,NUM,96.0,  ,,,,,,,1,DR,100 MONTADITOS,I,HOSTELERÍA,56,SERVICIOS DE COMIDAS Y BEBIDAS,561002,RESTAURANTES DE COMIDA RAPIDA,13/09/2026,FUENCARRAL,96,direccion
3050541419,node,40.4277604,-3.7017361,100 Montaditos,sandwich,Calle de Fuencarral,96,28004,Madrid,,,"Mo-Th 10:00-23:00, Fr 10:00-24:00, Sa 12:00-24:00, Su 12:00-23:00",,,,yes,FUENCARRAL,96,FUENCARRAL|96,10001597.0,1.0,CENTRO              ,104.0,JUSTICIA            ,4.0,1089.0,89.0,440472.59,4475471.53,1.0,Puerta Calle,1.0,Abierto,313100.0,CALLE                   ,FUENCARRAL                                        ,11005298.0,1.0,NUM,96.0,  ,10.0,313100.0,CALLE                   ,FUENCARRAL                                        ,11005298.0,1.0,NUM,96.0,  ,,,,,,,1,DR,100 MONTADITOS,I,HOSTELERÍA,56,SERVICIOS DE COMIDAS Y BEBIDAS,561004,BAR RESTAURANTE,13/09/2026,FUENCARRAL,96,direccion
3050572853,node,40.4271843,-3.7017807,Lamucca,steak_house,Calle de Fuencarral,95,28004,Madrid,+34 915 210 000,https://www.lamuccacompany.com/lamucca-de-fuencarral/,Mo-We 08:30-01:30; Th 08:30-02:00; Fr 08:30-02:30; Sa 10:00-02:30; Su 10:00-01:30,,,,,FUENCARRAL,95,FUENCARRAL|95,10001802.0,1.0,CENTRO              ,105.0,UNIVERSIDAD         ,5.0,1093.0,93.0,440474.59,4475401.53,1.0,Puerta Calle,1.0,Abierto,313100.0,CALLE                   ,FUENCARRAL                                        ,11005485.0,1.0,NUM,95.0,  ,20.0,313100.0,CALLE                   ,FUENCARRAL                                        ,11005485.0,1.0,NUM,95.0,  ,,,,,,,1,DR1,LA MUCCA,I,HOSTELERÍA,56,SERVICIOS DE COMIDAS Y BEBIDAS,561004,BAR RESTAURANTE,13/09/2026,FUENCARRAL,95,direccion
3050572853,node,40.4271843,-3.7017807,Lamucca,steak_house,Calle de Fuencarral,95,28004,Madrid,+34 915 210 000,https://www.lamuccacompany.com/lamucca-de-fuencarral/,Mo-We 08:30-01:30; Th 08:30-02:00; Fr 08:30-02:30; Sa 10:00-02:30; Su 10:00-01:30,,,,,FUENCARRAL,95,FUENCARRAL|95,10003486.0,1.0,CENTRO              ,105.0,UNIVERSIDAD         ,5.0,1093.0,93.0,440472.59,4475407.53,1.0,Puerta Calle,1.0,Abierto,313100.0,CALLE                   ,FUENCARRAL                                        ,11005485.0,1.0,NUM,95.0,  ,30.0,313100.0,CALLE                   ,FUENCARRAL                                        ,11005485.0,1.0,NUM,95.0,  ,,,,,,,1,DR,SIN RÓTULO,I,HOSTELERÍA,56,SERVICIOS DE COMIDAS Y BEBIDAS,561004,BAR RESTAURANTE,13/09/2026,FUENCARRAL,95,direccion
3050572853,node,40.4271843,-3.7017807,Lamucca,steak_house,Calle de Fuencarral,95,28004,Madrid,+34 915 210 000,https://www.lamuccacompany.com/lamucca-de-fuencarral/,Mo-We 08:30-01:30; Th 08:30-02:00; Fr 08:30-02:30; Sa 10:00-02:30; Su 10:00-01:30,,,,,FUENCARRAL,95,FUENCARRAL|95,270403727.0,1.0,CENTRO              ,105.0,UNIVERSIDAD         ,5.0,1093.0,93.0,440477.59,4475389.53,1.0,Puerta Calle,1.0,Abierto,313100.0,CALLE                   ,FUENCARRAL                                        ,11005485.0,1.0,NUM,95.0,  ,10.0,313100.0,CALLE                   ,FUENCARRAL                                        ,11005485.0,1.0,NUM,95.0,  ,,,,,,,1,IZ,HONEST GREEN,I,HOSTELERÍA,56,SERVICIOS DE COMIDAS Y BEBIDAS,561001,RESTAURANTE,13/09/2026,FUENCARRAL,95,direccion
3052429741,node,40.4099599,-3.7102798,Xentes,regional,Calle del Humilladero,13,28005,Madrid,+34 91 366 42 66,http://www.restaurante-gallego-madrid.com/,,,,,no,HUMILLADERO,13,HUMILLADERO|13,270380142.0,1.0,CENTRO              ,101.0,PALACIO             ,1.0,1013.0,13.0,439732.59,4473501.53,1.0,Puerta Calle,1.0,Abierto,369700.0,CALLE                   ,HUMILLADERO                                       ,11000827.0,1.0,NUM,13.0,  ,10.0,369700.0,CALLE                   ,HUMILLADERO                                       ,11000827.0,1.0,NUM,13.0,  ,,,,,,,1,A,RESTAURANTE XENTES,I,HOSTELERÍA,56,SERVICIOS DE COMIDAS Y BEBIDAS,561001,RESTAURANTE,13/09/2026,HUMILLADERO,13,direccion
3076682055,node,40.4203213,-3.6955673,Raza,,Calle del Barquillo,8,28004,Madrid,,,,,,,limited,BARQUILLO,8,BARQUILLO|8,280009496.0,1.0,CENTRO              ,104.0,JUSTICIA            ,4.0,1073.0,73.0,440991.59,4474644.52,1.0,Puerta Calle,1.0,Abierto,94000.0,CALLE                   ,BARQUILLO                                         ,11004207.0,1.0,NUM,8.0,  ,10.0,94000.0,CALLE                   ,BARQUILLO                                         ,11004207.0,1.0,NUM,8.0,  ,,,,,,,1,IZ,RAZA,I,HOSTELERÍA,56,SERVICIOS DE COMIDAS Y BEBIDAS,561001,RESTAURANTE,13/09/2026,BARQUILLO,8,direccion
3105315575,node,40.4251727,-3.7039714,El Balcón de Malasaña,,Plaza del Rastrillo,1,28004,Madrid,+34 616 30 55 18,,,,,,no,RASTRILLO,1,RASTRILLO|1,10003604.0,1.0,CENTRO              ,105.0,UNIVERSIDAD         ,5.0,1098.0,98.0,440283.6,4475185.53,1.0,Puerta Calle,1.0,Abierto,417850.0,PLAZA                   ,RASTRILLO                                         ,11005850.0,1.0,NUM,1.0,  ,10.0,417850.0,PLAZA                   ,RASTRILLO                                         ,11005850.0,1.0,NUM,1.0,  ,,,,,,,1,IZ,BALCON DE MALASAÑA,I,HOSTELERÍA,56,SERVICIOS DE COMIDAS Y BEBIDAS,561001,RESTAURANTE,13/09/2026,RASTRILLO,1,direccion
3126097602,node,40.420977,-3.7040369,Public,,Calle del Desengaño,11,28004,Madrid,,,,,,,,DESENGAÑO,11,DESENGAÑO|11,270490499.0,1.0,CENTRO              ,105.0,UNIVERSIDAD         ,5.0,1116.0,116.0,440276.59,4474720.53,1.0,Puerta Calle,1.0,Abierto,235800.0,CALLE                   ,DESENGAÑO                                         ,11007150.0,1.0,NUM,11.0,  ,10.0,235800.0,CALLE                   ,DESENGAÑO                                         ,11007150.0,1.0,NUM,11.0,  ,,,,,,,1,02,HATTORI HANZO,I,HOSTELERÍA,56,SERVICIOS DE COMIDAS Y BEBIDAS,561004,BAR RESTAURANTE,13/09/2026,DESENGAÑO,11,direccion
3126097602,node,40.420977,-3.7040369,Public,,Calle del Desengaño,11,28004,Madrid,,,,,,,,DESENGAÑO,11,DESENGAÑO|11,280011249.0,1.0,CENTRO              ,105.0,UNIVERSIDAD         ,5.0,1116.0,116.0,440256.59,4474723.53,1.0,Puerta Calle,1.0,Abierto,235800.0,CALLE                   ,DESENGAÑO                                         ,11007150.0,1.0,NUM,11.0,  ,20.0,235800.0,CALLE                   ,DESENGAÑO                                         ,11007150.0,1.0,NUM,11.0,  ,,,,,,,1,03,PUBLIC RESTAURANT,I,HOSTELERÍA,56,SERVICIOS DE COMIDAS Y BEBIDAS,561001,RESTAURANTE,13/09/2026,DESENGAÑO,11,direccion
3131330059,node,40.4266821,-3.707871,Fina Catalina,spanish,Calle de la Palma,63,28015,Madrid,+34 650 73 36 48,http://finacatalina.com/,,no,,,,PALMA,63,PALMA|63,280010768.0,1.0,CENTRO              ,105.0,UNIVERSIDAD         ,5.0,1104.0,104.0,439952.6,4475356.53,1.0,Puerta Calle,1.0,Abierto,558900.0,CALLE                   ,PALMA                                             ,11006329.0,1.0,NUM,63.0,  ,20.0,558900.0,CALLE                   ,PALMA                                             ,11006329.0,1.0,NUM,63.0,  ,,,,,,,1,03,TABERNA LOS DELGADO,I,HOSTELERÍA,56,SERVICIOS DE COMIDAS Y BEBIDAS,561001,RESTAURANTE,13/09/2026,PALMA,63,direccion
3160967160,node,40.4212992,-3.6982921,Som Thai,thai,Calle de San Marcos,26,28004,Madrid,+34 605 84 22 96,,,,,,,SAN MARCOS,26,SAN MARCOS|26,270045424.0,1.0,CENTRO              ,104.0,JUSTICIA            ,4.0,1076.0,76.0,440762.59,4474752.53,1.0,Puerta Calle,1.0,Abierto,677800.0,CALLE                   ,SAN MARCOS                                        ,11004580.0,1.0,NUM,26.0,  ,10.0,677800.0,CALLE                   ,SAN MARCOS                                        ,11004580.0,1.0,NUM,26.0,  ,,,,,,,1,01,HOME BURGUER BAR,I,HOSTELERÍA,56,SERVICIOS DE COMIDAS Y BEBIDAS,561004,BAR RESTAURANTE,13/09/2026,SAN MARCOS,26,direccion
3161265203,node,40.4226551,-3.6959354,Restaurante el Cisne Azul,,Calle de Gravina,27,28004,Madrid,+34 911129080,https://www.elcisneazul.com,,,,,,GRAVINA,27,GRAVINA|27,280009793.0,1.0,CENTRO              ,104.0,JUSTICIA            ,4.0,1079.0,79.0,440957.59,4474901.52,1.0,Puerta Calle,1.0,Abierto,344000.0,CALLE                   ,GRAVINA                                           ,11004753.0,1.0,NUM,27.0,  ,10.0,344000.0,CALLE                   ,GRAVINA                                           ,11004753.0,1.0,NUM,27.0,  ,,,,,,,1,IZ,ESPACIO NUEVO AZUL,I,HOSTELERÍA,56,SERVICIOS DE COMIDAS Y BEBIDAS,561001,RESTAURANTE,13/09/2026,GRAVINA,27,direccion
3163832700,node,40.4232062,-3.7011148,Lateral Fuencarral,,Calle de Fuencarral,43,28004,Madrid,+34 915 31 6877,https://www.lateral.com/,"Mo-Th 12:00-24:00; Fr-Su 00:00-02:00,12:00-24:00",,,,,FUENCARRAL,43,FUENCARRAL|43,280010457.0,1.0,CENTRO              ,105.0,UNIVERSIDAD         ,5.0,1095.0,95.0,440531.59,4474942.53,1.0,Puerta Calle,1.0,Abierto,313100.0,CALLE                   ,FUENCARRAL                                        ,11005645.0,1.0,NUM,43.0,  ,40.0,313100.0,CALLE                   ,FUENCARRAL                                        ,11005645.0,1.0,NUM,43.0,  ,,,,,,,1,A7,DELISCO,I,HOSTELERÍA,56,SERVICIOS DE COMIDAS Y BEBIDAS,561004,BAR RESTAURANTE,13/09/2026,FUENCARRAL,43,direccion
3163832700,node,40.4232062,-3.7011148,Lateral Fuencarral,,Calle de Fuencarral,43,28004,Madrid,+34 915 31 6877,https://www.lateral.com/,"Mo-Th 12:00-24:00; Fr-Su 00:00-02:00,12:00-24:00",,,,,FUENCARRAL,43,FUENCARRAL|43,280010460.0,1.0,CENTRO              ,105.0,UNIVERSIDAD         ,5.0,1095.0,95.0,440523.59,4474969.53,1.0,Puerta Calle,1.0,Abierto,313100.0,CALLE                   ,FUENCARRAL                                        ,11005645.0,1.0,NUM,43.0,  ,90.0,313100.0,CALLE                   ,FUENCARRAL                                        ,11005645.0,1.0,NUM,43.0,  ,,,,,,,1,B5,LATERAL,I,HOSTELERÍA,56,SERVICIOS DE COMIDAS Y BEBIDAS,561004,BAR RESTAURANTE,13/09/2026,FUENCARRAL,43,direccion
3203075994,node,40.4197262,-3.7063834,De María,argentinian,Calle Preciados,32,28013,Madrid,+34 915 211 603,https://www.demariarestaurante.es/,,,,,,PRECIADOS,32,PRECIADOS|32,270051280.0,1.0,CENTRO              ,106.0,SOL                 ,6.0,1117.0,117.0,440071.59,4474585.53,1.0,Puerta Calle,1.0,Abierto,608100.0,CALLE                   ,PRECIADOS                                         ,11007222.0,1.0,NUM,32.0,  ,20.0,608100.0,CALLE                   ,PRECIADOS                                         ,11007222.0,1.0,NUM,32.0,  ,,,,,,,1,DR,SR RESTAURANTE,I,HOSTELERÍA,56,SERVICIOS DE COMIDAS Y BEBIDAS,561004,BAR RESTAURANTE,13/09/2026,PRECIADOS,32,direccion
3203075994,node,40.4197262,-3.7063834,De María,argentinian,Calle Preciados,32,28013,Madrid,+34 915 211 603,https://www.demariarestaurante.es/,,,,,,PRECIADOS,32,PRECIADOS|32,270051280.0,1.0,CENTRO              ,106.0,SOL                 ,6.0,1117.0,117.0,440071.59,4474585.53,1.0,Puerta Calle,1.0,Abierto,608100.0,CALLE                   ,PRECIADOS                                         ,11007222.0,1.0,NUM,32.0,  ,20.0,608100.0,CALLE                   ,PRECIADOS                                         ,11007222.0,1.0,NUM,32.0,  ,,,,,,,1,DR,SR RESTAURANTE,I,HOSTELERÍA,56,SERVICIOS DE COMIDAS Y BEBIDAS,561001,RESTAURANTE,13/09/2026,PRECIADOS,32,direccion
3208075565,node,40.4243694,-3.7034804,Breizh,breton,Calle de la Madera,36,28004,Madrid,,,,,,,,MADERA,36,MADERA|36,280010531.0,1.0,CENTRO              ,105.0,UNIVERSIDAD         ,5.0,1097.0,97.0,440323.59,4475096.53,1.0,Puerta Calle,1.0,Abierto,450970.0,CALLE                   ,MADERA                                            ,11005787.0,1.0,NUM,36.0,  ,20.0,450970.0,CALLE                   ,MADERA                                            ,11005787.0,1.0,NUM,36.0,  ,,,,,,,1,05,LES MAUVAIS GARCONS,I,HOSTELERÍA,56,SERVICIOS DE COMIDAS Y BEBIDAS,561001,RESTAURANTE,13/09/2026,MADERA,36,direccion
3217947415,node,40.4116078,-3.7118097,La divina Bohemia,,Calle de Don Pedro,4,,Madrid,,,,,,,yes,DON PEDRO,4,DON PEDRO|4,285001493.0,1.0,CENTRO              ,101.0,PALACIO             ,1.0,1015.0,15.0,439596.6,4473686.53,1.0,Puerta Calle,1.0,Abierto,248500.0,CALLE                   ,DON PEDRO                                         ,11000947.0,1.0,NUM,4.0,  ,10.0,248500.0,CALLE                   ,DON PEDRO                                         ,11000947.0,1.0,NUM,4.0,  ,,,,,,,1,01,WATTS CANTINA,I,HOSTELERÍA,56,SERVICIOS DE COMIDAS Y BEBIDAS,561004,BAR RESTAURANTE,13/09/2026,DON PEDRO,4,direccion
3217947415,node,40.4116078,-3.7118097,La divina Bohemia,,Calle de Don Pedro,4,,Madrid,,,,,,,yes,DON PEDRO,4,DON PEDRO|4,285001494.0,1.0,CENTRO              ,101.0,PALACIO             ,1.0,1015.0,15.0,439604.59,4473686.53,1.0,Puerta Calle,1.0,Abierto,248500.0,CALLE                   ,DON PEDRO                                         ,11000947.0,1.0,NUM,4.0,  ,20.0,248500.0,CALLE                   ,DON PEDRO                                         ,11000947.0,1.0,NUM,4.0,  ,,,,,,,1,01,RRESTAURANTE LA DIVINA BOHEMIA,I,HOSTELERÍA,56,SERVICIOS DE COMIDAS Y BEBIDAS,561004,BAR RESTAURANTE,13/09/2026,DON PEDRO,4,direccion
3234017275,node,40.4168633,-3.7087502,Ramen Kagura,japanese,Calle de las Fuentes,1,28013,Madrid,+34 91 548 36 06,https://www.ramenkagura.com/index.html,,,,,,FUENTES,1,FUENTES|1,280007411.0,1.0,CENTRO              ,101.0,PALACIO             ,1.0,1006.0,6.0,439869.6,4474267.53,1.0,Puerta Calle,1.0,Abierto,317900.0,CALLE                   ,FUENTES                                           ,11000405.0,1.0,NUM,1.0,  ,20.0,317900.0,CALLE                   ,FUENTES                                           ,11000405.0,1.0,NUM,1.0,  ,,,,,,,1,DR,RA-MEN KAGURA,I,HOSTELERÍA,56,SERVICIOS DE COMIDAS Y BEBIDAS,561001,RESTAURANTE,13/09/2026,FUENTES,1,direccion
3237847434,node,40.4172484,-3.7087333,Kechua,peruvian,Calle de las Fuentes,9,28013,Madrid,+34 91 168 58 61,http://restaurantekechua.com/,,,,,,FUENTES,9,FUENTES|9,280007409.0,1.0,CENTRO              ,101.0,PALACIO             ,1.0,1006.0,6.0,439871.6,4474312.53,1.0,Puerta Calle,1.0,Abierto,317900.0,CALLE                   ,FUENTES                                           ,11000401.0,1.0,NUM,9.0,  ,10.0,317900.0,CALLE                   ,FUENTES                                           ,11000401.0,1.0,NUM,9.0,  ,,,,,,,1,IZ,KECHUA,I,HOSTELERÍA,56,SERVICIOS DE COMIDAS Y BEBIDAS,561001,RESTAURANTE,13/09/2026,FUENTES,9,direccion
3237847434,node,40.4172484,-3.7087333,Kechua,peruvian,Calle de las Fuentes,9,28013,Madrid,+34 91 168 58 61,http://restaurantekechua.com/,,,,,,FUENTES,9,FUENTES|9,280007410.0,1.0,CENTRO              ,101.0,PALACIO             ,1.0,1006.0,6.0,439872.6,4474318.53,1.0,Puerta Calle,1.0,Abierto,317900.0,CALLE                   ,FUENTES                                           ,11000401.0,1.0,NUM,9.0,  ,20.0,317900.0,CALLE                   ,FUENTES                                           ,11000401.0,1.0,NUM,9.0,  ,,,,,,,1,DR,BAR CAFETERÍA LA CANDELA DE MOJAMA,I,HOSTELERÍA,56,SERVICIOS DE COMIDAS Y BEBIDAS,561004,BAR RESTAURANTE,13/09/2026,FUENTES,9,direccion
3239550292,node,40.4256595,-3.7080131,Don Panxo,,Calle de Noviciado,6,28015,Madrid,+34 917 558 706,http://matuteurbanfood.com/,,,,,,NOVICIADO,6,NOVICIADO|6,280010993.0,1.0,CENTRO              ,105.0,UNIVERSIDAD         ,5.0,1110.0,110.0,439940.6,4475244.53,1.0,Puerta Calle,1.0,Abierto,536700.0,CALLE                   ,NOVICIADO                                         ,11006689.0,1.0,NUM,6.0,  ,10.0,536700.0,CALLE                   ,NOVICIADO                                         ,11006689.0,1.0,NUM,6.0,  ,,,,,,,1,C,MATUTE URBAN FOOD,I,HOSTELERÍA,56,SERVICIOS DE COMIDAS Y BEBIDAS,561004,BAR RESTAURANTE,13/09/2026,NOVICIADO,6,direccion
3239575167,node,40.4274393,-3.7103756,Dionisos,greek,Calle del Conde Duque,26,28015,Madrid,+34 911737600,http://dionisoscondeduque.com/,,,,,no,CONDE DUQUE,26,CONDE DUQUE|26,285003176.0,1.0,CENTRO              ,105.0,UNIVERSIDAD         ,5.0,1105.0,105.0,439742.6,4475443.54,1.0,Puerta Calle,1.0,Abierto,205200.0,CALLE                   ,CONDE DUQUE                                       ,11006385.0,1.0,NUM,26.0,  ,20.0,205200.0,CALLE                   ,CONDE DUQUE                                       ,11006385.0,1.0,NUM,26.0,  ,,,,,,,1,AA,FRUTAS PROHIBIDAS,I,HOSTELERÍA,56,SERVICIOS DE COMIDAS Y BEBIDAS,561001,RESTAURANTE,13/09/2026,CONDE DUQUE,26,direccion
3304699526,node,40.4135367,-3.6999242,Matute 12,,Plaza de Matute,12,28012,Madrid,,,,,,,,MATUTE,12,MATUTE|12,285002832.0,1.0,CENTRO              ,103.0,CORTES              ,3.0,1067.0,67.0,440615.59,4473892.53,1.0,Puerta Calle,1.0,Abierto,496300.0,PLAZA                   ,MATUTE                                            ,11003686.0,1.0,NUM,12.0,  ,10.0,496300.0,PLAZA                   ,MATUTE                                            ,11003686.0,1.0,NUM,12.0,  ,,,,,,,1,01,MATUTE,I,HOSTELERÍA,56,SERVICIOS DE COMIDAS Y BEBIDAS,561001,RESTAURANTE,13/09/2026,MATUTE,12,direccion
3339382545,node,40.415241,-3.7026551,Taberna La Descubierta,,Calle de Barcelona,12,,Madrid,+34 649 357 923,http://www.tabernamalaspina.com,,,,,,BARCELONA,12,BARCELONA|12,10000071.0,1.0,CENTRO              ,106.0,SOL                 ,6.0,1119.0,119.0,440388.59,4474077.53,1.0,Puerta Calle,1.0,Abierto,93000.0,CALLE                   ,BARCELONA                                         ,11007454.0,1.0,NUM,12.0,  ,10.0,93000.0,CALLE                   ,BARCELONA                                         ,11007454.0,1.0,NUM,12.0,  ,,,,,,,1,IZ,LA DESCUBIERTA,I,HOSTELERÍA,56,SERVICIOS DE COMIDAS Y BEBIDAS,561001,RESTAURANTE,13/09/2026,BARCELONA,12,direccion
3339382545,node,40.415241,-3.7026551,Taberna La Descubierta,,Calle de Barcelona,12,,Madrid,+34 649 357 923,http://www.tabernamalaspina.com,,,,,,BARCELONA,12,BARCELONA|12,10002469.0,1.0,CENTRO              ,106.0,SOL                 ,6.0,1119.0,119.0,440388.59,4474089.53,1.0,Puerta Calle,1.0,Abierto,93000.0,CALLE                   ,BARCELONA                                         ,11007454.0,1.0,NUM,12.0,  ,20.0,93000.0,CALLE                   ,BARCELONA                                         ,11007454.0,1.0,NUM,12.0,  ,,,,,,,1,DR,RESTAURANTE LY-NCH,I,HOSTELERÍA,56,SERVICIOS DE COMIDAS Y BEBIDAS,561001,RESTAURANTE,13/09/2026,BARCELONA,12,direccion
3345686924,node,40.4239786,-3.7005705,Elcano,regional,Calle de Fuencarral,58,28004,Madrid,+34 914 34 70 79,http://www.pinchoselcano.com/,,,,,,FUENCARRAL,58,FUENCARRAL|58,270397120.0,1.0,CENTRO              ,104.0,JUSTICIA            ,4.0,1082.0,82.0,440570.59,4475052.53,1.0,Puerta Calle,1.0,Abierto,313100.0,CALLE                   ,FUENCARRAL                                        ,11004949.0,1.0,NUM,58.0,  ,20.0,313100.0,CALLE                   ,FUENCARRAL                                        ,11004949.0,1.0,NUM,58.0,  ,,,,,,,1,01,BAR SIDRERIA,I,HOSTELERÍA,56,SERVICIOS DE COMIDAS Y BEBIDAS,561004,BAR RESTAURANTE,13/09/2026,FUENCARRAL,58,direccion
3350122511,node,40.4200933,-3.7068674,El Jamonal,regional,Calle de Jacometrezo,7,28013,Madrid,+34 915 48 45 53,http://www.eljamonalcallao.com/,,,,,,JACOMETREZO,7,JACOMETREZO|7,270051354.0,1.0,CENTRO              ,106.0,SOL                 ,6.0,1117.0,117.0,440030.6,4474624.53,1.0,Puerta Calle,1.0,Abierto,388600.0,CALLE                   ,JACOMETREZO                                       ,11007232.0,1.0,NUM,7.0,  ,10.0,388600.0,CALLE                   ,JACOMETREZO                                       ,11007232.0,1.0,NUM,7.0,  ,,,,,,,1,A,KIRINZI,I,HOSTELERÍA,56,SERVICIOS DE COMIDAS Y BEBIDAS,561001,RESTAURANTE,13/09/2026,JACOMETREZO,7,direccion
3351649082,node,40.4149533,-3.6985983,La Huerta de Tudela,,Calle del Prado,15,28014,Madrid,,,,,,,no,PRADO,15,PRADO|15,280009303.0,1.0,CENTRO              ,103.0,CORTES              ,3.0,1072.0,72.0,440724.59,4474046.52,1.0,Puerta Calle,1.0,Abierto,606800.0,CALLE                   ,PRADO                                             ,11003913.0,1.0,NUM,15.0,  ,10.0,606800.0,CALLE                   ,PRADO                                             ,11003913.0,1.0,NUM,15.0,  ,,,,,,,1,IZ,LA HUERTA DE TUDELA,I,HOSTELERÍA,56,SERVICIOS DE COMIDAS Y BEBIDAS,561001,RESTAURANTE,13/09/2026,PRADO,15,direccion
3351649082,node,40.4149533,-3.6985983,La Huerta de Tudela,,Calle del Prado,15,28014,Madrid,,,,,,,no,PRADO,15,PRADO|15,280009304.0,1.0,CENTRO              ,103.0,CORTES              ,3.0,1072.0,72.0,440734.59,4474050.52,1.0,Puerta Calle,1.0,Abierto,606800.0,CALLE                   ,PRADO                                             ,11003913.0,1.0,NUM,15.0,  ,20.0,606800.0,CALLE                   ,PRADO                                             ,11003913.0,1.0,NUM,15.0,  ,,,,,,,1,DR,GOIKO,I,HOSTELERÍA,56,SERVICIOS DE COMIDAS Y BEBIDAS,561004,BAR RESTAURANTE,13/09/2026,PRADO,15,direccion
3353773649,node,40.4198006,-3.7070826,Tío Papelón,venezuelan,Calle Preciados,40,28013,Madrid,,,,,yes,yes,,PRECIADOS,40,PRECIADOS|40,270528712.0,1.0,CENTRO              ,106.0,SOL                 ,6.0,1117.0,117.0,440011.6,4474591.53,1.0,Puerta Calle,1.0,Abierto,608100.0,CALLE                   ,PRECIADOS                                         ,11007226.0,1.0,NUM,40.0,  ,10.0,608100.0,CALLE                   ,PRECIADOS                                         ,11007226.0,1.0,NUM,40.0,  ,,,,,,,1,IZ,TIO PAPELON,I,HOSTELERÍA,56,SERVICIOS DE COMIDAS Y BEBIDAS,561001,RESTAURANTE,13/09/2026,PRECIADOS,40,direccion
3354747086,node,40.4277553,-3.6970541,Tierra,mexican,Calle de Sagasta,30,28004,Madrid,+34 910 05 29 54,https://www.tierraburritos.com/,"Fr-Sa 11:30-01:30; Mo-Th,Su 11:30-00:30",,,,no,SAGASTA,30,SAGASTA|30,10001504.0,1.0,CENTRO              ,104.0,JUSTICIA            ,4.0,1087.0,87.0,440866.59,4475470.53,1.0,Puerta Calle,1.0,Abierto,653500.0,CALLE                   ,SAGASTA                                           ,11005142.0,1.0,NUM,30.0,  ,30.0,653500.0,CALLE                   ,SAGASTA                                           ,11005142.0,1.0,NUM,30.0,  ,,,,,,,0,15,RESTAURANTE,I,HOSTELERÍA,56,SERVICIOS DE COMIDAS Y BEBIDAS,561001,RESTAURANTE,13/09/2026,SAGASTA,30,direccion
3354747086,node,40.4277553,-3.6970541,Tierra,mexican,Calle de Sagasta,30,28004,Madrid,+34 910 05 29 54,https://www.tierraburritos.com/,"Fr-Sa 11:30-01:30; Mo-Th,Su 11:30-00:30",,,,no,SAGASTA,30,SAGASTA|30,270431207.0,1.0,CENTRO              ,104.0,JUSTICIA            ,4.0,1087.0,87.0,440895.59,4475464.53,1.0,Puerta Calle,1.0,Abierto,653500.0,CALLE                   ,SAGASTA                                           ,11005142.0,1.0,NUM,30.0,  ,10.0,653500.0,CALLE                   ,SAGASTA                                           ,11005142.0,1.0,NUM,30.0,  ,,,,,,,1, ,TONY ROMA'S AMERICAN RIBS,I,HOSTELERÍA,56,SERVICIOS DE COMIDAS Y BEBIDAS,561004,BAR RESTAURANTE,13/09/2026,SAGASTA,30,direccion
3357914225,node,40.4251088,-3.7097772,Airiños do Miño,regional,Calle de Ponciano,4,28015,Madrid,+34 629942968,http://www.xn--domio-rta.net/,,,,,no,PONCIANO,4,PONCIANO|4,270049692.0,1.0,CENTRO              ,105.0,UNIVERSIDAD         ,5.0,1110.0,110.0,439790.6,4475181.54,1.0,Puerta Calle,1.0,Abierto,601700.0,CALLE                   ,PONCIANO                                          ,11006699.0,1.0,NUM,4.0,  ,20.0,601700.0,CALLE                   ,PONCIANO                                          ,11006699.0,1.0,NUM,4.0,  ,,,,,,,1,01,MESON RESTAURANTE ARIÑOS DO MIÑO,I,HOSTELERÍA,56,SERVICIOS DE COMIDAS Y BEBIDAS,561001,RESTAURANTE,13/09/2026,PONCIANO,4,direccion
3357952293,node,40.4260899,-3.7113106,Décimo b,,Calle del Conde Duque,8,28015,Madrid,+34 910 969 387,http://www.decimob.es/,,,,,no,CONDE DUQUE,8,CONDE DUQUE|8,270537295.0,1.0,CENTRO              ,105.0,UNIVERSIDAD         ,5.0,1108.0,108.0,439661.6,4475293.54,1.0,Puerta Calle,1.0,Abierto,205200.0,CALLE                   ,CONDE DUQUE                                       ,11006525.0,1.0,NUM,8.0,  ,10.0,205200.0,CALLE                   ,CONDE DUQUE                                       ,11006525.0,1.0,NUM,8.0,  ,,,,,,,1,B,RÓTULO SIN INFORMAR,I,HOSTELERÍA,56,SERVICIOS DE COMIDAS Y BEBIDAS,561001,RESTAURANTE,13/09/2026,CONDE DUQUE,8,direccion
3357952295,node,40.4261885,-3.7112359,Dong Bei,chinese,Calle del Conde Duque,10,28015,Madrid,+34 672 78 33 11,,,,,,no,CONDE DUQUE,10,CONDE DUQUE|10,270396676.0,1.0,CENTRO              ,105.0,UNIVERSIDAD         ,5.0,1108.0,108.0,439663.6,4475298.54,1.0,Puerta Calle,1.0,Abierto,205200.0,CALLE                   ,CONDE DUQUE                                       ,11006526.0,1.0,NUM,10.0,  ,20.0,205200.0,CALLE                   ,CONDE DUQUE                                       ,11006526.0,1.0,NUM,10.0,  ,,,,,,,1,02,DONG BEI,I,HOSTELERÍA,56,SERVICIOS DE COMIDAS Y BEBIDAS,561004,BAR RESTAURANTE,13/09/2026,CONDE DUQUE,10,direccion
3357952295,node,40.4261885,-3.7112359,Dong Bei,chinese,Calle del Conde Duque,10,28015,Madrid,+34 672 78 33 11,,,,,,no,CONDE DUQUE,10,CONDE DUQUE|10,280010881.0,1.0,CENTRO              ,105.0,UNIVERSIDAD         ,5.0,1108.0,108.0,439667.6,4475304.54,1.0,Puerta Calle,1.0,Abierto,205200.0,CALLE                   ,CONDE DUQUE                                       ,11006526.0,1.0,NUM,10.0,  ,10.0,205200.0,CALLE                   ,CONDE DUQUE                                       ,11006526.0,1.0,NUM,10.0,  ,,,,,,,1,01,RÓTULO NO INFORMADO,I,HOSTELERÍA,56,SERVICIOS DE COMIDAS Y BEBIDAS,561004,BAR RESTAURANTE,13/09/2026,CONDE DUQUE,10,direccion
3359348285,node,40.4277106,-3.7101921,Mansilla Cafe,coffee_shop;mediterranean,Calle del Conde Duque,30,28015,Madrid,+34 910587356,,Mo-Su 09:00-19:00,,,,,CONDE DUQUE,30,CONDE DUQUE|30,280010788.0,1.0,CENTRO              ,105.0,UNIVERSIDAD         ,5.0,1105.0,105.0,439763.6,4475485.54,1.0,Puerta Calle,1.0,Abierto,205200.0,CALLE                   ,CONDE DUQUE                                       ,11006387.0,1.0,NUM,30.0,  ,10.0,205200.0,CALLE                   ,CONDE DUQUE                                       ,11006387.0,1.0,NUM,30.0,  ,,,,,,,1,A,OPOTIÑO,I,HOSTELERÍA,56,SERVICIOS DE COMIDAS Y BEBIDAS,561004,BAR RESTAURANTE,13/09/2026,CONDE DUQUE,30,direccion
3359348285,node,40.4277106,-3.7101921,Mansilla Cafe,coffee_shop;mediterranean,Calle del Conde Duque,30,28015,Madrid,+34 910587356,,Mo-Su 09:00-19:00,,,,,CONDE DUQUE,30,CONDE DUQUE|30,285003177.0,1.0,CENTRO              ,105.0,UNIVERSIDAD         ,5.0,1105.0,105.0,439756.6,4475471.54,1.0,Puerta Calle,1.0,Abierto,205200.0,CALLE                   ,CONDE DUQUE                                       ,11006387.0,1.0,NUM,30.0,  ,30.0,205200.0,CALLE                   ,CONDE DUQUE                                       ,11006387.0,1.0,NUM,30.0,  ,,,,,,,1,C,TAQUERÍA MI CIUDAD,I,HOSTELERÍA,56,SERVICIOS DE COMIDAS Y BEBIDAS,561004,BAR RESTAURANTE,13/09/2026,CONDE DUQUE,30,direccion
3359348287,node,40.4278638,-3.710083,O Potiño III Casa Lelo,regional,Calle del Conde Duque,30,28015,Madrid,+34 915 42 75 50,,,no,,,no,CONDE DUQUE,30,CONDE DUQUE|30,280010788.0,1.0,CENTRO              ,105.0,UNIVERSIDAD         ,5.0,1105.0,105.0,439763.6,4475485.54,1.0,Puerta Calle,1.0,Abierto,205200.0,CALLE                   ,CONDE DUQUE                                       ,11006387.0,1.0,NUM,30.0,  ,10.0,205200.0,CALLE                   ,CONDE DUQUE                                       ,11006387.0,1.0,NUM,30.0,  ,,,,,,,1,A,OPOTIÑO,I,HOSTELERÍA,56,SERVICIOS DE COMIDAS Y BEBIDAS,561004,BAR RESTAURANTE,13/09/2026,CONDE DUQUE,30,direccion
3359348287,node,40.4278638,-3.710083,O Potiño III Casa Lelo,regional,Calle del Conde Duque,30,28015,Madrid,+34 915 42 75 50,,,no,,,no,CONDE DUQUE,30,CONDE DUQUE|30,285003177.0,1.0,CENTRO              ,105.0,UNIVERSIDAD         ,5.0,1105.0,105.0,439756.6,4475471.54,1.0,Puerta Calle,1.0,Abierto,205200.0,CALLE                   ,CONDE DUQUE                                       ,11006387.0,1.0,NUM,30.0,  ,30.0,205200.0,CALLE                   ,CONDE DUQUE                                       ,11006387.0,1.0,NUM,30.0,  ,,,,,,,1,C,TAQUERÍA MI CIUDAD,I,HOSTELERÍA,56,SERVICIOS DE COMIDAS Y BEBIDAS,561004,BAR RESTAURANTE,13/09/2026,CONDE DUQUE,30,direccion
3359372914,node,40.4286679,-3.7088468,Detenderete,regional,Calle de Santa Cruz de Marcenado,13,28015,Madrid,+34 915 47 71 65,,,,,,,SANTA CRUZ DE MARCENADO,13,SANTA CRUZ DE MARCENADO|13,270530876.0,1.0,CENTRO              ,105.0,UNIVERSIDAD         ,5.0,1106.0,106.0,439868.6,4475580.54,1.0,Puerta Calle,1.0,Abierto,694000.0,CALLE                   ,SANTA CRUZ DE MARCENADO                           ,11006472.0,1.0,NUM,13.0,  ,20.0,694000.0,CALLE                   ,SANTA CRUZ DE MARCENADO                           ,11006472.0,1.0,NUM,13.0,  ,,,,,,,1, ,DETENDERETE,I,HOSTELERÍA,56,SERVICIOS DE COMIDAS Y BEBIDAS,561004,BAR RESTAURANTE,13/09/2026,SANTA CRUZ DE MARCENADO,13,direccion
3359372914,node,40.4286679,-3.7088468,Detenderete,regional,Calle de Santa Cruz de Marcenado,13,28015,Madrid,+34 915 47 71 65,,,,,,,SANTA CRUZ DE MARCENADO,13,SANTA CRUZ DE MARCENADO|13,270541809.0,1.0,CENTRO              ,105.0,UNIVERSIDAD         ,5.0,1106.0,106.0,439880.6,4475579.54,1.0,Puerta Calle,1.0,Abierto,694000.0,CALLE                   ,SANTA CRUZ DE MARCENADO                           ,11006472.0,1.0,NUM,13.0,  ,10.0,694000.0,CALLE                   ,SANTA CRUZ DE MARCENADO                           ,11006472.0,1.0,NUM,13.0,  ,,,,,,,1,01,PEGGY SUE´S AMERICAN DINER,I,HOSTELERÍA,56,SERVICIOS DE COMIDAS Y BEBIDAS,561002,RESTAURANTES DE COMIDA RAPIDA,13/09/2026,SANTA CRUZ DE MARCENADO,13,direccion
3370051207,node,40.4286594,-3.7087441,Bululú,burger,Calle de Santa Cruz de Marcenado,13,28015,Madrid,+34 915218560,https://bululubarandcoffee.com/,,,,,,SANTA CRUZ DE MARCENADO,13,SANTA CRUZ DE MARCENADO|13,270530876.0,1.0,CENTRO              ,105.0,UNIVERSIDAD         ,5.0,1106.0,106.0,439868.6,4475580.54,1.0,Puerta Calle,1.0,Abierto,694000.0,CALLE                   ,SANTA CRUZ DE MARCENADO                           ,11006472.0,1.0,NUM,13.0,  ,20.0,694000.0,CALLE                   ,SANTA CRUZ DE MARCENADO                           ,11006472.0,1.0,NUM,13.0,  ,,,,,,,1, ,DETENDERETE,I,HOSTELERÍA,56,SERVICIOS DE COMIDAS Y BEBIDAS,561004,BAR RESTAURANTE,13/09/2026,SANTA CRUZ DE MARCENADO,13,direccion
3370051207,node,40.4286594,-3.7087441,Bululú,burger,Calle de Santa Cruz de Marcenado,13,28015,Madrid,+34 915218560,https://bululubarandcoffee.com/,,,,,,SANTA CRUZ DE MARCENADO,13,SANTA CRUZ DE MARCENADO|13,270541809.0,1.0,CENTRO              ,105.0,UNIVERSIDAD         ,5.0,1106.0,106.0,439880.6,4475579.54,1.0,Puerta Calle,1.0,Abierto,694000.0,CALLE                   ,SANTA CRUZ DE MARCENADO                           ,11006472.0,1.0,NUM,13.0,  ,10.0,694000.0,CALLE                   ,SANTA CRUZ DE MARCENADO                           ,11006472.0,1.0,NUM,13.0,  ,,,,,,,1,01,PEGGY SUE´S AMERICAN DINER,I,HOSTELERÍA,56,SERVICIOS DE COMIDAS Y BEBIDAS,561002,RESTAURANTES DE COMIDA RAPIDA,13/09/2026,SANTA CRUZ DE MARCENADO,13,direccion
3373090973,node,40.4188867,-3.7106765,Café Bar Arrieta,,Calle de Arrieta,5,28013,Madrid,+34 914 34 75 96,,,,,,,ARRIETA,5,ARRIETA|5,270471127.0,1.0,CENTRO              ,101.0,PALACIO             ,1.0,1004.0,4.0,439708.6,4474493.53,1.0,Puerta Calle,1.0,Abierto,73700.0,CALLE                   ,ARRIETA                                           ,11000256.0,1.0,NUM,5.0,  ,20.0,73700.0,CALLE                   ,ARRIETA                                           ,11000256.0,1.0,NUM,5.0,  ,,,,,,,1,D1,ARRIETA 5,I,HOSTELERÍA,56,SERVICIOS DE COMIDAS Y BEBIDAS,561004,BAR RESTAURANTE,13/09/2026,ARRIETA,5,direccion
3373090974,node,40.4188394,-3.7106133,Las Tapas del Real,regional,Calle de Arrieta,5,28013,Madrid,+34 915 48 94 59,http://www.lastapasdelreal.es/,,,,,,ARRIETA,5,ARRIETA|5,270471127.0,1.0,CENTRO              ,101.0,PALACIO             ,1.0,1004.0,4.0,439708.6,4474493.53,1.0,Puerta Calle,1.0,Abierto,73700.0,CALLE                   ,ARRIETA                                           ,11000256.0,1.0,NUM,5.0,  ,20.0,73700.0,CALLE                   ,ARRIETA                                           ,11000256.0,1.0,NUM,5.0,  ,,,,,,,1,D1,ARRIETA 5,I,HOSTELERÍA,56,SERVICIOS DE COMIDAS Y BEBIDAS,561004,BAR RESTAURANTE,13/09/2026,ARRIETA,5,direccion
3376489925,node,40.428912,-3.7054046,Bolívar,international,Calle de Manuela Malasaña,28,28004,Madrid,+34 914 45 12 74,http://www.restaurantebolivar.com/,,,,,,MANUELA MALASAÑA,28,MANUELA MALASAÑA|28,270380176.0,1.0,CENTRO              ,105.0,UNIVERSIDAD         ,5.0,1091.0,91.0,440162.6,4475601.53,1.0,Puerta Calle,1.0,Abierto,467700.0,CALLE                   ,MANUELA MALASAÑA                                  ,11005397.0,1.0,NUM,28.0,  ,20.0,467700.0,CALLE                   ,MANUELA MALASAÑA                                  ,11005397.0,1.0,NUM,28.0,  ,,,,,,,1,DR,RESTAURANTE BOLIVAR,I,HOSTELERÍA,56,SERVICIOS DE COMIDAS Y BEBIDAS,561001,RESTAURANTE,13/09/2026,MANUELA MALASAÑA,28,direccion
3376489926,node,40.4288063,-3.7055973,Baiyor,thai,Calle de Manuela Malasaña,37,28004,Madrid,,,,,,,,MANUELA MALASAÑA,37,MANUELA MALASAÑA|37,280010282.0,1.0,CENTRO              ,105.0,UNIVERSIDAD         ,5.0,1091.0,91.0,440149.6,4475591.53,1.0,Puerta Calle,1.0,Abierto,467700.0,CALLE                   ,MANUELA MALASAÑA                                  ,11005423.0,1.0,NUM,37.0,  ,10.0,467700.0,CALLE                   ,MANUELA MALASAÑA                                  ,11005423.0,1.0,NUM,37.0,  ,,,,,,,1,01,BAIYOR,I,HOSTELERÍA,56,SERVICIOS DE COMIDAS Y BEBIDAS,561001,RESTAURANTE,13/09/2026,MANUELA MALASAÑA,37,direccion
3384832942,node,40.4156894,-3.6990068,La Cabaña Argentina,,Calle de Ventura de la Vega,10,28014,Madrid,,,,no,,,,VENTURA DE LA VEGA,10,VENTURA DE LA VEGA|10,270419706.0,1.0,CENTRO              ,103.0,CORTES              ,3.0,1072.0,72.0,440697.59,4474131.53,1.0,Puerta Calle,1.0,Abierto,775400.0,CALLE                   ,VENTURA DE LA VEGA                                ,11003938.0,1.0,NUM,10.0,  ,10.0,775400.0,CALLE                   ,VENTURA DE LA VEGA                                ,11003938.0,1.0,NUM,10.0,  ,,,,,,,1,01,LA CABAÑA ARGENTINA,I,HOSTELERÍA,56,SERVICIOS DE COMIDAS Y BEBIDAS,561004,BAR RESTAURANTE,13/09/2026,VENTURA DE LA VEGA,10,direccion
3385927806,node,40.4148825,-3.7066972,Los Galayos,regional,Calle Botoneras,5,28012,Madrid,+34 91 366 30 28,http://www.losgalayos.net/,,,,,,BOTONERAS,5,BOTONERAS|5,270193503.0,1.0,CENTRO              ,106.0,SOL                 ,6.0,1121.0,121.0,440041.59,4474047.53,1.0,Puerta Calle,1.0,Abierto,113600.0,CALLE                   ,BOTONERAS                                         ,11007682.0,1.0,NUM,5.0,  ,10.0,113600.0,CALLE                   ,BOTONERAS                                         ,11007682.0,1.0,NUM,5.0,  ,,,,,,,1,01,LOS GALAYOS,I,HOSTELERÍA,56,SERVICIOS DE COMIDAS Y BEBIDAS,561004,BAR RESTAURANTE,13/09/2026,BOTONERAS,5,direccion
3387511789,node,40.4136312,-3.7084171,Taberna La Peseta,regional,Plaza de Puerta Cerrada,3,28005,Madrid,+34 912 00 70 58,,,,,,,PUERTA CERRADA,3,PUERTA CERRADA|3,270432165.0,1.0,CENTRO              ,101.0,PALACIO             ,1.0,1009.0,9.0,439896.59,4473909.53,1.0,Puerta Calle,1.0,Abierto,614500.0,PLAZA                   ,PUERTA CERRADA                                    ,11000629.0,1.0,NUM,3.0,  ,10.0,614500.0,PLAZA                   ,PUERTA CERRADA                                    ,11000629.0,1.0,NUM,3.0,  ,,,,,,,1,01,TABERNA 4 TAPAS,I,HOSTELERÍA,56,SERVICIOS DE COMIDAS Y BEBIDAS,561004,BAR RESTAURANTE,13/09/2026,PUERTA CERRADA,3,direccion
3390938496,node,40.4220119,-3.6962447,La Tasca de Figueroa,,Calle de Augusto Figueroa,47,28004,Madrid,+34 915 325 834,http://www.latascadefigueroa.es/es/,,,,,,AUGUSTO FIGUEROA,47,AUGUSTO FIGUEROA|47,270045488.0,1.0,CENTRO              ,104.0,JUSTICIA            ,4.0,1077.0,77.0,440933.59,4474829.52,1.0,Puerta Calle,1.0,Abierto,81800.0,CALLE                   ,AUGUSTO FIGUEROA                                  ,11004617.0,1.0,NUM,47.0,  ,10.0,81800.0,CALLE                   ,AUGUSTO FIGUEROA                                  ,11004617.0,1.0,NUM,47.0,  ,,,,,,,1,01,LA BARDEMCILLA                                    ,I,HOSTELERÍA,56,SERVICIOS DE COMIDAS Y BEBIDAS,561004,BAR RESTAURANTE,13/09/2026,AUGUSTO FIGUEROA,47,direccion
3390938498,node,40.4219903,-3.6972219,Casa Lolea,,Calle de la Libertad,26,28004,Madrid,+34 915218223,https://www.casalolea.com/,,,,,,LIBERTAD,26,LIBERTAD|26,270381014.0,1.0,CENTRO              ,104.0,JUSTICIA            ,4.0,1077.0,77.0,440851.59,4474828.52,1.0,Puerta Calle,1.0,Abierto,437400.0,CALLE                   ,LIBERTAD                                          ,11004664.0,1.0,NUM,26.0,  ,10.0,81800.0,CALLE                   ,AUGUSTO FIGUEROA                                  ,11004665.0,1.0,NUM,26.0,  ,,,,,,,1,AB,CASA LOLEA,I,HOSTELERÍA,56,SERVICIOS DE COMIDAS Y BEBIDAS,561004,BAR RESTAURANTE,13/09/2026,LIBERTAD,26,direccion
3403973650,node,40.421101,-3.7054992,Igo Ramen,,Calle de los Tudescos,4,28004,Madrid,+34 910 466 975,https://www.igoramen.com/,,,,,limited,TUDESCOS,4,TUDESCOS|4,285003867.0,1.0,CENTRO              ,105.0,UNIVERSIDAD         ,5.0,1115.0,115.0,440158.59,4474740.53,1.0,Puerta Calle,1.0,Abierto,756900.0,CALLE                   ,TUDESCOS                                          ,11007115.0,1.0,NUM,4.0,  ,10.0,756900.0,CALLE                   ,TUDESCOS                                          ,11007115.0,1.0,NUM,4.0,  ,,,,,,,1,IZ,IGO RAMEN,I,HOSTELERÍA,56,SERVICIOS DE COMIDAS Y BEBIDAS,561004,BAR RESTAURANTE,13/09/2026,TUDESCOS,4,direccion
3426608069,node,40.4224061,-3.6930284,Regañadientes,mexican,Calle del Almirante,24,,,,,,,,,no,ALMIRANTE,24,ALMIRANTE|24,280009486.0,1.0,CENTRO              ,104.0,JUSTICIA            ,4.0,1073.0,73.0,441210.59,4474872.52,1.0,Puerta Calle,1.0,Abierto,33000.0,CALLE                   ,ALMIRANTE                                         ,11004189.0,1.0,NUM,24.0,  ,10.0,33000.0,CALLE                   ,ALMIRANTE                                         ,11004189.0,1.0,NUM,24.0,  ,,,,,,,1, , RESTAURANTE REGAÑADIENTES,I,HOSTELERÍA,56,SERVICIOS DE COMIDAS Y BEBIDAS,561004,BAR RESTAURANTE,13/09/2026,ALMIRANTE,24,direccion
3426800301,node,40.4219798,-3.6935372,Tampu,peruvian,Calle de Prim,13,28004,Madrid,+34 91 564 19 13,https://tampurestaurante.com/,,,,,no,PRIM,13,PRIM|13,285002928.0,1.0,CENTRO              ,104.0,JUSTICIA            ,4.0,1073.0,73.0,441164.59,4474823.52,1.0,Puerta Calle,1.0,Abierto,609000.0,CALLE                   ,PRIM                                              ,11004243.0,1.0,NUM,13.0,  ,10.0,609000.0,CALLE                   ,PRIM                                              ,11004243.0,1.0,NUM,13.0,  ,,,,,,,1,01,TAMPU,I,HOSTELERÍA,56,SERVICIOS DE COMIDAS Y BEBIDAS,561004,BAR RESTAURANTE,13/09/2026,PRIM,13,direccion
3426800315,node,40.4233863,-3.6940364,Shuwa Shuwa,,Calle del Conde de Xiquena,12,28004,Madrid,,,,,,,,CONDE DE XIQUENA,12,CONDE DE XIQUENA|12,280010066.0,1.0,CENTRO              ,104.0,JUSTICIA            ,4.0,1073.0,73.0,441123.59,4474982.52,1.0,Puerta Calle,1.0,Abierto,207300.0,CALLE                   ,CONDE DE XIQUENA                                  ,11005080.0,1.0,NUM,12.0,  ,10.0,207300.0,CALLE                   ,CONDE DE XIQUENA                                  ,11005080.0,1.0,NUM,12.0,  ,,,,,,,1,03,BAR RESTAURANTE,I,HOSTELERÍA,56,SERVICIOS DE COMIDAS Y BEBIDAS,561004,BAR RESTAURANTE,13/09/2026,CONDE DE XIQUENA,12,direccion
3429275100,node,40.4194247,-3.7031171,Abrasador,meat,Calle de la Salud,8,28013,Madrid,+34 91 522 39 78,http://www.abrasador.es/,,,,,,SALUD,8,SALUD|8,280011529.0,1.0,CENTRO              ,106.0,SOL                 ,6.0,1117.0,117.0,440351.59,4474551.53,1.0,Puerta Calle,1.0,Abierto,656500.0,CALLE                   ,SALUD                                             ,11007338.0,1.0,NUM,8.0,  ,10.0,656500.0,CALLE                   ,SALUD                                             ,11007338.0,1.0,NUM,8.0,  ,,,,,,,1,01,XIONG ZAI II,I,HOSTELERÍA,56,SERVICIOS DE COMIDAS Y BEBIDAS,561004,BAR RESTAURANTE,13/09/2026,SALUD,8,direccion
3429275103,node,40.4190175,-3.7030331,La Carmen,,Plaza del Carmen,5,28013,Madrid,+34 91 521 95 66,https://www.lamuccacompany.com/,,,,,,CARMEN,5,CARMEN|5,280011539.0,1.0,CENTRO              ,106.0,SOL                 ,6.0,1117.0,117.0,440370.59,4474495.53,1.0,Puerta Calle,1.0,Abierto,145800.0,PLAZA                   ,CARMEN                                            ,11007362.0,1.0,NUM,5.0,  ,10.0,145800.0,PLAZA                   ,CARMEN                                            ,11007362.0,1.0,NUM,5.0,  ,,,,,,,1,01,LA MUCCA,I,HOSTELERÍA,56,SERVICIOS DE COMIDAS Y BEBIDAS,561004,BAR RESTAURANTE,13/09/2026,CARMEN,5,direccion
3430170251,node,40.4196288,-3.704522,La Quintina,,Calle de Mesonero Romanos,7,,,,,PH off,,,,,MESONERO ROMANOS,7,MESONERO ROMANOS|7,270244967.0,1.0,CENTRO              ,106.0,SOL                 ,6.0,1117.0,117.0,440229.59,4474569.53,1.0,Puerta Calle,1.0,Abierto,505100.0,CALLE                   ,MESONERO ROMANOS                                  ,31008898.0,1.0,NUM,7.0,  ,10.0,505100.0,CALLE                   ,MESONERO ROMANOS                                  ,31008898.0,1.0,NUM,7.0,  ,,,,,,,1,01,BAR RESTAURANTE,I,HOSTELERÍA,56,SERVICIOS DE COMIDAS Y BEBIDAS,561004,BAR RESTAURANTE,13/09/2026,MESONERO ROMANOS,7,direccion
3461943019,node,40.4278376,-3.7017697,Konnichiwa,japanese,Calle de Fuencarral,98,28004,Madrid,+34 912 303 005,http://www.konnichiwa.es/,Mo-Su 12:30-24:00,,,,limited,FUENCARRAL,98,FUENCARRAL|98,285003155.0,1.0,CENTRO              ,104.0,JUSTICIA            ,4.0,1089.0,89.0,440466.59,4475490.53,1.0,Puerta Calle,1.0,Abierto,313100.0,CALLE                   ,FUENCARRAL                                        ,11005299.0,1.0,NUM,98.0,  ,10.0,313100.0,CALLE                   ,FUENCARRAL                                        ,11005299.0,1.0,NUM,98.0,  ,,,,,,,1, ,RESTAURANTE,I,HOSTELERÍA,56,SERVICIOS DE COMIDAS Y BEBIDAS,561001,RESTAURANTE,13/09/2026,FUENCARRAL,98,direccion
3461943019,node,40.4278376,-3.7017697,Konnichiwa,japanese,Calle de Fuencarral,98,28004,Madrid,+34 912 303 005,http://www.konnichiwa.es/,Mo-Su 12:30-24:00,,,,limited,FUENCARRAL,98,FUENCARRAL|98,285003156.0,1.0,CENTRO              ,104.0,JUSTICIA            ,4.0,1089.0,89.0,440470.59,4475478.53,1.0,Puerta Calle,1.0,Abierto,313100.0,CALLE                   ,FUENCARRAL                                        ,11005299.0,1.0,NUM,98.0,  ,20.0,313100.0,CALLE                   ,FUENCARRAL                                        ,11005299.0,1.0,NUM,98.0,  ,,,,,,,1,DR,CONNICHIWA,I,HOSTELERÍA,56,SERVICIOS DE COMIDAS Y BEBIDAS,561004,BAR RESTAURANTE,13/09/2026,FUENCARRAL,98,direccion
3463654568,node,40.4222217,-3.7076221,Tiki Taco,mexican,Calle de San Bernardo,12,28015,Madrid,+34 914 21 86 93,,,,,,no,SAN BERNARDO,12,SAN BERNARDO|12,10002881.0,1.0,CENTRO              ,105.0,UNIVERSIDAD         ,5.0,1115.0,115.0,439972.6,4474868.53,1.0,Puerta Calle,1.0,Abierto,661700.0,CALLE                   ,SAN BERNARDO                                      ,11007097.0,1.0,NUM,12.0,  ,10.0,661700.0,CALLE                   ,SAN BERNARDO                                      ,11007097.0,1.0,NUM,12.0,  ,,,,,,,1,01,CERVECERIA LENA,I,HOSTELERÍA,56,SERVICIOS DE COMIDAS Y BEBIDAS,561001,RESTAURANTE,13/09/2026,SAN BERNARDO,12,direccion
3463654568,node,40.4222217,-3.7076221,Tiki Taco,mexican,Calle de San Bernardo,12,28015,Madrid,+34 914 21 86 93,,,,,,no,SAN BERNARDO,12,SAN BERNARDO|12,270396343.0,1.0,CENTRO              ,105.0,UNIVERSIDAD         ,5.0,1115.0,115.0,439971.6,4474862.53,1.0,Puerta Calle,1.0,Abierto,661700.0,CALLE                   ,SAN BERNARDO                                      ,11007097.0,1.0,NUM,12.0,  ,20.0,661700.0,CALLE                   ,SAN BERNARDO                                      ,11007097.0,1.0,NUM,12.0,  ,,,,,,,1,,TIKI TACO,I,HOSTELERÍA,56,SERVICIOS DE COMIDAS Y BEBIDAS,561001,RESTAURANTE,13/09/2026,SAN BERNARDO,12,direccion
3463716683,node,40.4241672,-3.7095857,Juventud Malatang,asian,Calle de los Reyes,8,28015,Madrid,+34 910 566 303,,Mo 12:00-24:00; Tu off; We-Sa 12:00-24:00; Su 12:00-19:00,,,,no,REYES,8,REYES|8,270448872.0,1.0,CENTRO              ,105.0,UNIVERSIDAD         ,5.0,1111.0,111.0,439812.6,4475082.53,1.0,Puerta Calle,1.0,Abierto,638700.0,CALLE                   ,REYES                                             ,11006757.0,1.0,NUM,8.0,  ,20.0,638700.0,CALLE                   ,REYES                                             ,11006757.0,1.0,NUM,8.0,  ,,,,,,,1,DR,PASTELERIA COCARROIS,I,HOSTELERÍA,56,SERVICIOS DE COMIDAS Y BEBIDAS,561001,RESTAURANTE,13/09/2026,REYES,8,direccion
3463718807,node,40.4249094,-3.7106143,Restaurante Xiaonzai,chinese,Calle de San Leonardo,3,28015,Madrid,,,"Tu-Su 12:30-16:30, 18:30-23:00",,,,no,SAN LEONARDO,3,SAN LEONARDO|3,270268060.0,1.0,CENTRO              ,105.0,UNIVERSIDAD         ,5.0,1111.0,111.0,439717.6,4475162.54,1.0,Puerta Calle,1.0,Abierto,676200.0,CALLE                   ,SAN LEONARDO                                      ,11006772.0,1.0,NUM,3.0,  ,20.0,676200.0,CALLE                   ,SAN LEONARDO                                      ,11006772.0,1.0,NUM,3.0,  ,,,,,,,1,B,XIONG ZAI I,I,HOSTELERÍA,56,SERVICIOS DE COMIDAS Y BEBIDAS,561004,BAR RESTAURANTE,13/09/2026,SAN LEONARDO,3,direccion
3463718807,node,40.4249094,-3.7106143,Restaurante Xiaonzai,chinese,Calle de San Leonardo,3,28015,Madrid,,,"Tu-Su 12:30-16:30, 18:30-23:00",,,,no,SAN LEONARDO,3,SAN LEONARDO|3,285003750.0,1.0,CENTRO              ,105.0,UNIVERSIDAD         ,5.0,1111.0,111.0,439725.6,4475169.54,1.0,Puerta Calle,1.0,Abierto,676200.0,CALLE                   ,SAN LEONARDO                                      ,11006772.0,1.0,NUM,3.0,  ,10.0,676200.0,CALLE                   ,SAN LEONARDO                                      ,11006772.0,1.0,NUM,3.0,  ,,,,,,,1, ,EL CHARRO,I,HOSTELERÍA,56,SERVICIOS DE COMIDAS Y BEBIDAS,561001,RESTAURANTE,13/09/2026,SAN LEONARDO,3,direccion
3471722591,node,40.4285168,-3.7023147,Crepes & Waffles,crepe;ice_cream,Calle de Fuencarral,105,,Madrid,,,"Su-Th 10:00-23:30, Fr,Sa 10:00-24:00",,,,no,FUENCARRAL,105,FUENCARRAL|105,280010362.0,1.0,CENTRO              ,105.0,UNIVERSIDAD         ,5.0,1090.0,90.0,440431.6,4475547.53,1.0,Puerta Calle,1.0,Abierto,313100.0,CALLE                   ,FUENCARRAL                                        ,11005374.0,1.0,NUM,105.0,  ,10.0,313100.0,CALLE                   ,FUENCARRAL                                        ,11005374.0,1.0,NUM,105.0,  ,,,,,,,1,IZ,RESTAURANTE BRESCA,I,HOSTELERÍA,56,SERVICIOS DE COMIDAS Y BEBIDAS,561004,BAR RESTAURANTE,13/09/2026,FUENCARRAL,105,direccion
3471722591,node,40.4285168,-3.7023147,Crepes & Waffles,crepe;ice_cream,Calle de Fuencarral,105,,Madrid,,,"Su-Th 10:00-23:30, Fr,Sa 10:00-24:00",,,,no,FUENCARRAL,105,FUENCARRAL|105,285003197.0,1.0,CENTRO              ,105.0,UNIVERSIDAD         ,5.0,1090.0,90.0,440429.6,4475556.53,1.0,Puerta Calle,1.0,Abierto,313100.0,CALLE                   ,FUENCARRAL                                        ,11005374.0,1.0,NUM,105.0,  ,20.0,313100.0,CALLE                   ,FUENCARRAL                                        ,11005374.0,1.0,NUM,105.0,  ,,,,,,,1,DR,CREPES & WAFFLES,I,HOSTELERÍA,56,SERVICIOS DE COMIDAS Y BEBIDAS,561001,RESTAURANTE,13/09/2026,FUENCARRAL,105,direccion
3498988818,node,40.4196485,-3.7037987,Al Quds,arab,Calle de Chinchilla,7,28013,Madrid,,,,,,,,CHINCHILLA,7,CHINCHILLA|7,270496795.0,1.0,CENTRO              ,106.0,SOL                 ,6.0,1117.0,117.0,440290.59,4474569.53,1.0,Puerta Calle,1.0,Abierto,229900.0,CALLE                   ,CHINCHILLA                                        ,11007320.0,1.0,NUM,7.0,  ,10.0,229900.0,CALLE                   ,CHINCHILLA                                        ,11007320.0,1.0,NUM,7.0,  ,,,,,,,1,01,RESTAURANTE JERUSALEN,I,HOSTELERÍA,56,SERVICIOS DE COMIDAS Y BEBIDAS,561004,BAR RESTAURANTE,13/09/2026,CHINCHILLA,7,direccion
3498988819,node,40.4193117,-3.7039701,Puerto Rico,regional,Calle de Chinchilla,2,28013,Madrid,,,,,,,,CHINCHILLA,2,CHINCHILLA|2,270022431.0,1.0,CENTRO              ,106.0,SOL                 ,6.0,1117.0,117.0,440276.59,4474535.53,1.0,Puerta Calle,1.0,Abierto,229900.0,CALLE                   ,CHINCHILLA                                        ,11007324.0,1.0,NUM,2.0,  ,20.0,229900.0,CALLE                   ,CHINCHILLA                                        ,11007324.0,1.0,NUM,2.0,  ,,,,,,,1,02,RESTAURANTE PUERTO RICO,I,HOSTELERÍA,56,SERVICIOS DE COMIDAS Y BEBIDAS,561001,RESTAURANTE,13/09/2026,CHINCHILLA,2,direccion
3498988820,node,40.4156083,-3.7016129,La Oreja de Jaime,regional,Calle de la Cruz,15,28014,Madrid,,,,,,,,CRUZ,15,CRUZ|15,280009263.0,1.0,CENTRO              ,103.0,CORTES              ,3.0,1069.0,69.0,440474.59,4474124.53,1.0,Puerta Calle,1.0,Abierto,221000.0,CALLE                   ,CRUZ                                              ,11003860.0,1.0,NUM,15.0,  ,10.0,221000.0,CALLE                   ,CRUZ                                              ,11003860.0,1.0,NUM,15.0,  ,,,,,,,1,01,LA OREJA DE JAIME,I,HOSTELERÍA,56,SERVICIOS DE COMIDAS Y BEBIDAS,561004,BAR RESTAURANTE,13/09/2026,CRUZ,15,direccion
3523878153,node,40.4223979,-3.7026065,Alma Llanera,venezuelan;colombian,Calle del Barco,27,28004,Madrid,+34 91 522 1239,,,,,,yes,BARCO,27,BARCO|27,280010492.0,1.0,CENTRO              ,105.0,UNIVERSIDAD         ,5.0,1096.0,96.0,440394.59,4474872.53,1.0,Puerta Calle,1.0,Abierto,93200.0,CALLE                   ,BARCO                                             ,11005697.0,1.0,NUM,27.0,  ,10.0,93200.0,CALLE                   ,BARCO                                             ,11005697.0,1.0,NUM,27.0,  ,,,,,,,1,01,L-10,I,HOSTELERÍA,56,SERVICIOS DE COMIDAS Y BEBIDAS,561001,RESTAURANTE,13/09/2026,BARCO,27,direccion
3523878154,node,40.4224857,-3.7025877,Le Patrón,international,Calle del Barco,27,28004,Madrid,+34 91 704 68 11,http://www.lepatron.es/,,,,,,BARCO,27,BARCO|27,280010492.0,1.0,CENTRO              ,105.0,UNIVERSIDAD         ,5.0,1096.0,96.0,440394.59,4474872.53,1.0,Puerta Calle,1.0,Abierto,93200.0,CALLE                   ,BARCO                                             ,11005697.0,1.0,NUM,27.0,  ,10.0,93200.0,CALLE                   ,BARCO                                             ,11005697.0,1.0,NUM,27.0,  ,,,,,,,1,01,L-10,I,HOSTELERÍA,56,SERVICIOS DE COMIDAS Y BEBIDAS,561001,RESTAURANTE,13/09/2026,BARCO,27,direccion
3523878155,node,40.422743,-3.7023463,Nanai,,Calle del Barco,26,28004,Madrid,+34 915 21 91 21,http://www.nanairestaurante.com/1.html,,,,,,BARCO,26,BARCO|26,280010435.0,1.0,CENTRO              ,105.0,UNIVERSIDAD         ,5.0,1095.0,95.0,440413.59,4474911.53,1.0,Puerta Calle,1.0,Abierto,93200.0,CALLE                   ,BARCO                                             ,11005618.0,1.0,NUM,26.0,  ,20.0,93200.0,CALLE                   ,BARCO                                             ,11005618.0,1.0,NUM,26.0,  ,,,,,,,1,DR,NANAI BARCO RESTAURANTE Y ESPACIO CULTURAL,I,HOSTELERÍA,56,SERVICIOS DE COMIDAS Y BEBIDAS,561004,BAR RESTAURANTE,13/09/2026,BARCO,26,direccion
3530429107,node,40.4156223,-3.7017857,Museo del Vino,regional,Calle de la Cruz,14,28012,Madrid,,,,,,,,CRUZ,14,CRUZ|14,270492106.0,1.0,CENTRO              ,106.0,SOL                 ,6.0,1119.0,119.0,440462.59,4474127.53,1.0,Puerta Calle,1.0,Abierto,221000.0,CALLE                   ,CRUZ                                              ,11007480.0,1.0,NUM,14.0,  ,30.0,782700.0,CALLE                   ,VICTORIA                                          ,20006782.0,1.0,NUM,10.0,  ,,,,,,,1,03,MUSEO DEL VINO,I,HOSTELERÍA,56,SERVICIOS DE COMIDAS Y BEBIDAS,561004,BAR RESTAURANTE,13/09/2026,CRUZ,14,direccion
3532781652,node,40.4224366,-3.7015964,Zenith,,Calle de Valverde,28,28004,Madrid,,https://www.zenithcaffe.es/,"Mo-Fr 10:00-18:00; Sa, Su 10:00-19:00",,,,no,VALVERDE,28,VALVERDE|28,280010473.0,1.0,CENTRO              ,105.0,UNIVERSIDAD         ,5.0,1095.0,95.0,440481.59,4474882.53,1.0,Puerta Calle,1.0,Abierto,769700.0,CALLE                   ,VALVERDE                                          ,11005661.0,1.0,NUM,28.0,  ,10.0,769700.0,CALLE                   ,VALVERDE                                          ,11005661.0,1.0,NUM,28.0,  ,,,,,,,1,IZ,ZENITH,I,HOSTELERÍA,56,SERVICIOS DE COMIDAS Y BEBIDAS,561001,RESTAURANTE,13/09/2026,VALVERDE,28,direccion
3533276785,node,40.420396,-3.7096858,Mashita,asian,Calle de la Bola,12,28013,Madrid,+34 915 42 60 47,,,,,,,BOLA,12,BOLA|12,280007301.0,1.0,CENTRO              ,101.0,PALACIO             ,1.0,1003.0,3.0,439801.6,4474666.53,1.0,Puerta Calle,1.0,Abierto,110400.0,CALLE                   ,BOLA                                              ,11000196.0,1.0,NUM,12.0,  ,20.0,110400.0,CALLE                   ,BOLA                                              ,11000196.0,1.0,NUM,12.0,  ,,,,,,,1,C,RESTAURANTE MASHITA COMIDA PARA LLEVAR COREANA JAPONESA,I,HOSTELERÍA,56,SERVICIOS DE COMIDAS Y BEBIDAS,561001,RESTAURANTE,13/09/2026,BOLA,12,direccion
3533276785,node,40.420396,-3.7096858,Mashita,asian,Calle de la Bola,12,28013,Madrid,+34 915 42 60 47,,,,,,,BOLA,12,BOLA|12,285001209.0,1.0,CENTRO              ,101.0,PALACIO             ,1.0,1003.0,3.0,439818.6,4474680.53,1.0,Puerta Calle,1.0,Abierto,110400.0,CALLE                   ,BOLA                                              ,11000196.0,1.0,NUM,12.0,  ,10.0,110400.0,CALLE                   ,BOLA                                              ,11000196.0,1.0,NUM,12.0,  ,,,,,,,1,LA,RESTAURANTE KOREANO A RI RANG,I,HOSTELERÍA,56,SERVICIOS DE COMIDAS Y BEBIDAS,561001,RESTAURANTE,13/09/2026,BOLA,12,direccion
3614543007,node,40.4121314,-3.7117537,La Chusquery,,Calle de los Mancebos,2,28005,Madrid,+34 910703215,http://www.la-chusquery.es/,,,,,,MANCEBOS,2,MANCEBOS|2,270039141.0,1.0,CENTRO              ,101.0,PALACIO             ,1.0,1016.0,16.0,439613.6,4473744.53,1.0,Puerta Calle,1.0,Abierto,458000.0,CALLE                   ,MANCEBOS                                          ,11001027.0,1.0,NUM,2.0,  ,20.0,458000.0,CALLE                   ,MANCEBOS                                          ,11001027.0,1.0,NUM,2.0,  ,,,,,,,1,02,LA FARFALA,I,HOSTELERÍA,56,SERVICIOS DE COMIDAS Y BEBIDAS,561004,BAR RESTAURANTE,13/09/2026,MANCEBOS,2,direccion
3614543007,node,40.4121314,-3.7117537,La Chusquery,,Calle de los Mancebos,2,28005,Madrid,+34 910703215,http://www.la-chusquery.es/,,,,,,MANCEBOS,2,MANCEBOS|2,280007787.0,1.0,CENTRO              ,101.0,PALACIO             ,1.0,1016.0,16.0,439604.6,4473740.53,1.0,Puerta Calle,1.0,Abierto,458000.0,CALLE                   ,MANCEBOS                                          ,11001027.0,1.0,NUM,2.0,  ,10.0,458000.0,CALLE                   ,MANCEBOS                                          ,11001027.0,1.0,NUM,2.0,  ,,,,,,,1,01,LA CUEVA DE LOLA,I,HOSTELERÍA,56,SERVICIOS DE COMIDAS Y BEBIDAS,561004,BAR RESTAURANTE,13/09/2026,MANCEBOS,2,direccion
3617883813,node,40.4266289,-3.7013192,Billy Brunch,breakfast,Calle de Fuencarral,82,,,,,,,,,,FUENCARRAL,82,FUENCARRAL|82,270418124.0,1.0,CENTRO              ,104.0,JUSTICIA            ,4.0,1088.0,88.0,440509.59,4475345.53,1.0,Puerta Calle,1.0,Abierto,313100.0,CALLE                   ,FUENCARRAL                                        ,11005249.0,1.0,NUM,82.0,  ,20.0,313100.0,CALLE                   ,FUENCARRAL                                        ,11005249.0,1.0,NUM,82.0,  ,,,,,,,1,02,LAS MAÑANITAS,I,HOSTELERÍA,56,SERVICIOS DE COMIDAS Y BEBIDAS,561004,BAR RESTAURANTE,13/09/2026,FUENCARRAL,82,direccion
3628619363,node,40.4287603,-3.70402,Chilango,mexican,Calle de Manuela Malasaña,12,28004,Madrid,+34 91 5914515,http://www.chilangomadrid.com/,,,,,,MANUELA MALASAÑA,12,MANUELA MALASAÑA|12,280010273.0,1.0,CENTRO              ,105.0,UNIVERSIDAD         ,5.0,1091.0,91.0,440283.6,4475583.53,1.0,Puerta Calle,1.0,Abierto,467700.0,CALLE                   ,MANUELA MALASAÑA                                  ,11005407.0,1.0,NUM,12.0,  ,10.0,467700.0,CALLE                   ,MANUELA MALASAÑA                                  ,11005407.0,1.0,NUM,12.0,  ,,,,,,,1,IZ,"ASIAN STREET FOOD (TUK, TUK)",I,HOSTELERÍA,56,SERVICIOS DE COMIDAS Y BEBIDAS,561001,RESTAURANTE,13/09/2026,MANUELA MALASAÑA,12,direccion
3631781474,node,40.4258139,-3.7039381,Antigua Huevería,regional,Calle de San Vicente Ferrer,32,28004,Madrid,+34 910226596,http://www.antiguahueveria.es/,,,,,,SAN VICENTE FERRER,32,SAN VICENTE FERRER|32,280010639.0,1.0,CENTRO              ,105.0,UNIVERSIDAD         ,5.0,1101.0,101.0,440283.6,4475258.53,1.0,Puerta Calle,1.0,Abierto,687600.0,CALLE                   ,SAN VICENTE FERRER                                ,11006060.0,1.0,NUM,32.0,  ,20.0,687600.0,CALLE                   ,SAN VICENTE FERRER                                ,11006060.0,1.0,NUM,32.0,  ,,,,,,,1,IZ,ANTIGUA HUEVERIA,I,HOSTELERÍA,56,SERVICIOS DE COMIDAS Y BEBIDAS,561001,RESTAURANTE,13/09/2026,SAN VICENTE FERRER,32,direccion
3636581114,node,40.4118776,-3.7099514,Carmencita Brunch,,Calle de la Cava Alta,32,28005,Madrid,+34913666161,https://carmencitabrunch.es/,,,,,no,CAVA ALTA,32,CAVA ALTA|32,280007559.0,1.0,CENTRO              ,101.0,PALACIO             ,1.0,1011.0,11.0,439758.59,4473713.53,1.0,Puerta Calle,1.0,Abierto,158600.0,CALLE                   ,CAVA ALTA                                         ,11000672.0,1.0,NUM,32.0,  ,10.0,158600.0,CALLE                   ,CAVA ALTA                                         ,11000672.0,1.0,NUM,32.0,  ,,,,,,,1,01,RESTAURANTE CARMENCITA,I,HOSTELERÍA,56,SERVICIOS DE COMIDAS Y BEBIDAS,561001,RESTAURANTE,13/09/2026,CAVA ALTA,32,direccion
3636581142,node,40.4151406,-3.7094037,De Gloria,,Calle Conde de Miranda,4,28005,Madrid,+34 915 59 08 97,http://degloria.es/inicio/,,,,,,CONDE DE MIRANDA,4,CONDE DE MIRANDA|4,280012122.0,1.0,CENTRO              ,101.0,PALACIO             ,1.0,1008.0,8.0,439816.59,4474066.53,1.0,Puerta Calle,1.0,Abierto,206000.0,PLAZA                   ,CONDE DE MIRANDA                                  ,20147514.0,1.0,NUM,4.0,  ,20.0,205900.0,CALLE                   ,CONDE DE MIRANDA                                  ,20003864.0,1.0,NUM,2.0,  ,,,,,,,1,02,EL PIMIENTO VERDE,I,HOSTELERÍA,56,SERVICIOS DE COMIDAS Y BEBIDAS,561004,BAR RESTAURANTE,13/09/2026,CONDE DE MIRANDA,4,direccion
3660774519,node,40.4175061,-3.7085709,Fresc Co,,Calle de las Fuentes,12,28013,Madrid,+34 91 541 85 69,http://www.frescco.com/,Mo-Su 12:00-23:00,,,,,FUENTES,12,FUENTES|12,10001950.0,1.0,CENTRO              ,106.0,SOL                 ,6.0,1124.0,124.0,439888.6,4474348.53,1.0,Puerta Calle,1.0,Abierto,317900.0,CALLE                   ,FUENTES                                           ,11007942.0,1.0,NUM,12.0,  ,10.0,317900.0,CALLE                   ,FUENTES                                           ,11007942.0,1.0,NUM,12.0,  ,,,,,,,1,IZ,FRESCO,I,HOSTELERÍA,56,SERVICIOS DE COMIDAS Y BEBIDAS,561001,RESTAURANTE,13/09/2026,FUENTES,12,direccion
3670167553,node,40.4174691,-3.7076564,Tapa Tapa,,Calle del Arenal,15,28013,Madrid,,,,yes,,,,ARENAL,15,ARENAL|15,10000876.0,1.0,CENTRO              ,106.0,SOL                 ,6.0,1123.0,123.0,439964.59,4474332.53,1.0,Puerta Calle,1.0,Abierto,68300.0,CALLE                   ,ARENAL                                            ,11007781.0,1.0,NUM,15.0,  ,70.0,68300.0,CALLE                   ,ARENAL                                            ,11007781.0,1.0,NUM,15.0,  ,,,,,,,1,02,S/R,I,HOSTELERÍA,56,SERVICIOS DE COMIDAS Y BEBIDAS,561004,BAR RESTAURANTE,13/09/2026,ARENAL,15,direccion
3671513864,node,40.4148748,-3.7063324,León V,,Plaza de la Provincia,3,28012,Madrid,,,,,,,,PROVINCIA,3,PROVINCIA|3,270532352.0,1.0,CENTRO              ,106.0,SOL                 ,6.0,1121.0,121.0,440072.59,4474049.53,1.0,Puerta Calle,1.0,Abierto,611400.0,PLAZA                   ,PROVINCIA                                         ,11007679.0,1.0,NUM,3.0,  ,20.0,611400.0,PLAZA                   ,PROVINCIA                                         ,11007679.0,1.0,NUM,3.0,  ,,,,,,,1,01,FUENTE DE LA PROVINCIA,I,HOSTELERÍA,56,SERVICIOS DE COMIDAS Y BEBIDAS,561004,BAR RESTAURANTE,13/09/2026,PROVINCIA,3,direccion
3671513864,node,40.4148748,-3.7063324,León V,,Plaza de la Provincia,3,28012,Madrid,,,,,,,,PROVINCIA,3,PROVINCIA|3,285003977.0,1.0,CENTRO              ,106.0,SOL                 ,6.0,1121.0,121.0,440071.59,4474043.53,1.0,Puerta Calle,1.0,Abierto,611400.0,PLAZA                   ,PROVINCIA                                         ,11007679.0,1.0,NUM,3.0,  ,10.0,611400.0,PLAZA                   ,PROVINCIA                                         ,11007679.0,1.0,NUM,3.0,  ,,,,,,,1,02,LEON V,I,HOSTELERÍA,56,SERVICIOS DE COMIDAS Y BEBIDAS,561001,RESTAURANTE,13/09/2026,PROVINCIA,3,direccion
3671513866,node,40.4148645,-3.7047295,Grama,,Calle de la Bolsa,3,28012,Madrid,,http://gramabar.com/,,,,,,BOLSA,3,BOLSA|3,270367979.0,1.0,CENTRO              ,106.0,SOL                 ,6.0,1120.0,120.0,440210.59,4474041.53,1.0,Puerta Calle,1.0,Abierto,111100.0,CALLE                   ,BOLSA                                             ,11007637.0,1.0,NUM,3.0,  ,30.0,111100.0,CALLE                   ,BOLSA                                             ,11007637.0,1.0,NUM,3.0,  ,,,,,,,1,03,CASA ORLANDO,I,HOSTELERÍA,56,SERVICIOS DE COMIDAS Y BEBIDAS,561004,BAR RESTAURANTE,13/09/2026,BOLSA,3,direccion
3671513867,node,40.4133661,-3.6998359,Alta Burgersía,burger,Plaza de Matute,5,28012,Madrid,+34 91 500 70 92,http://www.altaburgersia.com/,"Tu-Su 13:00-17:00,20:00-00:00",,,,,MATUTE,5,MATUTE|5,280009230.0,1.0,CENTRO              ,103.0,CORTES              ,3.0,1067.0,67.0,440623.59,4473871.53,1.0,Puerta Calle,1.0,Abierto,496300.0,PLAZA                   ,MATUTE                                            ,11003695.0,1.0,NUM,5.0,  ,20.0,496300.0,PLAZA                   ,MATUTE                                            ,11003695.0,1.0,NUM,5.0,  ,,,,,,,1,DR,ROTÚLO CORPÓREO Y BANDEROLA LOGO BRUNCHIT,I,HOSTELERÍA,56,SERVICIOS DE COMIDAS Y BEBIDAS,561001,RESTAURANTE,13/09/2026,MATUTE,5,direccion
3671513867,node,40.4133661,-3.6998359,Alta Burgersía,burger,Plaza de Matute,5,28012,Madrid,+34 91 500 70 92,http://www.altaburgersia.com/,"Tu-Su 13:00-17:00,20:00-00:00",,,,,MATUTE,5,MATUTE|5,280009230.0,1.0,CENTRO              ,103.0,CORTES              ,3.0,1067.0,67.0,440623.59,4473871.53,1.0,Puerta Calle,1.0,Abierto,496300.0,PLAZA                   ,MATUTE                                            ,11003695.0,1.0,NUM,5.0,  ,20.0,496300.0,PLAZA                   ,MATUTE                                            ,11003695.0,1.0,NUM,5.0,  ,,,,,,,1,DR,ROTÚLO CORPÓREO Y BANDEROLA LOGO BRUNCHIT,I,HOSTELERÍA,56,SERVICIOS DE COMIDAS Y BEBIDAS,561004,BAR RESTAURANTE,13/09/2026,MATUTE,5,direccion
3673294266,node,40.4152453,-3.7057952,Dixie,,Plaza de Santa Cruz,5,28012,Madrid,+34 913 66 44 28,,,,,,,SANTA CRUZ,5,SANTA CRUZ|5,270193516.0,1.0,CENTRO              ,106.0,SOL                 ,6.0,1121.0,121.0,440117.59,4474086.53,1.0,Puerta Calle,1.0,Abierto,693900.0,PLAZA                   ,SANTA CRUZ                                        ,11007765.0,1.0,NUM,5.0,  ,10.0,693900.0,PLAZA                   ,SANTA CRUZ                                        ,11007765.0,1.0,NUM,5.0,  ,,,,,,,1,02,CAFETERIA DIXEI BAR,I,HOSTELERÍA,56,SERVICIOS DE COMIDAS Y BEBIDAS,561004,BAR RESTAURANTE,13/09/2026,SANTA CRUZ,5,direccion
3680014987,node,40.4207126,-3.6998403,sultan palast,,Calle de las Infantas,18,28004,Madrid,,,,,,,limited,INFANTAS,18,INFANTAS|18,10003018.0,1.0,CENTRO              ,104.0,JUSTICIA            ,4.0,1074.0,74.0,440628.59,4474689.53,1.0,Puerta Calle,1.0,Abierto,373600.0,CALLE                   ,INFANTAS                                          ,11004328.0,1.0,NUM,18.0,  ,10.0,373600.0,CALLE                   ,INFANTAS                                          ,11004328.0,1.0,NUM,18.0,  ,,,,,,,1,01,NO DETERMINADO,I,HOSTELERÍA,56,SERVICIOS DE COMIDAS Y BEBIDAS,561004,BAR RESTAURANTE,13/09/2026,INFANTAS,18,direccion
3681998374,node,40.4261779,-3.7020136,La Panza Es Primero,mexican,Calle de la Palma,6,28004,Madrid,,http://www.lapanzaesprimero.com,,,,,,PALMA,6,PALMA|6,280010417.0,1.0,CENTRO              ,105.0,UNIVERSIDAD         ,5.0,1093.0,93.0,440447.59,4475297.53,1.0,Puerta Calle,1.0,Abierto,558900.0,CALLE                   ,PALMA                                             ,11005511.0,1.0,NUM,6.0,  ,10.0,558900.0,CALLE                   ,PALMA                                             ,11005511.0,1.0,NUM,6.0,  ,,,,,,,1,01,RESTAURANTE LA PANZA ES PRIMERO,I,HOSTELERÍA,56,SERVICIOS DE COMIDAS Y BEBIDAS,561001,RESTAURANTE,13/09/2026,PALMA,6,direccion
3682163456,node,40.4254714,-3.697424,Miss Sushi,japanese,Calle de Hortaleza,108,28004,Madrid,+34 912 307 151,http://www.misssushi.es/,,,,,,HORTALEZA,108,HORTALEZA|108,270046087.0,1.0,CENTRO              ,104.0,JUSTICIA            ,4.0,1082.0,82.0,440839.59,4475216.53,1.0,Puerta Calle,1.0,Abierto,365400.0,CALLE                   ,HORTALEZA                                         ,11004956.0,1.0,NUM,108.0,  ,20.0,365400.0,CALLE                   ,HORTALEZA                                         ,11004956.0,1.0,NUM,108.0,  ,,,,,,,1,01,MISS SUSHI RESTAURANTE,I,HOSTELERÍA,56,SERVICIOS DE COMIDAS Y BEBIDAS,561001,RESTAURANTE,13/09/2026,HORTALEZA,108,direccion
3682163459,node,40.4223475,-3.6971571,La Panza es Primero,mexican,Calle de la Libertad,33,28004,Madrid,,http://www.lapanzaesprimero.com/,,,,,,LIBERTAD,33,LIBERTAD|33,270045434.0,1.0,CENTRO              ,104.0,JUSTICIA            ,4.0,1077.0,77.0,440858.59,4474868.52,1.0,Puerta Calle,1.0,Abierto,437400.0,CALLE                   ,LIBERTAD                                          ,11004587.0,1.0,NUM,33.0,  ,20.0,437400.0,CALLE                   ,LIBERTAD                                          ,11004587.0,1.0,NUM,33.0,  ,,,,,,,1,B,LA PANZA ES PRIMERO,I,HOSTELERÍA,56,SERVICIOS DE COMIDAS Y BEBIDAS,561001,RESTAURANTE,13/09/2026,LIBERTAD,33,direccion
3682201061,node,40.4207264,-3.698229,Bombay Palace,indian,Calle de Barbieri,4,28004,Madrid,,,,,,,,BARBIERI,4,BARBIERI|4,270537321.0,1.0,CENTRO              ,104.0,JUSTICIA            ,4.0,1074.0,74.0,440767.59,4474689.53,1.0,Puerta Calle,1.0,Abierto,92600.0,CALLE                   ,BARBIERI                                          ,11004265.0,1.0,NUM,4.0,  ,10.0,92600.0,CALLE                   ,BARBIERI                                          ,11004265.0,1.0,NUM,4.0,  ,,,,,,,1, ,CAFE BUCÖLICO,I,HOSTELERÍA,56,SERVICIOS DE COMIDAS Y BEBIDAS,561001,RESTAURANTE,13/09/2026,BARBIERI,4,direccion
3682201061,node,40.4207264,-3.698229,Bombay Palace,indian,Calle de Barbieri,4,28004,Madrid,,,,,,,,BARBIERI,4,BARBIERI|4,280009543.0,1.0,CENTRO              ,104.0,JUSTICIA            ,4.0,1074.0,74.0,440764.59,4474677.53,1.0,Puerta Calle,1.0,Abierto,92600.0,CALLE                   ,BARBIERI                                          ,11004265.0,1.0,NUM,4.0,  ,20.0,92600.0,CALLE                   ,BARBIERI                                          ,11004265.0,1.0,NUM,4.0,  ,,,,,,,1,DR,LA DESAYUNERÍA,I,HOSTELERÍA,56,SERVICIOS DE COMIDAS Y BEBIDAS,561004,BAR RESTAURANTE,13/09/2026,BARBIERI,4,direccion
3682201062,node,40.4206143,-3.6983464,La Cocina del Desierto,african,Calle de Barbieri,1,28004,Madrid,+34 915 23 11 42,,,,,,,BARBIERI,1,BARBIERI|1,270381160.0,1.0,CENTRO              ,104.0,JUSTICIA            ,4.0,1076.0,76.0,440755.59,4474677.53,1.0,Puerta Calle,1.0,Abierto,92600.0,CALLE                   ,BARBIERI                                          ,11004574.0,1.0,NUM,1.0,  ,30.0,92600.0,CALLE                   ,BARBIERI                                          ,11004574.0,1.0,NUM,1.0,  ,,,,,,,1,03,EL UNO DEL BARRIO,I,HOSTELERÍA,56,SERVICIOS DE COMIDAS Y BEBIDAS,561001,RESTAURANTE,13/09/2026,BARBIERI,1,direccion
3682201063,node,40.4212455,-3.6981567,Bao Cata,,Calle de San Marcos,28,28004,Madrid,+34 646 451 135,http://www.baocata.com/,,,,,,SAN MARCOS,28,SAN MARCOS|28,270530395.0,1.0,CENTRO              ,104.0,JUSTICIA            ,4.0,1076.0,76.0,440770.59,4474738.53,1.0,Puerta Calle,1.0,Abierto,677800.0,CALLE                   ,SAN MARCOS                                        ,11004579.0,1.0,NUM,28.0,  ,10.0,92600.0,CALLE                   ,BARBIERI                                          ,20005556.0,1.0,NUM,11.0,  ,,,,,,,1,01,LOST GRILL,I,HOSTELERÍA,56,SERVICIOS DE COMIDAS Y BEBIDAS,561001,RESTAURANTE,13/09/2026,SAN MARCOS,28,direccion
3682201064,node,40.4203972,-3.6987857,Sidrería El Tigre,regional,Calle de las Infantas,30,28004,Madrid,+34 91 532 00 72,http://eltigre.delsurweb.com/,,,,,no,INFANTAS,30,INFANTAS|30,270530872.0,1.0,CENTRO              ,104.0,JUSTICIA            ,4.0,1074.0,74.0,440717.59,4474653.53,1.0,Puerta Calle,1.0,Abierto,373600.0,CALLE                   ,INFANTAS                                          ,11004335.0,1.0,NUM,30.0,  ,50.0,373600.0,CALLE                   ,INFANTAS                                          ,11004335.0,1.0,NUM,30.0,  ,,,,,,,1,05,SIDRERIA EL TIGRE,I,HOSTELERÍA,56,SERVICIOS DE COMIDAS Y BEBIDAS,561004,BAR RESTAURANTE,13/09/2026,INFANTAS,30,direccion
3682201064,node,40.4203972,-3.6987857,Sidrería El Tigre,regional,Calle de las Infantas,30,28004,Madrid,+34 91 532 00 72,http://eltigre.delsurweb.com/,,,,,no,INFANTAS,30,INFANTAS|30,280009689.0,1.0,CENTRO              ,104.0,JUSTICIA            ,4.0,1074.0,74.0,440733.59,4474647.53,1.0,Puerta Calle,1.0,Abierto,373600.0,CALLE                   ,INFANTAS                                          ,11004335.0,1.0,NUM,30.0,  ,10.0,373600.0,CALLE                   ,INFANTAS                                          ,11004335.0,1.0,NUM,30.0,  ,,,,,,,1,01,SULTAN PALAST,I,HOSTELERÍA,56,SERVICIOS DE COMIDAS Y BEBIDAS,561001,RESTAURANTE,13/09/2026,INFANTAS,30,direccion
3682201065,node,40.4202219,-3.6978319,Sidrería El Tigre,regional,Calle de las Infantas,23,28004,Madrid,+34915320259,http://eltigre.delsurweb.com/,,,,,,INFANTAS,23,INFANTAS|23,280009551.0,1.0,CENTRO              ,104.0,JUSTICIA            ,4.0,1074.0,74.0,440797.59,4474633.52,1.0,Puerta Calle,1.0,Abierto,373600.0,CALLE                   ,INFANTAS                                          ,11004282.0,1.0,NUM,23.0,  ,20.0,373600.0,CALLE                   ,INFANTAS                                          ,11004282.0,1.0,NUM,23.0,  ,,,,,,,1,DR,SIDRERIA EL  TIGRE,I,HOSTELERÍA,56,SERVICIOS DE COMIDAS Y BEBIDAS,561001,RESTAURANTE,13/09/2026,INFANTAS,23,direccion
3682258982,node,40.414827,-3.7063433,Tê de callejón,,Plaza de la Provincia,3,28012,Madrid,,,,,,,,PROVINCIA,3,PROVINCIA|3,270532352.0,1.0,CENTRO              ,106.0,SOL                 ,6.0,1121.0,121.0,440072.59,4474049.53,1.0,Puerta Calle,1.0,Abierto,611400.0,PLAZA                   ,PROVINCIA                                         ,11007679.0,1.0,NUM,3.0,  ,20.0,611400.0,PLAZA                   ,PROVINCIA                                         ,11007679.0,1.0,NUM,3.0,  ,,,,,,,1,01,FUENTE DE LA PROVINCIA,I,HOSTELERÍA,56,SERVICIOS DE COMIDAS Y BEBIDAS,561004,BAR RESTAURANTE,13/09/2026,PROVINCIA,3,direccion
3682258982,node,40.414827,-3.7063433,Tê de callejón,,Plaza de la Provincia,3,28012,Madrid,,,,,,,,PROVINCIA,3,PROVINCIA|3,285003977.0,1.0,CENTRO              ,106.0,SOL                 ,6.0,1121.0,121.0,440071.59,4474043.53,1.0,Puerta Calle,1.0,Abierto,611400.0,PLAZA                   ,PROVINCIA                                         ,11007679.0,1.0,NUM,3.0,  ,10.0,611400.0,PLAZA                   ,PROVINCIA                                         ,11007679.0,1.0,NUM,3.0,  ,,,,,,,1,02,LEON V,I,HOSTELERÍA,56,SERVICIOS DE COMIDAS Y BEBIDAS,561001,RESTAURANTE,13/09/2026,PROVINCIA,3,direccion
3682315227,node,40.4128668,-3.7084917,La Tagliatella,italian,Calle de la Cava Baja,11,28005,Madrid,+34 913546790,http://www.latagliatella.es/restaurantes/la-tagliatella-cava-baja/,,,,,,CAVA BAJA,11,CAVA BAJA|11,270269612.0,1.0,CENTRO              ,101.0,PALACIO             ,1.0,1011.0,11.0,439881.59,4473825.53,1.0,Puerta Calle,1.0,Abierto,158700.0,CALLE                   ,CAVA BAJA                                         ,11000720.0,1.0,NUM,11.0,  ,10.0,158700.0,CALLE                   ,CAVA BAJA                                         ,11000720.0,1.0,NUM,11.0,  ,,,,,,,1,01,TABERNA EL SCHOTIS,I,HOSTELERÍA,56,SERVICIOS DE COMIDAS Y BEBIDAS,561001,RESTAURANTE,13/09/2026,CAVA BAJA,11,direccion
3682315228,node,40.4149532,-3.7078119,Don Calamar,,Plaza Mayor,8,28012,Madrid,,,,,,,,MAYOR,8,MAYOR|8,270531478.0,1.0,CENTRO              ,106.0,SOL                 ,6.0,1121.0,121.0,439933.59,4474057.53,1.0,Puerta Calle,1.0,Abierto,498000.0,PLAZA                   ,MAYOR                                             ,20006896.0,1.0,NUM,8.0,  ,10.0,498000.0,PLAZA                   ,MAYOR                                             ,20006896.0,1.0,NUM,8.0,  ,,,,,,,1,03,GUSTOS MADRID,I,HOSTELERÍA,56,SERVICIOS DE COMIDAS Y BEBIDAS,561004,BAR RESTAURANTE,13/09/2026,MAYOR,8,direccion
3683540620,node,40.4124833,-3.7100504,Taberna Almendro 13,regional,Calle del Almendro,13,28005,Madrid,,http://almendro13.com/,,,,,,ALMENDRO,13,ALMENDRO|13,270229021.0,1.0,CENTRO              ,101.0,PALACIO             ,1.0,1011.0,11.0,439755.59,4473787.53,1.0,Puerta Calle,1.0,Abierto,32600.0,CALLE                   ,ALMENDRO                                          ,11000657.0,1.0,NUM,13.0,  ,10.0,32600.0,CALLE                   ,ALMENDRO                                          ,11000657.0,1.0,NUM,13.0,  ,,,,,,,1,IZ,TABERNA ALMENDRO 13,I,HOSTELERÍA,56,SERVICIOS DE COMIDAS Y BEBIDAS,561001,RESTAURANTE,13/09/2026,ALMENDRO,13,direccion
3683540622,node,40.4145902,-3.7082193,Mirador del Arco de Cuchilleros,regional,Calle de la Cava de San Miguel,8,28005,Madrid,+34 913 64 57 93,https://miradordelarcodecuchilleros.com,,,,,yes,CAVA DE SAN MIGUEL,8,CAVA DE SAN MIGUEL|8,270038518.0,1.0,CENTRO              ,101.0,PALACIO             ,1.0,1008.0,8.0,439907.59,4474033.53,1.0,Puerta Calle,1.0,Abierto,158800.0,CALLE                   ,CAVA DE SAN MIGUEL                                ,11000527.0,1.0,NUM,8.0,  ,20.0,158800.0,CALLE                   ,CAVA DE SAN MIGUEL                                ,11000527.0,1.0,NUM,8.0,  ,,,,,,,1,DR,TRAGATAPAS,I,HOSTELERÍA,56,SERVICIOS DE COMIDAS Y BEBIDAS,561001,RESTAURANTE,13/09/2026,CAVA DE SAN MIGUEL,8,direccion
3683540622,node,40.4145902,-3.7082193,Mirador del Arco de Cuchilleros,regional,Calle de la Cava de San Miguel,8,28005,Madrid,+34 913 64 57 93,https://miradordelarcodecuchilleros.com,,,,,yes,CAVA DE SAN MIGUEL,8,CAVA DE SAN MIGUEL|8,270440037.0,1.0,CENTRO              ,101.0,PALACIO             ,1.0,1008.0,8.0,439912.59,4474015.53,1.0,Puerta Calle,1.0,Abierto,158800.0,CALLE                   ,CAVA DE SAN MIGUEL                                ,11000527.0,1.0,NUM,8.0,  ,10.0,158800.0,CALLE                   ,CAVA DE SAN MIGUEL                                ,11000527.0,1.0,NUM,8.0,  ,,,,,,,1,IZ,MIRADOR DEL ARCO DE CUCHILLEROS,I,HOSTELERÍA,56,SERVICIOS DE COMIDAS Y BEBIDAS,561004,BAR RESTAURANTE,13/09/2026,CAVA DE SAN MIGUEL,8,direccion
3685158989,node,40.4185901,-3.7109378,La Taberna del Alabardero,,Calle de Felipe V,6,28013,Madrid,+34 91 547 25 77,http://grupolezama.es/portal/taberna-alabardero-madrid/restaurante,,,,,,FELIPE V,6,FELIPE V|6,270038111.0,1.0,CENTRO              ,101.0,PALACIO             ,1.0,1004.0,4.0,439686.6,4474460.53,1.0,Puerta Calle,1.0,Abierto,290500.0,CALLE                   ,FELIPE V                                          ,11000281.0,1.0,NUM,6.0,  ,10.0,290500.0,CALLE                   ,FELIPE V                                          ,11000281.0,1.0,NUM,6.0,  ,,,,,,,1,01,TABERNA DEL ALABARDERO DE MADRID,I,HOSTELERÍA,56,SERVICIOS DE COMIDAS Y BEBIDAS,561001,RESTAURANTE,13/09/2026,FELIPE V,6,direccion
3685158990,node,40.415304,-3.7123092,Casa Ciriaco,regional,Calle Mayor,84,28013,Madrid,+34 915 48 06 20,https://www.casaciriaco.es/,"Mo-Tu 11:00-17:00, 20:00-24:00; Th-Su 11:00-17:00, 20:00-24:00",,,,,MAYOR,84,MAYOR|84,270192329.0,1.0,CENTRO              ,101.0,PALACIO             ,1.0,1001.0,1.0,439558.6,4474094.53,1.0,Puerta Calle,1.0,Abierto,497800.0,CALLE                   ,MAYOR                                             ,11000047.0,1.0,NUM,84.0,  ,10.0,497800.0,CALLE                   ,MAYOR                                             ,11000047.0,1.0,NUM,84.0,  ,,,,,,,1,01,RESTAURANTE CIRIACO,I,HOSTELERÍA,56,SERVICIOS DE COMIDAS Y BEBIDAS,561001,RESTAURANTE,13/09/2026,MAYOR,84,direccion
3690989813,node,40.4205658,-3.7007914,Charlotte,,Calle de Hortaleza,4,28004,Madrid,,http://www.charlottefranquicias.com/,,,,,,HORTALEZA,4,HORTALEZA|4,280009576.0,1.0,CENTRO              ,104.0,JUSTICIA            ,4.0,1074.0,74.0,440553.59,4474684.53,1.0,Puerta Calle,1.0,Abierto,365400.0,CALLE                   ,HORTALEZA                                         ,11004317.0,1.0,NUM,4.0,  ,10.0,365400.0,CALLE                   ,HORTALEZA                                         ,11004317.0,1.0,NUM,4.0,  ,,,,,,,1,04,BOSFOROS TURKIS,I,HOSTELERÍA,56,SERVICIOS DE COMIDAS Y BEBIDAS,561001,RESTAURANTE,13/09/2026,HORTALEZA,4,direccion
3690989814,node,40.420398,-3.7002468,Casa 9,,Calle de la Reina,9,28004,Madrid,+34 91 523 74 93,http://www.restaurantecasa9.com/,,,,,,REINA,9,REINA|9,285002945.0,1.0,CENTRO              ,104.0,JUSTICIA            ,4.0,1074.0,74.0,440595.59,4474653.53,1.0,Puerta Calle,1.0,Abierto,635000.0,CALLE                   ,REINA                                             ,11004312.0,1.0,NUM,9.0,  ,20.0,635000.0,CALLE                   ,REINA                                             ,11004312.0,1.0,NUM,9.0,  ,,,,,,,1,01,RÓTULO NO INFORMADO,I,HOSTELERÍA,56,SERVICIOS DE COMIDAS Y BEBIDAS,561002,RESTAURANTES DE COMIDA RAPIDA,13/09/2026,REINA,9,direccion
3690989815,node,40.4199756,-3.6987328,La Barraca,regional,Calle de la Reina,29,28004,Madrid,+34 91 532 71 54,http://www.labarraca.es/,,,,,,REINA,29,REINA|29,270044896.0,1.0,CENTRO              ,104.0,JUSTICIA            ,4.0,1074.0,74.0,440722.59,4474605.53,1.0,Puerta Calle,1.0,Abierto,635000.0,CALLE                   ,REINA                                             ,11004341.0,1.0,NUM,29.0,  ,10.0,635000.0,CALLE                   ,REINA                                             ,11004341.0,1.0,NUM,29.0,  ,,,,,,,1,CT,LA BARRACA,I,HOSTELERÍA,56,SERVICIOS DE COMIDAS Y BEBIDAS,561001,RESTAURANTE,13/09/2026,REINA,29,direccion
3690989817,node,40.4200819,-3.6991532,Anauco,burger,Calle de la Reina,25,28004,Madrid,+34 91 026 37 94,http://www.anaucogourmet.es/,,,,,,REINA,25,REINA|25,280009697.0,1.0,CENTRO              ,104.0,JUSTICIA            ,4.0,1074.0,74.0,440689.59,4474618.53,1.0,Puerta Calle,1.0,Abierto,635000.0,CALLE                   ,REINA                                             ,11004343.0,1.0,NUM,25.0,  ,10.0,635000.0,CALLE                   ,REINA                                             ,11004343.0,1.0,NUM,25.0,  ,,,,,,,1,01,INDISCRETO BRUNCH,I,HOSTELERÍA,56,SERVICIOS DE COMIDAS Y BEBIDAS,561004,BAR RESTAURANTE,13/09/2026,REINA,25,direccion
3690989818,node,40.4199437,-3.6985891,Nippon 2,japanese,Calle de la Reina,31,28004,Madrid,+34 915 318 805,http://nipponmadrid.com/,,,,,,REINA,31,REINA|31,280009696.0,1.0,CENTRO              ,104.0,JUSTICIA            ,4.0,1074.0,74.0,440743.59,4474598.53,1.0,Puerta Calle,1.0,Abierto,635000.0,CALLE                   ,REINA                                             ,11004340.0,1.0,NUM,31.0,  ,20.0,635000.0,CALLE                   ,REINA                                             ,11004340.0,1.0,NUM,31.0,  ,,,,,,,1,DR,DAI KICHI,I,HOSTELERÍA,56,SERVICIOS DE COMIDAS Y BEBIDAS,561001,RESTAURANTE,13/09/2026,REINA,31,direccion
3690989818,node,40.4199437,-3.6985891,Nippon 2,japanese,Calle de la Reina,31,28004,Madrid,+34 915 318 805,http://nipponmadrid.com/,,,,,,REINA,31,REINA|31,285002954.0,1.0,CENTRO              ,104.0,JUSTICIA            ,4.0,1074.0,74.0,440735.59,4474602.53,1.0,Puerta Calle,1.0,Abierto,635000.0,CALLE                   ,REINA                                             ,11004340.0,1.0,NUM,31.0,  ,10.0,635000.0,CALLE                   ,REINA                                             ,11004340.0,1.0,NUM,31.0,  ,,,,,,,1,IZ,CHAOTIANMEN,I,HOSTELERÍA,56,SERVICIOS DE COMIDAS Y BEBIDAS,561001,RESTAURANTE,13/09/2026,REINA,31,direccion
3690989820,node,40.4208768,-3.7004068,Hai Nao,chinese,Calle de las Infantas,6,28004,Madrid,,,,,,,,INFANTAS,6,INFANTAS|6,285004210.0,1.0,CENTRO              ,104.0,JUSTICIA            ,4.0,1074.0,74.0,440583.59,4474706.53,1.0,Puerta Calle,1.0,Abierto,373600.0,CALLE                   ,INFANTAS                                          ,20147761.0,1.0,NUM,6.0,  ,10.0,373600.0,CALLE                   ,INFANTAS                                          ,20147761.0,1.0,NUM,6.0,  ,,,,,,,1, ,SUSHI TOKYO,I,HOSTELERÍA,56,SERVICIOS DE COMIDAS Y BEBIDAS,561004,BAR RESTAURANTE,13/09/2026,INFANTAS,6,direccion
3693017823,node,40.4197579,-3.6977883,Maru,asian,Calle de la Reina,37,28004,Madrid,+34 915 23 95 31,,,,,,no,REINA,37,REINA|37,270044930.0,1.0,CENTRO              ,104.0,JUSTICIA            ,4.0,1074.0,74.0,440799.59,4474581.52,1.0,Puerta Calle,1.0,Abierto,635000.0,CALLE                   ,REINA                                             ,11004350.0,1.0,NUM,37.0,  ,10.0,635000.0,CALLE                   ,REINA                                             ,11004350.0,1.0,NUM,37.0,  ,,,,,,,1,IZ,MARU,I,HOSTELERÍA,56,SERVICIOS DE COMIDAS Y BEBIDAS,561001,RESTAURANTE,13/09/2026,REINA,37,direccion
3693215236,node,40.4202507,-3.6982776,El Respiro,regional;burger;sandwich;bocadillos,Calle de las Infantas,34,28004,Madrid,+34 915 22 88 25,,"Mo-Th,Su 08:00-02:00; Fr-Sa,PH 08:00-02:30",no,,,yes,INFANTAS,34,INFANTAS|34,270478469.0,1.0,CENTRO              ,104.0,JUSTICIA            ,4.0,1074.0,74.0,440762.59,4474636.53,1.0,Puerta Calle,1.0,Abierto,373600.0,CALLE                   ,INFANTAS                                          ,11004337.0,1.0,NUM,34.0,  ,10.0,373600.0,CALLE                   ,INFANTAS                                          ,11004337.0,1.0,NUM,34.0,  ,,,,,,,1,01,EL RESPIRO,I,HOSTELERÍA,56,SERVICIOS DE COMIDAS Y BEBIDAS,561004,BAR RESTAURANTE,13/09/2026,INFANTAS,34,direccion
3693215237,node,40.4202796,-3.6983824,El Colmao,,Calle de las Infantas,32,28004,Madrid,+34 910 24 16 98,http://grupocolmao.com/es/,,,,,,INFANTAS,32,INFANTAS|32,270478606.0,1.0,CENTRO              ,104.0,JUSTICIA            ,4.0,1074.0,74.0,440754.59,4474638.53,1.0,Puerta Calle,1.0,Abierto,373600.0,CALLE                   ,INFANTAS                                          ,11004336.0,1.0,NUM,32.0,  ,10.0,373600.0,CALLE                   ,INFANTAS                                          ,11004336.0,1.0,NUM,32.0,  ,,,,,,,1, ,CHIRU,I,HOSTELERÍA,56,SERVICIOS DE COMIDAS Y BEBIDAS,561001,RESTAURANTE,13/09/2026,INFANTAS,32,direccion
3695391152,node,40.4095839,-3.6958949,La Ley Seca,regional,Calle de Santa Isabel,47,28012,Madrid,+34 914 67 48 85,,,yes,,,no,SANTA ISABEL,47,SANTA ISABEL|47,280008952.0,1.0,CENTRO              ,102.0,EMBAJADORES         ,2.0,1058.0,58.0,440952.59,4473453.52,1.0,Puerta Calle,1.0,Abierto,695900.0,CALLE                   ,SANTA ISABEL                                      ,11003134.0,1.0,NUM,47.0,  ,40.0,695900.0,CALLE                   ,SANTA ISABEL                                      ,11003134.0,1.0,NUM,47.0,  ,,,,,,,1,01,CAFETERIA ALCES RESTAURANTE,I,HOSTELERÍA,56,SERVICIOS DE COMIDAS Y BEBIDAS,561004,BAR RESTAURANTE,13/09/2026,SANTA ISABEL,47,direccion
3695444232,node,40.4106112,-3.6979039,La Musa de Espronceda,,Calle de Santa Isabel,17,28012,Madrid,,,,,,,limited,SANTA ISABEL,17,SANTA ISABEL|17,10002138.0,1.0,CENTRO              ,102.0,EMBAJADORES         ,2.0,1059.0,59.0,440786.59,4473564.52,1.0,Puerta Calle,1.0,Abierto,695900.0,CALLE                   ,SANTA ISABEL                                      ,11003194.0,1.0,NUM,17.0,  ,10.0,695900.0,CALLE                   ,SANTA ISABEL                                      ,11003194.0,1.0,NUM,17.0,  ,,,,,,,1,03,LA DE ESPRONCEDA,I,HOSTELERÍA,56,SERVICIOS DE COMIDAS Y BEBIDAS,561004,BAR RESTAURANTE,13/09/2026,SANTA ISABEL,17,direccion
3695444239,node,40.4153265,-3.7063764,Entre Nos,,Calle de Zaragoza,9,28012,Madrid,+34 91 366 80 29,http://www.entrenosgourmet.com/,,,,,,ZARAGOZA,9,ZARAGOZA|9,270535979.0,1.0,CENTRO              ,106.0,SOL                 ,6.0,1121.0,121.0,440066.59,4474095.53,1.0,Puerta Calle,1.0,Abierto,803400.0,CALLE                   ,ZARAGOZA                                          ,11007773.0,1.0,NUM,9.0,  ,10.0,803400.0,CALLE                   ,ZARAGOZA                                          ,11007773.0,1.0,NUM,9.0,  ,,,,,,,1,02,BIE-BI,I,HOSTELERÍA,56,SERVICIOS DE COMIDAS Y BEBIDAS,561004,BAR RESTAURANTE,13/09/2026,ZARAGOZA,9,direccion
3695444239,node,40.4153265,-3.7063764,Entre Nos,,Calle de Zaragoza,9,28012,Madrid,+34 91 366 80 29,http://www.entrenosgourmet.com/,,,,,,ZARAGOZA,9,ZARAGOZA|9,300004041.0,1.0,CENTRO              ,106.0,SOL                 ,6.0,1121.0,121.0,440074.3125,4474095.0,1.0,Puerta Calle,1.0,Abierto,803400.0,CALLE                   ,ZARAGOZA                                          ,11007773.0,1.0,NUM,9.0,  ,5.0,803400.0,CALLE                   ,ZARAGOZA                                          ,11007773.0,1.0,NUM,9.0,  ,,,,,,,1,01,OPALO,I,HOSTELERÍA,56,SERVICIOS DE COMIDAS Y BEBIDAS,561004,BAR RESTAURANTE,13/09/2026,ZARAGOZA,9,direccion
3706618422,node,40.4233095,-3.7040568,Mr Ñam Ñam,,Plaza de Carlos Cambronero,2,28004,Madrid,,,,,,,,CARLOS CAMBRONERO,2,CARLOS CAMBRONERO|2,280010544.0,1.0,CENTRO              ,105.0,UNIVERSIDAD         ,5.0,1097.0,97.0,440268.59,4474973.53,1.0,Puerta Calle,1.0,Abierto,143000.0,PLAZA                   ,CARLOS CAMBRONERO                                 ,11005816.0,1.0,NUM,2.0,  ,20.0,143000.0,PLAZA                   ,CARLOS CAMBRONERO                                 ,11005816.0,1.0,NUM,2.0,  ,,,,,,,1,DR,EN BRUTO,I,HOSTELERÍA,56,SERVICIOS DE COMIDAS Y BEBIDAS,561004,BAR RESTAURANTE,13/09/2026,CARLOS CAMBRONERO,2,direccion
3706778745,node,40.4285249,-3.7031051,,regional,Calle de Manuela Malasaña,9,28004,Madrid,+34 620 63 91 42,,,,,,,MANUELA MALASAÑA,9,MANUELA MALASAÑA|9,270047594.0,1.0,CENTRO              ,105.0,UNIVERSIDAD         ,5.0,1090.0,90.0,440358.6,4475558.53,1.0,Puerta Calle,1.0,Abierto,467700.0,CALLE                   ,MANUELA MALASAÑA                                  ,11005369.0,1.0,NUM,9.0,  ,30.0,467700.0,CALLE                   ,MANUELA MALASAÑA                                  ,11005369.0,1.0,NUM,9.0,  ,,,,,,,1, ,EL TXOKO,I,HOSTELERÍA,56,SERVICIOS DE COMIDAS Y BEBIDAS,561001,RESTAURANTE,13/09/2026,MANUELA MALASAÑA,9,direccion
3706778745,node,40.4285249,-3.7031051,,regional,Calle de Manuela Malasaña,9,28004,Madrid,+34 620 63 91 42,,,,,,,MANUELA MALASAÑA,9,MANUELA MALASAÑA|9,280010356.0,1.0,CENTRO              ,105.0,UNIVERSIDAD         ,5.0,1090.0,90.0,440366.6,4475558.53,1.0,Puerta Calle,1.0,Abierto,467700.0,CALLE                   ,MANUELA MALASAÑA                                  ,11005369.0,1.0,NUM,9.0,  ,10.0,467700.0,CALLE                   ,MANUELA MALASAÑA                                  ,11005369.0,1.0,NUM,9.0,  ,,,,,,,1, ,MILWAUKEE,I,HOSTELERÍA,56,SERVICIOS DE COMIDAS Y BEBIDAS,561004,BAR RESTAURANTE,13/09/2026,MANUELA MALASAÑA,9,direccion
3708002997,node,40.4229773,-3.700984,Delisco,,Calle de Fuencarral,43,28004,Madrid,,http://www.delisco.es/,,yes,,,,FUENCARRAL,43,FUENCARRAL|43,280010457.0,1.0,CENTRO              ,105.0,UNIVERSIDAD         ,5.0,1095.0,95.0,440531.59,4474942.53,1.0,Puerta Calle,1.0,Abierto,313100.0,CALLE                   ,FUENCARRAL                                        ,11005645.0,1.0,NUM,43.0,  ,40.0,313100.0,CALLE                   ,FUENCARRAL                                        ,11005645.0,1.0,NUM,43.0,  ,,,,,,,1,A7,DELISCO,I,HOSTELERÍA,56,SERVICIOS DE COMIDAS Y BEBIDAS,561004,BAR RESTAURANTE,13/09/2026,FUENCARRAL,43,direccion
3708002997,node,40.4229773,-3.700984,Delisco,,Calle de Fuencarral,43,28004,Madrid,,http://www.delisco.es/,,yes,,,,FUENCARRAL,43,FUENCARRAL|43,280010460.0,1.0,CENTRO              ,105.0,UNIVERSIDAD         ,5.0,1095.0,95.0,440523.59,4474969.53,1.0,Puerta Calle,1.0,Abierto,313100.0,CALLE                   ,FUENCARRAL                                        ,11005645.0,1.0,NUM,43.0,  ,90.0,313100.0,CALLE                   ,FUENCARRAL                                        ,11005645.0,1.0,NUM,43.0,  ,,,,,,,1,B5,LATERAL,I,HOSTELERÍA,56,SERVICIOS DE COMIDAS Y BEBIDAS,561004,BAR RESTAURANTE,13/09/2026,FUENCARRAL,43,direccion
3730445917,node,40.4277298,-3.7041424,La Fondue de Tell,fondue,Calle del Divino Pastor,12,28004,Madrid,+34 91 594 42 77,http://www.lafonduedetell.com/,,,,,,DIVINO PASTOR,12,DIVINO PASTOR|12,270365223.0,1.0,CENTRO              ,105.0,UNIVERSIDAD         ,5.0,1092.0,92.0,440266.6,4475470.53,1.0,Puerta Calle,1.0,Abierto,239100.0,CALLE                   ,DIVINO PASTOR                                     ,11005457.0,1.0,NUM,12.0,  ,10.0,239100.0,CALLE                   ,DIVINO PASTOR                                     ,11005457.0,1.0,NUM,12.0,  ,,,,,,,1,IZ,LA FONDUE DE TELL,I,HOSTELERÍA,56,SERVICIOS DE COMIDAS Y BEBIDAS,561001,RESTAURANTE,13/09/2026,DIVINO PASTOR,12,direccion
3757077741,node,40.4181247,-3.7024803,Ciudad de Tui,regional,Calle de la Montera,22,28013,Madrid,+34 91 531 10 57,http://www.restauranteciudaddetui.com/,,,,,,MONTERA,22,MONTERA|22,270355542.0,1.0,CENTRO              ,106.0,SOL                 ,6.0,1118.0,118.0,440405.59,4474407.53,1.0,Puerta Calle,1.0,Abierto,519000.0,CALLE                   ,MONTERA                                           ,11007415.0,1.0,NUM,22.0,  ,20.0,519000.0,CALLE                   ,MONTERA                                           ,11007415.0,1.0,NUM,22.0,  ,,,,,,,1,01,RESTAURANTE CIUDAD DE TUI,I,HOSTELERÍA,56,SERVICIOS DE COMIDAS Y BEBIDAS,561001,RESTAURANTE,13/09/2026,MONTERA,22,direccion
3757077743,node,40.4149855,-3.700813,Novecento,argentinian,Plaza de Santa Ana,3,28012,Madrid,,,,,,,,SANTA ANA,3,SANTA ANA|3,280009276.0,1.0,CENTRO              ,103.0,CORTES              ,3.0,1069.0,69.0,440541.59,4474052.53,1.0,Puerta Calle,1.0,Abierto,691700.0,PLAZA                   ,SANTA ANA                                         ,11003873.0,1.0,NUM,3.0,  ,10.0,691700.0,PLAZA                   ,SANTA ANA                                         ,11003873.0,1.0,NUM,3.0,  ,,,,,,,1,A,PIROPO,I,HOSTELERÍA,56,SERVICIOS DE COMIDAS Y BEBIDAS,561004,BAR RESTAURANTE,13/09/2026,SANTA ANA,3,direccion
3757077744,node,40.4150326,-3.7004107,Il Pezzo di Guiseppe,italian,Plaza de Santa Ana,5,28012,Madrid,,,,,,,yes,SANTA ANA,5,SANTA ANA|5,10001429.0,1.0,CENTRO              ,103.0,CORTES              ,3.0,1069.0,69.0,440569.59,4474057.53,1.0,Puerta Calle,1.0,Abierto,691700.0,PLAZA                   ,SANTA ANA                                         ,11003871.0,1.0,NUM,5.0,  ,10.0,691700.0,PLAZA                   ,SANTA ANA                                         ,11003871.0,1.0,NUM,5.0,  ,,,,,,,1,03,O CACHO DO JOSE,I,HOSTELERÍA,56,SERVICIOS DE COMIDAS Y BEBIDAS,561001,RESTAURANTE,13/09/2026,SANTA ANA,5,direccion
3757077744,node,40.4150326,-3.7004107,Il Pezzo di Guiseppe,italian,Plaza de Santa Ana,5,28012,Madrid,,,,,,,yes,SANTA ANA,5,SANTA ANA|5,280009273.0,1.0,CENTRO              ,103.0,CORTES              ,3.0,1069.0,69.0,440577.59,4474058.53,1.0,Puerta Calle,1.0,Abierto,691700.0,PLAZA                   ,SANTA ANA                                         ,11003871.0,1.0,NUM,5.0,  ,20.0,691700.0,PLAZA                   ,SANTA ANA                                         ,11003871.0,1.0,NUM,5.0,  ,,,,,,,1,02,IL PEZZO DI GUISEPPE,I,HOSTELERÍA,56,SERVICIOS DE COMIDAS Y BEBIDAS,561001,RESTAURANTE,13/09/2026,SANTA ANA,5,direccion
3778528248,node,40.4253241,-3.7007863,Superchulo,,Calle de Fuencarral,74,28004,,+34 911 08 80 48,https://superchulorestaurante.com/,"Su-Th 10:00-23:00, Fr,Sa 10:00-24:00",,,,,FUENCARRAL,74,FUENCARRAL|74,270450978.0,1.0,CENTRO              ,104.0,JUSTICIA            ,4.0,1087.0,87.0,440551.59,4475200.53,1.0,Puerta Calle,1.0,Abierto,313100.0,CALLE                   ,FUENCARRAL                                        ,11005216.0,1.0,NUM,74.0,  ,10.0,313100.0,CALLE                   ,FUENCARRAL                                        ,11005216.0,1.0,NUM,74.0,  ,,,,,,,1,01,LA SANTITA,I,HOSTELERÍA,56,SERVICIOS DE COMIDAS Y BEBIDAS,561001,RESTAURANTE,13/09/2026,FUENCARRAL,74,direccion
3778528248,node,40.4253241,-3.7007863,Superchulo,,Calle de Fuencarral,74,28004,,+34 911 08 80 48,https://superchulorestaurante.com/,"Su-Th 10:00-23:00, Fr,Sa 10:00-24:00",,,,,FUENCARRAL,74,FUENCARRAL|74,280010156.0,1.0,CENTRO              ,104.0,JUSTICIA            ,4.0,1087.0,87.0,440561.59,4475166.53,1.0,Puerta Calle,1.0,Abierto,313100.0,CALLE                   ,FUENCARRAL                                        ,11005216.0,1.0,NUM,74.0,  ,40.0,313100.0,CALLE                   ,FUENCARRAL                                        ,11005216.0,1.0,NUM,74.0,  ,,,,,,,1, ,OVEN,I,HOSTELERÍA,56,SERVICIOS DE COMIDAS Y BEBIDAS,561004,BAR RESTAURANTE,13/09/2026,FUENCARRAL,74,direccion
3783521458,node,40.4080756,-3.7008754,Portomarín,galician,Calle de Valencia,4,28012,Madrid,+34 915 28 56 86,https://www.restauranteportomarin.es/,,,,,limited,VALENCIA,4,VALENCIA|4,270269200.0,1.0,CENTRO              ,102.0,EMBAJADORES         ,2.0,1042.0,42.0,440534.59,4473285.53,1.0,Puerta Calle,1.0,Abierto,765600.0,CALLE                   ,VALENCIA                                          ,11002382.0,1.0,NUM,4.0,  ,10.0,765600.0,CALLE                   ,VALENCIA                                          ,11002382.0,1.0,NUM,4.0,  ,,,,,,,1,01,MESON PORTOMARIN RESTAURANTE,I,HOSTELERÍA,56,SERVICIOS DE COMIDAS Y BEBIDAS,561004,BAR RESTAURANTE,13/09/2026,VALENCIA,4,direccion
3794179126,node,40.4233148,-3.7028189,El mezcalito,mexican,Corredera Baja de San Pablo,49,28004,Madrid,,,,,,,,CORREDERA BAJA DE SAN PABLO,49,CORREDERA BAJA DE SAN PABLO|49,285004225.0,1.0,CENTRO              ,105.0,UNIVERSIDAD         ,5.0,1096.0,96.0,440378.59,4474980.53,1.0,Puerta Calle,1.0,Abierto,212400.0,CALLE                   ,CORREDERA BAJA DE SAN PABLO                       ,20148160.0,1.0,NUM,49.0,  ,10.0,212400.0,CALLE                   ,CORREDERA BAJA DE SAN PABLO                       ,20148160.0,1.0,NUM,49.0,  ,,,,,,,1,01,EL MEZCALITO,I,HOSTELERÍA,56,SERVICIOS DE COMIDAS Y BEBIDAS,561004,BAR RESTAURANTE,13/09/2026,CORREDERA BAJA DE SAN PABLO,49,direccion
3826680860,node,40.4253096,-3.6961658,Krachai,thai,Calle de Fernando VI,11,28004,Madrid,+34 91 833 65 56,http://krachai.es/,"Mo off; Tu-We 13:30-15:45, 20:30- 22:30; Th 13:30-15:45, 20:30-22:45; Fr 13:30-15:45, 20:30-23:00; Sa 13:45-16:00, 20:30-23:00; Su 13:45-16:00",,,,,FERNANDO VI,11,FERNANDO VI|11,270441578.0,1.0,CENTRO              ,104.0,JUSTICIA            ,4.0,1084.0,84.0,440943.59,4475218.52,1.0,Puerta Calle,1.0,Abierto,295400.0,CALLE                   ,FERNANDO VI                                       ,11005025.0,1.0,NUM,11.0,  ,30.0,129900.0,CALLE                   ,CAMPOAMOR                                         ,20005658.0,1.0,NUM,2.0,  ,,,,,,,1,D,FORTINO,I,HOSTELERÍA,56,SERVICIOS DE COMIDAS Y BEBIDAS,561001,RESTAURANTE,13/09/2026,FERNANDO VI,11,direccion
3826680860,node,40.4253096,-3.6961658,Krachai,thai,Calle de Fernando VI,11,28004,Madrid,+34 91 833 65 56,http://krachai.es/,"Mo off; Tu-We 13:30-15:45, 20:30- 22:30; Th 13:30-15:45, 20:30-22:45; Fr 13:30-15:45, 20:30-23:00; Sa 13:45-16:00, 20:30-23:00; Su 13:45-16:00",,,,,FERNANDO VI,11,FERNANDO VI|11,270451691.0,1.0,CENTRO              ,104.0,JUSTICIA            ,4.0,1084.0,84.0,440942.59,4475198.52,1.0,Puerta Calle,1.0,Abierto,295400.0,CALLE                   ,FERNANDO VI                                       ,11005025.0,1.0,NUM,11.0,  ,20.0,295400.0,CALLE                   ,FERNANDO VI                                       ,11005025.0,1.0,NUM,11.0,  ,,,,,,,1,A,KRACHAI THAI CUISINE,I,HOSTELERÍA,56,SERVICIOS DE COMIDAS Y BEBIDAS,561001,RESTAURANTE,13/09/2026,FERNANDO VI,11,direccion
3891066145,node,40.4227404,-3.697428,Palosanto,,Plaza de Chueca,8,28004,Madrid,+34 910 85 76 95,,,,,,,CHUECA,8,CHUECA|8,280009686.0,1.0,CENTRO              ,104.0,JUSTICIA            ,4.0,1077.0,77.0,440836.59,4474911.52,1.0,Puerta Calle,1.0,Abierto,230900.0,PLAZA                   ,CHUECA                                            ,11004595.0,1.0,NUM,8.0,  ,20.0,230900.0,PLAZA                   ,CHUECA                                            ,11004595.0,1.0,NUM,8.0,  ,,,,,,,1,02,PALOSANTO,I,HOSTELERÍA,56,SERVICIOS DE COMIDAS Y BEBIDAS,561001,RESTAURANTE,13/09/2026,CHUECA,8,direccion
3946850012,node,40.4178329,-3.7028181,La cueva de 1900,,Calle de la Montera,13,28013,Madrid,,http://www.lacuevade1900.es/,,,,,,MONTERA,13,MONTERA|13,270052391.0,1.0,CENTRO              ,106.0,SOL                 ,6.0,1119.0,119.0,440373.59,4474370.53,1.0,Puerta Calle,1.0,Abierto,519000.0,CALLE                   ,MONTERA                                           ,11007507.0,1.0,NUM,13.0,  ,10.0,519000.0,CALLE                   ,MONTERA                                           ,11007507.0,1.0,NUM,13.0,  ,,,,,,,1,A,TXAPELA,I,HOSTELERÍA,56,SERVICIOS DE COMIDAS Y BEBIDAS,561004,BAR RESTAURANTE,13/09/2026,MONTERA,13,direccion
3958456456,node,40.4234315,-3.707934,Anto III,,Calle de Antonio Grilo,3,28015,Madrid,,,,,,,no,ANTONIO GRILO,3,ANTONIO GRILO|3,10000868.0,1.0,CENTRO              ,105.0,UNIVERSIDAD         ,5.0,1112.0,112.0,439946.6,4474995.53,1.0,Puerta Calle,1.0,Abierto,58500.0,CALLE                   ,ANTONIO GRILO                                     ,11006799.0,1.0,NUM,3.0,  ,10.0,58500.0,CALLE                   ,ANTONIO GRILO                                     ,11006799.0,1.0,NUM,3.0,  ,,,,,,,1,DR,MUSTY,I,HOSTELERÍA,56,SERVICIOS DE COMIDAS Y BEBIDAS,561001,RESTAURANTE,13/09/2026,ANTONIO GRILO,3,direccion
3958456456,node,40.4234315,-3.707934,Anto III,,Calle de Antonio Grilo,3,28015,Madrid,,,,,,,no,ANTONIO GRILO,3,ANTONIO GRILO|3,270533312.0,1.0,CENTRO              ,105.0,UNIVERSIDAD         ,5.0,1112.0,112.0,439936.6,4474991.53,1.0,Puerta Calle,1.0,Abierto,58500.0,CALLE                   ,ANTONIO GRILO                                     ,11006799.0,1.0,NUM,3.0,  ,30.0,97800.0,TRAVESIA                ,BEATAS                                            ,20006228.0,1.0,NUM,10.0,  ,,,,,,,1,02,BEIPAI HOT POT,I,HOSTELERÍA,56,SERVICIOS DE COMIDAS Y BEBIDAS,561004,BAR RESTAURANTE,13/09/2026,ANTONIO GRILO,3,direccion
3958464457,node,40.4187933,-3.7081702,Lambuzo,regional,Calle de las Conchas,9,28013,Madrid,+34 91 1434862,http://www.barlambuzo.com/,,,,,,CONCHAS,9,CONCHAS|9,280011359.0,1.0,CENTRO              ,106.0,SOL                 ,6.0,1117.0,117.0,439922.6,4474482.53,1.0,Puerta Calle,1.0,Abierto,203800.0,CALLE                   ,CONCHAS                                           ,11007269.0,1.0,NUM,9.0,  ,20.0,203800.0,CALLE                   ,CONCHAS                                           ,11007269.0,1.0,NUM,9.0,  ,,,,,,,1,02,ABACERIA TAPAS LAMBUZO,I,HOSTELERÍA,56,SERVICIOS DE COMIDAS Y BEBIDAS,561004,BAR RESTAURANTE,13/09/2026,CONCHAS,9,direccion
3958480054,node,40.4144871,-3.7081199,El Gallego,regional,Calle de Cuchilleros,2,28005,Madrid,+34 913 660 888,,,,,,no,CUCHILLEROS,2,CUCHILLEROS|2,270192422.0,1.0,CENTRO              ,101.0,PALACIO             ,1.0,1008.0,8.0,439921.59,4474004.53,1.0,Puerta Calle,1.0,Abierto,224400.0,CALLE                   ,CUCHILLEROS                                       ,11000543.0,1.0,NUM,2.0,  ,20.0,224400.0,CALLE                   ,CUCHILLEROS                                       ,11000543.0,1.0,NUM,2.0,  ,,,,,,,1,02,BAR GALLEGO,I,HOSTELERÍA,56,SERVICIOS DE COMIDAS Y BEBIDAS,561004,BAR RESTAURANTE,13/09/2026,CUCHILLEROS,2,direccion
3961394702,node,40.4230463,-3.7031419,PadThaiWok,thai,Corredera Baja de San Pablo,41,28004,Madrid,+34 912 985 124,http://padthaiwok.com/,,,,,,CORREDERA BAJA DE SAN PABLO,41,CORREDERA BAJA DE SAN PABLO|41,285003321.0,1.0,CENTRO              ,105.0,UNIVERSIDAD         ,5.0,1096.0,96.0,440354.59,4474953.53,1.0,Puerta Calle,1.0,Abierto,212400.0,CALLE                   ,CORREDERA BAJA DE SAN PABLO                       ,11005721.0,1.0,NUM,41.0,  ,20.0,212400.0,CALLE                   ,CORREDERA BAJA DE SAN PABLO                       ,11005721.0,1.0,NUM,41.0,  ,,,,,,,1,01,PADTHAIWOK,I,HOSTELERÍA,56,SERVICIOS DE COMIDAS Y BEBIDAS,561004,BAR RESTAURANTE,13/09/2026,CORREDERA BAJA DE SAN PABLO,41,direccion
3976285868,node,40.4194576,-3.7039464,Mu!,,Calle de Chinchilla,3,28013,Madrid,+34 912 193 359,http://www.mu-elplacerdelacarne.es/,,,,,,CHINCHILLA,3,CHINCHILLA|3,280011463.0,1.0,CENTRO              ,106.0,SOL                 ,6.0,1117.0,117.0,440280.59,4474552.53,1.0,Puerta Calle,1.0,Abierto,229900.0,CALLE                   ,CHINCHILLA                                        ,11007322.0,1.0,NUM,3.0,  ,10.0,229900.0,CALLE                   ,CHINCHILLA                                        ,11007322.0,1.0,NUM,3.0,  ,,,,,,,1,01,RIBS ABADA,I,HOSTELERÍA,56,SERVICIOS DE COMIDAS Y BEBIDAS,561001,RESTAURANTE,13/09/2026,CHINCHILLA,3,direccion
3976300419,node,40.4161059,-3.7016016,Venta El Buscón,regional,Calle de la Victoria,5-7,28012,Madrid,+34 915 22 54 12,,,,,,,VICTORIA,5,VICTORIA|5,270228572.0,1.0,CENTRO              ,106.0,SOL                 ,6.0,1119.0,119.0,440475.59,4474179.53,1.0,Puerta Calle,1.0,Abierto,782700.0,CALLE                   ,VICTORIA                                          ,20006784.0,1.0,NUM,5.0,  ,10.0,782700.0,CALLE                   ,VICTORIA                                          ,20006784.0,1.0,NUM,5.0,  ,,,,,,,1,IZ,VENTA EL BUSCON,I,HOSTELERÍA,56,SERVICIOS DE COMIDAS Y BEBIDAS,561004,BAR RESTAURANTE,13/09/2026,VICTORIA,5,direccion
3976300419,node,40.4161059,-3.7016016,Venta El Buscón,regional,Calle de la Victoria,5-7,28012,Madrid,+34 915 22 54 12,,,,,,,VICTORIA,5,VICTORIA|5,285004086.0,1.0,CENTRO              ,106.0,SOL                 ,6.0,1119.0,119.0,440475.59,4474170.53,1.0,Puerta Calle,1.0,Abierto,782700.0,CALLE                   ,VICTORIA                                          ,20006784.0,1.0,NUM,5.0,  ,20.0,782700.0,CALLE                   ,VICTORIA                                          ,20006784.0,1.0,NUM,5.0,  ,,,,,,,1,DR,PARRILLA ALHAMBRA,I,HOSTELERÍA,56,SERVICIOS DE COMIDAS Y BEBIDAS,561004,BAR RESTAURANTE,13/09/2026,VICTORIA,5,direccion
3976330520,node,40.4150233,-3.7005193,O Cacho do Jose,regional,Plaza de Santa Ana,5,28012,Madrid,,,,,,,,SANTA ANA,5,SANTA ANA|5,10001429.0,1.0,CENTRO              ,103.0,CORTES              ,3.0,1069.0,69.0,440569.59,4474057.53,1.0,Puerta Calle,1.0,Abierto,691700.0,PLAZA                   ,SANTA ANA                                         ,11003871.0,1.0,NUM,5.0,  ,10.0,691700.0,PLAZA                   ,SANTA ANA                                         ,11003871.0,1.0,NUM,5.0,  ,,,,,,,1,03,O CACHO DO JOSE,I,HOSTELERÍA,56,SERVICIOS DE COMIDAS Y BEBIDAS,561001,RESTAURANTE,13/09/2026,SANTA ANA,5,direccion
3976330520,node,40.4150233,-3.7005193,O Cacho do Jose,regional,Plaza de Santa Ana,5,28012,Madrid,,,,,,,,SANTA ANA,5,SANTA ANA|5,280009273.0,1.0,CENTRO              ,103.0,CORTES              ,3.0,1069.0,69.0,440577.59,4474058.53,1.0,Puerta Calle,1.0,Abierto,691700.0,PLAZA                   ,SANTA ANA                                         ,11003871.0,1.0,NUM,5.0,  ,20.0,691700.0,PLAZA                   ,SANTA ANA                                         ,11003871.0,1.0,NUM,5.0,  ,,,,,,,1,02,IL PEZZO DI GUISEPPE,I,HOSTELERÍA,56,SERVICIOS DE COMIDAS Y BEBIDAS,561001,RESTAURANTE,13/09/2026,SANTA ANA,5,direccion
3984416895,node,40.4216589,-3.6993965,Ra-Men Kagura,,Calle de San Marcos,8,28004,Madrid,,,,,,,,SAN MARCOS,8,SAN MARCOS|8,270552395.0,1.0,CENTRO              ,104.0,JUSTICIA            ,4.0,1076.0,76.0,440670.4649936497,4474794.227503175,1.0,Puerta Calle,1.0,Abierto,677800.0,CALLE                   ,SAN MARCOS                                        ,11004560.0,1.0,NUM,8.0,  ,20.0,677800.0,CALLE                   ,SAN MARCOS                                        ,11004560.0,1.0,NUM,8.0,  ,,,,,,,1,,SANYSIDRO,I,HOSTELERÍA,56,SERVICIOS DE COMIDAS Y BEBIDAS,561001,RESTAURANTE,13/09/2026,SAN MARCOS,8,direccion
3984416895,node,40.4216589,-3.6993965,Ra-Men Kagura,,Calle de San Marcos,8,28004,Madrid,,,,,,,,SAN MARCOS,8,SAN MARCOS|8,270552393.0,1.0,CENTRO              ,104.0,JUSTICIA            ,4.0,1076.0,76.0,440677.59,4474790.53,1.0,Puerta Calle,1.0,Abierto,677800.0,CALLE                   ,SAN MARCOS                                        ,11004560.0,1.0,NUM,8.0,  ,10.0,677800.0,CALLE                   ,SAN MARCOS                                        ,11004560.0,1.0,NUM,8.0,  ,,,,,,,1,A,COMERCIO MENOR DE ROPA Y REGALOS,I,HOSTELERÍA,56,SERVICIOS DE COMIDAS Y BEBIDAS,561004,BAR RESTAURANTE,13/09/2026,SAN MARCOS,8,direccion
3984416895,node,40.4216589,-3.6993965,Ra-Men Kagura,,Calle de San Marcos,8,28004,Madrid,,,,,,,,SAN MARCOS,8,SAN MARCOS|8,270552394.0,1.0,CENTRO              ,104.0,JUSTICIA            ,4.0,1076.0,76.0,440670.0681178559,4474794.492087038,1.0,Puerta Calle,1.0,Abierto,677800.0,CALLE                   ,SAN MARCOS                                        ,11004560.0,1.0,NUM,8.0,  ,30.0,677800.0,CALLE                   ,SAN MARCOS                                        ,11004560.0,1.0,NUM,8.0,  ,,,,,,,1,,RA-MEN KAGURA,I,HOSTELERÍA,56,SERVICIOS DE COMIDAS Y BEBIDAS,561001,RESTAURANTE,13/09/2026,SAN MARCOS,8,direccion
3986188348,node,40.4152835,-3.7026327,Taberna Kaixo,spanish,Calle de Barcelona,12,28012,Madrid,+34 915 23 2133,http://www.tabernakaixo.com,,,,,,BARCELONA,12,BARCELONA|12,10000071.0,1.0,CENTRO              ,106.0,SOL                 ,6.0,1119.0,119.0,440388.59,4474077.53,1.0,Puerta Calle,1.0,Abierto,93000.0,CALLE                   ,BARCELONA                                         ,11007454.0,1.0,NUM,12.0,  ,10.0,93000.0,CALLE                   ,BARCELONA                                         ,11007454.0,1.0,NUM,12.0,  ,,,,,,,1,IZ,LA DESCUBIERTA,I,HOSTELERÍA,56,SERVICIOS DE COMIDAS Y BEBIDAS,561001,RESTAURANTE,13/09/2026,BARCELONA,12,direccion
3986188348,node,40.4152835,-3.7026327,Taberna Kaixo,spanish,Calle de Barcelona,12,28012,Madrid,+34 915 23 2133,http://www.tabernakaixo.com,,,,,,BARCELONA,12,BARCELONA|12,10002469.0,1.0,CENTRO              ,106.0,SOL                 ,6.0,1119.0,119.0,440388.59,4474089.53,1.0,Puerta Calle,1.0,Abierto,93000.0,CALLE                   ,BARCELONA                                         ,11007454.0,1.0,NUM,12.0,  ,20.0,93000.0,CALLE                   ,BARCELONA                                         ,11007454.0,1.0,NUM,12.0,  ,,,,,,,1,DR,RESTAURANTE LY-NCH,I,HOSTELERÍA,56,SERVICIOS DE COMIDAS Y BEBIDAS,561001,RESTAURANTE,13/09/2026,BARCELONA,12,direccion
3986193632,node,40.4126114,-3.6985299,La Sanabresa,regional,Calle Amor de Dios,12,28014,Madrid,+34 914 29 0338,,"Mo-Sa 13:00-16:30,20:30-23:30",,,,,AMOR DE DIOS,12,AMOR DE DIOS|12,10001542.0,1.0,CENTRO              ,103.0,CORTES              ,3.0,1067.0,67.0,440732.59,4473786.52,1.0,Puerta Calle,1.0,Abierto,42900.0,CALLE                   ,AMOR DE DIOS                                      ,11003622.0,1.0,NUM,12.0,  ,20.0,42900.0,CALLE                   ,AMOR DE DIOS                                      ,11003622.0,1.0,NUM,12.0,  ,,,,,,,1,DR,LA SANABRESA,I,HOSTELERÍA,56,SERVICIOS DE COMIDAS Y BEBIDAS,561001,RESTAURANTE,13/09/2026,AMOR DE DIOS,12,direccion
3999092885,node,40.4143982,-3.7081329,Mesón de la Cerveza,,Calle de Cuchilleros,2,28005,Madrid,,,,,,,no,CUCHILLEROS,2,CUCHILLEROS|2,270192422.0,1.0,CENTRO              ,101.0,PALACIO             ,1.0,1008.0,8.0,439921.59,4474004.53,1.0,Puerta Calle,1.0,Abierto,224400.0,CALLE                   ,CUCHILLEROS                                       ,11000543.0,1.0,NUM,2.0,  ,20.0,224400.0,CALLE                   ,CUCHILLEROS                                       ,11000543.0,1.0,NUM,2.0,  ,,,,,,,1,02,BAR GALLEGO,I,HOSTELERÍA,56,SERVICIOS DE COMIDAS Y BEBIDAS,561004,BAR RESTAURANTE,13/09/2026,CUCHILLEROS,2,direccion
4012426925,node,40.4189745,-3.7012849,El Rincón de Pangpang,chinese,Calle de los Jardines,7,28013,Madrid,+34 918 20 68 81,https://elrincondepangpangminihotpot.com/,We-Mo 12:00-23:30,no,,,no,JARDINES,7,JARDINES|7,270521792.0,1.0,CENTRO              ,106.0,SOL                 ,6.0,1118.0,118.0,440504.59,4474496.53,1.0,Puerta Calle,1.0,Abierto,390100.0,CALLE                   ,JARDINES                                          ,11007396.0,1.0,NUM,7.0,  ,10.0,390100.0,CALLE                   ,JARDINES                                          ,11007396.0,1.0,NUM,7.0,  ,,,,,,,1,101,EL RINCON DEL IBERICO,I,HOSTELERÍA,56,SERVICIOS DE COMIDAS Y BEBIDAS,561004,BAR RESTAURANTE,13/09/2026,JARDINES,7,direccion
4012426926,node,40.4189758,-3.7009104,La Troyka,russian,Calle de los Jardines,11,28013,Madrid,+34 911 73 35 63,,,,,,no,JARDINES,11,JARDINES|11,285003913.0,1.0,CENTRO              ,106.0,SOL                 ,6.0,1118.0,118.0,440537.59,4474497.53,1.0,Puerta Calle,1.0,Abierto,390100.0,CALLE                   ,JARDINES                                          ,11007394.0,1.0,NUM,11.0,  ,30.0,390100.0,CALLE                   ,JARDINES                                          ,11007394.0,1.0,NUM,11.0,  ,,,,,,,1,1DR,LA TROYKA,I,HOSTELERÍA,56,SERVICIOS DE COMIDAS Y BEBIDAS,561004,BAR RESTAURANTE,13/09/2026,JARDINES,11,direccion
4121955393,node,40.4231519,-3.7015097,Rutabaga,,Calle de Valverde,40,28004,Madrid,+34 915 22 68 45,,,,,,,VALVERDE,40,VALVERDE|40,280010475.0,1.0,CENTRO              ,105.0,UNIVERSIDAD         ,5.0,1095.0,95.0,440489.59,4474966.53,1.0,Puerta Calle,1.0,Abierto,769700.0,CALLE                   ,VALVERDE                                          ,11005667.0,1.0,NUM,40.0,  ,10.0,769700.0,CALLE                   ,VALVERDE                                          ,11005667.0,1.0,NUM,40.0,  ,,,,,,,1,IZ,IN SITU RESTAURANTE,I,HOSTELERÍA,56,SERVICIOS DE COMIDAS Y BEBIDAS,561001,RESTAURANTE,13/09/2026,VALVERDE,40,direccion
4130628389,node,40.420456,-3.6994493,BambúBox,thai,Calle del Clavel,7,28004,,+34 91 014 6103,https://www.bambubox.com,,,,,no,CLAVEL,7,CLAVEL|7,270530063.0,1.0,CENTRO              ,104.0,JUSTICIA            ,4.0,1074.0,74.0,440661.59,4474656.53,1.0,Puerta Calle,1.0,Abierto,172800.0,CALLE                   ,CLAVEL                                            ,20005432.0,1.0,NUM,7.0,  ,10.0,172800.0,CALLE                   ,CLAVEL                                            ,20005432.0,1.0,NUM,7.0,  ,,,,,,,1,01,BAMBU BOX,I,HOSTELERÍA,56,SERVICIOS DE COMIDAS Y BEBIDAS,561001,RESTAURANTE,13/09/2026,CLAVEL,7,direccion
4156996822,node,40.4202237,-3.6995611,Tiki Taco,mexican,Calle del Clavel,5,28004,Madrid,,,,,,,limited,CLAVEL,5,CLAVEL|5,270452977.0,1.0,CENTRO              ,104.0,JUSTICIA            ,4.0,1074.0,74.0,440653.59,4474634.53,1.0,Puerta Calle,1.0,Abierto,172800.0,CALLE                   ,CLAVEL                                            ,11004332.0,1.0,NUM,5.0,  ,20.0,172800.0,CALLE                   ,CLAVEL                                            ,11004332.0,1.0,NUM,5.0,  ,,,,,,,1,IZ2,RESTAURANTE,I,HOSTELERÍA,56,SERVICIOS DE COMIDAS Y BEBIDAS,561004,BAR RESTAURANTE,13/09/2026,CLAVEL,5,direccion
4156996823,node,40.420145,-3.6992279,Ozú,,Calle de la Reina,23,28004,Madrid,+34 915 32 54 11,,,,,,,REINA,23,REINA|23,280009622.0,1.0,CENTRO              ,104.0,JUSTICIA            ,4.0,1074.0,74.0,440679.59,4474623.53,1.0,Puerta Calle,1.0,Abierto,635000.0,CALLE                   ,REINA                                             ,11004344.0,1.0,NUM,23.0,  ,10.0,635000.0,CALLE                   ,REINA                                             ,11004344.0,1.0,NUM,23.0,  ,,,,,,,1, ,INSANITY,I,HOSTELERÍA,56,SERVICIOS DE COMIDAS Y BEBIDAS,561004,BAR RESTAURANTE,13/09/2026,REINA,23,direccion
4157221699,node,40.4150603,-3.7081931,Mesón Rincón de la Cava,regional,Calle de la Cava de San Miguel,17,28005,Madrid,+34 91 366 58 30,http://www.mesonrincondelacava.com/,,,,,limited,CAVA DE SAN MIGUEL,17,CAVA DE SAN MIGUEL|17,270420246.0,1.0,CENTRO              ,106.0,SOL                 ,6.0,1121.0,121.0,439914.59,4474065.53,1.0,Puerta Calle,1.0,Abierto,158800.0,CALLE                   ,CAVA DE SAN MIGUEL                                ,20006836.0,1.0,NUM,17.0,  ,10.0,158800.0,CALLE                   ,CAVA DE SAN MIGUEL                                ,20006836.0,1.0,NUM,17.0,  ,,,,,,,1,01,RINCÓN DE LA CAVA,I,HOSTELERÍA,56,SERVICIOS DE COMIDAS Y BEBIDAS,561004,BAR RESTAURANTE,13/09/2026,CAVA DE SAN MIGUEL,17,direccion
4157221700,node,40.4150136,-3.7081912,Mesón del Champiñón,regional,Calle de la Cava de San Miguel,17,28005,Madrid,+34 915 596 790,http://www.mesondelchampinon.com/,,,,,no,CAVA DE SAN MIGUEL,17,CAVA DE SAN MIGUEL|17,270420246.0,1.0,CENTRO              ,106.0,SOL                 ,6.0,1121.0,121.0,439914.59,4474065.53,1.0,Puerta Calle,1.0,Abierto,158800.0,CALLE                   ,CAVA DE SAN MIGUEL                                ,20006836.0,1.0,NUM,17.0,  ,10.0,158800.0,CALLE                   ,CAVA DE SAN MIGUEL                                ,20006836.0,1.0,NUM,17.0,  ,,,,,,,1,01,RINCÓN DE LA CAVA,I,HOSTELERÍA,56,SERVICIOS DE COMIDAS Y BEBIDAS,561004,BAR RESTAURANTE,13/09/2026,CAVA DE SAN MIGUEL,17,direccion
4157221705,node,40.4125011,-3.7091531,Erre Que Erre,,Calle de la Cava Baja,24,28005,Madrid,,,,,,,,CAVA BAJA,24,CAVA BAJA|24,270489613.0,1.0,CENTRO              ,101.0,PALACIO             ,1.0,1011.0,11.0,439841.59,4473790.53,1.0,Puerta Calle,1.0,Abierto,158700.0,CALLE                   ,CAVA BAJA                                         ,11000675.0,1.0,NUM,24.0,  ,20.0,158700.0,CALLE                   ,CAVA BAJA                                         ,11000675.0,1.0,NUM,24.0,  ,,,,,,,1,03,RESTAURANTE LA CHATA,I,HOSTELERÍA,56,SERVICIOS DE COMIDAS Y BEBIDAS,561001,RESTAURANTE,13/09/2026,CAVA BAJA,24,direccion
4157221706,node,40.4118881,-3.7104095,Lamiak,,Calle de la Cava Baja,42,28005,Madrid,,http://www.lamiak.net/,,,,,,CAVA BAJA,42,CAVA BAJA|42,270446636.0,1.0,CENTRO              ,101.0,PALACIO             ,1.0,1011.0,11.0,439721.59,4473714.53,1.0,Puerta Calle,1.0,Abierto,158700.0,CALLE                   ,CAVA BAJA                                         ,11000684.0,1.0,NUM,42.0,  ,30.0,158700.0,CALLE                   ,CAVA BAJA                                         ,11000684.0,1.0,NUM,42.0,  ,,,,,,,1,07,LAMIAK,I,HOSTELERÍA,56,SERVICIOS DE COMIDAS Y BEBIDAS,561004,BAR RESTAURANTE,13/09/2026,CAVA BAJA,42,direccion
4157221707,node,40.4119082,-3.7103622,El Canalla,regional,Calle de la Cava Baja,42,28005,Madrid,+34 914 93 84 15,,,,,,,CAVA BAJA,42,CAVA BAJA|42,270446636.0,1.0,CENTRO              ,101.0,PALACIO             ,1.0,1011.0,11.0,439721.59,4473714.53,1.0,Puerta Calle,1.0,Abierto,158700.0,CALLE                   ,CAVA BAJA                                         ,11000684.0,1.0,NUM,42.0,  ,30.0,158700.0,CALLE                   ,CAVA BAJA                                         ,11000684.0,1.0,NUM,42.0,  ,,,,,,,1,07,LAMIAK,I,HOSTELERÍA,56,SERVICIOS DE COMIDAS Y BEBIDAS,561004,BAR RESTAURANTE,13/09/2026,CAVA BAJA,42,direccion
4157230306,node,40.4128737,-3.7087638,Julián de Tolosa,regional,Calle de la Cava Baja,18,28005,Madrid,+34 91 365 82 10,http://juliandetolosa.com/,,,,,no,CAVA BAJA,18,CAVA BAJA|18,270038684.0,1.0,CENTRO              ,101.0,PALACIO             ,1.0,1011.0,11.0,439866.59,4473825.53,1.0,Puerta Calle,1.0,Abierto,158700.0,CALLE                   ,CAVA BAJA                                         ,11000674.0,1.0,NUM,18.0,  ,10.0,158700.0,CALLE                   ,CAVA BAJA                                         ,11000674.0,1.0,NUM,18.0,  ,,,,,,,1,DR,JULIAN DE TOLOSA,I,HOSTELERÍA,56,SERVICIOS DE COMIDAS Y BEBIDAS,561001,RESTAURANTE,13/09/2026,CAVA BAJA,18,direccion
4157495190,node,40.4201745,-3.6955599,Chispa,,Calle del Barquillo,8,28004,Madrid,,,,,,,no,BARQUILLO,8,BARQUILLO|8,280009496.0,1.0,CENTRO              ,104.0,JUSTICIA            ,4.0,1073.0,73.0,440991.59,4474644.52,1.0,Puerta Calle,1.0,Abierto,94000.0,CALLE                   ,BARQUILLO                                         ,11004207.0,1.0,NUM,8.0,  ,10.0,94000.0,CALLE                   ,BARQUILLO                                         ,11004207.0,1.0,NUM,8.0,  ,,,,,,,1,IZ,RAZA,I,HOSTELERÍA,56,SERVICIOS DE COMIDAS Y BEBIDAS,561001,RESTAURANTE,13/09/2026,BARQUILLO,8,direccion
4161556812,node,40.4120408,-3.710051,Esteban,regional,Calle de la Cava Baja,36,28005,Madrid,+34 91 365 90 91,http://www.rte-esteban.com/,,,,,,CAVA BAJA,36,CAVA BAJA|36,280007568.0,1.0,CENTRO              ,101.0,PALACIO             ,1.0,1011.0,11.0,439760.59,4473736.53,1.0,Puerta Calle,1.0,Abierto,158700.0,CALLE                   ,CAVA BAJA                                         ,11000681.0,1.0,NUM,36.0,  ,10.0,158700.0,CALLE                   ,CAVA BAJA                                         ,11000681.0,1.0,NUM,36.0,  ,,,,,,,1,DR,RESTAURANTE LA NEGRA DE PEÑALVER,I,HOSTELERÍA,56,SERVICIOS DE COMIDAS Y BEBIDAS,561001,RESTAURANTE,13/09/2026,CAVA BAJA,36,direccion
4161556814,node,40.4122479,-3.7095873,Viejo Madrid,,Calle de la Cava Baja,32,28005,Madrid,+34 91 366 3838,http://www.casalucio.es/oldweb/viejo-madrid.html,,,,,,CAVA BAJA,32,CAVA BAJA|32,270038690.0,1.0,CENTRO              ,101.0,PALACIO             ,1.0,1011.0,11.0,439792.59,4473754.53,1.0,Puerta Calle,1.0,Abierto,158700.0,CALLE                   ,CAVA BAJA                                         ,11000679.0,1.0,NUM,32.0,  ,10.0,158700.0,CALLE                   ,CAVA BAJA                                         ,11000679.0,1.0,NUM,32.0,  ,,,,,,,1,01,TABERNA LOS HUEVOS DE LUCIO,I,HOSTELERÍA,56,SERVICIOS DE COMIDAS Y BEBIDAS,561001,RESTAURANTE,13/09/2026,CAVA BAJA,32,direccion
4163717297,node,40.414074,-3.7082222,La Traviesa,regional,Calle de Cuchilleros,10,28005,Madrid,+34 91 366 9337,http://www.cantinalatraviesa.com/,,,,,limited,CUCHILLEROS,10,CUCHILLEROS|10,280007506.0,1.0,CENTRO              ,101.0,PALACIO             ,1.0,1008.0,8.0,439912.59,4473957.53,1.0,Puerta Calle,1.0,Abierto,224400.0,CALLE                   ,CUCHILLEROS                                       ,11000547.0,1.0,NUM,10.0,  ,10.0,224400.0,CALLE                   ,CUCHILLEROS                                       ,11000547.0,1.0,NUM,10.0,  ,,,,,,,1,IZ,LA REVUELTA,I,HOSTELERÍA,56,SERVICIOS DE COMIDAS Y BEBIDAS,561004,BAR RESTAURANTE,13/09/2026,CUCHILLEROS,10,direccion
4163717299,node,40.4150111,-3.7083877,Mesón de Don Carnal,,Calle de la Cava de San Miguel,6,28005,Madrid,+34 913661014,http://restaurantevillagodio.com/meson-don-carnal/,,,,,,CAVA DE SAN MIGUEL,6,CAVA DE SAN MIGUEL|6,10002139.0,1.0,CENTRO              ,101.0,PALACIO             ,1.0,1008.0,8.0,439895.59,4474065.53,1.0,Puerta Calle,1.0,Abierto,158800.0,CALLE                   ,CAVA DE SAN MIGUEL                                ,11000526.0,1.0,NUM,6.0,  ,60.0,158800.0,CALLE                   ,CAVA DE SAN MIGUEL                                ,11000526.0,1.0,NUM,6.0,  ,,,,,,,1,02,JUANCHI´S BURGUER,I,HOSTELERÍA,56,SERVICIOS DE COMIDAS Y BEBIDAS,561004,BAR RESTAURANTE,13/09/2026,CAVA DE SAN MIGUEL,6,direccion
4171202752,node,40.4161588,-3.7017843,La Carmela,regional,Calle de la Victoria,4,28012,Madrid,+34 915 22 22 93,http://www.tabernalacarmela.com/,,,,,,VICTORIA,4,VICTORIA|4,270281097.0,1.0,CENTRO              ,106.0,SOL                 ,6.0,1119.0,119.0,440464.59,4474184.53,1.0,Puerta Calle,1.0,Abierto,782700.0,CALLE                   ,VICTORIA                                          ,11007537.0,1.0,NUM,4.0,  ,10.0,782700.0,CALLE                   ,VICTORIA                                          ,11007537.0,1.0,NUM,4.0,  ,,,,,,,1,02,LA CARMELA,I,HOSTELERÍA,56,SERVICIOS DE COMIDAS Y BEBIDAS,561001,RESTAURANTE,13/09/2026,VICTORIA,4,direccion
4177215771,node,40.4150174,-3.7024011,La Abuela,regional,Calle de Espoz y Mina,28,28012,Madrid,+34 915 22 79 50,,,,,,no,ESPOZ Y MINA,28,ESPOZ Y MINA|28,270359836.0,1.0,CENTRO              ,103.0,CORTES              ,3.0,1069.0,69.0,440407.59,4474058.53,1.0,Puerta Calle,1.0,Abierto,276100.0,CALLE                   ,ESPOZ Y MINA                                      ,11003814.0,1.0,NUM,28.0,  ,20.0,276100.0,CALLE                   ,ESPOZ Y MINA                                      ,11003814.0,1.0,NUM,28.0,  ,,,,,,,1,DR,CERVECERIA LA ABUELA,I,HOSTELERÍA,56,SERVICIOS DE COMIDAS Y BEBIDAS,561004,BAR RESTAURANTE,13/09/2026,ESPOZ Y MINA,28,direccion
4177215773,node,40.4160388,-3.7022407,Amigos,,Calle de Espoz y Mina,5,28012,Madrid,+34 910091738,http://www.restaurantebaramigos.com/,,,,,,ESPOZ Y MINA,5,ESPOZ Y MINA|5,270314511.0,1.0,CENTRO              ,106.0,SOL                 ,6.0,1119.0,119.0,440421.59,4474172.53,1.0,Puerta Calle,1.0,Abierto,276100.0,CALLE                   ,ESPOZ Y MINA                                      ,20006710.0,1.0,NUM,5.0,  ,10.0,276100.0,CALLE                   ,ESPOZ Y MINA                                      ,20006710.0,1.0,NUM,5.0,  ,,,,,,,1,02,SUNLIGHT,I,HOSTELERÍA,56,SERVICIOS DE COMIDAS Y BEBIDAS,561004,BAR RESTAURANTE,13/09/2026,ESPOZ Y MINA,5,direccion
4185354122,node,40.4210185,-3.7043409,Desengaño 13,,Calle del Desengaño,13,28004,Madrid,+34 91 532 80 87,http://restauranted13.blogspot.com.es/,,,,,,DESENGAÑO,13,DESENGAÑO|13,10003466.0,1.0,CENTRO              ,105.0,UNIVERSIDAD         ,5.0,1116.0,116.0,440242.59,4474725.53,1.0,Puerta Calle,1.0,Abierto,235800.0,CALLE                   ,DESENGAÑO                                         ,11007149.0,1.0,NUM,13.0,  ,10.0,235800.0,CALLE                   ,DESENGAÑO                                         ,11007149.0,1.0,NUM,13.0,  ,,,,,,,1,03,DESENGAÑO 13,I,HOSTELERÍA,56,SERVICIOS DE COMIDAS Y BEBIDAS,561004,BAR RESTAURANTE,13/09/2026,DESENGAÑO,13,direccion
4213142635,node,40.4242779,-3.6914346,Restaurante Mandarín,,Paseo de Recoletos,37,28004,Madrid,+34 91 060 98 89,https://www.casinogranmadrid.es/colon/restaurantes/mandarin,,,,,,RECOLETOS,37,RECOLETOS|37,270564660.0,1.0,CENTRO              ,104.0,JUSTICIA            ,4.0,1084.0,84.0,0.0,0.0,12.0,PC Asociado,1.0,Abierto,633005.0,PASEO                   ,RECOLETOS                                         ,20005742.0,1.0,NUM,37.0,  ,15.0,633005.0,PASEO                   ,RECOLETOS                                         ,11005130.0,1.0,NUM,41.0,  ,,,,,,,,,MANDARIN,I,HOSTELERÍA,56,SERVICIOS DE COMIDAS Y BEBIDAS,561001,RESTAURANTE,13/09/2026,RECOLETOS,37,direccion
4213650553,node,40.4163994,-3.702361,Serafina,,Calle de Espoz y Mina,4,28012,Madrid,+34 91 532 43 16,http://www.serafinacocinabar.com/,,,,,,ESPOZ Y MINA,4,ESPOZ Y MINA|4,270052303.0,1.0,CENTRO              ,106.0,SOL                 ,6.0,1119.0,119.0,440411.59,4474187.53,1.0,Puerta Calle,1.0,Abierto,276100.0,CALLE                   ,ESPOZ Y MINA                                      ,11007485.0,1.0,NUM,4.0,  ,10.0,276100.0,CALLE                   ,ESPOZ Y MINA                                      ,11007485.0,1.0,NUM,4.0,  ,,,,,,,1, ,PICKWICK,I,HOSTELERÍA,56,SERVICIOS DE COMIDAS Y BEBIDAS,561004,BAR RESTAURANTE,13/09/2026,ESPOZ Y MINA,4,direccion
4213650553,node,40.4163994,-3.702361,Serafina,,Calle de Espoz y Mina,4,28012,Madrid,+34 91 532 43 16,http://www.serafinacocinabar.com/,,,,,,ESPOZ Y MINA,4,ESPOZ Y MINA|4,270276513.0,1.0,CENTRO              ,106.0,SOL                 ,6.0,1119.0,119.0,440410.59,4474208.53,1.0,Puerta Calle,1.0,Abierto,276100.0,CALLE                   ,ESPOZ Y MINA                                      ,11007485.0,1.0,NUM,4.0,  ,20.0,276100.0,CALLE                   ,ESPOZ Y MINA                                      ,11007485.0,1.0,NUM,4.0,  ,,,,,,,1,01,SERAFINA COCINA BAR,I,HOSTELERÍA,56,SERVICIOS DE COMIDAS Y BEBIDAS,561004,BAR RESTAURANTE,13/09/2026,ESPOZ Y MINA,4,direccion
4213743490,node,40.4157811,-3.7012889,Labarka de Pintxos,regional,Calle de la Cruz,11,28012,Madrid,+34 915 23 05 62,,,,,,,CRUZ,11,CRUZ|11,10003607.0,1.0,CENTRO              ,103.0,CORTES              ,3.0,1069.0,69.0,440501.59,4474145.53,1.0,Puerta Calle,1.0,Abierto,221000.0,CALLE                   ,CRUZ                                              ,11003862.0,1.0,NUM,11.0,  ,10.0,221000.0,CALLE                   ,CRUZ                                              ,11003862.0,1.0,NUM,11.0,  ,,,,,,,1,01,LA BARKA DE PINTXO,I,HOSTELERÍA,56,SERVICIOS DE COMIDAS Y BEBIDAS,561004,BAR RESTAURANTE,13/09/2026,CRUZ,11,direccion
4237517694,node,40.4145034,-3.7000967,Miss Sushi,japanese,Calle del Prado,2,28012,Madrid,+34 910 100 811,http://www.misssushi.es/,,,,,yes,PRADO,2,PRADO|2,270556413.0,1.0,CENTRO              ,103.0,CORTES              ,3.0,1068.0,68.0,0.0,0.0,12.0,PC Asociado,1.0,Abierto,606800.0,CALLE                   ,PRADO                                             ,20005168.0,1.0,NUM,2.0,  ,10.0,606800.0,CALLE                   ,PRADO                                             ,20005168.0,1.0,NUM,2.0,  ,,,,,,,1,01,ROOM MATE ALICIA,I,HOSTELERÍA,56,SERVICIOS DE COMIDAS Y BEBIDAS,561001,RESTAURANTE,13/09/2026,PRADO,2,direccion
4237517696,node,40.4160523,-3.7011454,Indalo,regional,Calle de la Cruz,8,28012,Madrid,+34 91 515 75 59,http://indalotapas.com/,,,,,,CRUZ,8,CRUZ|8,10001166.0,1.0,CENTRO              ,106.0,SOL                 ,6.0,1119.0,119.0,440514.59,4474171.53,1.0,Puerta Calle,1.0,Abierto,221000.0,CALLE                   ,CRUZ                                              ,11007478.0,1.0,NUM,8.0,  ,20.0,221000.0,CALLE                   ,CRUZ                                              ,11007478.0,1.0,NUM,8.0,  ,,,,,,,1,DR,RÃ³TULO NO INFORMADO,I,HOSTELERÍA,56,SERVICIOS DE COMIDAS Y BEBIDAS,561004,BAR RESTAURANTE,13/09/2026,CRUZ,8,direccion
4303929548,node,40.4143241,-3.7088367,federal,,Plaza del Conde de Barajas,3,28005,Madrid,,,Mo-Sa 09:30-23:00; Su 09:30-16:00,,,,yes,CONDE DE BARAJAS,3,CONDE DE BARAJAS|3,280007501.0,1.0,CENTRO              ,101.0,PALACIO             ,1.0,1008.0,8.0,439864.59,4473986.53,1.0,Puerta Calle,1.0,Abierto,204500.0,PLAZA                   ,CONDE DE BARAJAS                                  ,11000542.0,1.0,NUM,3.0,  ,10.0,204500.0,PLAZA                   ,CONDE DE BARAJAS                                  ,11000542.0,1.0,NUM,3.0,  ,,,,,,,1,01,FEDERAL CAFE,I,HOSTELERÍA,56,SERVICIOS DE COMIDAS Y BEBIDAS,561004,BAR RESTAURANTE,13/09/2026,CONDE DE BARAJAS,3,direccion
4309977191,node,40.4123107,-3.7094524,Casa Lucas,,Calle de la Cava Baja,30,28005,Madrid,,,"Su 13:00-16:00; Tu, Th-Fr 13:00-15:30, 20:00-00:00; We 20:00-00:00; Sa 13:00-16:00, 20:00-00:00",,,,no,CAVA BAJA,30,CAVA BAJA|30,280007564.0,1.0,CENTRO              ,101.0,PALACIO             ,1.0,1011.0,11.0,439806.59,4473762.53,1.0,Puerta Calle,1.0,Abierto,158700.0,CALLE                   ,CAVA BAJA                                         ,11000678.0,1.0,NUM,30.0,  ,20.0,158700.0,CALLE                   ,CAVA BAJA                                         ,11000678.0,1.0,NUM,30.0,  ,,,,,,,1,02,CASA LUCAS,I,HOSTELERÍA,56,SERVICIOS DE COMIDAS Y BEBIDAS,561001,RESTAURANTE,13/09/2026,CAVA BAJA,30,direccion
4317894295,node,40.4212408,-3.6980369,Casa Salvador,,Calle de Barbieri,12,28004,Madrid,+34 915 214 524,https://casasalvadormadrid.com/,,,,,,BARBIERI,12,BARBIERI|12,270044713.0,1.0,CENTRO              ,104.0,JUSTICIA            ,4.0,1074.0,74.0,440781.59,4474744.53,1.0,Puerta Calle,1.0,Abierto,92600.0,CALLE                   ,BARBIERI                                          ,11004270.0,1.0,NUM,12.0,  ,10.0,92600.0,CALLE                   ,BARBIERI                                          ,11004270.0,1.0,NUM,12.0,  ,,,,,,,1,DR,RESTAURANTE SALVADOR,I,HOSTELERÍA,56,SERVICIOS DE COMIDAS Y BEBIDAS,561004,BAR RESTAURANTE,13/09/2026,BARBIERI,12,direccion
4325214175,node,40.4220822,-3.705638,Madam,,Calle de la Luna,12,28004,Madrid,+34 910635035,https://madammadam.es/,,,,,,LUNA,12,LUNA|12,285003822.0,1.0,CENTRO              ,105.0,UNIVERSIDAD         ,5.0,1114.0,114.0,440133.6,4474849.53,1.0,Puerta Calle,1.0,Abierto,449600.0,CALLE                   ,LUNA                                              ,11006977.0,1.0,NUM,12.0,  ,10.0,449600.0,CALLE                   ,LUNA                                              ,11006977.0,1.0,NUM,12.0,  ,,,,,,,1,IZ,CHUN LI DUMPLINGS,I,HOSTELERÍA,56,SERVICIOS DE COMIDAS Y BEBIDAS,561001,RESTAURANTE,13/09/2026,LUNA,12,direccion
4325214175,node,40.4220822,-3.705638,Madam,,Calle de la Luna,12,28004,Madrid,+34 910635035,https://madammadam.es/,,,,,,LUNA,12,LUNA|12,285003823.0,1.0,CENTRO              ,105.0,UNIVERSIDAD         ,5.0,1114.0,114.0,440138.6,4474844.53,1.0,Puerta Calle,1.0,Abierto,449600.0,CALLE                   ,LUNA                                              ,11006977.0,1.0,NUM,12.0,  ,20.0,449600.0,CALLE                   ,LUNA                                              ,11006977.0,1.0,NUM,12.0,  ,,,,,,,1,DR,YE JI GOURMET,I,HOSTELERÍA,56,SERVICIOS DE COMIDAS Y BEBIDAS,561004,BAR RESTAURANTE,13/09/2026,LUNA,12,direccion
4330837291,node,40.4211551,-3.6972841,La Carmencita,regional,Calle de la Libertad,16,28004,Madrid,+34 91 531 09 11,https://tabernalacarmencita.es/,,,,,,LIBERTAD,16,LIBERTAD|16,280009559.0,1.0,CENTRO              ,104.0,JUSTICIA            ,4.0,1074.0,74.0,440844.59,4474737.52,1.0,Puerta Calle,1.0,Abierto,437400.0,CALLE                   ,LIBERTAD                                          ,11004291.0,1.0,NUM,16.0,  ,10.0,437400.0,CALLE                   ,LIBERTAD                                          ,11004291.0,1.0,NUM,16.0,  ,,,,,,,1,03,TABERNA LA CARMENCITA,I,HOSTELERÍA,56,SERVICIOS DE COMIDAS Y BEBIDAS,561004,BAR RESTAURANTE,13/09/2026,LIBERTAD,16,direccion
4333858596,node,40.4141059,-3.7009441,Taberna El Arco,,Calle de las Huertas,7,28012,Madrid,,,,,,,,HUERTAS,7,HUERTAS|7,270043277.0,1.0,CENTRO              ,103.0,CORTES              ,3.0,1068.0,68.0,440525.59,4473952.53,1.0,Puerta Calle,1.0,Abierto,369000.0,CALLE                   ,HUERTAS                                           ,11003710.0,1.0,NUM,7.0,  ,10.0,369000.0,CALLE                   ,HUERTAS                                           ,11003710.0,1.0,NUM,7.0,  ,,,,,,,1,01,EL ARCO,I,HOSTELERÍA,56,SERVICIOS DE COMIDAS Y BEBIDAS,561001,RESTAURANTE,13/09/2026,HUERTAS,7,direccion
4337436590,node,40.4122524,-3.6939543,Tabriz,persian,Calle de la Alameda,6,,,,,,,,,no,ALAMEDA,6,ALAMEDA|6,10002522.0,1.0,CENTRO              ,103.0,CORTES              ,3.0,1063.0,63.0,441121.59,4473736.52,1.0,Puerta Calle,1.0,Abierto,12800.0,CALLE                   ,ALAMEDA                                           ,11003404.0,1.0,NUM,6.0,  ,10.0,12800.0,CALLE                   ,ALAMEDA                                           ,11003404.0,1.0,NUM,6.0,  ,,,,,,,1,DR,RESTAURANTE GANGA,I,HOSTELERÍA,56,SERVICIOS DE COMIDAS Y BEBIDAS,561001,RESTAURANTE,13/09/2026,ALAMEDA,6,direccion
4337436590,node,40.4122524,-3.6939543,Tabriz,persian,Calle de la Alameda,6,,,,,,,,,no,ALAMEDA,6,ALAMEDA|6,280009072.0,1.0,CENTRO              ,103.0,CORTES              ,3.0,1063.0,63.0,441120.59,4473743.52,1.0,Puerta Calle,1.0,Abierto,12800.0,CALLE                   ,ALAMEDA                                           ,11003404.0,1.0,NUM,6.0,  ,20.0,12800.0,CALLE                   ,ALAMEDA                                           ,11003404.0,1.0,NUM,6.0,  ,,,,,,,1,IZ,TABRIZ RESTAURANTE,I,HOSTELERÍA,56,SERVICIOS DE COMIDAS Y BEBIDAS,561004,BAR RESTAURANTE,13/09/2026,ALAMEDA,6,direccion
4345793586,node,40.4285247,-3.7028896,El Picoteo de Malasaña,regional,Calle de Manuela Malasaña,7,28004,Madrid,,,,,,,,MANUELA MALASAÑA,7,MANUELA MALASAÑA|7,270047598.0,1.0,CENTRO              ,105.0,UNIVERSIDAD         ,5.0,1090.0,90.0,440378.6,4475558.53,1.0,Puerta Calle,1.0,Abierto,467700.0,CALLE                   ,MANUELA MALASAÑA                                  ,11005370.0,1.0,NUM,7.0,  ,10.0,467700.0,CALLE                   ,MANUELA MALASAÑA                                  ,11005370.0,1.0,NUM,7.0,  ,,,,,,,1,IZ,EL PICOTEO DE MALASAÑA,I,HOSTELERÍA,56,SERVICIOS DE COMIDAS Y BEBIDAS,561004,BAR RESTAURANTE,13/09/2026,MANUELA MALASAÑA,7,direccion
4355179108,node,40.4210941,-3.7040656,o'mast,pizza,Calle del Desengaño,24,28004,Madrid,+34 910 83 46 94,http://www.omastristorantepizzeria.com/,,,,,,DESENGAÑO,24,DESENGAÑO|24,270202867.0,1.0,CENTRO              ,105.0,UNIVERSIDAD         ,5.0,1116.0,116.0,440262.59,4474734.53,1.0,Puerta Calle,1.0,Abierto,235800.0,CALLE                   ,DESENGAÑO                                         ,20006408.0,1.0,NUM,24.0,  ,10.0,235800.0,CALLE                   ,DESENGAÑO                                         ,20006408.0,1.0,NUM,24.0,  ,,,,,,,1,IZ,ZENITH BRUNCH & COCKTAIL,I,HOSTELERÍA,56,SERVICIOS DE COMIDAS Y BEBIDAS,561004,BAR RESTAURANTE,13/09/2026,DESENGAÑO,24,direccion
4355179109,node,40.420994,-3.7022014,twin Pizza,pizza,Calle de Valverde,7,28004,Madrid,+34 91 032 5793,http://www.twinpizza.es/,,no,yes,yes,,VALVERDE,7,VALVERDE|7,290000158.0,1.0,CENTRO              ,105.0,UNIVERSIDAD         ,5.0,1116.0,116.0,440430.59,4474723.53,1.0,Puerta Calle,1.0,Abierto,769700.0,CALLE                   ,VALVERDE                                          ,11007131.0,1.0,NUM,7.0,  ,10.0,769700.0,CALLE                   ,VALVERDE                                          ,11007131.0,1.0,NUM,7.0,  ,,,,,,,1,A,LA TACOCTELERIA,I,HOSTELERÍA,56,SERVICIOS DE COMIDAS Y BEBIDAS,561004,BAR RESTAURANTE,13/09/2026,VALVERDE,7,direccion
4355179111,node,40.4204414,-3.6989486,Latigazo,regional,Calle de las Infantas,28,28004,Madrid,+34 916 01 52 66,,,,,,,INFANTAS,28,INFANTAS|28,280009688.0,1.0,CENTRO              ,104.0,JUSTICIA            ,4.0,1074.0,74.0,440704.59,4474657.53,1.0,Puerta Calle,1.0,Abierto,373600.0,CALLE                   ,INFANTAS                                          ,11004334.0,1.0,NUM,28.0,  ,10.0,373600.0,CALLE                   ,INFANTAS                                          ,11004334.0,1.0,NUM,28.0,  ,,,,,,,1,DR,EL MANABA,I,HOSTELERÍA,56,SERVICIOS DE COMIDAS Y BEBIDAS,561004,BAR RESTAURANTE,13/09/2026,INFANTAS,28,direccion
4358898496,node,40.4166065,-3.7025024,Vips,international,Plaza de la Puerta del Sol,3,28013,,+34 669 148 462,http://vips.es,Mo-Th 08:30-00:00; Fr 08:30-01:00; Sa 09:00-01:00; Su 09:00-00:00,no,,,,PUERTA DEL SOL,3,PUERTA DEL SOL|3,270522443.0,1.0,CENTRO              ,106.0,SOL                 ,6.0,1119.0,119.0,440400.59,4474237.53,1.0,Puerta Calle,1.0,Abierto,614900.0,PLAZA                   ,PUERTA DEL SOL                                    ,11007515.0,1.0,NUM,3.0,  ,10.0,614900.0,PLAZA                   ,PUERTA DEL SOL                                    ,11007515.0,1.0,NUM,3.0,  ,,,,,,,1, ,S/R,I,HOSTELERÍA,56,SERVICIOS DE COMIDAS Y BEBIDAS,561004,BAR RESTAURANTE,13/09/2026,PUERTA DEL SOL,3,direccion
4387730201,node,40.4127689,-3.7034366,Yatiri,,Calle de Relatores,20,28012,Madrid,,,,,,,,RELATORES,20,RELATORES|20,285001784.0,1.0,CENTRO              ,102.0,EMBAJADORES         ,2.0,1026.0,26.0,440318.59,4473807.53,1.0,Puerta Calle,1.0,Abierto,635600.0,CALLE                   ,RELATORES                                         ,11001597.0,1.0,NUM,20.0,  ,10.0,635600.0,CALLE                   ,RELATORES                                         ,11001597.0,1.0,NUM,20.0,  ,,,,,,,1,IZ,YATIRI,I,HOSTELERÍA,56,SERVICIOS DE COMIDAS Y BEBIDAS,561004,BAR RESTAURANTE,13/09/2026,RELATORES,20,direccion
4394691966,node,40.4146729,-3.6991827,Ocafú,regional,Calle del Prado,10,28014,Madrid,,https://ocafu.com/,,,,,,PRADO,10,PRADO|10,280011922.0,1.0,CENTRO              ,103.0,CORTES              ,3.0,1068.0,68.0,440679.59,4474016.53,1.0,Puerta Calle,1.0,Abierto,606800.0,CALLE                   ,PRADO                                             ,20005176.0,1.0,NUM,10.0,  ,10.0,606800.0,CALLE                   ,PRADO                                             ,20005176.0,1.0,NUM,10.0,  ,,,,,,,1,01,OCAFU,I,HOSTELERÍA,56,SERVICIOS DE COMIDAS Y BEBIDAS,561004,BAR RESTAURANTE,13/09/2026,PRADO,10,direccion
4449788947,node,40.4227829,-3.695529,Kuoco,,Calle del Barquillo,30,,,,,,,,,limited,BARQUILLO,30,BARQUILLO|30,280009508.0,1.0,CENTRO              ,104.0,JUSTICIA            ,4.0,1073.0,73.0,440996.59,4474916.52,1.0,Puerta Calle,1.0,Abierto,94000.0,CALLE                   ,BARQUILLO                                         ,11004215.0,1.0,NUM,30.0,  ,10.0,94000.0,CALLE                   ,BARQUILLO                                         ,11004215.0,1.0,NUM,30.0,  ,,,,,,,1,02,KUOCO,I,HOSTELERÍA,56,SERVICIOS DE COMIDAS Y BEBIDAS,561001,RESTAURANTE,13/09/2026,BARQUILLO,30,direccion
4456198035,node,40.4195344,-3.7030352,El Jeque,arab,Calle de la Salud,8,28013,Madrid,+34 645 39 93 94,,,,,,,SALUD,8,SALUD|8,280011529.0,1.0,CENTRO              ,106.0,SOL                 ,6.0,1117.0,117.0,440351.59,4474551.53,1.0,Puerta Calle,1.0,Abierto,656500.0,CALLE                   ,SALUD                                             ,11007338.0,1.0,NUM,8.0,  ,10.0,656500.0,CALLE                   ,SALUD                                             ,11007338.0,1.0,NUM,8.0,  ,,,,,,,1,01,XIONG ZAI II,I,HOSTELERÍA,56,SERVICIOS DE COMIDAS Y BEBIDAS,561004,BAR RESTAURANTE,13/09/2026,SALUD,8,direccion
4534853092,node,40.4117321,-3.6984768,La Saletta,italian_pizza,Calle de Santa Isabel,5,28012,Madrid,,https://www.lasalettafiaschetteria.com/,,,,,,SANTA ISABEL,5,SANTA ISABEL|5,10001648.0,1.0,CENTRO              ,102.0,EMBAJADORES         ,2.0,1059.0,59.0,0.0,0.0,0.0,Agrupado,1.0,Abierto,695900.0,CALLE                   ,SANTA ISABEL                                      ,11003149.0,1.0,NUM,5.0,  ,0.0,695900.0,CALLE                   ,SANTA ISABEL                                      ,11003149.0,1.0,NUM,5.0,  ,440706.59,4473659.52,99000065.0,MERCADO MUNICIPAL ANTON MARTIN,12.0,Mercado Municipal,103,8,RESTAURANTE,I,HOSTELERÍA,56,SERVICIOS DE COMIDAS Y BEBIDAS,561001,RESTAURANTE,13/09/2026,SANTA ISABEL,5,direccion
4534853092,node,40.4117321,-3.6984768,La Saletta,italian_pizza,Calle de Santa Isabel,5,28012,Madrid,,https://www.lasalettafiaschetteria.com/,,,,,,SANTA ISABEL,5,SANTA ISABEL|5,270560810.0,1.0,CENTRO              ,102.0,EMBAJADORES         ,2.0,1059.0,59.0,0.0,0.0,0.0,Agrupado,1.0,Abierto,695900.0,CALLE                   ,SANTA ISABEL                                      ,11003149.0,1.0,NUM,5.0,  ,0.0,695900.0,CALLE                   ,SANTA ISABEL                                      ,11003149.0,1.0,NUM,5.0,  ,440706.59,4473659.52,99000065.0,MERCADO MUNICIPAL ANTON MARTIN,12.0,Mercado Municipal,1,EX12,RESTAURANTE TAQUERIA TIKI TACO,I,HOSTELERÍA,56,SERVICIOS DE COMIDAS Y BEBIDAS,561004,BAR RESTAURANTE,13/09/2026,SANTA ISABEL,5,direccion
4608397103,node,40.4155568,-3.7016675,Fatigas del querer,,Calle de la Cruz,17,28012,Madrid,,,,,,,,CRUZ,17,CRUZ|17,270269202.0,1.0,CENTRO              ,103.0,CORTES              ,3.0,1069.0,69.0,440468.59,4474117.53,1.0,Puerta Calle,1.0,Abierto,221000.0,CALLE                   ,CRUZ                                              ,11003859.0,1.0,NUM,17.0,  ,10.0,221000.0,CALLE                   ,CRUZ                                              ,11003859.0,1.0,NUM,17.0,  ,,,,,,,1,DR,FATIGAS DEL QUERER,I,HOSTELERÍA,56,SERVICIOS DE COMIDAS Y BEBIDAS,561004,BAR RESTAURANTE,13/09/2026,CRUZ,17,direccion
4616116288,node,40.4264182,-3.7069481,De Elisa,sushi,Calle de San Bernardo,63,28015,Madrid,,,,,,,,SAN BERNARDO,63,SAN BERNARDO|63,10000695.0,1.0,CENTRO              ,105.0,UNIVERSIDAD         ,5.0,1110.0,110.0,440028.6,4475326.53,1.0,Puerta Calle,1.0,Abierto,661700.0,CALLE                   ,SAN BERNARDO                                      ,11006722.0,1.0,NUM,63.0,  ,10.0,661700.0,CALLE                   ,SAN BERNARDO                                      ,11006722.0,1.0,NUM,63.0,  ,,,,,,,1,01A,PARA PODER SEÑALIZAR EL MENÚ,I,HOSTELERÍA,56,SERVICIOS DE COMIDAS Y BEBIDAS,561004,BAR RESTAURANTE,13/09/2026,SAN BERNARDO,63,direccion
4620571583,node,40.4124061,-3.7092944,Txakolina,,Calle de la Cava Baja,26,28005,Madrid,+34 913 66 48 77,,,,,,,CAVA BAJA,26,CAVA BAJA|26,270448418.0,1.0,CENTRO              ,101.0,PALACIO             ,1.0,1011.0,11.0,439824.59,4473776.53,1.0,Puerta Calle,1.0,Abierto,158700.0,CALLE                   ,CAVA BAJA                                         ,11000676.0,1.0,NUM,26.0,  ,20.0,158700.0,CALLE                   ,CAVA BAJA                                         ,11000676.0,1.0,NUM,26.0,  ,,,,,,,1,DR,CASA VICTOR ,I,HOSTELERÍA,56,SERVICIOS DE COMIDAS Y BEBIDAS,561001,RESTAURANTE,13/09/2026,CAVA BAJA,26,direccion
4622032030,node,40.427731,-3.7139558,Goiko Grill,burger,Calle de la Princesa,26,,,,https://www.goikogrill.com/,,no,,,yes,PRINCESA,26,PRINCESA|26,270523749.0,1.0,CENTRO              ,105.0,UNIVERSIDAD         ,5.0,1107.0,107.0,439442.6,4475467.54,1.0,Puerta Calle,1.0,Abierto,610000.0,CALLE                   ,PRINCESA                                          ,11006498.0,1.0,NUM,26.0,  ,20.0,610000.0,CALLE                   ,PRINCESA                                          ,11006498.0,1.0,NUM,26.0,  ,,,,,,,1, ,HAMBURGUESA NOSTRA,I,HOSTELERÍA,56,SERVICIOS DE COMIDAS Y BEBIDAS,561001,RESTAURANTE,13/09/2026,PRINCESA,26,direccion
4622032030,node,40.427731,-3.7139558,Goiko Grill,burger,Calle de la Princesa,26,,,,https://www.goikogrill.com/,,no,,,yes,PRINCESA,26,PRINCESA|26,280010854.0,1.0,CENTRO              ,105.0,UNIVERSIDAD         ,5.0,1107.0,107.0,439436.6,4475479.54,1.0,Puerta Calle,1.0,Abierto,610000.0,CALLE                   ,PRINCESA                                          ,11006498.0,1.0,NUM,26.0,  ,10.0,610000.0,CALLE                   ,PRINCESA                                          ,11006498.0,1.0,NUM,26.0,  ,,,,,,,1,IZ,GOIKO GRILL,I,HOSTELERÍA,56,SERVICIOS DE COMIDAS Y BEBIDAS,561004,BAR RESTAURANTE,13/09/2026,PRINCESA,26,direccion
4622384191,node,40.4156318,-3.7026384,En Busca del Tiempo,,Calle de Barcelona,4,28012,Madrid,+34915219801,https://www.enbuscadeltiempo.es/,Su-Th 20:00-02:00; Fr-Sa 20:00-02:30,,,,,BARCELONA,4,BARCELONA|4,10001293.0,1.0,CENTRO              ,106.0,SOL                 ,6.0,1119.0,119.0,440387.59,4474125.53,1.0,Puerta Calle,1.0,Abierto,93000.0,CALLE                   ,BARCELONA                                         ,11007450.0,1.0,NUM,4.0,  ,10.0,93000.0,CALLE                   ,BARCELONA                                         ,11007450.0,1.0,NUM,4.0,  ,,,,,,,1,01,BAR RESTAURANTE EN BUSCA DEL TIEMPO,I,HOSTELERÍA,56,SERVICIOS DE COMIDAS Y BEBIDAS,561001,RESTAURANTE,13/09/2026,BARCELONA,4,direccion
4629427093,node,40.4205622,-3.6993917,,,Calle del Clavel,7,28004,Madrid,,,,,,,,CLAVEL,7,CLAVEL|7,270530063.0,1.0,CENTRO              ,104.0,JUSTICIA            ,4.0,1074.0,74.0,440661.59,4474656.53,1.0,Puerta Calle,1.0,Abierto,172800.0,CALLE                   ,CLAVEL                                            ,20005432.0,1.0,NUM,7.0,  ,10.0,172800.0,CALLE                   ,CLAVEL                                            ,20005432.0,1.0,NUM,7.0,  ,,,,,,,1,01,BAMBU BOX,I,HOSTELERÍA,56,SERVICIOS DE COMIDAS Y BEBIDAS,561001,RESTAURANTE,13/09/2026,CLAVEL,7,direccion
4629427095,node,40.4199353,-3.6970746,Oh My Food,regional,Calle de las Infantas,44,28004,Madrid,+34 915 94 68 57,,,,,,,INFANTAS,44,INFANTAS|44,270554898.0,1.0,CENTRO              ,104.0,JUSTICIA            ,4.0,1074.0,74.0,440861.59,4474595.52,1.0,Puerta Calle,1.0,Abierto,373600.0,CALLE                   ,INFANTAS                                          ,20005460.0,1.0,NUM,44.0,  ,30.0,487700.0,CALLE                   ,MARQUES DE VALDEIGLESIAS                          ,11004353.0,1.0,NUM,8.0,  ,,,,,,,1,A,RESTAURANTE 44 SUSHI BAR,I,HOSTELERÍA,56,SERVICIOS DE COMIDAS Y BEBIDAS,561004,BAR RESTAURANTE,13/09/2026,INFANTAS,44,direccion
4629427096,node,40.4204244,-3.6955787,Sra. Smith,,Calle del Barquillo,10,28004,Madrid,+34 915 24 03 17,https://www.srasmithrestaurante.com/,Mo-Tu 09:00-17:00; We-Th 09:00-23:30; Fr 09:00-00:00; Sa 12:00-00:00; Su 12:00-23:30,no,,,limited,BARQUILLO,10,BARQUILLO|10,280009499.0,1.0,CENTRO              ,104.0,JUSTICIA            ,4.0,1073.0,73.0,440990.59,4474651.52,1.0,Puerta Calle,1.0,Abierto,94000.0,CALLE                   ,BARQUILLO                                         ,11004208.0,1.0,NUM,10.0,  ,40.0,94000.0,CALLE                   ,BARQUILLO                                         ,11004208.0,1.0,NUM,10.0,  ,,,,,,,1,DR,BAR COCTTAIL SRA SMITH,I,HOSTELERÍA,56,SERVICIOS DE COMIDAS Y BEBIDAS,561004,BAR RESTAURANTE,13/09/2026,BARQUILLO,10,direccion
4634758123,node,40.4130788,-3.7004031,Anime Ramen,asian;ramen,Calle de Atocha,51,28012,Madrid,,https://www.alandalustapas.com/,,,,,,ATOCHA,51,ATOCHA|51,285002814.0,1.0,CENTRO              ,103.0,CORTES              ,3.0,1067.0,67.0,440582.9850063496,4473838.19254805,1.0,Puerta Calle,1.0,Abierto,81600.0,CALLE                   ,ATOCHA                                            ,11003626.0,1.0,NUM,51.0,  ,20.0,81600.0,CALLE                   ,ATOCHA                                            ,11003626.0,1.0,NUM,51.0,  ,,,,,,,1,02,BURGER KING ATOCHA 51,I,HOSTELERÍA,56,SERVICIOS DE COMIDAS Y BEBIDAS,561004,BAR RESTAURANTE,13/09/2026,ATOCHA,51,direccion
4643813077,node,40.4188505,-3.7087294,La Sazón de Candela,ecuadorian,Calle de Caños del Peral,5,28013,Madrid,+34 915 59 27 06,,,,,,,CAÑOS DEL PERAL,5,CAÑOS DEL PERAL|5,270471585.0,1.0,CENTRO              ,101.0,PALACIO             ,1.0,1003.0,3.0,439871.6,4474486.53,1.0,Puerta Calle,1.0,Abierto,136500.0,CALLE                   ,CAÑOS DEL PERAL                                   ,20003718.0,1.0,NUM,5.0,  ,40.0,136500.0,CALLE                   ,CAÑOS DEL PERAL                                   ,20003718.0,1.0,NUM,5.0,  ,,,,,,,1, ,DOKDO KOREA,I,HOSTELERÍA,56,SERVICIOS DE COMIDAS Y BEBIDAS,561001,RESTAURANTE,13/09/2026,CAÑOS DEL PERAL,5,direccion
4643813078,node,40.4189909,-3.7085092,Casa Jaguar,latin_american,Calle de Caños del Peral,9,28013,Madrid,+34 910 245 712,http://www.casajaguarmadrid.com/,,,,,,CAÑOS DEL PERAL,9,CAÑOS DEL PERAL|9,285004042.0,1.0,CENTRO              ,101.0,PALACIO             ,1.0,1003.0,3.0,439890.6,4474503.53,1.0,Puerta Calle,1.0,Abierto,136500.0,CALLE                   ,CAÑOS DEL PERAL                                   ,20003722.0,1.0,NUM,9.0,  ,10.0,136500.0,CALLE                   ,CAÑOS DEL PERAL                                   ,20003722.0,1.0,NUM,9.0,  ,,,,,,,1,IZ,CASA JAGUAR,I,HOSTELERÍA,56,SERVICIOS DE COMIDAS Y BEBIDAS,561004,BAR RESTAURANTE,13/09/2026,CAÑOS DEL PERAL,9,direccion
4676173891,node,40.4057319,-3.7005902,Vips-Ginos,,Ronda de Valencia,8,28012,Madrid,,,,,,,yes,VALENCIA,8,VALENCIA|8,270566348.0,1.0,CENTRO              ,102.0,EMBAJADORES         ,2.0,1042.0,42.0,440544.8183354498,4473266.128745237,1.0,Puerta Calle,1.0,Abierto,765600.0,CALLE                   ,VALENCIA                                          ,11002383.0,1.0,NUM,8.0,  ,10.0,765600.0,CALLE                   ,VALENCIA                                          ,11002383.0,1.0,NUM,8.0,  ,,,,,,,1,,TGB THE GOOD BURGUER,I,HOSTELERÍA,56,SERVICIOS DE COMIDAS Y BEBIDAS,561002,RESTAURANTES DE COMIDA RAPIDA,13/09/2026,VALENCIA,8,direccion
4676173891,node,40.4057319,-3.7005902,Vips-Ginos,,Ronda de Valencia,8,28012,Madrid,,,,,,,yes,VALENCIA,8,VALENCIA|8,270568109.0,1.0,CENTRO              ,102.0,EMBAJADORES         ,2.0,1040.0,40.0,440545.8353190061,4473024.7046930045,1.0,Puerta Calle,1.0,Abierto,765800.0,RONDA                   ,VALENCIA                                          ,11002313.0,1.0,NUM,8.0,  ,25.0,765800.0,RONDA                   ,VALENCIA                                          ,11002313.0,1.0,NUM,8.0,  ,,,,,,,1,,VIPS,I,HOSTELERÍA,56,SERVICIOS DE COMIDAS Y BEBIDAS,561004,BAR RESTAURANTE,13/09/2026,VALENCIA,8,direccion
4677015756,node,40.4079069,-3.7109661,Fan Hua,chinese,Calle de Toledo,115,28005,Madrid,,,,,,,no,TOLEDO,115,TOLEDO|115,270451432.0,1.0,CENTRO              ,102.0,EMBAJADORES         ,2.0,1022.0,22.0,439673.59,4473272.53,1.0,Puerta Calle,1.0,Abierto,743600.0,CALLE                   ,TOLEDO                                            ,11001304.0,1.0,NUM,115.0,  ,10.0,743600.0,CALLE                   ,TOLEDO                                            ,11001304.0,1.0,NUM,115.0,  ,,,,,,,1,01,RESTAURANTE CHINO FAN HUA,I,HOSTELERÍA,56,SERVICIOS DE COMIDAS Y BEBIDAS,561001,RESTAURANTE,13/09/2026,TOLEDO,115,direccion
4678237889,node,40.4212162,-3.7035531,The Lab,,Calle de la Ballesta,4,28004,Madrid,+34 915 22 57 86,http://www.thelabbyagrado.es/,,,,,,BALLESTA,4,BALLESTA|4,270552068.0,1.0,CENTRO              ,105.0,UNIVERSIDAD         ,5.0,1116.0,116.0,440315.59,4474749.53,1.0,Puerta Calle,1.0,Abierto,89300.0,CALLE                   ,BALLESTA                                          ,11007210.0,1.0,NUM,4.0,  ,10.0,89300.0,CALLE                   ,BALLESTA                                          ,11007210.0,1.0,NUM,4.0,  ,,,,,,,1,01,HUNAN RESTAURANT,I,HOSTELERÍA,56,SERVICIOS DE COMIDAS Y BEBIDAS,561001,RESTAURANTE,13/09/2026,BALLESTA,4,direccion
4679933442,node,40.4158599,-3.7017523,Ramen Hakata,japanese,Calle de la Victoria,8,28012,,+34 91 013 6648,https://ramen-hakata.com/,,,,,,VICTORIA,8,VICTORIA|8,270316257.0,1.0,CENTRO              ,106.0,SOL                 ,6.0,1119.0,119.0,440463.59,4474152.53,1.0,Puerta Calle,1.0,Abierto,782700.0,CALLE                   ,VICTORIA                                          ,11007539.0,1.0,NUM,8.0,  ,20.0,782700.0,CALLE                   ,VICTORIA                                          ,11007539.0,1.0,NUM,8.0,  ,,,,,,,1,DR,YAMATO,I,HOSTELERÍA,56,SERVICIOS DE COMIDAS Y BEBIDAS,561001,RESTAURANTE,13/09/2026,VICTORIA,8,direccion
4680188692,node,40.4094075,-3.6932234,Jalo,turkish,Calle de Atocha,116,28012,Madrid,,,,yes,,,no,ATOCHA,116,ATOCHA|116,270042272.0,1.0,CENTRO              ,102.0,EMBAJADORES         ,2.0,1058.0,58.0,441188.58,4473424.52,1.0,Puerta Calle,1.0,Abierto,81600.0,CALLE                   ,ATOCHA                                            ,11003112.0,1.0,NUM,116.0,  ,10.0,81600.0,CALLE                   ,ATOCHA                                            ,11003112.0,1.0,NUM,116.0,  ,,,,,,,1,IZ,SUBWAY,I,HOSTELERÍA,56,SERVICIOS DE COMIDAS Y BEBIDAS,561002,RESTAURANTES DE COMIDA RAPIDA,13/09/2026,ATOCHA,116,direccion
4680188692,node,40.4094075,-3.6932234,Jalo,turkish,Calle de Atocha,116,28012,Madrid,,,,yes,,,no,ATOCHA,116,ATOCHA|116,270379556.0,1.0,CENTRO              ,102.0,EMBAJADORES         ,2.0,1058.0,58.0,441180.58,4473428.52,1.0,Puerta Calle,1.0,Abierto,81600.0,CALLE                   ,ATOCHA                                            ,11003112.0,1.0,NUM,116.0,  ,20.0,81600.0,CALLE                   ,ATOCHA                                            ,11003112.0,1.0,NUM,116.0,  ,,,,,,,1,DR,RESTAURANTE JALO,I,HOSTELERÍA,56,SERVICIOS DE COMIDAS Y BEBIDAS,561001,RESTAURANTE,13/09/2026,ATOCHA,116,direccion
4682924480,node,40.4173207,-3.7114591,esvietnam,,Calle de Vergara,14,28013,Madrid,+34 91 040 67 30,http://www.americo.es/,,,,,,VERGARA,14,VERGARA|14,270192400.0,1.0,CENTRO              ,101.0,PALACIO             ,1.0,1006.0,6.0,439640.6,4474319.53,1.0,Puerta Calle,1.0,Abierto,776900.0,CALLE                   ,VERGARA                                           ,11000345.0,1.0,NUM,14.0,  ,20.0,776900.0,CALLE                   ,VERGARA                                           ,11000345.0,1.0,NUM,14.0,  ,,,,,,,1,02,ES VIETNAM,I,HOSTELERÍA,56,SERVICIOS DE COMIDAS Y BEBIDAS,561001,RESTAURANTE,13/09/2026,VERGARA,14,direccion
4682924480,node,40.4173207,-3.7114591,esvietnam,,Calle de Vergara,14,28013,Madrid,+34 91 040 67 30,http://www.americo.es/,,,,,,VERGARA,14,VERGARA|14,270348994.0,1.0,CENTRO              ,101.0,PALACIO             ,1.0,1006.0,6.0,439631.6,4474312.53,1.0,Puerta Calle,1.0,Abierto,776900.0,CALLE                   ,VERGARA                                           ,11000345.0,1.0,NUM,14.0,  ,10.0,776900.0,CALLE                   ,VERGARA                                           ,11000345.0,1.0,NUM,14.0,  ,,,,,,,1,01,TOMA JAMON,I,HOSTELERÍA,56,SERVICIOS DE COMIDAS Y BEBIDAS,561001,RESTAURANTE,13/09/2026,VERGARA,14,direccion
4684421391,node,40.4130349,-3.708615,La Antoñita,spanish;tapas,Calle de la Cava Baja,16,28005,,+34 911191424,,Mo-Th 13:30-00:00; Fr-Su 13:30-00:30,,,,yes,CAVA BAJA,16,CAVA BAJA|16,270038617.0,1.0,CENTRO              ,101.0,PALACIO             ,1.0,1009.0,9.0,439874.59,4473837.53,1.0,Puerta Calle,1.0,Abierto,158700.0,CALLE                   ,CAVA BAJA                                         ,11000609.0,1.0,NUM,16.0,  ,10.0,158700.0,CALLE                   ,CAVA BAJA                                         ,11000609.0,1.0,NUM,16.0,  ,,,,,,,1,CT,LA CAVA DE YLLAN,I,HOSTELERÍA,56,SERVICIOS DE COMIDAS Y BEBIDAS,561004,BAR RESTAURANTE,13/09/2026,CAVA BAJA,16,direccion
4684440190,node,40.4130547,-3.7084475,Posada de la Villa,spanish;tapas,Calle de la Cava Baja,9,28005,,+34913661860,https://posadadelavilla.com/,"Mo-Sa 13:00-16:00,20:00-24:00; Su 13:00-16:00",,,,limited,CAVA BAJA,9,CAVA BAJA|9,270038628.0,1.0,CENTRO              ,101.0,PALACIO             ,1.0,1009.0,9.0,439896.59,4473855.53,1.0,Puerta Calle,1.0,Abierto,158700.0,CALLE                   ,CAVA BAJA                                         ,11000612.0,1.0,NUM,9.0,  ,10.0,158700.0,CALLE                   ,CAVA BAJA                                         ,11000612.0,1.0,NUM,9.0,  ,,,,,,,1,01,"POSADA DE LA VILLA, HORNO DE ASAR",I,HOSTELERÍA,56,SERVICIOS DE COMIDAS Y BEBIDAS,561004,BAR RESTAURANTE,13/09/2026,CAVA BAJA,9,direccion
4684485889,node,40.4120917,-3.7096742,Casa Lucio,,Calle de la Cava Baja,35,28005,,+34 913653252,http://casalucio.es/,"Mo-Su 13:00-16:00, 20:30-24:00",,,,limited,CAVA BAJA,35,CAVA BAJA|35,270038708.0,1.0,CENTRO              ,101.0,PALACIO             ,1.0,1011.0,11.0,439783.59,4473735.53,1.0,Puerta Calle,1.0,Abierto,158700.0,CALLE                   ,CAVA BAJA                                         ,11000691.0,1.0,NUM,35.0,  ,10.0,158700.0,CALLE                   ,CAVA BAJA                                         ,11000691.0,1.0,NUM,35.0,  ,,,,,,,1,01,CASA LUCIO,I,HOSTELERÍA,56,SERVICIOS DE COMIDAS Y BEBIDAS,561001,RESTAURANTE,13/09/2026,CAVA BAJA,35,direccion
4688416182,node,40.4203804,-3.7125545,La Mi Venta,regional,Plaza de la Marina Española,7,28013,Madrid,+34 915595091,http://www.lamiventa.es/en_GB,,yes,,,no,MARINA ESPAÑOLA,7,MARINA ESPAÑOLA|7,270374318.0,1.0,CENTRO              ,101.0,PALACIO             ,1.0,1001.0,1.0,439548.6,4474662.54,1.0,Puerta Calle,1.0,Abierto,482500.0,PLAZA                   ,MARINA ESPAÑOLA                                   ,11000037.0,1.0,NUM,7.0,  ,20.0,482500.0,PLAZA                   ,MARINA ESPAÑOLA                                   ,11000037.0,1.0,NUM,7.0,  ,,,,,,,1,EXD,LA MI VENTA,I,HOSTELERÍA,56,SERVICIOS DE COMIDAS Y BEBIDAS,561004,BAR RESTAURANTE,13/09/2026,MARINA ESPAÑOLA,7,direccion
4688416183,node,40.4205005,-3.7121888,Sr. Vázquez,,Plaza de la Marina Española,4,28013,Madrid,+34 915 99 35 48,,,,,,limited,MARINA ESPAÑOLA,4,MARINA ESPAÑOLA|4,270439947.0,1.0,CENTRO              ,101.0,PALACIO             ,1.0,1001.0,1.0,439594.6,4474681.54,1.0,Puerta Calle,1.0,Abierto,482500.0,PLAZA                   ,MARINA ESPAÑOLA                                   ,11000034.0,1.0,NUM,4.0,  ,10.0,482500.0,PLAZA                   ,MARINA ESPAÑOLA                                   ,11000034.0,1.0,NUM,4.0,  ,,,,,,,1,01,BISTRO CARIPEN,I,HOSTELERÍA,56,SERVICIOS DE COMIDAS Y BEBIDAS,561004,BAR RESTAURANTE,13/09/2026,MARINA ESPAÑOLA,4,direccion
4688416183,node,40.4205005,-3.7121888,Sr. Vázquez,,Plaza de la Marina Española,4,28013,Madrid,+34 915 99 35 48,,,,,,limited,MARINA ESPAÑOLA,4,MARINA ESPAÑOLA|4,270480213.0,1.0,CENTRO              ,101.0,PALACIO             ,1.0,1001.0,1.0,439582.6,4474677.54,1.0,Puerta Calle,1.0,Abierto,482500.0,PLAZA                   ,MARINA ESPAÑOLA                                   ,11000034.0,1.0,NUM,4.0,  ,30.0,482500.0,PLAZA                   ,MARINA ESPAÑOLA                                   ,11000034.0,1.0,NUM,4.0,  ,,,,,,,1,04,BAR- RESTAURANTE SR. VAZQUEZ,I,HOSTELERÍA,56,SERVICIOS DE COMIDAS Y BEBIDAS,561004,BAR RESTAURANTE,13/09/2026,MARINA ESPAÑOLA,4,direccion
4690768324,node,40.4138199,-3.7001224,Casa Alberto,,Calle de las Huertas,18,28012,Madrid,+34 914299356,https://www.casaalberto.es/,"Tu-Sa 13:00-17:00,19:00-23:00; Su 13:00-16:00",,,,,HUERTAS,18,HUERTAS|18,270043214.0,1.0,CENTRO              ,103.0,CORTES              ,3.0,1067.0,67.0,440598.59,4473922.53,1.0,Puerta Calle,1.0,Abierto,369000.0,CALLE                   ,HUERTAS                                           ,11003684.0,1.0,NUM,18.0,  ,10.0,369000.0,CALLE                   ,HUERTAS                                           ,11003684.0,1.0,NUM,18.0,  ,,,,,,,1,01,RESTAURANTE  CASA ALBERTO,I,HOSTELERÍA,56,SERVICIOS DE COMIDAS Y BEBIDAS,561004,BAR RESTAURANTE,13/09/2026,HUERTAS,18,direccion
4699333554,node,40.4156538,-3.6995653,Ichikoro,japanese,Calle de Echegaray,11,28014,Madrid,+34 91 128 1866,http://www.ichikoro-es.com/,,,,,,ECHEGARAY,11,ECHEGARAY|11,270043661.0,1.0,CENTRO              ,103.0,CORTES              ,3.0,1072.0,72.0,440650.6266722832,4474127.705643188,1.0,Puerta Calle,1.0,Abierto,255900.0,CALLE                   ,ECHEGARAY                                         ,11003890.0,1.0,NUM,11.0,  ,10.0,255900.0,CALLE                   ,ECHEGARAY                                         ,11003890.0,1.0,NUM,11.0,  ,,,,,,,1, ,ICHIKORO                                                              ,I,HOSTELERÍA,56,SERVICIOS DE COMIDAS Y BEBIDAS,561001,RESTAURANTE,13/09/2026,ECHEGARAY,11,direccion
4699372986,node,40.4157547,-3.6995717,Chuka Ramen Bar,japanese,Calle de Echegaray,9,28014,Madrid,,http://www.chukaramenbar.com/,,,,,,ECHEGARAY,9,ECHEGARAY|9,280009288.0,1.0,CENTRO              ,103.0,CORTES              ,3.0,1072.0,72.0,440648.59,4474137.53,1.0,Puerta Calle,1.0,Abierto,255900.0,CALLE                   ,ECHEGARAY                                         ,11003889.0,1.0,NUM,9.0,  ,10.0,255900.0,CALLE                   ,ECHEGARAY                                         ,11003889.0,1.0,NUM,9.0,  ,,,,,,,1,IZ,CHUKA,I,HOSTELERÍA,56,SERVICIOS DE COMIDAS Y BEBIDAS,561001,RESTAURANTE,13/09/2026,ECHEGARAY,9,direccion
4699384889,node,40.4159132,-3.699579,Donde Sancho,,Calle de Echegaray,5,28014,Madrid,,,,,,,,ECHEGARAY,5,ECHEGARAY|5,285002864.0,1.0,CENTRO              ,103.0,CORTES              ,3.0,1072.0,72.0,440648.59,4474154.53,1.0,Puerta Calle,1.0,Abierto,255900.0,CALLE                   ,ECHEGARAY                                         ,11003887.0,1.0,NUM,5.0,  ,40.0,255900.0,CALLE                   ,ECHEGARAY                                         ,11003887.0,1.0,NUM,5.0,  ,,,,,,,1,04,RESTAURANTE,I,HOSTELERÍA,56,SERVICIOS DE COMIDAS Y BEBIDAS,561001,RESTAURANTE,13/09/2026,ECHEGARAY,5,direccion
4699384891,node,40.4160574,-3.6995868,La Cantina,,Calle de Echegaray,5,28014,Madrid,,,,,,,,ECHEGARAY,5,ECHEGARAY|5,285002864.0,1.0,CENTRO              ,103.0,CORTES              ,3.0,1072.0,72.0,440648.59,4474154.53,1.0,Puerta Calle,1.0,Abierto,255900.0,CALLE                   ,ECHEGARAY                                         ,11003887.0,1.0,NUM,5.0,  ,40.0,255900.0,CALLE                   ,ECHEGARAY                                         ,11003887.0,1.0,NUM,5.0,  ,,,,,,,1,04,RESTAURANTE,I,HOSTELERÍA,56,SERVICIOS DE COMIDAS Y BEBIDAS,561001,RESTAURANTE,13/09/2026,ECHEGARAY,5,direccion
4699384894,node,40.416133,-3.6995905,Donzoko,japanese,Calle de Echegaray,3,28014,Madrid,+34 914 29 57 20,,,,,,,ECHEGARAY,3,ECHEGARAY|3,270043650.0,1.0,CENTRO              ,103.0,CORTES              ,3.0,1072.0,72.0,440647.59,4474180.53,1.0,Puerta Calle,1.0,Abierto,255900.0,CALLE                   ,ECHEGARAY                                         ,11003886.0,1.0,NUM,3.0,  ,20.0,255900.0,CALLE                   ,ECHEGARAY                                         ,11003886.0,1.0,NUM,3.0,  ,,,,,,,1,02,RETAURANTE DONZOKO,I,HOSTELERÍA,56,SERVICIOS DE COMIDAS Y BEBIDAS,561001,RESTAURANTE,13/09/2026,ECHEGARAY,3,direccion
4699384896,node,40.4162443,-3.6995958,La Caserola,,Calle de Echegaray,3,28014,Madrid,,,,,,,,ECHEGARAY,3,ECHEGARAY|3,270043650.0,1.0,CENTRO              ,103.0,CORTES              ,3.0,1072.0,72.0,440647.59,4474180.53,1.0,Puerta Calle,1.0,Abierto,255900.0,CALLE                   ,ECHEGARAY                                         ,11003886.0,1.0,NUM,3.0,  ,20.0,255900.0,CALLE                   ,ECHEGARAY                                         ,11003886.0,1.0,NUM,3.0,  ,,,,,,,1,02,RETAURANTE DONZOKO,I,HOSTELERÍA,56,SERVICIOS DE COMIDAS Y BEBIDAS,561001,RESTAURANTE,13/09/2026,ECHEGARAY,3,direccion
4701447672,node,40.4254144,-3.7111224,Casa Filete,spanish,Calle de San Bernardino,15,28015,Madrid,,https://casafilete.com/,,,,,limited,SAN BERNARDINO,15,SAN BERNARDINO|15,270469892.0,1.0,CENTRO              ,105.0,UNIVERSIDAD         ,5.0,1111.0,111.0,439677.6,4475216.54,1.0,Puerta Calle,1.0,Abierto,661600.0,CALLE                   ,SAN BERNARDINO                                    ,11006769.0,1.0,NUM,15.0,  ,10.0,661600.0,CALLE                   ,SAN BERNARDINO                                    ,11006769.0,1.0,NUM,15.0,  ,,,,,,,1,IZ,CASA FILETE,I,HOSTELERÍA,56,SERVICIOS DE COMIDAS Y BEBIDAS,561001,RESTAURANTE,13/09/2026,SAN BERNARDINO,15,direccion
4703100727,node,40.4075794,-3.7041781,O Candil de Lugo,regional,Calle de Embajadores,60,28012,Madrid,,,,,,,,EMBAJADORES,60,EMBAJADORES|60,270443491.0,1.0,CENTRO              ,102.0,EMBAJADORES         ,2.0,1037.0,37.0,440250.59,4473235.53,1.0,Puerta Calle,1.0,Abierto,262000.0,CALLE                   ,EMBAJADORES                                       ,11002196.0,1.0,NUM,60.0,  ,10.0,262000.0,CALLE                   ,EMBAJADORES                                       ,11002196.0,1.0,NUM,60.0,  ,,,,,,,1,A,BAR RESTAURANTE AL BAHIA,I,HOSTELERÍA,56,SERVICIOS DE COMIDAS Y BEBIDAS,561004,BAR RESTAURANTE,13/09/2026,EMBAJADORES,60,direccion
4703448410,node,40.421321,-3.7035291,La Tasquita de Enfrente,,Calle de la Ballesta,6,28004,Madrid,+34 915 32 54 49,,,,,,,BALLESTA,6,BALLESTA|6,270486791.0,1.0,CENTRO              ,105.0,UNIVERSIDAD         ,5.0,1116.0,116.0,440316.59,4474754.53,1.0,Puerta Calle,1.0,Abierto,89300.0,CALLE                   ,BALLESTA                                          ,11007211.0,1.0,NUM,6.0,  ,30.0,89300.0,CALLE                   ,BALLESTA                                          ,11007211.0,1.0,NUM,6.0,  ,,,,,,,1,DR,LA TASQUITA DE ENFRENTE,I,HOSTELERÍA,56,SERVICIOS DE COMIDAS Y BEBIDAS,561004,BAR RESTAURANTE,13/09/2026,BALLESTA,6,direccion
4703448411,node,40.4213221,-3.7036334,Taberna Agrado,,Calle de la Ballesta,1,28004,Madrid,+34 915 21 63 46,http://www.tabernaagrado.com/,,,,,,BALLESTA,1,BALLESTA|1,280011288.0,1.0,CENTRO              ,105.0,UNIVERSIDAD         ,5.0,1116.0,116.0,440307.59,4474756.53,1.0,Puerta Calle,1.0,Abierto,89300.0,CALLE                   ,BALLESTA                                          ,11007186.0,1.0,NUM,1.0,  ,10.0,89300.0,CALLE                   ,BALLESTA                                          ,11007186.0,1.0,NUM,1.0,  ,,,,,,,1,DR,TABERNA GRADO,I,HOSTELERÍA,56,SERVICIOS DE COMIDAS Y BEBIDAS,561004,BAR RESTAURANTE,13/09/2026,BALLESTA,1,direccion
4703448412,node,40.4218367,-3.7033954,Casa Perico,regional,Calle de la Ballesta,18,28004,Madrid,+34 915328176,http://www.casapericomadrid.es/,,,,,,BALLESTA,18,BALLESTA|18,270316636.0,1.0,CENTRO              ,105.0,UNIVERSIDAD         ,5.0,1116.0,116.0,440329.59,4474815.53,1.0,Puerta Calle,1.0,Abierto,89300.0,CALLE                   ,BALLESTA                                          ,11007217.0,1.0,NUM,18.0,  ,20.0,89300.0,CALLE                   ,BALLESTA                                          ,11007217.0,1.0,NUM,18.0,  ,,,,,,,1,DR,LEINERHAUS,I,HOSTELERÍA,56,SERVICIOS DE COMIDAS Y BEBIDAS,561004,BAR RESTAURANTE,13/09/2026,BALLESTA,18,direccion
4703448417,node,40.4247689,-3.6968915,Oh Galo!,,Calle de Pelayo,72,28004,Madrid,+34 910 14 76 83,,Tu-Sa 11:30-02:00,,,,,PELAYO,72,PELAYO|72,280009841.0,1.0,CENTRO              ,104.0,JUSTICIA            ,4.0,1079.0,79.0,440883.59,4475137.52,1.0,Puerta Calle,1.0,Abierto,576200.0,CALLE                   ,PELAYO                                            ,11004816.0,1.0,NUM,72.0,  ,10.0,576200.0,CALLE                   ,PELAYO                                            ,11004816.0,1.0,NUM,72.0,  ,,,,,,,1,IZ,OH GALO,I,HOSTELERÍA,56,SERVICIOS DE COMIDAS Y BEBIDAS,561004,BAR RESTAURANTE,13/09/2026,PELAYO,72,direccion
4703448421,node,40.4222548,-3.6942512,Merci,,Calle del Conde de Xiquena,3,28004,Madrid,+34 916 68 38 60,http://www.mercirestaurante.com/,,,,,limited,CONDE DE XIQUENA,3,CONDE DE XIQUENA|3,280009517.0,1.0,CENTRO              ,104.0,JUSTICIA            ,4.0,1073.0,73.0,441103.59,4474856.52,1.0,Puerta Calle,1.0,Abierto,207300.0,CALLE                   ,CONDE DE XIQUENA                                  ,11004222.0,1.0,NUM,3.0,  ,10.0,207300.0,CALLE                   ,CONDE DE XIQUENA                                  ,11004222.0,1.0,NUM,3.0,  ,,,,,,,1,L1,MERCI,I,HOSTELERÍA,56,SERVICIOS DE COMIDAS Y BEBIDAS,561004,BAR RESTAURANTE,13/09/2026,CONDE DE XIQUENA,3,direccion
4703448421,node,40.4222548,-3.6942512,Merci,,Calle del Conde de Xiquena,3,28004,Madrid,+34 916 68 38 60,http://www.mercirestaurante.com/,,,,,limited,CONDE DE XIQUENA,3,CONDE DE XIQUENA|3,280009518.0,1.0,CENTRO              ,104.0,JUSTICIA            ,4.0,1073.0,73.0,441104.59,4474877.52,1.0,Puerta Calle,1.0,Abierto,207300.0,CALLE                   ,CONDE DE XIQUENA                                  ,11004222.0,1.0,NUM,3.0,  ,20.0,33000.0,CALLE                   ,ALMIRANTE                                         ,20005354.0,1.0,NUM,12.0,  ,,,,,,,1,02,CANNIBAL BAR,I,HOSTELERÍA,56,SERVICIOS DE COMIDAS Y BEBIDAS,561001,RESTAURANTE,13/09/2026,CONDE DE XIQUENA,3,direccion
4703521769,node,40.4214407,-3.6974364,Babel,,Calle de la Libertad,23,28004,Madrid,+34 915 21 61 37,,,,,,no,LIBERTAD,23,LIBERTAD|23,10002834.0,1.0,CENTRO              ,104.0,JUSTICIA            ,4.0,1077.0,77.0,440835.59,4474766.52,1.0,Puerta Calle,1.0,Abierto,437400.0,CALLE                   ,LIBERTAD                                          ,11004648.0,1.0,NUM,23.0,  ,10.0,437400.0,CALLE                   ,LIBERTAD                                          ,11004648.0,1.0,NUM,23.0,  ,,,,,,,1,01,BABEL,I,HOSTELERÍA,56,SERVICIOS DE COMIDAS Y BEBIDAS,561001,RESTAURANTE,13/09/2026,LIBERTAD,23,direccion
4706684489,node,40.4228117,-3.6968614,Abbasïd,mediterranean,Calle de Gravina,17,28004,Madrid,+34 91 522 32 65,,,,,,,GRAVINA,17,GRAVINA|17,280009788.0,1.0,CENTRO              ,104.0,JUSTICIA            ,4.0,1079.0,79.0,440871.59,4474925.52,1.0,Puerta Calle,1.0,Abierto,344000.0,CALLE                   ,GRAVINA                                           ,11004747.0,1.0,NUM,17.0,  ,10.0,344000.0,CALLE                   ,GRAVINA                                           ,11004747.0,1.0,NUM,17.0,  ,,,,,,,1,01,HERMANOS VINAGRE,I,HOSTELERÍA,56,SERVICIOS DE COMIDAS Y BEBIDAS,561001,RESTAURANTE,13/09/2026,GRAVINA,17,direccion
4706684489,node,40.4228117,-3.6968614,Abbasïd,mediterranean,Calle de Gravina,17,28004,Madrid,+34 91 522 32 65,,,,,,,GRAVINA,17,GRAVINA|17,280009789.0,1.0,CENTRO              ,104.0,JUSTICIA            ,4.0,1079.0,79.0,440886.59,4474920.52,1.0,Puerta Calle,1.0,Abierto,344000.0,CALLE                   ,GRAVINA                                           ,11004747.0,1.0,NUM,17.0,  ,20.0,344000.0,CALLE                   ,GRAVINA                                           ,11004747.0,1.0,NUM,17.0,  ,,,,,,,1,03,ABBASID,I,HOSTELERÍA,56,SERVICIOS DE COMIDAS Y BEBIDAS,561001,RESTAURANTE,13/09/2026,GRAVINA,17,direccion
4708474155,node,40.427928,-3.7018036,Konichiwa,sushi,Calle de Fuencarral,98,28004,Madrid,,,,,,,,FUENCARRAL,98,FUENCARRAL|98,285003155.0,1.0,CENTRO              ,104.0,JUSTICIA            ,4.0,1089.0,89.0,440466.59,4475490.53,1.0,Puerta Calle,1.0,Abierto,313100.0,CALLE                   ,FUENCARRAL                                        ,11005299.0,1.0,NUM,98.0,  ,10.0,313100.0,CALLE                   ,FUENCARRAL                                        ,11005299.0,1.0,NUM,98.0,  ,,,,,,,1, ,RESTAURANTE,I,HOSTELERÍA,56,SERVICIOS DE COMIDAS Y BEBIDAS,561001,RESTAURANTE,13/09/2026,FUENCARRAL,98,direccion
4708474155,node,40.427928,-3.7018036,Konichiwa,sushi,Calle de Fuencarral,98,28004,Madrid,,,,,,,,FUENCARRAL,98,FUENCARRAL|98,285003156.0,1.0,CENTRO              ,104.0,JUSTICIA            ,4.0,1089.0,89.0,440470.59,4475478.53,1.0,Puerta Calle,1.0,Abierto,313100.0,CALLE                   ,FUENCARRAL                                        ,11005299.0,1.0,NUM,98.0,  ,20.0,313100.0,CALLE                   ,FUENCARRAL                                        ,11005299.0,1.0,NUM,98.0,  ,,,,,,,1,DR,CONNICHIWA,I,HOSTELERÍA,56,SERVICIOS DE COMIDAS Y BEBIDAS,561004,BAR RESTAURANTE,13/09/2026,FUENCARRAL,98,direccion
4709865265,node,40.4149521,-3.7080593,La Fojetta,italian,Calle de la Escalerilla de Piedra,2,28005,Madrid,+34 910347514,http://www.lafojetta.com/it-it/,,,,,,ESCALERILLA DE PIEDRA,2,ESCALERILLA DE PIEDRA|2,270585037.0,1.0,CENTRO              ,106.0,SOL                 ,6.0,1121.0,121.0,439922.40619718865,4474046.687810515,1.0,Puerta Calle,1.0,Abierto,271000.0,CALLE                   ,ESCALERILLA DE PIEDRA                             ,31042462.0,1.0,NUM,2.0,  ,10.0,271000.0,CALLE                   ,ESCALERILLA DE PIEDRA                             ,31042462.0,1.0,NUM,2.0,  ,,,,,,,0,,S/N,I,HOSTELERÍA,56,SERVICIOS DE COMIDAS Y BEBIDAS,561004,BAR RESTAURANTE,13/09/2026,ESCALERILLA DE PIEDRA,2,direccion
4720270753,node,40.412127,-3.7098487,En Ca' Amalia,,Calle de la Cava Baja,34,28005,Madrid,,,,,,,,CAVA BAJA,34,CAVA BAJA|34,280007566.0,1.0,CENTRO              ,101.0,PALACIO             ,1.0,1011.0,11.0,439773.59,4473745.53,1.0,Puerta Calle,1.0,Abierto,158700.0,CALLE                   ,CAVA BAJA                                         ,11000680.0,1.0,NUM,34.0,  ,20.0,158700.0,CALLE                   ,CAVA BAJA                                         ,11000680.0,1.0,NUM,34.0,  ,,,,,,,1,IZ,BAR RESTAURANTE LA GRAN CAVA,I,HOSTELERÍA,56,SERVICIOS DE COMIDAS Y BEBIDAS,561001,RESTAURANTE,13/09/2026,CAVA BAJA,34,direccion
4720270753,node,40.412127,-3.7098487,En Ca' Amalia,,Calle de la Cava Baja,34,28005,Madrid,,,,,,,,CAVA BAJA,34,CAVA BAJA|34,280007567.0,1.0,CENTRO              ,101.0,PALACIO             ,1.0,1011.0,11.0,439782.59,4473749.53,1.0,Puerta Calle,1.0,Abierto,158700.0,CALLE                   ,CAVA BAJA                                         ,11000680.0,1.0,NUM,34.0,  ,30.0,158700.0,CALLE                   ,CAVA BAJA                                         ,11000680.0,1.0,NUM,34.0,  ,,,,,,,1,DR,LA TABERNA DE LOS CASTIZOS,I,HOSTELERÍA,56,SERVICIOS DE COMIDAS Y BEBIDAS,561004,BAR RESTAURANTE,13/09/2026,CAVA BAJA,34,direccion
4720270754,node,40.4121746,-3.7097587,Taberna de los Castizos,,Calle de la Cava Baja,34,28005,Madrid,,,,,,,,CAVA BAJA,34,CAVA BAJA|34,280007566.0,1.0,CENTRO              ,101.0,PALACIO             ,1.0,1011.0,11.0,439773.59,4473745.53,1.0,Puerta Calle,1.0,Abierto,158700.0,CALLE                   ,CAVA BAJA                                         ,11000680.0,1.0,NUM,34.0,  ,20.0,158700.0,CALLE                   ,CAVA BAJA                                         ,11000680.0,1.0,NUM,34.0,  ,,,,,,,1,IZ,BAR RESTAURANTE LA GRAN CAVA,I,HOSTELERÍA,56,SERVICIOS DE COMIDAS Y BEBIDAS,561001,RESTAURANTE,13/09/2026,CAVA BAJA,34,direccion
4720270754,node,40.4121746,-3.7097587,Taberna de los Castizos,,Calle de la Cava Baja,34,28005,Madrid,,,,,,,,CAVA BAJA,34,CAVA BAJA|34,280007567.0,1.0,CENTRO              ,101.0,PALACIO             ,1.0,1011.0,11.0,439782.59,4473749.53,1.0,Puerta Calle,1.0,Abierto,158700.0,CALLE                   ,CAVA BAJA                                         ,11000680.0,1.0,NUM,34.0,  ,30.0,158700.0,CALLE                   ,CAVA BAJA                                         ,11000680.0,1.0,NUM,34.0,  ,,,,,,,1,DR,LA TABERNA DE LOS CASTIZOS,I,HOSTELERÍA,56,SERVICIOS DE COMIDAS Y BEBIDAS,561004,BAR RESTAURANTE,13/09/2026,CAVA BAJA,34,direccion
4720270756,node,40.4124542,-3.7092245,Casa Victor,spanish,Calle de la Cava Baja,26,28005,Madrid,,,,,,,limited,CAVA BAJA,26,CAVA BAJA|26,270448418.0,1.0,CENTRO              ,101.0,PALACIO             ,1.0,1011.0,11.0,439824.59,4473776.53,1.0,Puerta Calle,1.0,Abierto,158700.0,CALLE                   ,CAVA BAJA                                         ,11000676.0,1.0,NUM,26.0,  ,20.0,158700.0,CALLE                   ,CAVA BAJA                                         ,11000676.0,1.0,NUM,26.0,  ,,,,,,,1,DR,CASA VICTOR ,I,HOSTELERÍA,56,SERVICIOS DE COMIDAS Y BEBIDAS,561001,RESTAURANTE,13/09/2026,CAVA BAJA,26,direccion
4720270757,node,40.412577,-3.7090421,La Chata,regional,Calle de la Cava Baja,24,28005,Madrid,+34 913 66 14 58,http://lachatacavabaja.com/,,,,,,CAVA BAJA,24,CAVA BAJA|24,270489613.0,1.0,CENTRO              ,101.0,PALACIO             ,1.0,1011.0,11.0,439841.59,4473790.53,1.0,Puerta Calle,1.0,Abierto,158700.0,CALLE                   ,CAVA BAJA                                         ,11000675.0,1.0,NUM,24.0,  ,20.0,158700.0,CALLE                   ,CAVA BAJA                                         ,11000675.0,1.0,NUM,24.0,  ,,,,,,,1,03,RESTAURANTE LA CHATA,I,HOSTELERÍA,56,SERVICIOS DE COMIDAS Y BEBIDAS,561001,RESTAURANTE,13/09/2026,CAVA BAJA,24,direccion
4720297299,node,40.4127187,-3.709592,Ástor,,Calle del Almendro,9,28005,Madrid,,https://www.astor.es/,,,,,,ALMENDRO,9,ALMENDRO|9,280007544.0,1.0,CENTRO              ,101.0,PALACIO             ,1.0,1011.0,11.0,439796.59,4473808.53,1.0,Puerta Calle,1.0,Abierto,32600.0,CALLE                   ,ALMENDRO                                          ,11000655.0,1.0,NUM,9.0,  ,10.0,32600.0,CALLE                   ,ALMENDRO                                          ,11000655.0,1.0,NUM,9.0,  ,,,,,,,1,B,ASTOR,I,HOSTELERÍA,56,SERVICIOS DE COMIDAS Y BEBIDAS,561001,RESTAURANTE,13/09/2026,ALMENDRO,9,direccion
4720297299,node,40.4127187,-3.709592,Ástor,,Calle del Almendro,9,28005,Madrid,,https://www.astor.es/,,,,,,ALMENDRO,9,ALMENDRO|9,285001377.0,1.0,CENTRO              ,101.0,PALACIO             ,1.0,1011.0,11.0,439789.59,4473805.53,1.0,Puerta Calle,1.0,Abierto,32600.0,CALLE                   ,ALMENDRO                                          ,11000655.0,1.0,NUM,9.0,  ,20.0,32600.0,CALLE                   ,ALMENDRO                                          ,11000655.0,1.0,NUM,9.0,  ,,,,,,,1, ,DEJATE LIAR,I,HOSTELERÍA,56,SERVICIOS DE COMIDAS Y BEBIDAS,561001,RESTAURANTE,13/09/2026,ALMENDRO,9,direccion
4720297306,node,40.4121743,-3.7103886,Mandrake Greek Street Food,greek,Calle del Almendro,21,28005,Madrid,,,,no,yes,yes,no,ALMENDRO,21,ALMENDRO|21,10002162.0,1.0,CENTRO              ,101.0,PALACIO             ,1.0,1011.0,11.0,439726.59,4473748.53,1.0,Puerta Calle,1.0,Abierto,32600.0,CALLE                   ,ALMENDRO                                          ,11000659.0,1.0,NUM,21.0,  ,10.0,32600.0,CALLE                   ,ALMENDRO                                          ,11000659.0,1.0,NUM,21.0,  ,,,,,,,1,01,MANDRAKE ,I,HOSTELERÍA,56,SERVICIOS DE COMIDAS Y BEBIDAS,561001,RESTAURANTE,13/09/2026,ALMENDRO,21,direccion
4725920292,node,40.4115727,-3.7005695,María Bonita,mexican,Calle del Olmo,23,28012,Madrid,+34 610 08 75 87,,,,,,,OLMO,23,OLMO|23,285002276.0,1.0,CENTRO              ,102.0,EMBAJADORES         ,2.0,1045.0,45.0,440558.59,4473676.53,1.0,Puerta Calle,1.0,Abierto,547200.0,CALLE                   ,OLMO                                              ,11002554.0,1.0,NUM,23.0,  ,10.0,547200.0,CALLE                   ,OLMO                                              ,11002554.0,1.0,NUM,23.0,  ,,,,,,,1,01,MA. BONITA TACO BAR,I,HOSTELERÍA,56,SERVICIOS DE COMIDAS Y BEBIDAS,561004,BAR RESTAURANTE,13/09/2026,OLMO,23,direccion
4725920294,node,40.4110452,-3.6995044,Taberna El Sur,,Calle de la Torrecilla del Leal,12,28012,Madrid,+34 915 27 83 40,,Mo-Su 11:00-24:00,,,,,TORRECILLA DEL LEAL,12,TORRECILLA DEL LEAL|12,10002358.0,1.0,CENTRO              ,102.0,EMBAJADORES         ,2.0,1046.0,46.0,440647.59,4473617.52,1.0,Puerta Calle,1.0,Abierto,748200.0,CALLE                   ,TORRECILLA DEL LEAL                               ,11002625.0,1.0,NUM,12.0,  ,20.0,748200.0,CALLE                   ,TORRECILLA DEL LEAL                               ,11002625.0,1.0,NUM,12.0,  ,,,,,,,1,01,EL SUR,I,HOSTELERÍA,56,SERVICIOS DE COMIDAS Y BEBIDAS,561001,RESTAURANTE,13/09/2026,TORRECILLA DEL LEAL,12,direccion
4725967140,node,40.4113431,-3.6973935,La Taberna de Atocha,regional,Calle de Atocha,76,28012,Madrid,,,,,,,,ATOCHA,76,ATOCHA|76,270310699.0,1.0,CENTRO              ,102.0,EMBAJADORES         ,2.0,1059.0,59.0,440822.59,4473651.52,1.0,Puerta Calle,1.0,Abierto,81600.0,CALLE                   ,ATOCHA                                            ,11003150.0,1.0,NUM,76.0,  ,20.0,81600.0,CALLE                   ,ATOCHA                                            ,11003150.0,1.0,NUM,76.0,  ,,,,,,,1,DR,MANJARES DE LA DEHESA,I,HOSTELERÍA,56,SERVICIOS DE COMIDAS Y BEBIDAS,561004,BAR RESTAURANTE,13/09/2026,ATOCHA,76,direccion
4725967142,node,40.4114439,-3.6975604,Sofía,regional,Calle de Atocha,74,28012,Madrid,,,,,,,,ATOCHA,74,ATOCHA|74,280008990.0,1.0,CENTRO              ,102.0,EMBAJADORES         ,2.0,1059.0,59.0,440814.59,4473657.52,1.0,Puerta Calle,1.0,Abierto,81600.0,CALLE                   ,ATOCHA                                            ,11003164.0,1.0,NUM,74.0,  ,10.0,81600.0,CALLE                   ,ATOCHA                                            ,11003164.0,1.0,NUM,74.0,  ,,,,,,,1, ,EL SUR DE ATOCHA,I,HOSTELERÍA,56,SERVICIOS DE COMIDAS Y BEBIDAS,561004,BAR RESTAURANTE,13/09/2026,ATOCHA,74,direccion
4736042052,node,40.4192965,-3.7000104,Chun Li,,Calle del Caballero de Gracia,22,28013,Madrid,,,,,,,no,CABALLERO DE GRACIA,22,CABALLERO DE GRACIA|22,270495804.0,1.0,CENTRO              ,106.0,SOL                 ,6.0,1118.0,118.0,440614.59,4474530.53,1.0,Puerta Calle,1.0,Abierto,120100.0,CALLE                   ,CABALLERO DE GRACIA                               ,11007383.0,1.0,NUM,22.0,  ,10.0,120100.0,CALLE                   ,CABALLERO DE GRACIA                               ,11007383.0,1.0,NUM,22.0,  ,,,,,,,1,CCE,CHUN LI DUMPLINGS,I,HOSTELERÍA,56,SERVICIOS DE COMIDAS Y BEBIDAS,561001,RESTAURANTE,13/09/2026,CABALLERO DE GRACIA,22,direccion
4736042054,node,40.4194589,-3.700891,La Gloria de Montera,,Calle del Caballero de Gracia,10,28013,Madrid,+34 915 234 407,http://www.grupandilana.com/es/restaurantes/la-gloria-de-montera,,,,,no,CABALLERO DE GRACIA,10,CABALLERO DE GRACIA|10,10000895.0,1.0,CENTRO              ,106.0,SOL                 ,6.0,1118.0,118.0,440540.59,4474548.53,1.0,Puerta Calle,1.0,Abierto,120100.0,CALLE                   ,CABALLERO DE GRACIA                               ,11007377.0,1.0,NUM,10.0,  ,20.0,120100.0,CALLE                   ,CABALLERO DE GRACIA                               ,11007377.0,1.0,NUM,10.0,  ,,,,,,,1,02,LA GLORIA DE MONTERA,I,HOSTELERÍA,56,SERVICIOS DE COMIDAS Y BEBIDAS,561001,RESTAURANTE,13/09/2026,CABALLERO DE GRACIA,10,direccion
4738041546,node,40.4106168,-3.7134816,Piscomar,peruvian,Carrera de San Francisco,15,28005,Madrid,+34 910014597,https://restaurantepiscomar.com,"Tu-Th 13:30-16:00,20:30-23:00; Fr-Sa 13:30-16:00,20:30-0:00; Su 13:30-17:00",,,,,SAN FRANCISCO,15,SAN FRANCISCO|15,285001516.0,1.0,CENTRO              ,101.0,PALACIO             ,1.0,1015.0,15.0,439453.6,4473562.53,1.0,Puerta Calle,1.0,Abierto,669000.0,CARRERA                 ,SAN FRANCISCO                                     ,11000989.0,1.0,NUM,15.0,  ,10.0,124600.0,CALLE                   ,CALATRAVA                                         ,31019475.0,1.0,NUM,44.0,  ,,,,,,,1,01,DISCOMAR,I,HOSTELERÍA,56,SERVICIOS DE COMIDAS Y BEBIDAS,561004,BAR RESTAURANTE,13/09/2026,SAN FRANCISCO,15,direccion
4738041552,node,40.411077,-3.7105996,rasif,,Calle del Humilladero,6,28005,Madrid,,,,,,,,HUMILLADERO,6,HUMILLADERO|6,270526128.0,1.0,CENTRO              ,101.0,PALACIO             ,1.0,1014.0,14.0,439709.59,4473628.53,1.0,Puerta Calle,1.0,Abierto,369700.0,CALLE                   ,HUMILLADERO                                       ,11000860.0,1.0,NUM,6.0,  ,10.0,369700.0,CALLE                   ,HUMILLADERO                                       ,11000860.0,1.0,NUM,6.0,  ,,,,,,,1,03,"RESTAURANTE RASIF, LEBANESE STREET FOOD",I,HOSTELERÍA,56,SERVICIOS DE COMIDAS Y BEBIDAS,561004,BAR RESTAURANTE,13/09/2026,HUMILLADERO,6,direccion
4738041553,node,40.4135228,-3.7089781,La Posada del Nuncio,,Calle del Nuncio,4,28005,Madrid,+34 91 023 65 77,http://www.laposadadelnuncio.es/,,,,,,NUNCIO,4,NUNCIO|4,285001360.0,1.0,CENTRO              ,101.0,PALACIO             ,1.0,1009.0,9.0,439846.59,4473895.53,1.0,Puerta Calle,1.0,Abierto,542500.0,CALLE                   ,NUNCIO                                            ,11000624.0,1.0,NUM,4.0,  ,10.0,542500.0,CALLE                   ,NUNCIO                                            ,11000624.0,1.0,NUM,4.0,  ,,,,,,,1,01,BAR - RESTAURANTE,I,HOSTELERÍA,56,SERVICIOS DE COMIDAS Y BEBIDAS,561004,BAR RESTAURANTE,13/09/2026,NUNCIO,4,direccion
4739669328,node,40.4158164,-3.6976757,El Rincón de Esteban,,Calle de Santa Catalina,3,28014,Madrid,+34 914 29 92 89,http://www.elrincondeesteban.com/,,,,,,SANTA CATALINA,3,SANTA CATALINA|3,270044253.0,1.0,CENTRO              ,103.0,CORTES              ,3.0,1072.0,72.0,440807.59,4474140.52,1.0,Puerta Calle,1.0,Abierto,692700.0,CALLE                   ,SANTA CATALINA                                    ,11004138.0,1.0,NUM,3.0,  ,10.0,692700.0,CALLE                   ,SANTA CATALINA                                    ,11004138.0,1.0,NUM,3.0,  ,,,,,,,1,DR,RESTAURANTE  EL RINCON DE ESTEBAN,I,HOSTELERÍA,56,SERVICIOS DE COMIDAS Y BEBIDAS,561001,RESTAURANTE,13/09/2026,SANTA CATALINA,3,direccion
4745037862,node,40.4217378,-3.7001352,El Tigre del Norte,regional;tapas,Calle de Hortaleza,23,28004,Madrid,,https://bareltigre.es,,,,,,HORTALEZA,23,HORTALEZA|23,10001237.0,1.0,CENTRO              ,104.0,JUSTICIA            ,4.0,1075.0,75.0,440605.59,4474802.53,1.0,Puerta Calle,1.0,Abierto,365400.0,CALLE                   ,HORTALEZA                                         ,11004453.0,1.0,NUM,23.0,  ,10.0,365400.0,CALLE                   ,HORTALEZA                                         ,11004453.0,1.0,NUM,23.0,  ,,,,,,,1,02,EL TIGRE DEL NORTE,I,HOSTELERÍA,56,SERVICIOS DE COMIDAS Y BEBIDAS,561004,BAR RESTAURANTE,13/09/2026,HORTALEZA,23,direccion
4745037864,node,40.423789,-3.6985126,Pizzaiolo,pizza,Calle de Hortaleza,84,28004,Madrid,,,,,,,,HORTALEZA,84,HORTALEZA|84,10002458.0,1.0,CENTRO              ,104.0,JUSTICIA            ,4.0,1081.0,81.0,440746.59,4475031.53,1.0,Puerta Calle,1.0,Abierto,365400.0,CALLE                   ,HORTALEZA                                         ,11004845.0,1.0,NUM,84.0,  ,20.0,365400.0,CALLE                   ,HORTALEZA                                         ,11004845.0,1.0,NUM,84.0,  ,,,,,,,1,02,PIZZAIOLO,I,HOSTELERÍA,56,SERVICIOS DE COMIDAS Y BEBIDAS,561002,RESTAURANTES DE COMIDA RAPIDA,13/09/2026,HORTALEZA,84,direccion
4745037867,node,40.4260686,-3.6967662,Villa Capri,,Calle de Hortaleza,118,28004,Madrid,+34 914 41 62 99,,,,,,,HORTALEZA,118,HORTALEZA|118,280010004.0,1.0,CENTRO              ,104.0,JUSTICIA            ,4.0,1084.0,84.0,440894.59,4475281.52,1.0,Puerta Calle,1.0,Abierto,365400.0,CALLE                   ,HORTALEZA                                         ,11005033.0,1.0,NUM,118.0,  ,20.0,365400.0,CALLE                   ,HORTALEZA                                         ,11005033.0,1.0,NUM,118.0,  ,,,,,,,1,DR,VILLA CAPRI,I,HOSTELERÍA,56,SERVICIOS DE COMIDAS Y BEBIDAS,561001,RESTAURANTE,13/09/2026,HORTALEZA,118,direccion
4760712970,node,40.4251522,-3.695104,Dray Martina,,Calle de Argensola,7,28004,Madrid,+34 910 81 00 56,http://www.draymartina.com/,,,,,,ARGENSOLA,7,ARGENSOLA|7,270046174.0,1.0,CENTRO              ,104.0,JUSTICIA            ,4.0,1084.0,84.0,441030.59,4475169.52,1.0,Puerta Calle,1.0,Abierto,70000.0,CALLE                   ,ARGENSOLA                                         ,11005009.0,1.0,NUM,7.0,  ,10.0,70000.0,CALLE                   ,ARGENSOLA                                         ,11005009.0,1.0,NUM,7.0,  ,,,,,,,1,IZ,LA TASCA SUPREMA RESTAURANTE VINOS,I,HOSTELERÍA,56,SERVICIOS DE COMIDAS Y BEBIDAS,561001,RESTAURANTE,13/09/2026,ARGENSOLA,7,direccion
4760712970,node,40.4251522,-3.695104,Dray Martina,,Calle de Argensola,7,28004,Madrid,+34 910 81 00 56,http://www.draymartina.com/,,,,,,ARGENSOLA,7,ARGENSOLA|7,270449859.0,1.0,CENTRO              ,104.0,JUSTICIA            ,4.0,1084.0,84.0,441035.59,4475177.52,1.0,Puerta Calle,1.0,Abierto,70000.0,CALLE                   ,ARGENSOLA                                         ,11005009.0,1.0,NUM,7.0,  ,20.0,70000.0,CALLE                   ,ARGENSOLA                                         ,11005009.0,1.0,NUM,7.0,  ,,,,,,,1,DR,DRAY MARTINI,I,HOSTELERÍA,56,SERVICIOS DE COMIDAS Y BEBIDAS,561001,RESTAURANTE,13/09/2026,ARGENSOLA,7,direccion
4776957467,node,40.4177567,-3.7103633,Taberna Los López,,Calle de Vergara,3,28013,Madrid,+34 91 326 03 46,https://tabernaloslopez.com,12:00-24:00,,,,,VERGARA,3,VERGARA|3,270038165.0,1.0,CENTRO              ,101.0,PALACIO             ,1.0,1006.0,6.0,439741.6,4474368.53,1.0,Puerta Calle,1.0,Abierto,776900.0,CALLE                   ,VERGARA                                           ,11000322.0,1.0,NUM,3.0,  ,10.0,776900.0,CALLE                   ,VERGARA                                           ,11000322.0,1.0,NUM,3.0,  ,,,,,,,1,IZ,MR PIZZA,I,HOSTELERÍA,56,SERVICIOS DE COMIDAS Y BEBIDAS,561002,RESTAURANTES DE COMIDA RAPIDA,13/09/2026,VERGARA,3,direccion
4776957468,node,40.4174533,-3.7108206,Taberna El Zorzal,,Calle de Santa Clara,10,28013,Madrid,,https://www.tabernaelzorzal.es/,,,,,,SANTA CLARA,10,SANTA CLARA|10,270038155.0,1.0,CENTRO              ,101.0,PALACIO             ,1.0,1006.0,6.0,439694.6,4474334.53,1.0,Puerta Calle,1.0,Abierto,693300.0,CALLE                   ,SANTA CLARA                                       ,11000315.0,1.0,NUM,10.0,  ,10.0,693300.0,CALLE                   ,SANTA CLARA                                       ,11000315.0,1.0,NUM,10.0,  ,,,,,,,1, ,RESTAURANTE CASA MARTA,I,HOSTELERÍA,56,SERVICIOS DE COMIDAS Y BEBIDAS,561001,RESTAURANTE,13/09/2026,SANTA CLARA,10,direccion
4776957468,node,40.4174533,-3.7108206,Taberna El Zorzal,,Calle de Santa Clara,10,28013,Madrid,,https://www.tabernaelzorzal.es/,,,,,,SANTA CLARA,10,SANTA CLARA|10,280007364.0,1.0,CENTRO              ,101.0,PALACIO             ,1.0,1006.0,6.0,439701.6,4474350.53,1.0,Puerta Calle,1.0,Abierto,693300.0,CALLE                   ,SANTA CLARA                                       ,11000315.0,1.0,NUM,10.0,  ,20.0,776900.0,CALLE                   ,VERGARA                                           ,20128199.0,1.0,NUM,7.0,  ,,,,,,,1,IZ,MUESTRA,I,HOSTELERÍA,56,SERVICIOS DE COMIDAS Y BEBIDAS,561001,RESTAURANTE,13/09/2026,SANTA CLARA,10,direccion
4776957471,node,40.4149688,-3.7093521,Amicis,,Plaza del Conde de Miranda,4,28005,Madrid,+34 91 541 37 00,,,,,,,CONDE DE MIRANDA,4,CONDE DE MIRANDA|4,280012122.0,1.0,CENTRO              ,101.0,PALACIO             ,1.0,1008.0,8.0,439816.59,4474066.53,1.0,Puerta Calle,1.0,Abierto,206000.0,PLAZA                   ,CONDE DE MIRANDA                                  ,20147514.0,1.0,NUM,4.0,  ,20.0,205900.0,CALLE                   ,CONDE DE MIRANDA                                  ,20003864.0,1.0,NUM,2.0,  ,,,,,,,1,02,EL PIMIENTO VERDE,I,HOSTELERÍA,56,SERVICIOS DE COMIDAS Y BEBIDAS,561004,BAR RESTAURANTE,13/09/2026,CONDE DE MIRANDA,4,direccion
4778747540,node,40.4228629,-3.6970058,Hermanos Vinagre,,Calle de Gravina,17,28004,Madrid,+34 91 524 91 31,https://hermanosvinagre.com/,,,,,,GRAVINA,17,GRAVINA|17,280009788.0,1.0,CENTRO              ,104.0,JUSTICIA            ,4.0,1079.0,79.0,440871.59,4474925.52,1.0,Puerta Calle,1.0,Abierto,344000.0,CALLE                   ,GRAVINA                                           ,11004747.0,1.0,NUM,17.0,  ,10.0,344000.0,CALLE                   ,GRAVINA                                           ,11004747.0,1.0,NUM,17.0,  ,,,,,,,1,01,HERMANOS VINAGRE,I,HOSTELERÍA,56,SERVICIOS DE COMIDAS Y BEBIDAS,561001,RESTAURANTE,13/09/2026,GRAVINA,17,direccion
4778747540,node,40.4228629,-3.6970058,Hermanos Vinagre,,Calle de Gravina,17,28004,Madrid,+34 91 524 91 31,https://hermanosvinagre.com/,,,,,,GRAVINA,17,GRAVINA|17,280009789.0,1.0,CENTRO              ,104.0,JUSTICIA            ,4.0,1079.0,79.0,440886.59,4474920.52,1.0,Puerta Calle,1.0,Abierto,344000.0,CALLE                   ,GRAVINA                                           ,11004747.0,1.0,NUM,17.0,  ,20.0,344000.0,CALLE                   ,GRAVINA                                           ,11004747.0,1.0,NUM,17.0,  ,,,,,,,1,03,ABBASID,I,HOSTELERÍA,56,SERVICIOS DE COMIDAS Y BEBIDAS,561001,RESTAURANTE,13/09/2026,GRAVINA,17,direccion
4804547521,node,40.4158609,-3.6988681,Saporem Ventura,,Calle de Ventura de la Vega,5,28014,Madrid,,https://the-saporem.tumblr.com/,,,,,,VENTURA DE LA VEGA,5,VENTURA DE LA VEGA|5,270545344.0,1.0,CENTRO              ,103.0,CORTES              ,3.0,1072.0,72.0,440708.59,4474144.53,1.0,Puerta Calle,1.0,Abierto,775400.0,CALLE                   ,VENTURA DE LA VEGA                                ,11003944.0,1.0,NUM,5.0,  ,10.0,775400.0,CALLE                   ,VENTURA DE LA VEGA                                ,11003944.0,1.0,NUM,5.0,  ,,,,,,,1,01,HOSTAL ROOM 007,I,HOSTELERÍA,56,SERVICIOS DE COMIDAS Y BEBIDAS,561004,BAR RESTAURANTE,13/09/2026,VENTURA DE LA VEGA,5,direccion
4809463355,node,40.4101444,-3.6989426,Los Porfiados,argentinian,Calle de Buenavista,18,28012,Madrid,+34 91 084 2945,https://www.losporfiados.com/,,,,,,BUENAVISTA,18,BUENAVISTA|18,280008643.0,1.0,CENTRO              ,102.0,EMBAJADORES         ,2.0,1046.0,46.0,440693.59,4473512.52,1.0,Puerta Calle,1.0,Abierto,117200.0,CALLE                   ,BUENAVISTA                                        ,11002581.0,1.0,NUM,18.0,  ,10.0,117200.0,CALLE                   ,BUENAVISTA                                        ,11002581.0,1.0,NUM,18.0,  ,,,,,,,1,01,LOS PORFIADOS,I,HOSTELERÍA,56,SERVICIOS DE COMIDAS Y BEBIDAS,561001,RESTAURANTE,13/09/2026,BUENAVISTA,18,direccion
4809627324,node,40.4157563,-3.7026653,Cuevas El Secreto,spanish,Calle de Barcelona,2,28012,,+34915318291,http://www.cuevaselsecreto.com,,,,,limited,BARCELONA,2,BARCELONA|2,280011448.0,1.0,CENTRO              ,106.0,SOL                 ,6.0,1119.0,119.0,440387.59,4474132.53,1.0,Puerta Calle,1.0,Abierto,93000.0,CALLE                   ,BARCELONA                                         ,11007449.0,1.0,NUM,2.0,  ,10.0,93000.0,CALLE                   ,BARCELONA                                         ,11007449.0,1.0,NUM,2.0,  ,,,,,,,1,01,LAS CUEVAS EL SECRETO II,I,HOSTELERÍA,56,SERVICIOS DE COMIDAS Y BEBIDAS,561004,BAR RESTAURANTE,13/09/2026,BARCELONA,2,direccion
4887540578,node,40.4147076,-3.6996208,mune,lebanese,Calle del Prado,3,28012,Madrid,+34 650 017491,https://munemadrid.com/prado,13:30-00:00,,,,,PRADO,3,PRADO|3,270454864.0,1.0,CENTRO              ,103.0,CORTES              ,3.0,1072.0,72.0,440639.59,4474020.53,1.0,Puerta Calle,1.0,Abierto,606800.0,CALLE                   ,PRADO                                             ,11003955.0,1.0,NUM,3.0,  ,20.0,606800.0,CALLE                   ,PRADO                                             ,11003955.0,1.0,NUM,3.0,  ,,,,,,,1,DR,LOBSTAR,I,HOSTELERÍA,56,SERVICIOS DE COMIDAS Y BEBIDAS,561001,RESTAURANTE,13/09/2026,PRADO,3,direccion
4889301785,node,40.4223051,-3.6979578,Morgana,regional,Calle de Augusto Figueroa,33,28004,Madrid,+34 910 55 86 34,,,,,,,AUGUSTO FIGUEROA,33,AUGUSTO FIGUEROA|33,280009757.0,1.0,CENTRO              ,104.0,JUSTICIA            ,4.0,1081.0,81.0,440798.59,4474885.53,1.0,Puerta Calle,1.0,Abierto,81800.0,CALLE                   ,AUGUSTO FIGUEROA                                  ,11004716.0,1.0,NUM,33.0,  ,50.0,230900.0,PLAZA                   ,CHUECA                                            ,11004715.0,1.0,NUM,1.0,  ,,,,,,,1,04,RODILLA,I,HOSTELERÍA,56,SERVICIOS DE COMIDAS Y BEBIDAS,561001,RESTAURANTE,13/09/2026,AUGUSTO FIGUEROA,33,direccion
4893649062,node,40.4207841,-3.7021303,Burnout,burger,Calle de Valverde,6,28004,Madrid,+34 699736391,http://www.burnoutburgers.com/,,,,,,VALVERDE,6,VALVERDE|6,280011282.0,1.0,CENTRO              ,105.0,UNIVERSIDAD         ,5.0,1116.0,116.0,440435.59,4474696.53,1.0,Puerta Calle,1.0,Abierto,769700.0,CALLE                   ,VALVERDE                                          ,11007175.0,1.0,NUM,6.0,  ,20.0,769700.0,CALLE                   ,VALVERDE                                          ,11007175.0,1.0,NUM,6.0,  ,,,,,,,1,DR,BURNOUT,I,HOSTELERÍA,56,SERVICIOS DE COMIDAS Y BEBIDAS,561001,RESTAURANTE,13/09/2026,VALVERDE,6,direccion
4934324723,node,40.4130461,-3.6959942,Taberna Maceiras,,Calle de las Huertas,66,28014,Madrid,+34 91 429 15 84,https://tabernamaceira.com/,"Mo-Su 01:15-16:45, 20:30-00:00",,,,,HUERTAS,66,HUERTAS|66,10001216.0,1.0,CENTRO              ,103.0,CORTES              ,3.0,1064.0,64.0,440952.59,4473832.52,1.0,Puerta Calle,1.0,Abierto,369000.0,CALLE                   ,HUERTAS                                           ,11003461.0,1.0,NUM,66.0,  ,20.0,369000.0,CALLE                   ,HUERTAS                                           ,11003461.0,1.0,NUM,66.0,  ,,,,,,,1,DR,TABERNA MACEIRAS,I,HOSTELERÍA,56,SERVICIOS DE COMIDAS Y BEBIDAS,561001,RESTAURANTE,13/09/2026,HUERTAS,66,direccion
4934324723,node,40.4130461,-3.6959942,Taberna Maceiras,,Calle de las Huertas,66,28014,Madrid,+34 91 429 15 84,https://tabernamaceira.com/,"Mo-Su 01:15-16:45, 20:30-00:00",,,,,HUERTAS,66,HUERTAS|66,270419646.0,1.0,CENTRO              ,103.0,CORTES              ,3.0,1064.0,64.0,440959.59,4473830.52,1.0,Puerta Calle,1.0,Abierto,369000.0,CALLE                   ,HUERTAS                                           ,11003461.0,1.0,NUM,66.0,  ,10.0,369000.0,CALLE                   ,HUERTAS                                           ,11003461.0,1.0,NUM,66.0,  ,,,,,,,1,IZ,CAÑAS Y TAPAS,I,HOSTELERÍA,56,SERVICIOS DE COMIDAS Y BEBIDAS,561001,RESTAURANTE,13/09/2026,HUERTAS,66,direccion
4934324723,node,40.4130461,-3.6959942,Taberna Maceiras,,Calle de las Huertas,66,28014,Madrid,+34 91 429 15 84,https://tabernamaceira.com/,"Mo-Su 01:15-16:45, 20:30-00:00",,,,,HUERTAS,66,HUERTAS|66,270419646.0,1.0,CENTRO              ,103.0,CORTES              ,3.0,1064.0,64.0,440959.59,4473830.52,1.0,Puerta Calle,1.0,Abierto,369000.0,CALLE                   ,HUERTAS                                           ,11003461.0,1.0,NUM,66.0,  ,10.0,369000.0,CALLE                   ,HUERTAS                                           ,11003461.0,1.0,NUM,66.0,  ,,,,,,,1,IZ,CAÑAS Y TAPAS,I,HOSTELERÍA,56,SERVICIOS DE COMIDAS Y BEBIDAS,561004,BAR RESTAURANTE,13/09/2026,HUERTAS,66,direccion
4934324724,node,40.4104513,-3.6928735,Pad Thai,thai,Paseo del Prado,40,28014,Madrid,,,,,,,,PRADO,40,PRADO|40,280009061.0,1.0,CENTRO              ,103.0,CORTES              ,3.0,1062.0,62.0,441211.58,4473545.52,1.0,Puerta Calle,1.0,Abierto,606900.0,PASEO                   ,PRADO                                             ,11003373.0,1.0,NUM,40.0,  ,20.0,606900.0,PASEO                   ,PRADO                                             ,11003373.0,1.0,NUM,40.0,  ,,,,,,,1,DR,PAD THAI,I,HOSTELERÍA,56,SERVICIOS DE COMIDAS Y BEBIDAS,561001,RESTAURANTE,13/09/2026,PRADO,40,direccion
4934368525,node,40.4139905,-3.7009649,Il Piccolino della Farfalla,argentinian;italian,Calle de las Huertas,6,28012,Madrid,+34 91 369 43 91,,,,,,,HUERTAS,6,HUERTAS|6,270348155.0,1.0,CENTRO              ,103.0,CORTES              ,3.0,1067.0,67.0,440528.59,4473941.53,1.0,Puerta Calle,1.0,Abierto,369000.0,CALLE                   ,HUERTAS                                           ,11003631.0,1.0,NUM,6.0,  ,10.0,369000.0,CALLE                   ,HUERTAS                                           ,11003631.0,1.0,NUM,6.0,  ,,,,,,,1,01,IL PICOLINO DELLA FARFALLA,I,HOSTELERÍA,56,SERVICIOS DE COMIDAS Y BEBIDAS,561001,RESTAURANTE,13/09/2026,HUERTAS,6,direccion
4937199322,node,40.4199305,-3.6985478,Qing Ping Guo,chinese,Calle de la Reina,31,28004,,,,,,,,,REINA,31,REINA|31,280009696.0,1.0,CENTRO              ,104.0,JUSTICIA            ,4.0,1074.0,74.0,440743.59,4474598.53,1.0,Puerta Calle,1.0,Abierto,635000.0,CALLE                   ,REINA                                             ,11004340.0,1.0,NUM,31.0,  ,20.0,635000.0,CALLE                   ,REINA                                             ,11004340.0,1.0,NUM,31.0,  ,,,,,,,1,DR,DAI KICHI,I,HOSTELERÍA,56,SERVICIOS DE COMIDAS Y BEBIDAS,561001,RESTAURANTE,13/09/2026,REINA,31,direccion
4937199322,node,40.4199305,-3.6985478,Qing Ping Guo,chinese,Calle de la Reina,31,28004,,,,,,,,,REINA,31,REINA|31,285002954.0,1.0,CENTRO              ,104.0,JUSTICIA            ,4.0,1074.0,74.0,440735.59,4474602.53,1.0,Puerta Calle,1.0,Abierto,635000.0,CALLE                   ,REINA                                             ,11004340.0,1.0,NUM,31.0,  ,10.0,635000.0,CALLE                   ,REINA                                             ,11004340.0,1.0,NUM,31.0,  ,,,,,,,1,IZ,CHAOTIANMEN,I,HOSTELERÍA,56,SERVICIOS DE COMIDAS Y BEBIDAS,561001,RESTAURANTE,13/09/2026,REINA,31,direccion
4949144924,node,40.4151754,-3.6988622,El Rincón de Pangpang,chinese,Calle de Ventura de la Vega,19,28014,Madrid,+34912680683,,,,,,,VENTURA DE LA VEGA,19,VENTURA DE LA VEGA|19,280009313.0,1.0,CENTRO              ,103.0,CORTES              ,3.0,1072.0,72.0,440703.59,4474071.52,1.0,Puerta Calle,1.0,Abierto,775400.0,CALLE                   ,VENTURA DE LA VEGA                                ,11003951.0,1.0,NUM,19.0,  ,10.0,775400.0,CALLE                   ,VENTURA DE LA VEGA                                ,11003951.0,1.0,NUM,19.0,  ,,,,,,,1,IZ,RESTAURANTE CHINO,I,HOSTELERÍA,56,SERVICIOS DE COMIDAS Y BEBIDAS,561004,BAR RESTAURANTE,13/09/2026,VENTURA DE LA VEGA,19,direccion
4949185922,node,40.4150133,-3.7026001,Hamburguesería Don Oso,burger,Calle de la Cruz,26,28012,Madrid,,https://www.hamburgueseriasdonoso.com/,,,,,,CRUZ,26,CRUZ|26,10001940.0,1.0,CENTRO              ,106.0,SOL                 ,6.0,1119.0,119.0,440389.59,4474055.53,1.0,Puerta Calle,1.0,Abierto,221000.0,CALLE                   ,CRUZ                                              ,11007483.0,1.0,NUM,26.0,  ,20.0,93000.0,CALLE                   ,BARCELONA                                         ,20006666.0,1.0,NUM,16.0,  ,,,,,,,1,DR,HAMBURGUESERIAS DON OSO DESDE 1973,I,HOSTELERÍA,56,SERVICIOS DE COMIDAS Y BEBIDAS,561001,RESTAURANTE,13/09/2026,CRUZ,26,direccion
4953243721,node,40.4149977,-3.6984798,Goiko Grill,burger,Calle del Prado,15,28014,Madrid,+34910609476,https://www.goikogrill.com/,,,,,,PRADO,15,PRADO|15,280009303.0,1.0,CENTRO              ,103.0,CORTES              ,3.0,1072.0,72.0,440724.59,4474046.52,1.0,Puerta Calle,1.0,Abierto,606800.0,CALLE                   ,PRADO                                             ,11003913.0,1.0,NUM,15.0,  ,10.0,606800.0,CALLE                   ,PRADO                                             ,11003913.0,1.0,NUM,15.0,  ,,,,,,,1,IZ,LA HUERTA DE TUDELA,I,HOSTELERÍA,56,SERVICIOS DE COMIDAS Y BEBIDAS,561001,RESTAURANTE,13/09/2026,PRADO,15,direccion
4953243721,node,40.4149977,-3.6984798,Goiko Grill,burger,Calle del Prado,15,28014,Madrid,+34910609476,https://www.goikogrill.com/,,,,,,PRADO,15,PRADO|15,280009304.0,1.0,CENTRO              ,103.0,CORTES              ,3.0,1072.0,72.0,440734.59,4474050.52,1.0,Puerta Calle,1.0,Abierto,606800.0,CALLE                   ,PRADO                                             ,11003913.0,1.0,NUM,15.0,  ,20.0,606800.0,CALLE                   ,PRADO                                             ,11003913.0,1.0,NUM,15.0,  ,,,,,,,1,DR,GOIKO,I,HOSTELERÍA,56,SERVICIOS DE COMIDAS Y BEBIDAS,561004,BAR RESTAURANTE,13/09/2026,PRADO,15,direccion
4955359321,node,40.4246294,-3.6965193,Trattoria Pulcinella,pizza,Calle de Regueros,7,28004,,,,,,,,,REGUEROS,7,REGUEROS|7,270356349.0,1.0,CENTRO              ,104.0,JUSTICIA            ,4.0,1079.0,79.0,440913.59,4475120.52,1.0,Puerta Calle,1.0,Abierto,634800.0,CALLE                   ,REGUEROS                                          ,11004825.0,1.0,NUM,7.0,  ,10.0,634800.0,CALLE                   ,REGUEROS                                          ,11004825.0,1.0,NUM,7.0,  ,,,,,,,1,01,RISTORANTE PULCINELLA,I,HOSTELERÍA,56,SERVICIOS DE COMIDAS Y BEBIDAS,561004,BAR RESTAURANTE,13/09/2026,REGUEROS,7,direccion
4955359421,node,40.4222185,-3.6972722,Gracias Padre,mexican,Calle de Augusto Figueroa,37,28004,,+34 919551706,https://graciaspadre.es/,,,,,no,AUGUSTO FIGUEROA,37,AUGUSTO FIGUEROA|37,10000097.0,1.0,CENTRO              ,104.0,JUSTICIA            ,4.0,1077.0,77.0,440851.59,4474857.52,1.0,Puerta Calle,1.0,Abierto,81800.0,CALLE                   ,AUGUSTO FIGUEROA                                  ,11004589.0,1.0,NUM,37.0,  ,20.0,437400.0,CALLE                   ,LIBERTAD                                          ,11004588.0,1.0,NUM,31.0,  ,,,,,,,1,02,"GRACIAS, PADRE",I,HOSTELERÍA,56,SERVICIOS DE COMIDAS Y BEBIDAS,561001,RESTAURANTE,13/09/2026,AUGUSTO FIGUEROA,37,direccion
4957425221,node,40.420541,-3.696901,Thai Orchid,thai,Calle de Colmenares,5,28004,,+34915318537,http://www.thaiorchid.es,"Mo-Su 13:00-16:00, 20:30-00:00",,,,,COLMENARES,5,COLMENARES|5,280009562.0,1.0,CENTRO              ,104.0,JUSTICIA            ,4.0,1074.0,74.0,440880.59,4474668.52,1.0,Puerta Calle,1.0,Abierto,176400.0,CALLE                   ,COLMENARES                                        ,11004298.0,1.0,NUM,5.0,  ,20.0,176400.0,CALLE                   ,COLMENARES                                        ,11004298.0,1.0,NUM,5.0,  ,,,,,,,1,02,RESTAURANTE INDIAN ACCENT,I,HOSTELERÍA,56,SERVICIOS DE COMIDAS Y BEBIDAS,561001,RESTAURANTE,13/09/2026,COLMENARES,5,direccion
4957425221,node,40.420541,-3.696901,Thai Orchid,thai,Calle de Colmenares,5,28004,,+34915318537,http://www.thaiorchid.es,"Mo-Su 13:00-16:00, 20:30-00:00",,,,,COLMENARES,5,COLMENARES|5,285002942.0,1.0,CENTRO              ,104.0,JUSTICIA            ,4.0,1074.0,74.0,440880.59,4474659.52,1.0,Puerta Calle,1.0,Abierto,176400.0,CALLE                   ,COLMENARES                                        ,11004298.0,1.0,NUM,5.0,  ,10.0,176400.0,CALLE                   ,COLMENARES                                        ,11004298.0,1.0,NUM,5.0,  ,,,,,,,1,01,RESTAURANTE THAI ORCHID,I,HOSTELERÍA,56,SERVICIOS DE COMIDAS Y BEBIDAS,561004,BAR RESTAURANTE,13/09/2026,COLMENARES,5,direccion
4957425222,node,40.4208526,-3.6974679,Al Jaima La Cocina del Desierto 2,,Calle de la Libertad,13,28004,,,,,,,,,LIBERTAD,13,LIBERTAD|13,270044721.0,1.0,CENTRO              ,104.0,JUSTICIA            ,4.0,1074.0,74.0,440833.59,4474708.52,1.0,Puerta Calle,1.0,Abierto,437400.0,CALLE                   ,LIBERTAD                                          ,11004275.0,1.0,NUM,13.0,  ,20.0,437400.0,CALLE                   ,LIBERTAD                                          ,11004275.0,1.0,NUM,13.0,  ,,,,,,,1,IZ,RESTAURANTE LIBANÉS SOLIDERE,I,HOSTELERÍA,56,SERVICIOS DE COMIDAS Y BEBIDAS,561001,RESTAURANTE,13/09/2026,LIBERTAD,13,direccion
4957425222,node,40.4208526,-3.6974679,Al Jaima La Cocina del Desierto 2,,Calle de la Libertad,13,28004,,,,,,,,,LIBERTAD,13,LIBERTAD|13,285002935.0,1.0,CENTRO              ,104.0,JUSTICIA            ,4.0,1074.0,74.0,440832.59,4474699.52,1.0,Puerta Calle,1.0,Abierto,437400.0,CALLE                   ,LIBERTAD                                          ,11004275.0,1.0,NUM,13.0,  ,10.0,437400.0,CALLE                   ,LIBERTAD                                          ,11004275.0,1.0,NUM,13.0,  ,,,,,,,1,DR,NUNUKA,I,HOSTELERÍA,56,SERVICIOS DE COMIDAS Y BEBIDAS,561001,RESTAURANTE,13/09/2026,LIBERTAD,13,direccion
4957561222,node,40.4102599,-3.6944918,Nugu Burger,burger,Calle de Atocha,115,28012,Madrid,+34913437481,https://www.nuguburger.com/,"Mo-Su 12:00-16:00, 20:00-00:00",,,,,ATOCHA,115,ATOCHA|115,10000807.0,1.0,CENTRO              ,103.0,CORTES              ,3.0,1061.0,61.0,441074.59,4473525.52,1.0,Puerta Calle,1.0,Abierto,81600.0,CALLE                   ,ATOCHA                                            ,11003272.0,1.0,NUM,115.0,  ,20.0,81600.0,CALLE                   ,ATOCHA                                            ,11003272.0,1.0,NUM,115.0,  ,,,,,,,1,DR,NUGU BURGER,I,HOSTELERÍA,56,SERVICIOS DE COMIDAS Y BEBIDAS,561004,BAR RESTAURANTE,13/09/2026,ATOCHA,115,direccion
4957561222,node,40.4102599,-3.6944918,Nugu Burger,burger,Calle de Atocha,115,28012,Madrid,+34913437481,https://www.nuguburger.com/,"Mo-Su 12:00-16:00, 20:00-00:00",,,,,ATOCHA,115,ATOCHA|115,285002686.0,1.0,CENTRO              ,103.0,CORTES              ,3.0,1061.0,61.0,441067.59,4473529.52,1.0,Puerta Calle,1.0,Abierto,81600.0,CALLE                   ,ATOCHA                                            ,11003272.0,1.0,NUM,115.0,  ,10.0,81600.0,CALLE                   ,ATOCHA                                            ,11003272.0,1.0,NUM,115.0,  ,,,,,,,1,IZ,MAWAZIN,I,HOSTELERÍA,56,SERVICIOS DE COMIDAS Y BEBIDAS,561004,BAR RESTAURANTE,13/09/2026,ATOCHA,115,direccion
4961700273,node,40.4141541,-3.6977511,La Entretenida,,Calle Cervantes,16,28014,Madrid,+34 91 737 75 88,https://laentretenida.com/,,,,,,CERVANTES,16,CERVANTES|16,270331262.0,1.0,CENTRO              ,103.0,CORTES              ,3.0,1065.0,65.0,440800.59,4473974.52,1.0,Puerta Calle,1.0,Abierto,168100.0,CALLE                   ,CERVANTES                                         ,11003539.0,1.0,NUM,16.0,  ,10.0,168100.0,CALLE                   ,CERVANTES                                         ,11003539.0,1.0,NUM,16.0,  ,,,,,,,1,01,RÃ³TULO NO INFORMADO,I,HOSTELERÍA,56,SERVICIOS DE COMIDAS Y BEBIDAS,561004,BAR RESTAURANTE,13/09/2026,CERVANTES,16,direccion
4962635822,node,40.4139211,-3.7006181,Vi Cool,spanish,Calle de las Huertas,12,28012,Madrid,,http://vi-cool.com/es/inicio/,,,,,,HUERTAS,12,HUERTAS|12,285002817.0,1.0,CENTRO              ,103.0,CORTES              ,3.0,1067.0,67.0,440557.59,4473935.53,1.0,Puerta Calle,1.0,Abierto,369000.0,CALLE                   ,HUERTAS                                           ,11003634.0,1.0,NUM,12.0,  ,10.0,369000.0,CALLE                   ,HUERTAS                                           ,11003634.0,1.0,NUM,12.0,  ,,,,,,,1,IZ,VI COOL HUERTAS,I,HOSTELERÍA,56,SERVICIOS DE COMIDAS Y BEBIDAS,561004,BAR RESTAURANTE,13/09/2026,HUERTAS,12,direccion
4968314425,node,40.4221131,-3.6996301,Bósforos,chicken;kebab;turkish,Calle de Hortaleza,42,,,,,,,,,,HORTALEZA,42,HORTALEZA|42,270045288.0,1.0,CENTRO              ,104.0,JUSTICIA            ,4.0,1076.0,76.0,440647.59,4474849.53,1.0,Puerta Calle,1.0,Abierto,365400.0,CALLE                   ,HORTALEZA                                         ,11004507.0,1.0,NUM,42.0,  ,10.0,365400.0,CALLE                   ,HORTALEZA                                         ,11004507.0,1.0,NUM,42.0,  ,,,,,,,1,DR,BOSFOROS_TURKLAH KEBAB,I,HOSTELERÍA,56,SERVICIOS DE COMIDAS Y BEBIDAS,561004,BAR RESTAURANTE,13/09/2026,HORTALEZA,42,direccion
5000734321,node,40.4246347,-3.6964968,Pulcinella,italian,Calle de Regueros,7,28004,,,,,,,,,REGUEROS,7,REGUEROS|7,270356349.0,1.0,CENTRO              ,104.0,JUSTICIA            ,4.0,1079.0,79.0,440913.59,4475120.52,1.0,Puerta Calle,1.0,Abierto,634800.0,CALLE                   ,REGUEROS                                          ,11004825.0,1.0,NUM,7.0,  ,10.0,634800.0,CALLE                   ,REGUEROS                                          ,11004825.0,1.0,NUM,7.0,  ,,,,,,,1,01,RISTORANTE PULCINELLA,I,HOSTELERÍA,56,SERVICIOS DE COMIDAS Y BEBIDAS,561004,BAR RESTAURANTE,13/09/2026,REGUEROS,7,direccion
5062889867,node,40.4139785,-3.7105342,Taberna La Sartén del Conde,,Calle del Conde,1,,,,,,,,,,CONDE,1,CONDE|1,280007538.0,1.0,CENTRO              ,101.0,PALACIO             ,1.0,1009.0,9.0,439715.6,4473948.53,1.0,Puerta Calle,1.0,Abierto,204200.0,CALLE                   ,CONDE                                             ,11000613.0,1.0,NUM,1.0,  ,10.0,204200.0,CALLE                   ,CONDE                                             ,11000613.0,1.0,NUM,1.0,  ,,,,,,,1,A,TAQUERIA ALAMILLO,I,HOSTELERÍA,56,SERVICIOS DE COMIDAS Y BEBIDAS,561001,RESTAURANTE,13/09/2026,CONDE,1,direccion
5083496622,node,40.4130232,-3.6959252,La Colonial de Huertas,,Calle de las Huertas,66,28014,Madrid,,,,,,,,HUERTAS,66,HUERTAS|66,10001216.0,1.0,CENTRO              ,103.0,CORTES              ,3.0,1064.0,64.0,440952.59,4473832.52,1.0,Puerta Calle,1.0,Abierto,369000.0,CALLE                   ,HUERTAS                                           ,11003461.0,1.0,NUM,66.0,  ,20.0,369000.0,CALLE                   ,HUERTAS                                           ,11003461.0,1.0,NUM,66.0,  ,,,,,,,1,DR,TABERNA MACEIRAS,I,HOSTELERÍA,56,SERVICIOS DE COMIDAS Y BEBIDAS,561001,RESTAURANTE,13/09/2026,HUERTAS,66,direccion
5083496622,node,40.4130232,-3.6959252,La Colonial de Huertas,,Calle de las Huertas,66,28014,Madrid,,,,,,,,HUERTAS,66,HUERTAS|66,270419646.0,1.0,CENTRO              ,103.0,CORTES              ,3.0,1064.0,64.0,440959.59,4473830.52,1.0,Puerta Calle,1.0,Abierto,369000.0,CALLE                   ,HUERTAS                                           ,11003461.0,1.0,NUM,66.0,  ,10.0,369000.0,CALLE                   ,HUERTAS                                           ,11003461.0,1.0,NUM,66.0,  ,,,,,,,1,IZ,CAÑAS Y TAPAS,I,HOSTELERÍA,56,SERVICIOS DE COMIDAS Y BEBIDAS,561001,RESTAURANTE,13/09/2026,HUERTAS,66,direccion
5083496622,node,40.4130232,-3.6959252,La Colonial de Huertas,,Calle de las Huertas,66,28014,Madrid,,,,,,,,HUERTAS,66,HUERTAS|66,270419646.0,1.0,CENTRO              ,103.0,CORTES              ,3.0,1064.0,64.0,440959.59,4473830.52,1.0,Puerta Calle,1.0,Abierto,369000.0,CALLE                   ,HUERTAS                                           ,11003461.0,1.0,NUM,66.0,  ,10.0,369000.0,CALLE                   ,HUERTAS                                           ,11003461.0,1.0,NUM,66.0,  ,,,,,,,1,IZ,CAÑAS Y TAPAS,I,HOSTELERÍA,56,SERVICIOS DE COMIDAS Y BEBIDAS,561004,BAR RESTAURANTE,13/09/2026,HUERTAS,66,direccion
5085913640,node,40.4094709,-3.6934229,Ôven,italian,Calle de Atocha,114,28012,Madrid,,https://www.oven.es/,,yes,,,limited,ATOCHA,114,ATOCHA|114,270399037.0,1.0,CENTRO              ,102.0,EMBAJADORES         ,2.0,1058.0,58.0,441165.58,4473436.52,1.0,Puerta Calle,1.0,Abierto,81600.0,CALLE                   ,ATOCHA                                            ,11003111.0,1.0,NUM,114.0,  ,40.0,81600.0,CALLE                   ,ATOCHA                                            ,11003111.0,1.0,NUM,114.0,  ,,,,,,,1,04,OVEN,I,HOSTELERÍA,56,SERVICIOS DE COMIDAS Y BEBIDAS,561004,BAR RESTAURANTE,13/09/2026,ATOCHA,114,direccion
5085913643,node,40.4110723,-3.7066866,Toga,spanish;mediterranean,Calle de Juanelo,23,28012,Madrid,+34 910 41 44 39,https://togarestaurante.com/,"Tu-Su 13:00-17:00, 20:00-00:00",,,,,JUANELO,23,JUANELO|23,280007753.0,1.0,CENTRO              ,102.0,EMBAJADORES         ,2.0,1029.0,29.0,440044.59,4473623.53,1.0,Puerta Calle,1.0,Abierto,420500.0,CALLE                   ,JUANELO                                           ,11001790.0,1.0,NUM,23.0,  ,10.0,420500.0,CALLE                   ,JUANELO                                           ,11001790.0,1.0,NUM,23.0,  ,,,,,,,1,01,TOGA RESTAURANTE,I,HOSTELERÍA,56,SERVICIOS DE COMIDAS Y BEBIDAS,561004,BAR RESTAURANTE,13/09/2026,JUANELO,23,direccion
5085913644,node,40.4245942,-3.6963316,Dstage,international,Calle de Regueros,8,28004,,+34 917 02 15 86,https://www.dstageconcept.com/,,,,,,REGUEROS,8,REGUEROS|8,285003095.0,1.0,CENTRO              ,104.0,JUSTICIA            ,4.0,1084.0,84.0,440932.59,4475126.52,1.0,Puerta Calle,1.0,Abierto,634800.0,CALLE                   ,REGUEROS                                          ,11005036.0,1.0,NUM,8.0,  ,10.0,634800.0,CALLE                   ,REGUEROS                                          ,11005036.0,1.0,NUM,8.0,  ,,,,,,,1,01,GUERRERO RESTAURACION S.L.,I,HOSTELERÍA,56,SERVICIOS DE COMIDAS Y BEBIDAS,561001,RESTAURANTE,13/09/2026,REGUEROS,8,direccion
5161918021,node,40.4155528,-3.7018651,Casa Toni,tapas,Calle de la Cruz,14,28012,Madrid,,,,,,,,CRUZ,14,CRUZ|14,270492106.0,1.0,CENTRO              ,106.0,SOL                 ,6.0,1119.0,119.0,440462.59,4474127.53,1.0,Puerta Calle,1.0,Abierto,221000.0,CALLE                   ,CRUZ                                              ,11007480.0,1.0,NUM,14.0,  ,30.0,782700.0,CALLE                   ,VICTORIA                                          ,20006782.0,1.0,NUM,10.0,  ,,,,,,,1,03,MUSEO DEL VINO,I,HOSTELERÍA,56,SERVICIOS DE COMIDAS Y BEBIDAS,561004,BAR RESTAURANTE,13/09/2026,CRUZ,14,direccion
5180990123,node,40.4257159,-3.702929,Pizzie & Dixie,italian_pizza;pasta,Calle de San Vicente Ferrer,16,28004,,+34 912 65 98 87,https://pizzidixie.com/,,,,,,SAN VICENTE FERRER,16,SAN VICENTE FERRER|16,280010650.0,1.0,CENTRO              ,105.0,UNIVERSIDAD         ,5.0,1101.0,101.0,440376.59,4475245.53,1.0,Puerta Calle,1.0,Abierto,687600.0,CALLE                   ,SAN VICENTE FERRER                                ,11006090.0,1.0,NUM,16.0,  ,10.0,687600.0,CALLE                   ,SAN VICENTE FERRER                                ,11006090.0,1.0,NUM,16.0,  ,,,,,,,1,02,PIXIE DIXIE,I,HOSTELERÍA,56,SERVICIOS DE COMIDAS Y BEBIDAS,561001,RESTAURANTE,13/09/2026,SAN VICENTE FERRER,16,direccion
5254285264,node,40.4203351,-3.6985887,Sultan Palast,turkish,Calle de las Infantas,30,28004,Madrid,+34 91 599 39 13,,,,,,no,INFANTAS,30,INFANTAS|30,270530872.0,1.0,CENTRO              ,104.0,JUSTICIA            ,4.0,1074.0,74.0,440717.59,4474653.53,1.0,Puerta Calle,1.0,Abierto,373600.0,CALLE                   ,INFANTAS                                          ,11004335.0,1.0,NUM,30.0,  ,50.0,373600.0,CALLE                   ,INFANTAS                                          ,11004335.0,1.0,NUM,30.0,  ,,,,,,,1,05,SIDRERIA EL TIGRE,I,HOSTELERÍA,56,SERVICIOS DE COMIDAS Y BEBIDAS,561004,BAR RESTAURANTE,13/09/2026,INFANTAS,30,direccion
5254285264,node,40.4203351,-3.6985887,Sultan Palast,turkish,Calle de las Infantas,30,28004,Madrid,+34 91 599 39 13,,,,,,no,INFANTAS,30,INFANTAS|30,280009689.0,1.0,CENTRO              ,104.0,JUSTICIA            ,4.0,1074.0,74.0,440733.59,4474647.53,1.0,Puerta Calle,1.0,Abierto,373600.0,CALLE                   ,INFANTAS                                          ,11004335.0,1.0,NUM,30.0,  ,10.0,373600.0,CALLE                   ,INFANTAS                                          ,11004335.0,1.0,NUM,30.0,  ,,,,,,,1,01,SULTAN PALAST,I,HOSTELERÍA,56,SERVICIOS DE COMIDAS Y BEBIDAS,561001,RESTAURANTE,13/09/2026,INFANTAS,30,direccion
5298121158,node,40.4193794,-3.7075636,X Bowl,chinese,Calle de las Veneras,5,28013,Madrid,+34 910838119,https://xbowl.es/,,,,,,VENERAS,5,VENERAS|5,280011337.0,1.0,CENTRO              ,106.0,SOL                 ,6.0,1117.0,117.0,439973.6,4474545.53,1.0,Puerta Calle,1.0,Abierto,774000.0,CALLE                   ,VENERAS                                           ,11007244.0,1.0,NUM,5.0,  ,10.0,774000.0,CALLE                   ,VENERAS                                           ,11007244.0,1.0,NUM,5.0,  ,,,,,,,1,01,ROTULO NO INFORMADO,I,HOSTELERÍA,56,SERVICIOS DE COMIDAS Y BEBIDAS,561001,RESTAURANTE,13/09/2026,VENERAS,5,direccion
5301260521,node,40.421766,-3.6955967,La Pizzería,,Calle del Barquillo,20,,,,,,,,,,BARQUILLO,20,BARQUILLO|20,270044537.0,1.0,CENTRO              ,104.0,JUSTICIA            ,4.0,1073.0,73.0,440990.59,4474811.52,1.0,Puerta Calle,1.0,Abierto,94000.0,CALLE                   ,BARQUILLO                                         ,11004211.0,1.0,NUM,20.0,  ,10.0,94000.0,CALLE                   ,BARQUILLO                                         ,11004211.0,1.0,NUM,20.0,  ,,,,,,,1,IZ,CAFETERIA ROCAFRIA,I,HOSTELERÍA,56,SERVICIOS DE COMIDAS Y BEBIDAS,561004,BAR RESTAURANTE,13/09/2026,BARQUILLO,20,direccion
5301260521,node,40.421766,-3.6955967,La Pizzería,,Calle del Barquillo,20,,,,,,,,,,BARQUILLO,20,BARQUILLO|20,280009504.0,1.0,CENTRO              ,104.0,JUSTICIA            ,4.0,1073.0,73.0,440989.59,4474803.52,1.0,Puerta Calle,1.0,Abierto,94000.0,CALLE                   ,BARQUILLO                                         ,11004211.0,1.0,NUM,20.0,  ,20.0,94000.0,CALLE                   ,BARQUILLO                                         ,11004211.0,1.0,NUM,20.0,  ,,,,,,,1,DR,CAFRUNE,I,HOSTELERÍA,56,SERVICIOS DE COMIDAS Y BEBIDAS,561004,BAR RESTAURANTE,13/09/2026,BARQUILLO,20,direccion
5308740721,node,40.4157146,-3.698826,Restaurante Atlantic,,Calle de Ventura de la Vega,11,28014,Madrid,,,,,,,,VENTURA DE LA VEGA,11,VENTURA DE LA VEGA|11,280009310.0,1.0,CENTRO              ,103.0,CORTES              ,3.0,1072.0,72.0,440705.59,4474110.53,1.0,Puerta Calle,1.0,Abierto,775400.0,CALLE                   ,VENTURA DE LA VEGA                                ,11003947.0,1.0,NUM,11.0,  ,10.0,775400.0,CALLE                   ,VENTURA DE LA VEGA                                ,11003947.0,1.0,NUM,11.0,  ,,,,,,,1,DR,EL CHAPARRITO,I,HOSTELERÍA,56,SERVICIOS DE COMIDAS Y BEBIDAS,561001,RESTAURANTE,13/09/2026,VENTURA DE LA VEGA,11,direccion
5344731323,node,40.4220975,-3.6968794,Davanti,italian,Calle de Augusto Figueroa,41,28004,Madrid,+34 910697855,https://www.davantirestaurante.com/,,,,,limited,AUGUSTO FIGUEROA,41,AUGUSTO FIGUEROA|41,280012000.0,1.0,CENTRO              ,104.0,JUSTICIA            ,4.0,1077.0,77.0,440879.59,4474841.52,1.0,Puerta Calle,1.0,Abierto,81800.0,CALLE                   ,AUGUSTO FIGUEROA                                  ,20005604.0,1.0,NUM,41.0,  ,10.0,81800.0,CALLE                   ,AUGUSTO FIGUEROA                                  ,20005604.0,1.0,NUM,41.0,  ,,,,,,,1,IZ,SABOR A MI,I,HOSTELERÍA,56,SERVICIOS DE COMIDAS Y BEBIDAS,561001,RESTAURANTE,13/09/2026,AUGUSTO FIGUEROA,41,direccion
5357321265,node,40.4153702,-3.6990329,El Luarqués,,Calle de Ventura de la Vega,16,28014,Madrid,,https://elluarques.es/,,,,,,VENTURA DE LA VEGA,16,VENTURA DE LA VEGA|16,270476288.0,1.0,CENTRO              ,103.0,CORTES              ,3.0,1072.0,72.0,440693.59,4474088.53,1.0,Puerta Calle,1.0,Abierto,775400.0,CALLE                   ,VENTURA DE LA VEGA                                ,11003941.0,1.0,NUM,16.0,  ,10.0,775400.0,CALLE                   ,VENTURA DE LA VEGA                                ,11003941.0,1.0,NUM,16.0,  ,,,,,,,1,DR,RESTAURANTE LUARQUES,I,HOSTELERÍA,56,SERVICIOS DE COMIDAS Y BEBIDAS,561001,RESTAURANTE,13/09/2026,VENTURA DE LA VEGA,16,direccion
5370259458,node,40.4162827,-3.7074421,Rolenka,,Calle Mayor,30,28013,Madrid,,http://www.rolenka.com/,,,,,no,MAYOR,30,MAYOR|30,270438474.0,1.0,CENTRO              ,106.0,SOL                 ,6.0,1121.0,121.0,440036.59,4474151.53,1.0,Puerta Calle,1.0,Abierto,498000.0,PLAZA                   ,MAYOR                                             ,11007753.0,1.0,NUM,30.0,  ,10.0,498000.0,PLAZA                   ,MAYOR                                             ,11007753.0,1.0,NUM,30.0,  ,,,,,,,1, ,EL GATO NEGRO,I,HOSTELERÍA,56,SERVICIOS DE COMIDAS Y BEBIDAS,561004,BAR RESTAURANTE,13/09/2026,MAYOR,30,direccion
5370259458,node,40.4162827,-3.7074421,Rolenka,,Calle Mayor,30,28013,Madrid,,http://www.rolenka.com/,,,,,no,MAYOR,30,MAYOR|30,270509059.0,1.0,CENTRO              ,106.0,SOL                 ,6.0,1123.0,123.0,439971.59,4474201.53,1.0,Puerta Calle,1.0,Abierto,497800.0,CALLE                   ,MAYOR                                             ,11007814.0,1.0,NUM,30.0,  ,10.0,497800.0,CALLE                   ,MAYOR                                             ,11007814.0,1.0,NUM,30.0,  ,,,,,,,1,01,"COLE NÚMERO 9, S.L.U.",I,HOSTELERÍA,56,SERVICIOS DE COMIDAS Y BEBIDAS,561004,BAR RESTAURANTE,13/09/2026,MAYOR,30,direccion
5370259458,node,40.4162827,-3.7074421,Rolenka,,Calle Mayor,30,28013,Madrid,,http://www.rolenka.com/,,,,,no,MAYOR,30,MAYOR|30,270521474.0,1.0,CENTRO              ,106.0,SOL                 ,6.0,1123.0,123.0,439978.59,4474202.53,1.0,Puerta Calle,1.0,Abierto,497800.0,CALLE                   ,MAYOR                                             ,11007814.0,1.0,NUM,30.0,  ,20.0,497800.0,CALLE                   ,MAYOR                                             ,11007814.0,1.0,NUM,30.0,  ,,,,,,,1,02,LA PANERA ROSA,I,HOSTELERÍA,56,SERVICIOS DE COMIDAS Y BEBIDAS,561001,RESTAURANTE,13/09/2026,MAYOR,30,direccion
5383807293,node,40.4140365,-3.7079139,El Madroño,,Calle de Latoneros,10,,Madrid,,,,,,,,LATONEROS,10,LATONEROS|10,10003286.0,1.0,CENTRO              ,106.0,SOL                 ,6.0,1121.0,121.0,439933.59,4473947.53,1.0,Puerta Calle,1.0,Abierto,431600.0,CALLE                   ,LATONEROS                                         ,11007711.0,1.0,NUM,10.0,  ,10.0,431600.0,CALLE                   ,LATONEROS                                         ,11007711.0,1.0,NUM,10.0,  ,,,,,,,1,IZ,EL MADROÑO,I,HOSTELERÍA,56,SERVICIOS DE COMIDAS Y BEBIDAS,561001,RESTAURANTE,13/09/2026,LATONEROS,10,direccion
5401122190,node,40.4220228,-3.6940747,Pacifico,,Calle del Conde de Xiquena,2,28004,Madrid,,,,,,,no,CONDE DE XIQUENA,2,CONDE DE XIQUENA|2,270541233.0,1.0,CENTRO              ,104.0,JUSTICIA            ,4.0,1073.0,73.0,441117.59,4474829.52,1.0,Puerta Calle,1.0,Abierto,207300.0,CALLE                   ,CONDE DE XIQUENA                                  ,11004218.0,1.0,NUM,2.0,  ,30.0,207300.0,CALLE                   ,CONDE DE XIQUENA                                  ,11004218.0,1.0,NUM,2.0,  ,,,,,,,1,03,PACIFICO MADRID SMASH BURGUER,I,HOSTELERÍA,56,SERVICIOS DE COMIDAS Y BEBIDAS,561001,RESTAURANTE,13/09/2026,CONDE DE XIQUENA,2,direccion
5401122190,node,40.4220228,-3.6940747,Pacifico,,Calle del Conde de Xiquena,2,28004,Madrid,,,,,,,no,CONDE DE XIQUENA,2,CONDE DE XIQUENA|2,270541233.0,1.0,CENTRO              ,104.0,JUSTICIA            ,4.0,1073.0,73.0,441117.59,4474829.52,1.0,Puerta Calle,1.0,Abierto,207300.0,CALLE                   ,CONDE DE XIQUENA                                  ,11004218.0,1.0,NUM,2.0,  ,30.0,207300.0,CALLE                   ,CONDE DE XIQUENA                                  ,11004218.0,1.0,NUM,2.0,  ,,,,,,,1,03,PACIFICO MADRID SMASH BURGUER,I,HOSTELERÍA,56,SERVICIOS DE COMIDAS Y BEBIDAS,561002,RESTAURANTES DE COMIDA RAPIDA,13/09/2026,CONDE DE XIQUENA,2,direccion
5401122190,node,40.4220228,-3.6940747,Pacifico,,Calle del Conde de Xiquena,2,28004,Madrid,,,,,,,no,CONDE DE XIQUENA,2,CONDE DE XIQUENA|2,285002923.0,1.0,CENTRO              ,104.0,JUSTICIA            ,4.0,1073.0,73.0,441118.59,4474824.52,1.0,Puerta Calle,1.0,Abierto,207300.0,CALLE                   ,CONDE DE XIQUENA                                  ,11004218.0,1.0,NUM,2.0,  ,40.0,609000.0,CALLE                   ,PRIM                                              ,20005394.0,1.0,NUM,7.0,  ,,,,,,,1,04,RENCAJAL,I,HOSTELERÍA,56,SERVICIOS DE COMIDAS Y BEBIDAS,561004,BAR RESTAURANTE,13/09/2026,CONDE DE XIQUENA,2,direccion
5407227100,node,40.4258267,-3.6944066,Le Petit,,Calle de Argensola,24,28004,Madrid,+34 91 308 50 41,http://petitappetit.es/,,,,,no,ARGENSOLA,24,ARGENSOLA|24,280010078.0,1.0,CENTRO              ,104.0,JUSTICIA            ,4.0,1084.0,84.0,441099.59,4475262.52,1.0,Puerta Calle,1.0,Abierto,70000.0,CALLE                   ,ARGENSOLA                                         ,11005099.0,1.0,NUM,24.0,  ,20.0,70000.0,CALLE                   ,ARGENSOLA                                         ,11005099.0,1.0,NUM,24.0,  ,,,,,,,1,03,LE PETIT PETTIT APPETIT,I,HOSTELERÍA,56,SERVICIOS DE COMIDAS Y BEBIDAS,561001,RESTAURANTE,13/09/2026,ARGENSOLA,24,direccion
5409792479,node,40.4164328,-3.7006566,El Fontán,regional,Plaza de Canalejas,6,28014,Madrid,+34 913 486 569,https://www.tabernaelfontan.com/en/,,,,,limited,CANALEJAS,6,CANALEJAS|6,270052188.0,1.0,CENTRO              ,106.0,SOL                 ,6.0,1119.0,119.0,440553.59,4474217.53,1.0,Puerta Calle,1.0,Abierto,131900.0,PLAZA                   ,CANALEJAS                                         ,11007462.0,1.0,NUM,6.0,  ,10.0,131900.0,PLAZA                   ,CANALEJAS                                         ,11007462.0,1.0,NUM,6.0,  ,,,,,,,1,01,TABERNA FONTAN,I,HOSTELERÍA,56,SERVICIOS DE COMIDAS Y BEBIDAS,561004,BAR RESTAURANTE,13/09/2026,CANALEJAS,6,direccion
5412144559,node,40.4086148,-3.7108135,Aviseu,regional,Calle de Toledo,90,28005,Madrid,,,,yes,,,no,TOLEDO,90,TOLEDO|90,270528805.0,1.0,CENTRO              ,101.0,PALACIO             ,1.0,1021.0,21.0,439686.59,4473352.53,1.0,Puerta Calle,1.0,Abierto,743600.0,CALLE                   ,TOLEDO                                            ,11001245.0,1.0,NUM,90.0,  ,10.0,743600.0,CALLE                   ,TOLEDO                                            ,11001245.0,1.0,NUM,90.0,  ,,,,,,,1,B,SIDRERIA AVISEO,I,HOSTELERÍA,56,SERVICIOS DE COMIDAS Y BEBIDAS,561004,BAR RESTAURANTE,13/09/2026,TOLEDO,90,direccion
5424538410,node,40.4156855,-3.7101204,El Chaparrito,mexican,Calle Mayor,68,28013,Madrid,+34 915 42 46 81,http://www.restauranteschaparritos.com/,,,,,limited,MAYOR,68,MAYOR|68,280007441.0,1.0,CENTRO              ,101.0,PALACIO             ,1.0,1007.0,7.0,439744.6,4474133.53,1.0,Puerta Calle,1.0,Abierto,497800.0,CALLE                   ,MAYOR                                             ,11000463.0,1.0,NUM,68.0,  ,10.0,497800.0,CALLE                   ,MAYOR                                             ,11000463.0,1.0,NUM,68.0,  ,,,,,,,1,CC3,MIRADOR SAN FINS,I,HOSTELERÍA,56,SERVICIOS DE COMIDAS Y BEBIDAS,561004,BAR RESTAURANTE,13/09/2026,MAYOR,68,direccion
5437522106,node,40.4177451,-3.7080954,SteakBurger,,Calle del Arenal,26,28013,Madrid,,,,,,,,ARENAL,26,ARENAL|26,280011680.0,1.0,CENTRO              ,106.0,SOL                 ,6.0,1124.0,124.0,439907.6,4474392.53,1.0,Puerta Calle,1.0,Abierto,68300.0,CALLE                   ,ARENAL                                            ,11007835.0,1.0,NUM,26.0,  ,70.0,248900.0,CALLE                   ,DONADOS                                           ,20104689.0,1.0,NUM,2.0,  ,,,,,,,1,10,COR & COR,I,HOSTELERÍA,56,SERVICIOS DE COMIDAS Y BEBIDAS,561001,RESTAURANTE,13/09/2026,ARENAL,26,direccion
5498929492,node,40.419165,-3.7018285,lemongrass,thai,Calle de la Montera,36,28013,Madrid,,http://www.lemongrass.es/,,,,,limited,MONTERA,36,MONTERA|36,280011399.0,1.0,CENTRO              ,106.0,SOL                 ,6.0,1118.0,118.0,440459.59,4474518.53,1.0,Puerta Calle,1.0,Abierto,519000.0,CALLE                   ,MONTERA                                           ,11007369.0,1.0,NUM,36.0,  ,10.0,519000.0,CALLE                   ,MONTERA                                           ,11007369.0,1.0,NUM,36.0,  ,,,,,,,1,02,JALO ,I,HOSTELERÍA,56,SERVICIOS DE COMIDAS Y BEBIDAS,561001,RESTAURANTE,13/09/2026,MONTERA,36,direccion
5636725421,node,40.413712,-3.6960077,Yantar,,Calle de Lope de Vega,37,,,,,,,,,no,LOPE DE VEGA,37,LOPE DE VEGA|37,280009442.0,1.0,CENTRO              ,103.0,CORTES              ,3.0,1071.0,71.0,440946.59,4473909.52,1.0,Puerta Calle,1.0,Abierto,441000.0,CALLE                   ,LOPE DE VEGA                                      ,11003983.0,1.0,NUM,37.0,  ,10.0,441000.0,CALLE                   ,LOPE DE VEGA                                      ,11003983.0,1.0,NUM,37.0,  ,,,,,,,1,EX,CAFETERIA RESTAURANTE LOPE DE VEGA,I,HOSTELERÍA,56,SERVICIOS DE COMIDAS Y BEBIDAS,561001,RESTAURANTE,13/09/2026,LOPE DE VEGA,37,direccion
5743649843,node,40.4206154,-3.6968944,Marengo,,Calle de Colmenares,5,28004,Madrid,,,,no,,,,COLMENARES,5,COLMENARES|5,280009562.0,1.0,CENTRO              ,104.0,JUSTICIA            ,4.0,1074.0,74.0,440880.59,4474668.52,1.0,Puerta Calle,1.0,Abierto,176400.0,CALLE                   ,COLMENARES                                        ,11004298.0,1.0,NUM,5.0,  ,20.0,176400.0,CALLE                   ,COLMENARES                                        ,11004298.0,1.0,NUM,5.0,  ,,,,,,,1,02,RESTAURANTE INDIAN ACCENT,I,HOSTELERÍA,56,SERVICIOS DE COMIDAS Y BEBIDAS,561001,RESTAURANTE,13/09/2026,COLMENARES,5,direccion
5743649843,node,40.4206154,-3.6968944,Marengo,,Calle de Colmenares,5,28004,Madrid,,,,no,,,,COLMENARES,5,COLMENARES|5,285002942.0,1.0,CENTRO              ,104.0,JUSTICIA            ,4.0,1074.0,74.0,440880.59,4474659.52,1.0,Puerta Calle,1.0,Abierto,176400.0,CALLE                   ,COLMENARES                                        ,11004298.0,1.0,NUM,5.0,  ,10.0,176400.0,CALLE                   ,COLMENARES                                        ,11004298.0,1.0,NUM,5.0,  ,,,,,,,1,01,RESTAURANTE THAI ORCHID,I,HOSTELERÍA,56,SERVICIOS DE COMIDAS Y BEBIDAS,561004,BAR RESTAURANTE,13/09/2026,COLMENARES,5,direccion
5745919321,node,40.4163539,-3.7043354,La Adriana,argentinian,Calle del Correo,2,28012,Madrid,,,,yes,,,,CORREO,2,CORREO|2,280011573.0,1.0,CENTRO              ,106.0,SOL                 ,6.0,1120.0,120.0,440246.59,4474202.53,1.0,Puerta Calle,1.0,Abierto,215800.0,CALLE                   ,CORREO                                            ,11007576.0,1.0,NUM,2.0,  ,10.0,215800.0,CALLE                   ,CORREO                                            ,11007576.0,1.0,NUM,2.0,  ,,,,,,,1,01,ESTANCIA LA ADRIANA,I,HOSTELERÍA,56,SERVICIOS DE COMIDAS Y BEBIDAS,561004,BAR RESTAURANTE,13/09/2026,CORREO,2,direccion
5748979126,node,40.4122364,-3.7096108,Viejo madrid,,Calle de la Cava Baja,32,28005,,,,,,,,,CAVA BAJA,32,CAVA BAJA|32,270038690.0,1.0,CENTRO              ,101.0,PALACIO             ,1.0,1011.0,11.0,439792.59,4473754.53,1.0,Puerta Calle,1.0,Abierto,158700.0,CALLE                   ,CAVA BAJA                                         ,11000679.0,1.0,NUM,32.0,  ,10.0,158700.0,CALLE                   ,CAVA BAJA                                         ,11000679.0,1.0,NUM,32.0,  ,,,,,,,1,01,TABERNA LOS HUEVOS DE LUCIO,I,HOSTELERÍA,56,SERVICIOS DE COMIDAS Y BEBIDAS,561001,RESTAURANTE,13/09/2026,CAVA BAJA,32,direccion
5774871356,node,40.4248508,-3.6978211,Honest Greens,organic,Calle de Hortaleza,100,28004,Madrid,+34 931 22 76 64,https://honestgreens.com/,"Mo-Fr 08:30-12:00, Sa,Su 09:30-12:30, Mo-Th 12:30-23:00, Fr 12:30-24:00, Sa 13:00-24:00, Su 13:00-23:00",,,,yes,HORTALEZA,100,HORTALEZA|100,280009867.0,1.0,CENTRO              ,104.0,JUSTICIA            ,4.0,1081.0,81.0,440800.59,4475139.53,1.0,Puerta Calle,1.0,Abierto,365400.0,CALLE                   ,HORTALEZA                                         ,11004853.0,1.0,NUM,100.0,  ,10.0,365400.0,CALLE                   ,HORTALEZA                                         ,11004853.0,1.0,NUM,100.0,  ,,,,,,,1, ,HONEST GREENS,I,HOSTELERÍA,56,SERVICIOS DE COMIDAS Y BEBIDAS,561001,RESTAURANTE,13/09/2026,HORTALEZA,100,direccion
5784746841,node,40.4183018,-3.7017555,Pe de Pisco,peruvian,Calle de la Aduana,5,28013,Madrid,+34 91166 66 83,https://www.pedepisco.com/,,,,,,ADUANA,5,ADUANA|5,10002328.0,1.0,CENTRO              ,106.0,SOL                 ,6.0,1118.0,118.0,440439.59,4474410.53,1.0,Puerta Calle,1.0,Abierto,6000.0,CALLE                   ,ADUANA                                            ,11007413.0,1.0,NUM,5.0,  ,10.0,6000.0,CALLE                   ,ADUANA                                            ,11007413.0,1.0,NUM,5.0,  ,,,,,,,1,101,PISCO SOUR,I,HOSTELERÍA,56,SERVICIOS DE COMIDAS Y BEBIDAS,561004,BAR RESTAURANTE,13/09/2026,ADUANA,5,direccion
5920795507,node,40.4241543,-3.6974283,Sr.Ito,japanese,Calle de Pelayo,60,,,+34 91 081 6615,,"Su-Th 13:30-16:00,20:00-23:30, Fr,Sa 13:30-16:30,20:00-24:00",,,,,PELAYO,60,PELAYO|60,280009837.0,1.0,CENTRO              ,104.0,JUSTICIA            ,4.0,1079.0,79.0,440835.59,4475068.53,1.0,Puerta Calle,1.0,Abierto,576200.0,CALLE                   ,PELAYO                                            ,11004811.0,1.0,NUM,60.0,  ,10.0,576200.0,CALLE                   ,PELAYO                                            ,11004811.0,1.0,NUM,60.0,  ,,,,,,,1,IZ,BAGATELA CAFÉ COCINA,I,HOSTELERÍA,56,SERVICIOS DE COMIDAS Y BEBIDAS,561001,RESTAURANTE,13/09/2026,PELAYO,60,direccion
6020244385,node,40.4252314,-3.7002181,Asador Limbo,,Calle de San Mateo,3,28004,,+34 910741495,,"Su-We 08:00-24:00, Th 08:00-00:30, Fr,Sa 08:00-01:30",,,,yes,SAN MATEO,3,SAN MATEO|3,270576045.0,1.0,CENTRO              ,104.0,JUSTICIA            ,4.0,1087.0,87.0,0.0,0.0,12.0,PC Asociado,1.0,Abierto,678800.0,CALLE                   ,SAN MATEO                                         ,31025284.0,1.0,NUM,3.0,  ,10.0,678800.0,CALLE                   ,SAN MATEO                                         ,31025284.0,1.0,NUM,3.0,  ,,,,,,,1,,LIMBO,I,HOSTELERÍA,56,SERVICIOS DE COMIDAS Y BEBIDAS,561004,BAR RESTAURANTE,13/09/2026,SAN MATEO,3,direccion
6042650475,node,40.421296,-3.7029037,La Gastro,,Calle del Barco,7,,,+34 91 364 2263,https://lagastrodechema.com/,,,,,,BARCO,7,BARCO|7,270433266.0,1.0,CENTRO              ,105.0,UNIVERSIDAD         ,5.0,1116.0,116.0,440371.59,4474758.53,1.0,Puerta Calle,1.0,Abierto,93200.0,CALLE                   ,BARCO                                             ,11007203.0,1.0,NUM,7.0,  ,10.0,93200.0,CALLE                   ,BARCO                                             ,11007203.0,1.0,NUM,7.0,  ,,,,,,,1,01,LA GASTRO,I,HOSTELERÍA,56,SERVICIOS DE COMIDAS Y BEBIDAS,561001,RESTAURANTE,13/09/2026,BARCO,7,direccion
6065452886,node,40.4176738,-3.702694,Doñaluz sky rooftop,,Calle de la Montera,10-12,,,,,,,,,,MONTERA,10,MONTERA|10,270373536.0,1.0,CENTRO              ,106.0,SOL                 ,6.0,1119.0,119.0,440381.59,4474352.53,1.0,Puerta Calle,1.0,Abierto,519000.0,CALLE                   ,MONTERA                                           ,20006724.0,1.0,NUM,10.0,  ,10.0,519000.0,CALLE                   ,MONTERA                                           ,20006724.0,1.0,NUM,10.0,  ,,,,,,,1,02,CAÑAS Y TAPAS,I,HOSTELERÍA,56,SERVICIOS DE COMIDAS Y BEBIDAS,561001,RESTAURANTE,13/09/2026,MONTERA,10,direccion
6065452886,node,40.4176738,-3.702694,Doñaluz sky rooftop,,Calle de la Montera,10-12,,,,,,,,,,MONTERA,10,MONTERA|10,270576803.0,1.0,CENTRO              ,106.0,SOL                 ,6.0,1119.0,119.0,0.0,0.0,12.0,PC Asociado,1.0,Abierto,519000.0,CALLE                   ,MONTERA                                           ,20006724.0,1.0,NUM,10.0,  ,5.0,519000.0,CALLE                   ,MONTERA                                           ,20006724.0,1.0,NUM,10.0,  ,,,,,,,1,03,DOÑA LUZ (AZOTEA PLANTA 6ª),I,HOSTELERÍA,56,SERVICIOS DE COMIDAS Y BEBIDAS,561004,BAR RESTAURANTE,13/09/2026,MONTERA,10,direccion
6065452886,node,40.4176738,-3.702694,Doñaluz sky rooftop,,Calle de la Montera,10-12,,,,,,,,,,MONTERA,10,MONTERA|10,280012052.0,1.0,CENTRO              ,106.0,SOL                 ,6.0,1119.0,119.0,440380.59,4474346.53,1.0,Puerta Calle,1.0,Abierto,519000.0,CALLE                   ,MONTERA                                           ,20006724.0,1.0,NUM,10.0,  ,20.0,519000.0,CALLE                   ,MONTERA                                           ,20006724.0,1.0,NUM,10.0,  ,,,,,,,1,01,CAFÉ Y TAPAS,I,HOSTELERÍA,56,SERVICIOS DE COMIDAS Y BEBIDAS,561004,BAR RESTAURANTE,13/09/2026,MONTERA,10,direccion
6082518585,node,40.4228481,-3.696923,Lobsterie,,Calle de Gravina,17,28004,,,https://lobsterie.com/,,,,,,GRAVINA,17,GRAVINA|17,280009788.0,1.0,CENTRO              ,104.0,JUSTICIA            ,4.0,1079.0,79.0,440871.59,4474925.52,1.0,Puerta Calle,1.0,Abierto,344000.0,CALLE                   ,GRAVINA                                           ,11004747.0,1.0,NUM,17.0,  ,10.0,344000.0,CALLE                   ,GRAVINA                                           ,11004747.0,1.0,NUM,17.0,  ,,,,,,,1,01,HERMANOS VINAGRE,I,HOSTELERÍA,56,SERVICIOS DE COMIDAS Y BEBIDAS,561001,RESTAURANTE,13/09/2026,GRAVINA,17,direccion
6082518585,node,40.4228481,-3.696923,Lobsterie,,Calle de Gravina,17,28004,,,https://lobsterie.com/,,,,,,GRAVINA,17,GRAVINA|17,280009789.0,1.0,CENTRO              ,104.0,JUSTICIA            ,4.0,1079.0,79.0,440886.59,4474920.52,1.0,Puerta Calle,1.0,Abierto,344000.0,CALLE                   ,GRAVINA                                           ,11004747.0,1.0,NUM,17.0,  ,20.0,344000.0,CALLE                   ,GRAVINA                                           ,11004747.0,1.0,NUM,17.0,  ,,,,,,,1,03,ABBASID,I,HOSTELERÍA,56,SERVICIOS DE COMIDAS Y BEBIDAS,561001,RESTAURANTE,13/09/2026,GRAVINA,17,direccion
6162003567,node,40.4246873,-3.6979226,Kinza,georgian,Calle de Hortaleza,96,,Madrid,,,Mo-Su 13:00-24:00,,,,,HORTALEZA,96,HORTALEZA|96,280012181.0,1.0,CENTRO              ,104.0,JUSTICIA            ,4.0,1081.0,81.0,440795.59,4475129.53,1.0,Puerta Calle,1.0,Abierto,365400.0,CALLE                   ,HORTALEZA                                         ,20148098.0,1.0,NUM,96.0,  ,10.0,365400.0,CALLE                   ,HORTALEZA                                         ,20148098.0,1.0,NUM,96.0,  ,,,,,,,1, ,STROMBOLI,I,HOSTELERÍA,56,SERVICIOS DE COMIDAS Y BEBIDAS,561004,BAR RESTAURANTE,13/09/2026,HORTALEZA,96,direccion
6208941634,node,40.4198525,-3.7074993,Asador de Aranda,regional,Calle Preciados,44,28013,Madrid,+34 915 47 21 56,,,,,,,PRECIADOS,44,PRECIADOS|44,270263251.0,1.0,CENTRO              ,106.0,SOL                 ,6.0,1117.0,117.0,439976.6,4474597.53,1.0,Puerta Calle,1.0,Abierto,608100.0,CALLE                   ,PRECIADOS                                         ,11007228.0,1.0,NUM,44.0,  ,10.0,608100.0,CALLE                   ,PRECIADOS                                         ,11007228.0,1.0,NUM,44.0,  ,,,,,,,1,IZ,EL ASADOR DE ARANDA SA,I,HOSTELERÍA,56,SERVICIOS DE COMIDAS Y BEBIDAS,561001,RESTAURANTE,13/09/2026,PRECIADOS,44,direccion
6258415785,node,40.4186693,-3.6994716,Hojaldrería,,Calle de la Virgen de los Peligros,8,28013,,+34910599153,https://www.hojaldreria.com/,Mo-Fr 08:30-19:00; Sa-Su 10:00-19:00,,,,,VIRGEN DE LOS PELIGROS,8,VIRGEN DE LOS PELIGROS|8,270044382.0,1.0,CENTRO              ,103.0,CORTES              ,3.0,1072.0,72.0,440654.59,4474466.53,1.0,Puerta Calle,1.0,Abierto,794800.0,CALLE                   ,VIRGEN DE LOS PELIGROS                            ,11004169.0,1.0,NUM,8.0,  ,10.0,794800.0,CALLE                   ,VIRGEN DE LOS PELIGROS                            ,11004169.0,1.0,NUM,8.0,  ,,,,,,,1,DR,HOJALDRERIA,I,HOSTELERÍA,56,SERVICIOS DE COMIDAS Y BEBIDAS,561001,RESTAURANTE,13/09/2026,VIRGEN DE LOS PELIGROS,8,direccion
6321678492,node,40.419828,-3.7073269,Steak Burger,,Calle Preciados,42,,,,,,,,,,PRECIADOS,42,PRECIADOS|42,270497977.0,1.0,CENTRO              ,106.0,SOL                 ,6.0,1117.0,117.0,439992.6,4474594.53,1.0,Puerta Calle,1.0,Abierto,608100.0,CALLE                   ,PRECIADOS                                         ,11007227.0,1.0,NUM,42.0,  ,10.0,608100.0,CALLE                   ,PRECIADOS                                         ,11007227.0,1.0,NUM,42.0,  ,,,,,,,1,IZ,STEAK BURGER,I,HOSTELERÍA,56,SERVICIOS DE COMIDAS Y BEBIDAS,561004,BAR RESTAURANTE,13/09/2026,PRECIADOS,42,direccion
6321678492,node,40.419828,-3.7073269,Steak Burger,,Calle Preciados,42,,,,,,,,,,PRECIADOS,42,PRECIADOS|42,285003903.0,1.0,CENTRO              ,106.0,SOL                 ,6.0,1117.0,117.0,440004.6,4474593.53,1.0,Puerta Calle,1.0,Abierto,608100.0,CALLE                   ,PRECIADOS                                         ,11007227.0,1.0,NUM,42.0,  ,20.0,608100.0,CALLE                   ,PRECIADOS                                         ,11007227.0,1.0,NUM,42.0,  ,,,,,,,1, ,EL GAUCHO (PARRILLA ARGENTINA),I,HOSTELERÍA,56,SERVICIOS DE COMIDAS Y BEBIDAS,561004,BAR RESTAURANTE,13/09/2026,PRECIADOS,42,direccion
6448649485,node,40.4159756,-3.6995699,Solo de Croquetas,spanish,Calle de Echegaray,5,28014,Madrid,,https://solodecroquetas.es,"Mo 00:00-01:00,13:30-16:00,19:30-24:00; Tu-Th 13:30-16:00,19:30-24:00; Fr 13:30-16:30,19:30-24:00; Sa,Su 00:00-01:00,13:00-17:00,19:30-24:00",,yes,yes,,ECHEGARAY,5,ECHEGARAY|5,285002864.0,1.0,CENTRO              ,103.0,CORTES              ,3.0,1072.0,72.0,440648.59,4474154.53,1.0,Puerta Calle,1.0,Abierto,255900.0,CALLE                   ,ECHEGARAY                                         ,11003887.0,1.0,NUM,5.0,  ,40.0,255900.0,CALLE                   ,ECHEGARAY                                         ,11003887.0,1.0,NUM,5.0,  ,,,,,,,1,04,RESTAURANTE,I,HOSTELERÍA,56,SERVICIOS DE COMIDAS Y BEBIDAS,561001,RESTAURANTE,13/09/2026,ECHEGARAY,5,direccion
6449373585,node,40.4243343,-3.7035137,Les Mauvais Garçons,,Calle de la Madera,36,28004,Madrid,,,,,,,,MADERA,36,MADERA|36,280010531.0,1.0,CENTRO              ,105.0,UNIVERSIDAD         ,5.0,1097.0,97.0,440323.59,4475096.53,1.0,Puerta Calle,1.0,Abierto,450970.0,CALLE                   ,MADERA                                            ,11005787.0,1.0,NUM,36.0,  ,20.0,450970.0,CALLE                   ,MADERA                                            ,11005787.0,1.0,NUM,36.0,  ,,,,,,,1,05,LES MAUVAIS GARCONS,I,HOSTELERÍA,56,SERVICIOS DE COMIDAS Y BEBIDAS,561001,RESTAURANTE,13/09/2026,MADERA,36,direccion
6499873321,node,40.4105047,-3.7062521,La Minoterie,crepe;french,Calle de la Encomienda,23,28012,Madrid,+34 910 25 42 02,https://laminoterie.es/,Tu-Fr 13:00-24:00; Sa-Su 11:00-24:00,no,,,,ENCOMIENDA,23,ENCOMIENDA|23,270304431.0,1.0,CENTRO              ,102.0,EMBAJADORES         ,2.0,1029.0,29.0,440075.59,4473560.53,1.0,Puerta Calle,1.0,Abierto,266100.0,CALLE                   ,ENCOMIENDA                                        ,11001786.0,1.0,NUM,23.0,  ,10.0,266100.0,CALLE                   ,ENCOMIENDA                                        ,11001786.0,1.0,NUM,23.0,  ,,,,,,,1,IZ,RESTAURANTE LA MINOTERIE,I,HOSTELERÍA,56,SERVICIOS DE COMIDAS Y BEBIDAS,561001,RESTAURANTE,13/09/2026,ENCOMIENDA,23,direccion
6502623207,node,40.4163594,-3.710077,Mama Dumplings,chinese,Calle de Santiago,10,28013,Madrid,+34 919 355 678,,,,,,,SANTIAGO,10,SANTIAGO|10,270527678.0,1.0,CENTRO              ,101.0,PALACIO             ,1.0,1007.0,7.0,439757.6,4474212.53,1.0,Puerta Calle,1.0,Abierto,700000.0,CALLE                   ,SANTIAGO                                          ,11000475.0,1.0,NUM,10.0,  ,10.0,700000.0,CALLE                   ,SANTIAGO                                          ,11000475.0,1.0,NUM,10.0,  ,,,,,,,1,01,TABERNILLA SANCHO PANZA 2,I,HOSTELERÍA,56,SERVICIOS DE COMIDAS Y BEBIDAS,561004,BAR RESTAURANTE,13/09/2026,SANTIAGO,10,direccion
6504527355,node,40.4137702,-3.6969025,Mariano,regional,Calle de Lope de Vega,25,28014,Madrid,+34 914292993,https://www.tabernamariano.com/,"Mo-Sa 10:00-18:00,20:30-01:30",,,,no,LOPE DE VEGA,25,LOPE DE VEGA|25,270192916.0,1.0,CENTRO              ,103.0,CORTES              ,3.0,1071.0,71.0,440871.59,4473912.52,1.0,Puerta Calle,1.0,Abierto,441000.0,CALLE                   ,LOPE DE VEGA                                      ,11003977.0,1.0,NUM,25.0,  ,10.0,441000.0,CALLE                   ,LOPE DE VEGA                                      ,11003977.0,1.0,NUM,25.0,  ,,,,,,,1,01,MARIANO TABERNA RESTAURANTE,I,HOSTELERÍA,56,SERVICIOS DE COMIDAS Y BEBIDAS,561004,BAR RESTAURANTE,13/09/2026,LOPE DE VEGA,25,direccion
6509866208,node,40.4220139,-3.6962825,Roostiq,,Calle de Augusto Figueroa,47,,Madrid,+34 918 53 24 34,https://roostiqmadrid.com/,,,,,,AUGUSTO FIGUEROA,47,AUGUSTO FIGUEROA|47,270045488.0,1.0,CENTRO              ,104.0,JUSTICIA            ,4.0,1077.0,77.0,440933.59,4474829.52,1.0,Puerta Calle,1.0,Abierto,81800.0,CALLE                   ,AUGUSTO FIGUEROA                                  ,11004617.0,1.0,NUM,47.0,  ,10.0,81800.0,CALLE                   ,AUGUSTO FIGUEROA                                  ,11004617.0,1.0,NUM,47.0,  ,,,,,,,1,01,LA BARDEMCILLA                                    ,I,HOSTELERÍA,56,SERVICIOS DE COMIDAS Y BEBIDAS,561004,BAR RESTAURANTE,13/09/2026,AUGUSTO FIGUEROA,47,direccion
6628543886,node,40.4187342,-3.6997175,Brescia,italian,Calle de la Virgen de los Peligros,7,,,,https://bresca.es/virgen-de-los-peligros/,Su-Th 12:00-00:00; Fr-Sa 12:00-01:00,no,,,,VIRGEN DE LOS PELIGROS,7,VIRGEN DE LOS PELIGROS|7,280011422.0,1.0,CENTRO              ,106.0,SOL                 ,6.0,1118.0,118.0,440638.59,4474470.53,1.0,Puerta Calle,1.0,Abierto,794800.0,CALLE                   ,VIRGEN DE LOS PELIGROS                            ,11007400.0,1.0,NUM,7.0,  ,10.0,794800.0,CALLE                   ,VIRGEN DE LOS PELIGROS                            ,11007400.0,1.0,NUM,7.0,  ,,,,,,,1,01,BRESCA,I,HOSTELERÍA,56,SERVICIOS DE COMIDAS Y BEBIDAS,561001,RESTAURANTE,13/09/2026,VIRGEN DE LOS PELIGROS,7,direccion
6853945891,node,40.4220011,-3.7116977,Casa Jacinto,mediterranean;spanish;regional;local,Calle del Reloj,20,28013,,+34915426725,https://www.restaurantecasajacinto.com/,Tu-Sa 13:00-16:30; Su 13:00-17:00,,,,,RELOJ,20,RELOJ|20,270037500.0,1.0,CENTRO              ,101.0,PALACIO             ,1.0,1002.0,2.0,439622.6,4474838.54,1.0,Puerta Calle,1.0,Abierto,635700.0,CALLE                   ,RELOJ                                             ,11000139.0,1.0,NUM,20.0,  ,10.0,635700.0,CALLE                   ,RELOJ                                             ,11000139.0,1.0,NUM,20.0,  ,,,,,,,1,02,CASA JACINTO,I,HOSTELERÍA,56,SERVICIOS DE COMIDAS Y BEBIDAS,561001,RESTAURANTE,13/09/2026,RELOJ,20,direccion
6896659516,node,40.413673,-3.6994414,Taberna El Sur de Huertas,,Calle de las Huertas,24,28014,Madrid,,,Mo-Su 12:00-00:30,,,,,HUERTAS,24,HUERTAS|24,270407748.0,1.0,CENTRO              ,103.0,CORTES              ,3.0,1067.0,67.0,440660.59,4473906.53,1.0,Puerta Calle,1.0,Abierto,369000.0,CALLE                   ,HUERTAS                                           ,11003699.0,1.0,NUM,24.0,  ,10.0,369000.0,CALLE                   ,HUERTAS                                           ,11003699.0,1.0,NUM,24.0,  ,,,,,,,1,03,EL SUR DE HUERTAS,I,HOSTELERÍA,56,SERVICIOS DE COMIDAS Y BEBIDAS,561004,BAR RESTAURANTE,13/09/2026,HUERTAS,24,direccion
6943824428,node,40.4251672,-3.6989903,Guasa,venezuelan,Calle de San Lorenzo,9,28004,,,https://www.guasagroup.com/guasa-madrid/,"We, Th, Su 13:00-16:00, 20:00-22:30; Fr, Sa 13:00-16:00, 20:00-23:30",,,,,SAN LORENZO,9,SAN LORENZO|9,280009926.0,1.0,CENTRO              ,104.0,JUSTICIA            ,4.0,1082.0,82.0,440707.59,4475180.53,1.0,Puerta Calle,1.0,Abierto,676500.0,CALLE                   ,SAN LORENZO                                       ,11004975.0,1.0,NUM,9.0,  ,20.0,676500.0,CALLE                   ,SAN LORENZO                                       ,11004975.0,1.0,NUM,9.0,  ,,,,,,,1,DR,PERRITO FALDERO,I,HOSTELERÍA,56,SERVICIOS DE COMIDAS Y BEBIDAS,561001,RESTAURANTE,13/09/2026,SAN LORENZO,9,direccion
7042301152,node,40.4222185,-3.7099091,Miyama,japanese,Calle de la Flor Baja,5,28013,,+34 91 540 1386,https://www.restaurantemiyama.com/,,,,,,FLOR BAJA,5,FLOR BAJA|5,10002415.0,1.0,CENTRO              ,101.0,PALACIO             ,1.0,1003.0,3.0,439778.6,4474862.53,1.0,Puerta Calle,1.0,Abierto,297800.0,CALLE                   ,FLOR BAJA                                         ,11000212.0,1.0,NUM,5.0,  ,20.0,297800.0,CALLE                   ,FLOR BAJA                                         ,11000212.0,1.0,NUM,5.0,  ,,,,,,,0,01,MIYAMA,I,HOSTELERÍA,56,SERVICIOS DE COMIDAS Y BEBIDAS,561001,RESTAURANTE,13/09/2026,FLOR BAJA,5,direccion
7042301152,node,40.4222185,-3.7099091,Miyama,japanese,Calle de la Flor Baja,5,28013,,+34 91 540 1386,https://www.restaurantemiyama.com/,,,,,,FLOR BAJA,5,FLOR BAJA|5,280007315.0,1.0,CENTRO              ,101.0,PALACIO             ,1.0,1003.0,3.0,439790.6,4474857.53,1.0,Puerta Calle,1.0,Abierto,297800.0,CALLE                   ,FLOR BAJA                                         ,11000212.0,1.0,NUM,5.0,  ,10.0,297800.0,CALLE                   ,FLOR BAJA                                         ,11000212.0,1.0,NUM,5.0,  ,,,,,,,0,02,KANPAI RESTAURANTE,I,HOSTELERÍA,56,SERVICIOS DE COMIDAS Y BEBIDAS,561001,RESTAURANTE,13/09/2026,FLOR BAJA,5,direccion
7069690385,node,40.4279411,-3.6979001,Ocafú Taberna Gallega Sagasta,,Calle de Sagasta,24,28004,Madrid,+34 917 469 188,https://ocafu.com/#sagasta,,,,,yes,SAGASTA,24,SAGASTA|24,270209632.0,1.0,CENTRO              ,104.0,JUSTICIA            ,4.0,1088.0,88.0,440794.59,4475493.53,1.0,Puerta Calle,1.0,Abierto,653500.0,CALLE                   ,SAGASTA                                           ,11005270.0,1.0,NUM,24.0,  ,40.0,653500.0,CALLE                   ,SAGASTA                                           ,11005270.0,1.0,NUM,24.0,  ,,,,,,,1,,OCAFÚ,I,HOSTELERÍA,56,SERVICIOS DE COMIDAS Y BEBIDAS,561004,BAR RESTAURANTE,13/09/2026,SAGASTA,24,direccion
7213695085,node,40.4135755,-3.6997425,Amano,,Plaza de Matute,4,28012,,+34 91 527 7970,https://www.a3manos.es,,,,,,MATUTE,4,MATUTE|4,280009231.0,1.0,CENTRO              ,103.0,CORTES              ,3.0,1067.0,67.0,440628.59,4473890.53,1.0,Puerta Calle,1.0,Abierto,496300.0,PLAZA                   ,MATUTE                                            ,11003696.0,1.0,NUM,4.0,  ,10.0,496300.0,PLAZA                   ,MATUTE                                            ,11003696.0,1.0,NUM,4.0,  ,,,,,,,1,01,RESTAURANTE AMANO,I,HOSTELERÍA,56,SERVICIOS DE COMIDAS Y BEBIDAS,561004,BAR RESTAURANTE,13/09/2026,MATUTE,4,direccion
7306931154,node,40.413883,-3.7076002,Ramen Shifu,ramen,Calle de Toledo,24,28005,Madrid,+34 910 581 854,https://www.ramenshifu.com/ramen-shifu-plaza-mayor/,"Tu-Th 13:00-16:15, 20:00-23:30; Fr-Su 13:00-16:30, 20:00-00:00",,,,,TOLEDO,24,TOLEDO|24,280011857.0,1.0,CENTRO              ,106.0,SOL                 ,6.0,1121.0,121.0,439964.59,4473936.53,1.0,Puerta Calle,1.0,Abierto,743600.0,CALLE                   ,TOLEDO                                            ,11007644.0,1.0,NUM,24.0,  ,10.0,743600.0,CALLE                   ,TOLEDO                                            ,11007644.0,1.0,NUM,24.0,  ,,,,,,,1,IZ,RAMEEN BAR SHIFU,I,HOSTELERÍA,56,SERVICIOS DE COMIDAS Y BEBIDAS,561001,RESTAURANTE,13/09/2026,TOLEDO,24,direccion
7894295828,node,40.4215606,-3.7000761,Fratelli d'Italia,,Calle de Hortaleza,28,,Madrid,+34 91 515 41 06,https://www.fratelliditalia.es/,"Mo-Su 13:00-16:00, 20:30-24:00",,,,,HORTALEZA,28,HORTALEZA|28,270522844.0,1.0,CENTRO              ,104.0,JUSTICIA            ,4.0,1076.0,76.0,440610.59,4474786.53,1.0,Puerta Calle,1.0,Abierto,365400.0,CALLE                   ,HORTALEZA                                         ,11004550.0,1.0,NUM,28.0,  ,10.0,365400.0,CALLE                   ,HORTALEZA                                         ,11004550.0,1.0,NUM,28.0,  ,,,,,,,1,IZ,FRATELI DE ITALIA,I,HOSTELERÍA,56,SERVICIOS DE COMIDAS Y BEBIDAS,561001,RESTAURANTE,13/09/2026,HORTALEZA,28,direccion
8124007396,node,40.4073644,-3.7001373,Grosso Napoletano,italian,Calle de Valencia,9,28012,Madrid,+34 91 005 36 95,https://www.grossonapoletano.com/locales/valencia-9/,,,,,,VALENCIA,9,VALENCIA|9,270277149.0,1.0,CENTRO              ,102.0,EMBAJADORES         ,2.0,1055.0,55.0,440592.59,4473204.52,1.0,Puerta Calle,1.0,Abierto,765600.0,CALLE                   ,VALENCIA                                          ,11003041.0,1.0,NUM,9.0,  ,10.0,765600.0,CALLE                   ,VALENCIA                                          ,11003041.0,1.0,NUM,9.0,  ,,,,,,,1,01,CERVECERIAS CASTILLA,I,HOSTELERÍA,56,SERVICIOS DE COMIDAS Y BEBIDAS,561004,BAR RESTAURANTE,13/09/2026,VALENCIA,9,direccion
8186450088,node,40.4236949,-3.6916509,Gran Café El Espejo,,Paseo de Recoletos,31,28004,Madrid,+34 691 141726,https://www.grancafeelespejo.com/,,,,,,RECOLETOS,31,RECOLETOS|31,10003204.0,1.0,CENTRO              ,104.0,JUSTICIA            ,4.0,1084.0,84.0,441325.59,4475014.52,1.0,Puerta Calle,1.0,Abierto,633005.0,PASEO                   ,RECOLETOS                                         ,11005116.0,1.0,NUM,31.0,  ,10.0,633005.0,PASEO                   ,RECOLETOS                                         ,11005116.0,1.0,NUM,31.0,  ,,,,,,,1,DR,"CAFE ""EL ESPEJO"" RESTAURANTE",I,HOSTELERÍA,56,SERVICIOS DE COMIDAS Y BEBIDAS,561001,RESTAURANTE,13/09/2026,RECOLETOS,31,direccion
8380404258,node,40.4116626,-3.7107998,El Camarote,,Plaza de la Puerta de Moros,8,28005,Madrid,+34 913 65 42 80,,,,,,limited,PUERTA DE MOROS,8,PUERTA DE MOROS|8,10003543.0,1.0,CENTRO              ,101.0,PALACIO             ,1.0,1011.0,11.0,439691.59,4473697.53,1.0,Puerta Calle,1.0,Abierto,614800.0,PLAZA                   ,PUERTA DE MOROS                                   ,11000722.0,1.0,NUM,8.0,  ,20.0,369800.0,PLAZA                   ,HUMILLADERO                                       ,20003990.0,1.0,NUM,4.0,  ,,,,,,,1,,CAÑAS Y TAPAS (X2),I,HOSTELERÍA,56,SERVICIOS DE COMIDAS Y BEBIDAS,561004,BAR RESTAURANTE,13/09/2026,PUERTA DE MOROS,8,direccion
8380404258,node,40.4116626,-3.7107998,El Camarote,,Plaza de la Puerta de Moros,8,28005,Madrid,+34 913 65 42 80,,,,,,limited,PUERTA DE MOROS,8,PUERTA DE MOROS|8,270038737.0,1.0,CENTRO              ,101.0,PALACIO             ,1.0,1011.0,11.0,439690.59,4473689.53,1.0,Puerta Calle,1.0,Abierto,614800.0,PLAZA                   ,PUERTA DE MOROS                                   ,11000722.0,1.0,NUM,8.0,  ,10.0,614800.0,PLAZA                   ,PUERTA DE MOROS                                   ,11000722.0,1.0,NUM,8.0,  ,,,,,,,1,01,EL CAMAROTE,I,HOSTELERÍA,56,SERVICIOS DE COMIDAS Y BEBIDAS,561004,BAR RESTAURANTE,13/09/2026,PUERTA DE MOROS,8,direccion
8463970039,node,40.4080505,-3.697535,Raji Industani,indian,Calle del Doctor Piga,21,28012,Madrid,+34656601006,,,,,,,DOCTOR PIGA,21,DOCTOR PIGA|21,270469151.0,1.0,CENTRO              ,102.0,EMBAJADORES         ,2.0,1053.0,53.0,440815.59,4473280.52,1.0,Puerta Calle,1.0,Abierto,244000.0,CALLE                   ,DOCTOR PIGA                                       ,11002985.0,1.0,NUM,21.0,  ,20.0,244000.0,CALLE                   ,DOCTOR PIGA                                       ,11002985.0,1.0,NUM,21.0,  ,,,,,,,1,02,RAJA HINDUSTANI ,I,HOSTELERÍA,56,SERVICIOS DE COMIDAS Y BEBIDAS,561004,BAR RESTAURANTE,13/09/2026,DOCTOR PIGA,21,direccion
8493958758,node,40.422448,-3.695577,Tuk Tuk,asian,Calle del Barquillo,26,28004,Madrid,+34663446974,http://tuktukstreetfood.es/,,,,,no,BARQUILLO,26,BARQUILLO|26,280009507.0,1.0,CENTRO              ,104.0,JUSTICIA            ,4.0,1073.0,73.0,440993.59,4474879.52,1.0,Puerta Calle,1.0,Abierto,94000.0,CALLE                   ,BARQUILLO                                         ,11004214.0,1.0,NUM,26.0,  ,10.0,94000.0,CALLE                   ,BARQUILLO                                         ,11004214.0,1.0,NUM,26.0,  ,,,,,,,1,B,RESTAURANTE TUKTUK ASIAN STREET FOOD,I,HOSTELERÍA,56,SERVICIOS DE COMIDAS Y BEBIDAS,561001,RESTAURANTE,13/09/2026,BARQUILLO,26,direccion
8493958758,node,40.422448,-3.695577,Tuk Tuk,asian,Calle del Barquillo,26,28004,Madrid,+34663446974,http://tuktukstreetfood.es/,,,,,no,BARQUILLO,26,BARQUILLO|26,285002920.0,1.0,CENTRO              ,104.0,JUSTICIA            ,4.0,1073.0,73.0,441005.59,4474880.52,1.0,Puerta Calle,1.0,Abierto,94000.0,CALLE                   ,BARQUILLO                                         ,11004214.0,1.0,NUM,26.0,  ,30.0,33000.0,CALLE                   ,ALMIRANTE                                         ,20005352.0,1.0,NUM,2.0,  ,,,,,,,1,C,CASA MARIUS,I,HOSTELERÍA,56,SERVICIOS DE COMIDAS Y BEBIDAS,561001,RESTAURANTE,13/09/2026,BARQUILLO,26,direccion
8593232711,node,40.4140182,-3.7011068,Viet Nam,vietnamese,Calle de las Huertas,4,28012,Madrid,+34 917 55 31 26,https://vietnamrestaurante.com/,,,,,,HUERTAS,4,HUERTAS|4,270043112.0,1.0,CENTRO              ,103.0,CORTES              ,3.0,1067.0,67.0,440514.59,4473945.53,1.0,Puerta Calle,1.0,Abierto,369000.0,CALLE                   ,HUERTAS                                           ,11003630.0,1.0,NUM,4.0,  ,10.0,369000.0,CALLE                   ,HUERTAS                                           ,11003630.0,1.0,NUM,4.0,  ,,,,,,,1,01,VIETNAM,I,HOSTELERÍA,56,SERVICIOS DE COMIDAS Y BEBIDAS,561004,BAR RESTAURANTE,13/09/2026,HUERTAS,4,direccion
8677856416,node,40.4150268,-3.7049141,La Imprenta,,Calle de la Bolsa,10,28012,Madrid,,http://laimprentarestaurante.com/,,,,,,BOLSA,10,BOLSA|10,270523451.0,1.0,CENTRO              ,106.0,SOL                 ,6.0,1120.0,120.0,440193.59,4474061.53,1.0,Puerta Calle,1.0,Abierto,111100.0,CALLE                   ,BOLSA                                             ,11007594.0,1.0,NUM,10.0,  ,10.0,111100.0,CALLE                   ,BOLSA                                             ,11007594.0,1.0,NUM,10.0,  ,,,,,,,1,02,TAPERIA,I,HOSTELERÍA,56,SERVICIOS DE COMIDAS Y BEBIDAS,561004,BAR RESTAURANTE,13/09/2026,BOLSA,10,direccion
8677891817,node,40.4150191,-3.7050703,El Hortera,,Calle de la Bolsa,12,28012,Madrid,+34 91 005 97 27,http://elhortera.com/,,,,,,BOLSA,12,BOLSA|12,10001753.0,1.0,CENTRO              ,106.0,SOL                 ,6.0,1120.0,120.0,440180.59,4474061.53,1.0,Puerta Calle,1.0,Abierto,111100.0,CALLE                   ,BOLSA                                             ,11007595.0,1.0,NUM,12.0,  ,10.0,111100.0,CALLE                   ,BOLSA                                             ,11007595.0,1.0,NUM,12.0,  ,,,,,,,1,EX,CALUANA,I,HOSTELERÍA,56,SERVICIOS DE COMIDAS Y BEBIDAS,561001,RESTAURANTE,13/09/2026,BOLSA,12,direccion
8701012166,node,40.4082996,-3.6991901,Tatema Madrid,,Calle de Argumosa,11,28012,Madrid,+34910968855,https://tatemamadrid.com/,,,,,,ARGUMOSA,11,ARGUMOSA|11,280008837.0,1.0,CENTRO              ,102.0,EMBAJADORES         ,2.0,1054.0,54.0,440680.59,4473308.52,1.0,Puerta Calle,1.0,Abierto,71000.0,CALLE                   ,ARGUMOSA                                          ,11003006.0,1.0,NUM,11.0,  ,20.0,71000.0,CALLE                   ,ARGUMOSA                                          ,11003006.0,1.0,NUM,11.0,  ,,,,,,,1,DR,LA BUGA DEL LOBO,I,HOSTELERÍA,56,SERVICIOS DE COMIDAS Y BEBIDAS,561004,BAR RESTAURANTE,13/09/2026,ARGUMOSA,11,direccion
8711761352,node,40.4212367,-3.7035471,Hunan Restaurant,chinese,Calle de la Ballesta,4,28004,Madrid,,http://www.hunanrestaurantmadrid.com/,"Mo-Su 13:00-16:30,19:00-23:30",,,,,BALLESTA,4,BALLESTA|4,270552068.0,1.0,CENTRO              ,105.0,UNIVERSIDAD         ,5.0,1116.0,116.0,440315.59,4474749.53,1.0,Puerta Calle,1.0,Abierto,89300.0,CALLE                   ,BALLESTA                                          ,11007210.0,1.0,NUM,4.0,  ,10.0,89300.0,CALLE                   ,BALLESTA                                          ,11007210.0,1.0,NUM,4.0,  ,,,,,,,1,01,HUNAN RESTAURANT,I,HOSTELERÍA,56,SERVICIOS DE COMIDAS Y BEBIDAS,561001,RESTAURANTE,13/09/2026,BALLESTA,4,direccion
8714822035,node,40.4149249,-3.7012256,Tapa Tapa Santa Ana,regional;spanish,Plaza de Santa Ana,1,28012,Madrid,,,,yes,,,yes,SANTA ANA,1,SANTA ANA|1,10003144.0,1.0,CENTRO              ,103.0,CORTES              ,3.0,1069.0,69.0,440506.59,4474047.53,1.0,Puerta Calle,1.0,Abierto,691700.0,PLAZA                   ,SANTA ANA                                         ,11003875.0,1.0,NUM,1.0,  ,10.0,691700.0,PLAZA                   ,SANTA ANA                                         ,11003875.0,1.0,NUM,1.0,  ,,,,,,,1,01,TAPA TAPA,I,HOSTELERÍA,56,SERVICIOS DE COMIDAS Y BEBIDAS,561004,BAR RESTAURANTE,13/09/2026,SANTA ANA,1,direccion
8725878217,node,40.4132413,-3.6965549,Lola Si Mola,spanish,Calle de las Huertas,55,28014,Madrid,,https://lolasimola.com/,,,,,,HUERTAS,55,HUERTAS|55,270476401.0,1.0,CENTRO              ,103.0,CORTES              ,3.0,1064.0,64.0,440903.59,4473857.52,1.0,Puerta Calle,1.0,Abierto,369000.0,CALLE                   ,HUERTAS                                           ,11003468.0,1.0,NUM,55.0,  ,20.0,369000.0,CALLE                   ,HUERTAS                                           ,11003468.0,1.0,NUM,55.0,  ,,,,,,,1,DR,SIN RÓTULO,I,HOSTELERÍA,56,SERVICIOS DE COMIDAS Y BEBIDAS,561004,BAR RESTAURANTE,13/09/2026,HUERTAS,55,direccion
8770493881,node,40.4090226,-3.6953055,Lacaña,,Calle de Santa Isabel,50,28012,Madrid,+34 91 5272269,http://www.xn--lacaaonline-4db.es/,,yes,,,no,SANTA ISABEL,50,SANTA ISABEL|50,280008896.0,1.0,CENTRO              ,102.0,EMBAJADORES         ,2.0,1057.0,57.0,441001.59,4473388.52,1.0,Puerta Calle,1.0,Abierto,695900.0,CALLE                   ,SANTA ISABEL                                      ,11003089.0,1.0,NUM,50.0,  ,30.0,695900.0,CALLE                   ,SANTA ISABEL                                      ,11003089.0,1.0,NUM,50.0,  ,,,,,,,1,03,LACAÑA,I,HOSTELERÍA,56,SERVICIOS DE COMIDAS Y BEBIDAS,561004,BAR RESTAURANTE,13/09/2026,SANTA ISABEL,50,direccion
8922880117,node,40.4113646,-3.6987017,Tiki Taco Santa Isabel,mexican,Calle de Santa Isabel,5,28012,Madrid,,,Mo-Su 13:00-01:00,,,,no,SANTA ISABEL,5,SANTA ISABEL|5,10001648.0,1.0,CENTRO              ,102.0,EMBAJADORES         ,2.0,1059.0,59.0,0.0,0.0,0.0,Agrupado,1.0,Abierto,695900.0,CALLE                   ,SANTA ISABEL                                      ,11003149.0,1.0,NUM,5.0,  ,0.0,695900.0,CALLE                   ,SANTA ISABEL                                      ,11003149.0,1.0,NUM,5.0,  ,440706.59,4473659.52,99000065.0,MERCADO MUNICIPAL ANTON MARTIN,12.0,Mercado Municipal,103,8,RESTAURANTE,I,HOSTELERÍA,56,SERVICIOS DE COMIDAS Y BEBIDAS,561001,RESTAURANTE,13/09/2026,SANTA ISABEL,5,direccion
8922880117,node,40.4113646,-3.6987017,Tiki Taco Santa Isabel,mexican,Calle de Santa Isabel,5,28012,Madrid,,,Mo-Su 13:00-01:00,,,,no,SANTA ISABEL,5,SANTA ISABEL|5,270560810.0,1.0,CENTRO              ,102.0,EMBAJADORES         ,2.0,1059.0,59.0,0.0,0.0,0.0,Agrupado,1.0,Abierto,695900.0,CALLE                   ,SANTA ISABEL                                      ,11003149.0,1.0,NUM,5.0,  ,0.0,695900.0,CALLE                   ,SANTA ISABEL                                      ,11003149.0,1.0,NUM,5.0,  ,440706.59,4473659.52,99000065.0,MERCADO MUNICIPAL ANTON MARTIN,12.0,Mercado Municipal,1,EX12,RESTAURANTE TAQUERIA TIKI TACO,I,HOSTELERÍA,56,SERVICIOS DE COMIDAS Y BEBIDAS,561004,BAR RESTAURANTE,13/09/2026,SANTA ISABEL,5,direccion
8928969617,node,40.4186789,-3.6995009,Sala de Despiece 2,,Calle de la Virgen de los Peligros,8,28013,,,https://saladedespiece.com/,,,,,,VIRGEN DE LOS PELIGROS,8,VIRGEN DE LOS PELIGROS|8,270044382.0,1.0,CENTRO              ,103.0,CORTES              ,3.0,1072.0,72.0,440654.59,4474466.53,1.0,Puerta Calle,1.0,Abierto,794800.0,CALLE                   ,VIRGEN DE LOS PELIGROS                            ,11004169.0,1.0,NUM,8.0,  ,10.0,794800.0,CALLE                   ,VIRGEN DE LOS PELIGROS                            ,11004169.0,1.0,NUM,8.0,  ,,,,,,,1,DR,HOJALDRERIA,I,HOSTELERÍA,56,SERVICIOS DE COMIDAS Y BEBIDAS,561001,RESTAURANTE,13/09/2026,VIRGEN DE LOS PELIGROS,8,direccion
9066413415,node,40.4223109,-3.7061009,VEGA,,Calle de la Luna,9,28004,Madrid,+34 910 794 969,https://luna.govega.es/,Mo-Su 13:00-23:55+,no,,,no,LUNA,9,LUNA|9,280011199.0,1.0,CENTRO              ,105.0,UNIVERSIDAD         ,5.0,1115.0,115.0,440099.6,4474869.53,1.0,Puerta Calle,1.0,Abierto,449600.0,CALLE                   ,LUNA                                              ,11007088.0,1.0,NUM,9.0,  ,10.0,449600.0,CALLE                   ,LUNA                                              ,11007088.0,1.0,NUM,9.0,  ,,,,,,,1,02,VEGA,I,HOSTELERÍA,56,SERVICIOS DE COMIDAS Y BEBIDAS,561001,RESTAURANTE,13/09/2026,LUNA,9,direccion
9072971491,node,40.4081081,-3.6935614,El Jardín de Arzábal,,Calle de Santa Isabel,52,28012,Madrid,+34 915 286 828,https://www.grupoarzabal.com/espacio/arzabal-museo/,Mo 09:00-01:00; Tu 12:00-01:00; We-Th 09:00-01:00; Fr-Sa 09:00-02:00; Su 09:00-19:00,yes,,,,SANTA ISABEL,52,SANTA ISABEL|52,270550082.0,1.0,CENTRO              ,102.0,EMBAJADORES         ,2.0,1057.0,57.0,0.0,0.0,12.0,PC Asociado,1.0,Abierto,695900.0,CALLE                   ,SANTA ISABEL                                      ,11003077.0,1.0,NUM,52.0,  ,10.0,695900.0,CALLE                   ,SANTA ISABEL                                      ,11003077.0,1.0,NUM,52.0,  ,,,,,,,1,01,RESTAURANTE NUBEL (ENTRADA POR ARGUMOSA 43),I,HOSTELERÍA,56,SERVICIOS DE COMIDAS Y BEBIDAS,561004,BAR RESTAURANTE,13/09/2026,SANTA ISABEL,52,direccion
9072971491,node,40.4081081,-3.6935614,El Jardín de Arzábal,,Calle de Santa Isabel,52,28012,Madrid,+34 915 286 828,https://www.grupoarzabal.com/espacio/arzabal-museo/,Mo 09:00-01:00; Tu 12:00-01:00; We-Th 09:00-01:00; Fr-Sa 09:00-02:00; Su 09:00-19:00,yes,,,,SANTA ISABEL,52,SANTA ISABEL|52,270550084.0,1.0,CENTRO              ,102.0,EMBAJADORES         ,2.0,1057.0,57.0,0.0,0.0,12.0,PC Asociado,1.0,Abierto,695900.0,CALLE                   ,SANTA ISABEL                                      ,11003077.0,1.0,NUM,52.0,  ,10.0,695900.0,CALLE                   ,SANTA ISABEL                                      ,11003077.0,1.0,NUM,52.0,  ,,,,,,,1,01,EL JARDIN DE ARZABAL,I,HOSTELERÍA,56,SERVICIOS DE COMIDAS Y BEBIDAS,561004,BAR RESTAURANTE,13/09/2026,SANTA ISABEL,52,direccion
9371385505,node,40.4236876,-3.697333,Kritikos,greek,Calle de San Gregorio,11,28004,Madrid,,,"Mo-Th 13:30-16:00,20:30-23:00, Fr,Sa 13:30-16:30,20:30-24:00, Su 13:30-16:30,20:30-23:00",,,,,SAN GREGORIO,11,SAN GREGORIO|11,280009853.0,1.0,CENTRO              ,104.0,JUSTICIA            ,4.0,1079.0,79.0,440844.59,4475014.53,1.0,Puerta Calle,1.0,Abierto,670700.0,CALLE                   ,SAN GREGORIO                                      ,11004835.0,1.0,NUM,11.0,  ,10.0,670700.0,CALLE                   ,SAN GREGORIO                                      ,11004835.0,1.0,NUM,11.0,  ,,,,,,,1,01,RESTAURANTE KRITIKOS,I,HOSTELERÍA,56,SERVICIOS DE COMIDAS Y BEBIDAS,561001,RESTAURANTE,13/09/2026,SAN GREGORIO,11,direccion
9561162294,node,40.4196986,-3.7052424,El Vagón de la Máquina,,Plaza de Callao,2,28013,,+34 918 31 75 88,https://lamaquinagourmet.es,,,,,,CALLAO,2,CALLAO|2,270554480.0,1.0,CENTRO              ,106.0,SOL                 ,6.0,1117.0,117.0,0.0,0.0,3.0,Interior,1.0,Abierto,125900.0,PLAZA                   ,CALLAO                                            ,20102742.0,1.0,NUM,2.0,  ,0.0,125900.0,PLAZA                   ,CALLAO                                            ,20102742.0,1.0,NUM,2.0,  ,,,,,,,9,,GROSSO NAPOLETANO,I,HOSTELERÍA,56,SERVICIOS DE COMIDAS Y BEBIDAS,561004,BAR RESTAURANTE,13/09/2026,CALLAO,2,direccion
9566847797,node,40.4194896,-3.7030454,熊仔解馋坊II（Restaurante xiongzai II）,,Calle de la Salud,8,,,,,,,,,,SALUD,8,SALUD|8,280011529.0,1.0,CENTRO              ,106.0,SOL                 ,6.0,1117.0,117.0,440351.59,4474551.53,1.0,Puerta Calle,1.0,Abierto,656500.0,CALLE                   ,SALUD                                             ,11007338.0,1.0,NUM,8.0,  ,10.0,656500.0,CALLE                   ,SALUD                                             ,11007338.0,1.0,NUM,8.0,  ,,,,,,,1,01,XIONG ZAI II,I,HOSTELERÍA,56,SERVICIOS DE COMIDAS Y BEBIDAS,561004,BAR RESTAURANTE,13/09/2026,SALUD,8,direccion
9592619990,node,40.4241049,-3.7103967,Sichuan Kitchen,,Calle del Maestro Guerrero,4,,,+34 910 25 16 05,https://senhaish.com/sichuan-kitchen/,"Mo off; Tu-Su 12:00-16:30, 19:00-24:00",,,,,MAESTRO GUERRERO,4,MAESTRO GUERRERO|4,10002088.0,1.0,CENTRO              ,105.0,UNIVERSIDAD         ,5.0,1111.0,111.0,439736.6,4475073.54,1.0,Puerta Calle,1.0,Abierto,454000.0,CALLE                   ,MAESTRO GUERRERO                                  ,11006785.0,1.0,NUM,4.0,  ,10.0,454000.0,CALLE                   ,MAESTRO GUERRERO                                  ,11006785.0,1.0,NUM,4.0,  ,,,,,,,1,B2,SICHUAN KITCHEN,I,HOSTELERÍA,56,SERVICIOS DE COMIDAS Y BEBIDAS,561004,BAR RESTAURANTE,13/09/2026,MAESTRO GUERRERO,4,direccion
9667502017,node,40.414802,-3.7041077,Barinka,peruvian,Calle de la Bolsa,4,,,+34 910 86 49 51,,"Mo-Tu, Th 11:00-16:00, 20:00-23:00; Fr-Sa 11:00-00:00; Su 11:00-20:00",,,,,BOLSA,4,BOLSA|4,280011700.0,1.0,CENTRO              ,106.0,SOL                 ,6.0,1120.0,120.0,440258.59,4474036.53,1.0,Puerta Calle,1.0,Abierto,111100.0,CALLE                   ,BOLSA                                             ,11007615.0,1.0,NUM,4.0,  ,20.0,111100.0,CALLE                   ,BOLSA                                             ,11007615.0,1.0,NUM,4.0,  ,,,,,,,1,02,BARINKA,I,HOSTELERÍA,56,SERVICIOS DE COMIDAS Y BEBIDAS,561001,RESTAURANTE,13/09/2026,BOLSA,4,direccion
9702224867,node,40.4208721,-3.7000782,Taquería Mi Ciudad,mexican,Calle de las Infantas,9,28004,Madrid,+34 918317978,https://www.taqueriamiciudad.com/,,,,,,INFANTAS,9,INFANTAS|9,270395199.0,1.0,CENTRO              ,104.0,JUSTICIA            ,4.0,1076.0,76.0,440599.59,4474710.53,1.0,Puerta Calle,1.0,Abierto,373600.0,CALLE                   ,INFANTAS                                          ,11004542.0,1.0,NUM,9.0,  ,10.0,373600.0,CALLE                   ,INFANTAS                                          ,11004542.0,1.0,NUM,9.0,  ,,,,,,,1,01,BAR EL PEZCADOR,I,HOSTELERÍA,56,SERVICIOS DE COMIDAS Y BEBIDAS,561004,BAR RESTAURANTE,13/09/2026,INFANTAS,9,direccion
9743143417,node,40.4202807,-3.6995311,Tiki Taco Clavel,mexican,Calle del Clavel,5,28004,,,,Su-Th 13:00-01:00; Fr-Sa 13:00-02:30,,,,limited,CLAVEL,5,CLAVEL|5,270452977.0,1.0,CENTRO              ,104.0,JUSTICIA            ,4.0,1074.0,74.0,440653.59,4474634.53,1.0,Puerta Calle,1.0,Abierto,172800.0,CALLE                   ,CLAVEL                                            ,11004332.0,1.0,NUM,5.0,  ,20.0,172800.0,CALLE                   ,CLAVEL                                            ,11004332.0,1.0,NUM,5.0,  ,,,,,,,1,IZ2,RESTAURANTE,I,HOSTELERÍA,56,SERVICIOS DE COMIDAS Y BEBIDAS,561004,BAR RESTAURANTE,13/09/2026,CLAVEL,5,direccion
9757765117,node,40.4136203,-3.7103929,D'stapa,,Calle de Segovia,8,28005,,+34 660 65 90 61,https://arroceriadstapamadrid.com,"Tu-Sa 13:00-17:00, 20:00-00:00; Su 13:00-17:00",,,,,SEGOVIA,8,SEGOVIA|8,270448945.0,1.0,CENTRO              ,101.0,PALACIO             ,1.0,1009.0,9.0,439736.59,4473912.53,1.0,Puerta Calle,1.0,Abierto,706300.0,CALLE                   ,SEGOVIA                                           ,11000637.0,1.0,NUM,8.0,  ,30.0,706300.0,CALLE                   ,SEGOVIA                                           ,11000637.0,1.0,NUM,8.0,  ,,,,,,,1,03,YAKUZA SUSHI,I,HOSTELERÍA,56,SERVICIOS DE COMIDAS Y BEBIDAS,561004,BAR RESTAURANTE,13/09/2026,SEGOVIA,8,direccion
9757765117,node,40.4136203,-3.7103929,D'stapa,,Calle de Segovia,8,28005,,+34 660 65 90 61,https://arroceriadstapamadrid.com,"Tu-Sa 13:00-17:00, 20:00-00:00; Su 13:00-17:00",,,,,SEGOVIA,8,SEGOVIA|8,270537179.0,1.0,CENTRO              ,101.0,PALACIO             ,1.0,1009.0,9.0,439716.59,4473903.53,1.0,Puerta Calle,1.0,Abierto,706300.0,CALLE                   ,SEGOVIA                                           ,11000637.0,1.0,NUM,8.0,  ,10.0,706300.0,CALLE                   ,SEGOVIA                                           ,11000637.0,1.0,NUM,8.0,  ,,,,,,,1,01,ARROCERIA JIMMY,I,HOSTELERÍA,56,SERVICIOS DE COMIDAS Y BEBIDAS,561004,BAR RESTAURANTE,13/09/2026,SEGOVIA,8,direccion
9758926517,node,40.4158392,-3.7017716,Yamato BBQ,,Calle de la Victoria,8,28012,,,,,,,,,VICTORIA,8,VICTORIA|8,270316257.0,1.0,CENTRO              ,106.0,SOL                 ,6.0,1119.0,119.0,440463.59,4474152.53,1.0,Puerta Calle,1.0,Abierto,782700.0,CALLE                   ,VICTORIA                                          ,11007539.0,1.0,NUM,8.0,  ,20.0,782700.0,CALLE                   ,VICTORIA                                          ,11007539.0,1.0,NUM,8.0,  ,,,,,,,1,DR,YAMATO,I,HOSTELERÍA,56,SERVICIOS DE COMIDAS Y BEBIDAS,561001,RESTAURANTE,13/09/2026,VICTORIA,8,direccion
9758926518,node,40.4154971,-3.7017597,Grama Lounge,,Calle de la Cruz,19,28012,,+34 91 240 55 87,https://gramabar.com/,,,,,,CRUZ,19,CRUZ|19,270531808.0,1.0,CENTRO              ,103.0,CORTES              ,3.0,1069.0,69.0,440464.59,4474115.53,1.0,Puerta Calle,1.0,Abierto,221000.0,CALLE                   ,CRUZ                                              ,11003858.0,1.0,NUM,19.0,  ,10.0,221000.0,CALLE                   ,CRUZ                                              ,11003858.0,1.0,NUM,19.0,  ,,,,,,,1,01,GRAMA LOUNGE,I,HOSTELERÍA,56,SERVICIOS DE COMIDAS Y BEBIDAS,561004,BAR RESTAURANTE,13/09/2026,CRUZ,19,direccion
9828407117,node,40.4230581,-3.7024184,Egeo Suvlakeria Griega,greek,Calle del Barco,41,28004,,,https://grupoits-cp153.wordpresstemporal.com/pruebaweb/,"Mo, We-Th 13:30-16:30, 20:00-23:30; Fr-Su 13:30-23:30",no,,,,BARCO,41,BARCO|41,280010494.0,1.0,CENTRO              ,105.0,UNIVERSIDAD         ,5.0,1096.0,96.0,440413.59,4474959.53,1.0,Puerta Calle,1.0,Abierto,93200.0,CALLE                   ,BARCO                                             ,11005704.0,1.0,NUM,41.0,  ,10.0,93200.0,CALLE                   ,BARCO                                             ,11005704.0,1.0,NUM,41.0,  ,,,,,,,1,IZ,LA SCIMMIA,I,HOSTELERÍA,56,SERVICIOS DE COMIDAS Y BEBIDAS,561004,BAR RESTAURANTE,13/09/2026,BARCO,41,direccion
9869010717,node,40.418907,-3.6995762,Superchulo,,Calle de la Virgen de los Peligros,10,,,+34 911 088 047,https://www.superchulorestaurante.com/,,,,,,VIRGEN DE LOS PELIGROS,10,VIRGEN DE LOS PELIGROS|10,270526149.0,1.0,CENTRO              ,103.0,CORTES              ,3.0,1072.0,72.0,440652.59,4474481.53,1.0,Puerta Calle,1.0,Abierto,794800.0,CALLE                   ,VIRGEN DE LOS PELIGROS                            ,11004170.0,1.0,NUM,10.0,  ,10.0,794800.0,CALLE                   ,VIRGEN DE LOS PELIGROS                            ,11004170.0,1.0,NUM,10.0,  ,,,,,,,1,02,LA SANTITA PELIGROS,I,HOSTELERÍA,56,SERVICIOS DE COMIDAS Y BEBIDAS,561001,RESTAURANTE,13/09/2026,VIRGEN DE LOS PELIGROS,10,direccion
9897424121,node,40.4136761,-3.7075572,La Mas Castiza,,Calle de Toledo,28,28005,,+34913546619,http://lamazcastiza.es,Mo-Su 08:00-23:00,,,,,TOLEDO,28,TOLEDO|28,270377319.0,1.0,CENTRO              ,106.0,SOL                 ,6.0,1121.0,121.0,439967.59,4473910.53,1.0,Puerta Calle,1.0,Abierto,743600.0,CALLE                   ,TOLEDO                                            ,11007640.0,1.0,NUM,28.0,  ,10.0,743600.0,CALLE                   ,TOLEDO                                            ,11007640.0,1.0,NUM,28.0,  ,,,,,,,1,C,LA MAS CASTIZA,I,HOSTELERÍA,56,SERVICIOS DE COMIDAS Y BEBIDAS,561004,BAR RESTAURANTE,13/09/2026,TOLEDO,28,direccion
9897424121,node,40.4136761,-3.7075572,La Mas Castiza,,Calle de Toledo,28,28005,,+34913546619,http://lamazcastiza.es,Mo-Su 08:00-23:00,,,,,TOLEDO,28,TOLEDO|28,280011853.0,1.0,CENTRO              ,106.0,SOL                 ,6.0,1121.0,121.0,439966.59,4473921.53,1.0,Puerta Calle,1.0,Abierto,743600.0,CALLE                   ,TOLEDO                                            ,11007640.0,1.0,NUM,28.0,  ,20.0,743600.0,CALLE                   ,TOLEDO                                            ,11007640.0,1.0,NUM,28.0,  ,,,,,,,1,D,COPAS ROTAS,I,HOSTELERÍA,56,SERVICIOS DE COMIDAS Y BEBIDAS,561004,BAR RESTAURANTE,13/09/2026,TOLEDO,28,direccion
9906568017,node,40.4103892,-3.6946942,Jinode,,Calle de Atocha,111,,,,,,,,,no,ATOCHA,111,ATOCHA|111,280008236.0,1.0,CENTRO              ,103.0,CORTES              ,3.0,1061.0,61.0,441048.59,4473539.52,1.0,Puerta Calle,1.0,Abierto,81600.0,CALLE                   ,ATOCHA                                            ,11003270.0,1.0,NUM,111.0,  ,40.0,81600.0,CALLE                   ,ATOCHA                                            ,11003270.0,1.0,NUM,111.0,  ,,,,,,,1,04,EL CAMPESINO,I,HOSTELERÍA,56,SERVICIOS DE COMIDAS Y BEBIDAS,561004,BAR RESTAURANTE,13/09/2026,ATOCHA,111,direccion
9906568017,node,40.4103892,-3.6946942,Jinode,,Calle de Atocha,111,,,,,,,,,no,ATOCHA,111,ATOCHA|111,280008237.0,1.0,CENTRO              ,103.0,CORTES              ,3.0,1061.0,61.0,441052.59,4473537.52,1.0,Puerta Calle,1.0,Abierto,81600.0,CALLE                   ,ATOCHA                                            ,11003270.0,1.0,NUM,111.0,  ,50.0,81600.0,CALLE                   ,ATOCHA                                            ,11003270.0,1.0,NUM,111.0,  ,,,,,,,1,05,JINODE,I,HOSTELERÍA,56,SERVICIOS DE COMIDAS Y BEBIDAS,561001,RESTAURANTE,13/09/2026,ATOCHA,111,direccion
9906568017,node,40.4103892,-3.6946942,Jinode,,Calle de Atocha,111,,,,,,,,,no,ATOCHA,111,ATOCHA|111,280009035.0,1.0,CENTRO              ,103.0,CORTES              ,3.0,1061.0,61.0,441062.59,4473567.52,1.0,Puerta Calle,1.0,Abierto,81600.0,CALLE                   ,ATOCHA                                            ,11003270.0,1.0,NUM,111.0,  ,70.0,661800.0,CALLE                   ,SAN BLAS                                          ,11003294.0,1.0,NUM,4.0,  ,,,,,,,1,08,YUGO THE BUNKER,I,HOSTELERÍA,56,SERVICIOS DE COMIDAS Y BEBIDAS,561001,RESTAURANTE,13/09/2026,ATOCHA,111,direccion
9906568017,node,40.4103892,-3.6946942,Jinode,,Calle de Atocha,111,,,,,,,,,no,ATOCHA,111,ATOCHA|111,280009037.0,1.0,CENTRO              ,103.0,CORTES              ,3.0,1061.0,61.0,441048.59,4473573.52,1.0,Puerta Calle,1.0,Abierto,81600.0,CALLE                   ,ATOCHA                                            ,11003270.0,1.0,NUM,111.0,  ,90.0,661800.0,CALLE                   ,SAN BLAS                                          ,11003294.0,1.0,NUM,4.0,  ,,,,,,,1,07,BODEGA DE LOS SECRETOS,I,HOSTELERÍA,56,SERVICIOS DE COMIDAS Y BEBIDAS,561001,RESTAURANTE,13/09/2026,ATOCHA,111,direccion
9915922736,node,40.4147964,-3.7023827,Entre Pisc y Nazca,coffee_shop;diner;peruvian,Calle de Espoz y Mina,32,28012,,+34651595641,,"Mo-We, Sa 13:30-01:00; Th-Fr 13:30-03:00",,,,,ESPOZ Y MINA,32,ESPOZ Y MINA|32,10001884.0,1.0,CENTRO              ,103.0,CORTES              ,3.0,1069.0,69.0,440407.59,4474033.53,1.0,Puerta Calle,1.0,Abierto,276100.0,CALLE                   ,ESPOZ Y MINA                                      ,11003816.0,1.0,NUM,32.0,  ,20.0,276100.0,CALLE                   ,ESPOZ Y MINA                                      ,11003816.0,1.0,NUM,32.0,  ,,,,,,,1,L2,ENTRE PISCO Y NAZCA,I,HOSTELERÍA,56,SERVICIOS DE COMIDAS Y BEBIDAS,561004,BAR RESTAURANTE,13/09/2026,ESPOZ Y MINA,32,direccion
9963631424,node,40.4156736,-3.710176,Sports & Tapas Bar Madrid,regional;tapas;spanish,Calle Mayor,68,28013,Madrid,+34 624 29 52 27,https://tapasbarmadrid.com,Mo-Sa 18:00-00:00,,,,,MAYOR,68,MAYOR|68,280007441.0,1.0,CENTRO              ,101.0,PALACIO             ,1.0,1007.0,7.0,439744.6,4474133.53,1.0,Puerta Calle,1.0,Abierto,497800.0,CALLE                   ,MAYOR                                             ,11000463.0,1.0,NUM,68.0,  ,10.0,497800.0,CALLE                   ,MAYOR                                             ,11000463.0,1.0,NUM,68.0,  ,,,,,,,1,CC3,MIRADOR SAN FINS,I,HOSTELERÍA,56,SERVICIOS DE COMIDAS Y BEBIDAS,561004,BAR RESTAURANTE,13/09/2026,MAYOR,68,direccion
10018049217,node,40.4221808,-3.6974974,Tienda de Vinos,,Calle de Augusto Figueroa,35,28004,Madrid,,,,,,,no,AUGUSTO FIGUEROA,35,AUGUSTO FIGUEROA|35,270436553.0,1.0,CENTRO              ,104.0,JUSTICIA            ,4.0,1077.0,77.0,440828.59,4474850.52,1.0,Puerta Calle,1.0,Abierto,81800.0,CALLE                   ,AUGUSTO FIGUEROA                                  ,11004590.0,1.0,NUM,35.0,  ,20.0,81800.0,CALLE                   ,AUGUSTO FIGUEROA                                  ,11004590.0,1.0,NUM,35.0,  ,,,,,,,1,A,TIENDA DE VINOS Y COMIDAS,I,HOSTELERÍA,56,SERVICIOS DE COMIDAS Y BEBIDAS,561004,BAR RESTAURANTE,13/09/2026,AUGUSTO FIGUEROA,35,direccion
10200602604,node,40.4184488,-3.7053911,Naked & Sated: Preciados,,Calle del Maestro Victoria,5,28013,Madrid,+34 914 442 277,https://nakedandsated.com/,,,,,,MAESTRO VICTORIA,5,MAESTRO VICTORIA|5,270308437.0,1.0,CENTRO              ,106.0,SOL                 ,6.0,1117.0,117.0,440152.59,4474432.53,1.0,Puerta Calle,1.0,Abierto,454600.0,CALLE                   ,MAESTRO VICTORIA                                  ,11007292.0,1.0,NUM,5.0,  ,10.0,454600.0,CALLE                   ,MAESTRO VICTORIA                                  ,11007292.0,1.0,NUM,5.0,  ,,,,,,,1, ,NAKED & SATED,I,HOSTELERÍA,56,SERVICIOS DE COMIDAS Y BEBIDAS,561004,BAR RESTAURANTE,13/09/2026,MAESTRO VICTORIA,5,direccion
10219383568,node,40.4213734,-3.7027534,Sanissimo Gran Via,,Calle del Barco,8,28004,Madrid,+34 910 73 18 54,https://sanissimo.eu/,,,,,,BARCO,8,BARCO|8,280011241.0,1.0,CENTRO              ,105.0,UNIVERSIDAD         ,5.0,1116.0,116.0,440381.59,4474759.53,1.0,Puerta Calle,1.0,Abierto,93200.0,CALLE                   ,BARCO                                             ,11007137.0,1.0,NUM,8.0,  ,20.0,93200.0,CALLE                   ,BARCO                                             ,11007137.0,1.0,NUM,8.0,  ,,,,,,,1,02,LUNCH BOX,I,HOSTELERÍA,56,SERVICIOS DE COMIDAS Y BEBIDAS,561001,RESTAURANTE,13/09/2026,BARCO,8,direccion
10219383568,node,40.4213734,-3.7027534,Sanissimo Gran Via,,Calle del Barco,8,28004,Madrid,+34 910 73 18 54,https://sanissimo.eu/,,,,,,BARCO,8,BARCO|8,280011240.0,1.0,CENTRO              ,105.0,UNIVERSIDAD         ,5.0,1116.0,116.0,440383.59,4474768.53,1.0,Puerta Calle,1.0,Abierto,93200.0,CALLE                   ,BARCO                                             ,11007137.0,1.0,NUM,8.0,  ,10.0,93200.0,CALLE                   ,BARCO                                             ,11007137.0,1.0,NUM,8.0,  ,,,,,,,1,01,EL RINCÓN RESTAURANTE ECUATORIANO,I,HOSTELERÍA,56,SERVICIOS DE COMIDAS Y BEBIDAS,561001,RESTAURANTE,13/09/2026,BARCO,8,direccion
10250749353,node,40.413021,-3.7113705,El Bacaro de Fabio,,Plaza de la Paja,2,,,+34 91 039 04 57,https://elbacarodefabio.es,,,,,no,PAJA,2,PAJA|2,270244837.0,1.0,CENTRO              ,101.0,PALACIO             ,1.0,1011.0,11.0,439643.6,4473841.53,1.0,Puerta Calle,1.0,Abierto,557650.0,PLAZA                   ,PAJA                                              ,11000697.0,1.0,NUM,2.0,  ,10.0,557650.0,PLAZA                   ,PAJA                                              ,11000697.0,1.0,NUM,2.0,  ,,,,,,,1,DR,RESTAURANTE EL COSACO,I,HOSTELERÍA,56,SERVICIOS DE COMIDAS Y BEBIDAS,561001,RESTAURANTE,13/09/2026,PAJA,2,direccion
10273282138,node,40.4128773,-3.6950964,Los Rotos,regional,Calle de las Huertas,74,28014,Madrid,+34 914 29 33 52,,Mo-Th 09:00-00:00; Fr 09:00-01:00; Sa 10:00-01:00; Su 10:00-00:00,,,,no,HUERTAS,74,HUERTAS|74,270042845.0,1.0,CENTRO              ,103.0,CORTES              ,3.0,1064.0,64.0,441023.59,4473816.52,1.0,Puerta Calle,1.0,Abierto,369000.0,CALLE                   ,HUERTAS                                           ,11003463.0,1.0,NUM,74.0,  ,10.0,369000.0,CALLE                   ,HUERTAS                                           ,11003463.0,1.0,NUM,74.0,  ,,,,,,,1,01,BODEGUILLA LOS ROTOS ,I,HOSTELERÍA,56,SERVICIOS DE COMIDAS Y BEBIDAS,561001,RESTAURANTE,13/09/2026,HUERTAS,74,direccion
10572482523,node,40.420742,-3.6999565,Ramen Shifu,,Calle de las Infantas,14,,,,,,,,,no,INFANTAS,14,INFANTAS|14,10003356.0,1.0,CENTRO              ,104.0,JUSTICIA            ,4.0,1074.0,74.0,440618.59,4474692.53,1.0,Puerta Calle,1.0,Abierto,373600.0,CALLE                   ,INFANTAS                                          ,11004326.0,1.0,NUM,14.0,  ,10.0,373600.0,CALLE                   ,INFANTAS                                          ,11004326.0,1.0,NUM,14.0,  ,,,,,,,1,IZ,NEW ISTAMBUL,I,HOSTELERÍA,56,SERVICIOS DE COMIDAS Y BEBIDAS,561004,BAR RESTAURANTE,13/09/2026,INFANTAS,14,direccion
10574506609,node,40.4070349,-3.7007415,La Fisna Vinos,,Calle del Amparo,91,28012,,,,,,,,,AMPARO,91,AMPARO|91,270366249.0,1.0,CENTRO              ,102.0,EMBAJADORES         ,2.0,1041.0,41.0,440538.59,4473170.52,1.0,Puerta Calle,1.0,Abierto,43400.0,CALLE                   ,AMPARO                                            ,11002333.0,1.0,NUM,91.0,  ,10.0,43400.0,CALLE                   ,AMPARO                                            ,11002333.0,1.0,NUM,91.0,  ,,,,,,,1,IZ,LA FISNA-VINOS,I,HOSTELERÍA,56,SERVICIOS DE COMIDAS Y BEBIDAS,561004,BAR RESTAURANTE,13/09/2026,AMPARO,91,direccion
10574530541,node,40.4187331,-3.6995059,Sala de Despiece 2,,Calle de la Virgen de los Peligros,8,28013,,,,,,,,,VIRGEN DE LOS PELIGROS,8,VIRGEN DE LOS PELIGROS|8,270044382.0,1.0,CENTRO              ,103.0,CORTES              ,3.0,1072.0,72.0,440654.59,4474466.53,1.0,Puerta Calle,1.0,Abierto,794800.0,CALLE                   ,VIRGEN DE LOS PELIGROS                            ,11004169.0,1.0,NUM,8.0,  ,10.0,794800.0,CALLE                   ,VIRGEN DE LOS PELIGROS                            ,11004169.0,1.0,NUM,8.0,  ,,,,,,,1,DR,HOJALDRERIA,I,HOSTELERÍA,56,SERVICIOS DE COMIDAS Y BEBIDAS,561001,RESTAURANTE,13/09/2026,VIRGEN DE LOS PELIGROS,8,direccion
10574556342,node,40.4155733,-3.7018756,Casa Toni,,Calle de la Cruz,14,28012,,,,,,,,,CRUZ,14,CRUZ|14,270492106.0,1.0,CENTRO              ,106.0,SOL                 ,6.0,1119.0,119.0,440462.59,4474127.53,1.0,Puerta Calle,1.0,Abierto,221000.0,CALLE                   ,CRUZ                                              ,11007480.0,1.0,NUM,14.0,  ,30.0,782700.0,CALLE                   ,VICTORIA                                          ,20006782.0,1.0,NUM,10.0,  ,,,,,,,1,03,MUSEO DEL VINO,I,HOSTELERÍA,56,SERVICIOS DE COMIDAS Y BEBIDAS,561004,BAR RESTAURANTE,13/09/2026,CRUZ,14,direccion
10653014106,node,40.4111046,-3.6995245,Taberna El Sur,spanish,Calle de la Torrecilla del Leal,12,28012,,+34915278340,https://www.facebook.com/Elsurdetorrecilla/,,,,,,TORRECILLA DEL LEAL,12,TORRECILLA DEL LEAL|12,10002358.0,1.0,CENTRO              ,102.0,EMBAJADORES         ,2.0,1046.0,46.0,440647.59,4473617.52,1.0,Puerta Calle,1.0,Abierto,748200.0,CALLE                   ,TORRECILLA DEL LEAL                               ,11002625.0,1.0,NUM,12.0,  ,20.0,748200.0,CALLE                   ,TORRECILLA DEL LEAL                               ,11002625.0,1.0,NUM,12.0,  ,,,,,,,1,01,EL SUR,I,HOSTELERÍA,56,SERVICIOS DE COMIDAS Y BEBIDAS,561001,RESTAURANTE,13/09/2026,TORRECILLA DEL LEAL,12,direccion
10750453629,node,40.4248272,-3.6956263,Grosso Napoletano,italian,Calle de Fernando VI,23,28004,Madrid,+34 910 053 943,https://www.grossonapoletano.com/restaurantes/senzaglutine-madrid-fernando-vi/,"Mo-Th 13:00-23:00, Fr-Sa 13:00-00:00, Su 13:00-23:30",,yes,yes,yes,FERNANDO VI,23,FERNANDO VI|23,285003093.0,1.0,CENTRO              ,104.0,JUSTICIA            ,4.0,1084.0,84.0,440991.59,4475140.52,1.0,Puerta Calle,1.0,Abierto,295400.0,CALLE                   ,FERNANDO VI                                       ,11005031.0,1.0,NUM,23.0,  ,10.0,295400.0,CALLE                   ,FERNANDO VI                                       ,11005031.0,1.0,NUM,23.0,  ,,,,,,,1,01,MAMA FRAMBOISE,I,HOSTELERÍA,56,SERVICIOS DE COMIDAS Y BEBIDAS,561001,RESTAURANTE,13/09/2026,FERNANDO VI,23,direccion
10816471406,node,40.413872,-3.6981849,Gofio,,Calle de Lope de Vega,9,28014,Madrid,,,,,,,,LOPE DE VEGA,9,LOPE DE VEGA|9,10000284.0,1.0,CENTRO              ,103.0,CORTES              ,3.0,1065.0,65.0,440755.59,4473926.52,1.0,Puerta Calle,1.0,Abierto,441000.0,CALLE                   ,LOPE DE VEGA                                      ,11003525.0,1.0,NUM,9.0,  ,10.0,441000.0,CALLE                   ,LOPE DE VEGA                                      ,11003525.0,1.0,NUM,9.0,  ,,,,,,,1,01,RESTAURANTE DAR MONA,I,HOSTELERÍA,56,SERVICIOS DE COMIDAS Y BEBIDAS,561001,RESTAURANTE,13/09/2026,LOPE DE VEGA,9,direccion
10916643601,node,40.4224017,-3.6940254,Charrua Nadrid,,Calle del Conde de Xiquena,4,,,+34 912 79 16 01,https://charruamadrid.com/,,,,,no,CONDE DE XIQUENA,4,CONDE DE XIQUENA|4,270331932.0,1.0,CENTRO              ,104.0,JUSTICIA            ,4.0,1073.0,73.0,441119.59,4474871.52,1.0,Puerta Calle,1.0,Abierto,207300.0,CALLE                   ,CONDE DE XIQUENA                                  ,11004219.0,1.0,NUM,4.0,  ,10.0,207300.0,CALLE                   ,CONDE DE XIQUENA                                  ,11004219.0,1.0,NUM,4.0,  ,,,,,,,1, ,CHARRUA,I,HOSTELERÍA,56,SERVICIOS DE COMIDAS Y BEBIDAS,561004,BAR RESTAURANTE,13/09/2026,CONDE DE XIQUENA,4,direccion
10916643601,node,40.4224017,-3.6940254,Charrua Nadrid,,Calle del Conde de Xiquena,4,,,+34 912 79 16 01,https://charruamadrid.com/,,,,,no,CONDE DE XIQUENA,4,CONDE DE XIQUENA|4,270490091.0,1.0,CENTRO              ,104.0,JUSTICIA            ,4.0,1073.0,73.0,441119.59,4474856.52,1.0,Puerta Calle,1.0,Abierto,207300.0,CALLE                   ,CONDE DE XIQUENA                                  ,11004219.0,1.0,NUM,4.0,  ,20.0,207300.0,CALLE                   ,CONDE DE XIQUENA                                  ,11004219.0,1.0,NUM,4.0,  ,,,,,,,1,,RESTURANTE CASA GADES,I,HOSTELERÍA,56,SERVICIOS DE COMIDAS Y BEBIDAS,561004,BAR RESTAURANTE,13/09/2026,CONDE DE XIQUENA,4,direccion
11037055405,node,40.4155661,-3.7016554,Fatigas del querer,spanish;tapas,Calle de la Cruz,17,,,+34 915 23 21 31,,,,,,,CRUZ,17,CRUZ|17,270269202.0,1.0,CENTRO              ,103.0,CORTES              ,3.0,1069.0,69.0,440468.59,4474117.53,1.0,Puerta Calle,1.0,Abierto,221000.0,CALLE                   ,CRUZ                                              ,11003859.0,1.0,NUM,17.0,  ,10.0,221000.0,CALLE                   ,CRUZ                                              ,11003859.0,1.0,NUM,17.0,  ,,,,,,,1,DR,FATIGAS DEL QUERER,I,HOSTELERÍA,56,SERVICIOS DE COMIDAS Y BEBIDAS,561004,BAR RESTAURANTE,13/09/2026,CRUZ,17,direccion
11045878206,node,40.4194856,-3.7040631,MU! El Placer de la Carne,argentinian,Calle de Chinchilla,3,28013,,,,,,,,,CHINCHILLA,3,CHINCHILLA|3,280011463.0,1.0,CENTRO              ,106.0,SOL                 ,6.0,1117.0,117.0,440280.59,4474552.53,1.0,Puerta Calle,1.0,Abierto,229900.0,CALLE                   ,CHINCHILLA                                        ,11007322.0,1.0,NUM,3.0,  ,10.0,229900.0,CALLE                   ,CHINCHILLA                                        ,11007322.0,1.0,NUM,3.0,  ,,,,,,,1,01,RIBS ABADA,I,HOSTELERÍA,56,SERVICIOS DE COMIDAS Y BEBIDAS,561001,RESTAURANTE,13/09/2026,CHINCHILLA,3,direccion
11107306650,node,40.4081419,-3.6982442,Restaurante Atxuri,spanish;arab;palestinian,Calle de Argumosa,21,28012,Madrid,+34914687856,https://achurilavapies.com/,Mo-Su 09:00-01:30,,,,yes,ARGUMOSA,21,ARGUMOSA|21,270359069.0,1.0,CENTRO              ,102.0,EMBAJADORES         ,2.0,1054.0,54.0,440750.59,4473293.52,1.0,Puerta Calle,1.0,Abierto,71000.0,CALLE                   ,ARGUMOSA                                          ,11003001.0,1.0,NUM,21.0,  ,20.0,71000.0,CALLE                   ,ARGUMOSA                                          ,11003001.0,1.0,NUM,21.0,  ,,,,,,,1,IZ,RESTAURANTE ACHURI,I,HOSTELERÍA,56,SERVICIOS DE COMIDAS Y BEBIDAS,561004,BAR RESTAURANTE,13/09/2026,ARGUMOSA,21,direccion
11502908941,node,40.4278553,-3.7003327,Fratelli Figurato,italian;pizza,Calle de Larra,13,28004,Madrid,+34 912 32 75 08,https://fratellifigurato.es/,"Mo-We 13:30-17:00,20:30-00:00; Th-Fr 13:30-17:00,20:00-00:30; Sa 13:00-17:30,20:00-00:30; Su 13:00-17:30,20:30-00:00",,,,,LARRA,13,LARRA|13,270047480.0,1.0,CENTRO              ,104.0,JUSTICIA            ,4.0,1089.0,89.0,440594.59,4475478.53,1.0,Puerta Calle,1.0,Abierto,431200.0,CALLE                   ,LARRA                                             ,11005316.0,1.0,NUM,13.0,  ,10.0,431200.0,CALLE                   ,LARRA                                             ,11005316.0,1.0,NUM,13.0,  ,,,,,,,0,01,EL PUCHERO,I,HOSTELERÍA,56,SERVICIOS DE COMIDAS Y BEBIDAS,561001,RESTAURANTE,13/09/2026,LARRA,13,direccion
11690944301,node,40.4109175,-3.7076603,La Capricciosa,pizza,Calle de las Maldonadas,4,,,,,,no,,,no,MALDONADAS,4,MALDONADAS|4,270491253.0,1.0,CENTRO              ,102.0,EMBAJADORES         ,2.0,1025.0,25.0,439958.59,4473604.53,1.0,Puerta Calle,1.0,Abierto,456800.0,CALLE                   ,MALDONADAS                                        ,11001513.0,1.0,NUM,4.0,  ,10.0,456800.0,CALLE                   ,MALDONADAS                                        ,11001513.0,1.0,NUM,4.0,  ,,,,,,,1, ,RESTAURANTE,I,HOSTELERÍA,56,SERVICIOS DE COMIDAS Y BEBIDAS,561001,RESTAURANTE,13/09/2026,MALDONADAS,4,direccion
11704437618,node,40.4274207,-3.7103858,Frutas Prohibidas,brunch;coffee_shop,Calle del Conde Duque,26,28015,Madrid,+34 911 525 533,https://frutasprohibidas.com/,We-Su 10:00-18:00,,,yes,,CONDE DUQUE,26,CONDE DUQUE|26,285003176.0,1.0,CENTRO              ,105.0,UNIVERSIDAD         ,5.0,1105.0,105.0,439742.6,4475443.54,1.0,Puerta Calle,1.0,Abierto,205200.0,CALLE                   ,CONDE DUQUE                                       ,11006385.0,1.0,NUM,26.0,  ,20.0,205200.0,CALLE                   ,CONDE DUQUE                                       ,11006385.0,1.0,NUM,26.0,  ,,,,,,,1,AA,FRUTAS PROHIBIDAS,I,HOSTELERÍA,56,SERVICIOS DE COMIDAS Y BEBIDAS,561001,RESTAURANTE,13/09/2026,CONDE DUQUE,26,direccion
11710930500,node,40.4057504,-3.7018756,Taberna Garibaldi,,Calle de Miguel Servet,23,28012,Madrid,,,,yes,,,,MIGUEL SERVET,23,MIGUEL SERVET|23,280008499.0,1.0,CENTRO              ,102.0,EMBAJADORES         ,2.0,1039.0,39.0,440442.59,4473035.53,1.0,Puerta Calle,1.0,Abierto,507700.0,CALLE                   ,MIGUEL SERVET                                     ,11002303.0,1.0,NUM,23.0,  ,10.0,507700.0,CALLE                   ,MIGUEL SERVET                                     ,11002303.0,1.0,NUM,23.0,  ,,,,,,,1,01,RTE. BOMBAY BLUE,I,HOSTELERÍA,56,SERVICIOS DE COMIDAS Y BEBIDAS,561004,BAR RESTAURANTE,13/09/2026,MIGUEL SERVET,23,direccion
11765715669,node,40.4274733,-3.7103517,Frutas Prohibidas,brunch,Calle del Conde Duque,26,,,+34 911 525 533,https://www.frutasprohibidas.com/,We-Su 10:00-18:00,,,,,CONDE DUQUE,26,CONDE DUQUE|26,285003176.0,1.0,CENTRO              ,105.0,UNIVERSIDAD         ,5.0,1105.0,105.0,439742.6,4475443.54,1.0,Puerta Calle,1.0,Abierto,205200.0,CALLE                   ,CONDE DUQUE                                       ,11006385.0,1.0,NUM,26.0,  ,20.0,205200.0,CALLE                   ,CONDE DUQUE                                       ,11006385.0,1.0,NUM,26.0,  ,,,,,,,1,AA,FRUTAS PROHIBIDAS,I,HOSTELERÍA,56,SERVICIOS DE COMIDAS Y BEBIDAS,561001,RESTAURANTE,13/09/2026,CONDE DUQUE,26,direccion
11867250770,node,40.4145549,-3.6997005,Revoltosa,,Calle del Prado,4,28012,Madrid,+34 918 468 616,https://www.revoltosamadrid.com/prado,"Mo-We 09:30-01:00, Th 09:30-01:30, Fr 09:30-02:00, Sa 11:00-02:00, Su 11:00-01:00",,,,,PRADO,4,PRADO|4,270202697.0,1.0,CENTRO              ,103.0,CORTES              ,3.0,1068.0,68.0,440640.59,4474007.53,1.0,Puerta Calle,1.0,Abierto,606800.0,CALLE                   ,PRADO                                             ,20005170.0,1.0,NUM,4.0,  ,10.0,606800.0,CALLE                   ,PRADO                                             ,20005170.0,1.0,NUM,4.0,  ,,,,,,,1,A,REVOLTOSA PRADO,I,HOSTELERÍA,56,SERVICIOS DE COMIDAS Y BEBIDAS,561004,BAR RESTAURANTE,13/09/2026,PRADO,4,direccion
11867250770,node,40.4145549,-3.6997005,Revoltosa,,Calle del Prado,4,28012,Madrid,+34 918 468 616,https://www.revoltosamadrid.com/prado,"Mo-We 09:30-01:00, Th 09:30-01:30, Fr 09:30-02:00, Sa 11:00-02:00, Su 11:00-01:00",,,,,PRADO,4,PRADO|4,285004125.0,1.0,CENTRO              ,103.0,CORTES              ,3.0,1068.0,68.0,440626.59,4474004.53,1.0,Puerta Calle,1.0,Abierto,606800.0,CALLE                   ,PRADO                                             ,20005170.0,1.0,NUM,4.0,  ,20.0,606800.0,CALLE                   ,PRADO                                             ,20005170.0,1.0,NUM,4.0,  ,,,,,,,1,C,TONY ROMA'S,I,HOSTELERÍA,56,SERVICIOS DE COMIDAS Y BEBIDAS,561004,BAR RESTAURANTE,13/09/2026,PRADO,4,direccion
11867250771,node,40.4145192,-3.6999024,Bestial,,Calle del Prado,2,28012,Madrid,+34 913 40 35 35,https://www.bestialbyrosi.com,,,,,,PRADO,2,PRADO|2,270556413.0,1.0,CENTRO              ,103.0,CORTES              ,3.0,1068.0,68.0,0.0,0.0,12.0,PC Asociado,1.0,Abierto,606800.0,CALLE                   ,PRADO                                             ,20005168.0,1.0,NUM,2.0,  ,10.0,606800.0,CALLE                   ,PRADO                                             ,20005168.0,1.0,NUM,2.0,  ,,,,,,,1,01,ROOM MATE ALICIA,I,HOSTELERÍA,56,SERVICIOS DE COMIDAS Y BEBIDAS,561001,RESTAURANTE,13/09/2026,PRADO,2,direccion
11953613648,node,40.4159915,-3.7023905,Tierra Burrito Bar,burrito,Calle de Espoz y Mina,8,28012,Madrid,+34 910 05 38 07,https://www.tierraburritos.com,"Fr-Sa 11:00-01:00; Mo-Th,Su 11:00-24:00",no,yes,,limited,ESPOZ Y MINA,8,ESPOZ Y MINA|8,285003928.0,1.0,CENTRO              ,106.0,SOL                 ,6.0,1119.0,119.0,440409.59,4474163.53,1.0,Puerta Calle,1.0,Abierto,276100.0,CALLE                   ,ESPOZ Y MINA                                      ,11007487.0,1.0,NUM,8.0,  ,10.0,276100.0,CALLE                   ,ESPOZ Y MINA                                      ,11007487.0,1.0,NUM,8.0,  ,,,,,,,1,02,BAR RESTAURANTE,I,HOSTELERÍA,56,SERVICIOS DE COMIDAS Y BEBIDAS,561004,BAR RESTAURANTE,13/09/2026,ESPOZ Y MINA,8,direccion
11971624185,node,40.4106677,-3.710064,Urumea-2,,Calle de la Cebada,7,,,,,,yes,,,no,CEBADA,7,CEBADA|7,280007639.0,1.0,CENTRO              ,101.0,PALACIO             ,1.0,1013.0,13.0,439752.59,4473578.53,1.0,Puerta Calle,1.0,Abierto,159900.0,CALLE                   ,CEBADA                                            ,11000774.0,1.0,NUM,7.0,  ,10.0,159900.0,CALLE                   ,CEBADA                                            ,11000774.0,1.0,NUM,7.0,  ,,,,,,,1,IZ,BAR RESTAURANTE URUMEA II,I,HOSTELERÍA,56,SERVICIOS DE COMIDAS Y BEBIDAS,561001,RESTAURANTE,13/09/2026,CEBADA,7,direccion
11971624189,node,40.4107253,-3.7098272,Pisco & Lima,peruvian,Calle de la Cebada,3,,,,,,,,,no,CEBADA,3,CEBADA|3,280007617.0,1.0,CENTRO              ,101.0,PALACIO             ,1.0,1012.0,12.0,439836.59,4473664.53,1.0,Puerta Calle,1.0,Abierto,160000.0,PLAZA                   ,CEBADA                                            ,11000739.0,1.0,NUM,3.0,  ,10.0,160000.0,PLAZA                   ,CEBADA                                            ,11000739.0,1.0,NUM,3.0,  ,,,,,,,1,IZ,TABERNA LA CORTÄ,I,HOSTELERÍA,56,SERVICIOS DE COMIDAS Y BEBIDAS,561004,BAR RESTAURANTE,13/09/2026,CEBADA,3,direccion
11971624189,node,40.4107253,-3.7098272,Pisco & Lima,peruvian,Calle de la Cebada,3,,,,,,,,,no,CEBADA,3,CEBADA|3,280007641.0,1.0,CENTRO              ,101.0,PALACIO             ,1.0,1013.0,13.0,439765.59,4473583.53,1.0,Puerta Calle,1.0,Abierto,159900.0,CALLE                   ,CEBADA                                            ,11000776.0,1.0,NUM,3.0,  ,20.0,159900.0,CALLE                   ,CEBADA                                            ,11000776.0,1.0,NUM,3.0,  ,,,,,,,1,DR,CBADA,I,HOSTELERÍA,56,SERVICIOS DE COMIDAS Y BEBIDAS,561001,RESTAURANTE,13/09/2026,CEBADA,3,direccion
11971624189,node,40.4107253,-3.7098272,Pisco & Lima,peruvian,Calle de la Cebada,3,,,,,,,,,no,CEBADA,3,CEBADA|3,285001409.0,1.0,CENTRO              ,101.0,PALACIO             ,1.0,1013.0,13.0,439773.59,4473585.53,1.0,Puerta Calle,1.0,Abierto,159900.0,CALLE                   ,CEBADA                                            ,11000776.0,1.0,NUM,3.0,  ,10.0,159900.0,CALLE                   ,CEBADA                                            ,11000776.0,1.0,NUM,3.0,  ,,,,,,,1,DR,PISCO & LIMA,I,HOSTELERÍA,56,SERVICIOS DE COMIDAS Y BEBIDAS,561004,BAR RESTAURANTE,13/09/2026,CEBADA,3,direccion
12025398902,node,40.409916,-3.7096047,El Alcázar,,Calle de Toledo,64,,,,,,,,,,TOLEDO,64,TOLEDO|64,10001647.0,1.0,CENTRO              ,101.0,PALACIO             ,1.0,1013.0,13.0,439789.59,4473496.53,1.0,Puerta Calle,1.0,Abierto,743600.0,CALLE                   ,TOLEDO                                            ,11000814.0,1.0,NUM,64.0,  ,30.0,743600.0,CALLE                   ,TOLEDO                                            ,11000814.0,1.0,NUM,64.0,  ,,,,,,,1,DR,CAFETERIA EL ALCAZAR,I,HOSTELERÍA,56,SERVICIOS DE COMIDAS Y BEBIDAS,561004,BAR RESTAURANTE,13/09/2026,TOLEDO,64,direccion
12055158205,node,40.4091672,-3.7115493,La Gilderis,,Calle de Calatrava,17,,,,,,,,,,CALATRAVA,17,CALATRAVA|17,270250349.0,1.0,CENTRO              ,101.0,PALACIO             ,1.0,1021.0,21.0,439625.59,4473416.53,1.0,Puerta Calle,1.0,Abierto,124600.0,CALLE                   ,CALATRAVA                                         ,11001270.0,1.0,NUM,17.0,  ,10.0,124600.0,CALLE                   ,CALATRAVA                                         ,11001270.0,1.0,NUM,17.0,  ,,,,,,,1,A,LA GILDERIA,I,HOSTELERÍA,56,SERVICIOS DE COMIDAS Y BEBIDAS,561004,BAR RESTAURANTE,13/09/2026,CALATRAVA,17,direccion
12056864573,node,40.4088968,-3.6929697,Sukaldea,,Calle del Doctor Drumen,3,,,,,,yes,,,,DOCTOR DRUMEN,3,DOCTOR DRUMEN|3,270419395.0,1.0,CENTRO              ,102.0,EMBAJADORES         ,2.0,1058.0,58.0,441209.58,4473384.52,1.0,Puerta Calle,1.0,Abierto,241175.0,CALLE                   ,DOCTOR DRUMEN                                     ,11003118.0,1.0,NUM,3.0,  ,10.0,241175.0,CALLE                   ,DOCTOR DRUMEN                                     ,11003118.0,1.0,NUM,3.0,  ,,,,,,,1,02,CAÑAS Y TAPAS,I,HOSTELERÍA,56,SERVICIOS DE COMIDAS Y BEBIDAS,561004,BAR RESTAURANTE,13/09/2026,DOCTOR DRUMEN,3,direccion
12056915575,node,40.4237918,-3.6961862,Cesar's burgers,burger,Calle de San Lucas,11,,,+34 641 80 32 55,https://cesarsburgers.com/,,,,,,SAN LUCAS,11,SAN LUCAS|11,270237708.0,1.0,CENTRO              ,104.0,JUSTICIA            ,4.0,1079.0,79.0,440946.59,4475023.52,1.0,Puerta Calle,1.0,Abierto,676600.0,CALLE                   ,SAN LUCAS                                         ,11004785.0,1.0,NUM,11.0,  ,30.0,676600.0,CALLE                   ,SAN LUCAS                                         ,11004785.0,1.0,NUM,11.0,  ,,,,,,,1,01,CAFETERIA EL FORO,I,HOSTELERÍA,56,SERVICIOS DE COMIDAS Y BEBIDAS,561001,RESTAURANTE,13/09/2026,SAN LUCAS,11,direccion
12074113410,node,40.4243527,-3.697413,Kazu,,Calle de Pelayo,49,28004,Madrid,,,"Sa,Su 13:30-23:00; Mo-Fr 13:30-16:30,19:30-23:00",,,,,PELAYO,49,PELAYO|49,270317384.0,1.0,CENTRO              ,104.0,JUSTICIA            ,4.0,1081.0,81.0,440838.59,4475090.53,1.0,Puerta Calle,1.0,Abierto,576200.0,CALLE                   ,PELAYO                                            ,11004860.0,1.0,NUM,49.0,  ,10.0,576200.0,CALLE                   ,PELAYO                                            ,11004860.0,1.0,NUM,49.0,  ,,,,,,,1,EX,RESTAURANTE GOLDEN SUSHI,I,HOSTELERÍA,56,SERVICIOS DE COMIDAS Y BEBIDAS,561001,RESTAURANTE,13/09/2026,PELAYO,49,direccion
12097668478,node,40.4208797,-3.6974647,Restaurante Nunuka - Bistró Madrid,,Calle de la Libertad,13,28004,Madrid,+34 911 70 02 89,https://nunukamadrid.com,Tu-Su 13:30-23:30,,,,,LIBERTAD,13,LIBERTAD|13,270044721.0,1.0,CENTRO              ,104.0,JUSTICIA            ,4.0,1074.0,74.0,440833.59,4474708.52,1.0,Puerta Calle,1.0,Abierto,437400.0,CALLE                   ,LIBERTAD                                          ,11004275.0,1.0,NUM,13.0,  ,20.0,437400.0,CALLE                   ,LIBERTAD                                          ,11004275.0,1.0,NUM,13.0,  ,,,,,,,1,IZ,RESTAURANTE LIBANÉS SOLIDERE,I,HOSTELERÍA,56,SERVICIOS DE COMIDAS Y BEBIDAS,561001,RESTAURANTE,13/09/2026,LIBERTAD,13,direccion
12097668478,node,40.4208797,-3.6974647,Restaurante Nunuka - Bistró Madrid,,Calle de la Libertad,13,28004,Madrid,+34 911 70 02 89,https://nunukamadrid.com,Tu-Su 13:30-23:30,,,,,LIBERTAD,13,LIBERTAD|13,285002935.0,1.0,CENTRO              ,104.0,JUSTICIA            ,4.0,1074.0,74.0,440832.59,4474699.52,1.0,Puerta Calle,1.0,Abierto,437400.0,CALLE                   ,LIBERTAD                                          ,11004275.0,1.0,NUM,13.0,  ,10.0,437400.0,CALLE                   ,LIBERTAD                                          ,11004275.0,1.0,NUM,13.0,  ,,,,,,,1,DR,NUNUKA,I,HOSTELERÍA,56,SERVICIOS DE COMIDAS Y BEBIDAS,561001,RESTAURANTE,13/09/2026,LIBERTAD,13,direccion
12098590215,node,40.4069083,-3.7010602,Beirut,,Calle de Miguel Servet,9,,,,,,,,,no,MIGUEL SERVET,9,MIGUEL SERVET|9,280008511.0,1.0,CENTRO              ,102.0,EMBAJADORES         ,2.0,1040.0,40.0,440513.59,4473157.53,1.0,Puerta Calle,1.0,Abierto,507700.0,CALLE                   ,MIGUEL SERVET                                     ,11002325.0,1.0,NUM,9.0,  ,10.0,507700.0,CALLE                   ,MIGUEL SERVET                                     ,11002325.0,1.0,NUM,9.0,  ,,,,,,,1,03,RESTAURANTE BEIRUT,I,HOSTELERÍA,56,SERVICIOS DE COMIDAS Y BEBIDAS,561004,BAR RESTAURANTE,13/09/2026,MIGUEL SERVET,9,direccion
12123952954,node,40.4090686,-3.7100667,Ala Madrid,,Calle de Toledo,105,,,,,,,,,no,TOLEDO,105,TOLEDO|105,280007941.0,1.0,CENTRO              ,102.0,EMBAJADORES         ,2.0,1023.0,23.0,439747.59,4473383.53,1.0,Puerta Calle,1.0,Abierto,743600.0,CALLE                   ,TOLEDO                                            ,11001360.0,1.0,NUM,105.0,  ,40.0,69900.0,CALLE                   ,ARGANZUELA                                        ,20004170.0,1.0,NUM,1.0,  ,,,,,,,1,E,EL PRINCIPE,I,HOSTELERÍA,56,SERVICIOS DE COMIDAS Y BEBIDAS,561004,BAR RESTAURANTE,13/09/2026,TOLEDO,105,direccion
12251503401,node,40.4207196,-3.6973434,Na Num Madrid,korean,Calle de la Libertad,8,28004,,,,"Tu-Th, Sa 20:00-23:30; Fr 13:30-15:00, 20:00-23:30",,,,,LIBERTAD,8,LIBERTAD|8,10002009.0,1.0,CENTRO              ,104.0,JUSTICIA            ,4.0,1074.0,74.0,440841.59,4474681.52,1.0,Puerta Calle,1.0,Abierto,437400.0,CALLE                   ,LIBERTAD                                          ,11004287.0,1.0,NUM,8.0,  ,20.0,437400.0,CALLE                   ,LIBERTAD                                          ,11004287.0,1.0,NUM,8.0,  ,,,,,,,1,DR,MOMO,I,HOSTELERÍA,56,SERVICIOS DE COMIDAS Y BEBIDAS,561001,RESTAURANTE,13/09/2026,LIBERTAD,8,direccion
12293776745,node,40.4093655,-3.6931392,Wrapipans,,Calle de Atocha,116,,,,,,,,,limited,ATOCHA,116,ATOCHA|116,270042272.0,1.0,CENTRO              ,102.0,EMBAJADORES         ,2.0,1058.0,58.0,441188.58,4473424.52,1.0,Puerta Calle,1.0,Abierto,81600.0,CALLE                   ,ATOCHA                                            ,11003112.0,1.0,NUM,116.0,  ,10.0,81600.0,CALLE                   ,ATOCHA                                            ,11003112.0,1.0,NUM,116.0,  ,,,,,,,1,IZ,SUBWAY,I,HOSTELERÍA,56,SERVICIOS DE COMIDAS Y BEBIDAS,561002,RESTAURANTES DE COMIDA RAPIDA,13/09/2026,ATOCHA,116,direccion
12293776745,node,40.4093655,-3.6931392,Wrapipans,,Calle de Atocha,116,,,,,,,,,limited,ATOCHA,116,ATOCHA|116,270379556.0,1.0,CENTRO              ,102.0,EMBAJADORES         ,2.0,1058.0,58.0,441180.58,4473428.52,1.0,Puerta Calle,1.0,Abierto,81600.0,CALLE                   ,ATOCHA                                            ,11003112.0,1.0,NUM,116.0,  ,20.0,81600.0,CALLE                   ,ATOCHA                                            ,11003112.0,1.0,NUM,116.0,  ,,,,,,,1,DR,RESTAURANTE JALO,I,HOSTELERÍA,56,SERVICIOS DE COMIDAS Y BEBIDAS,561001,RESTAURANTE,13/09/2026,ATOCHA,116,direccion
12450882794,node,40.4226139,-3.711864,Descaro,regional,Plaza de España,6,,,+34 915 478 650,https://www.descarorestaurante.es/,,,,,,ESPAÑA,6,ESPAÑA|6,280007205.0,1.0,CENTRO              ,101.0,PALACIO             ,1.0,1001.0,1.0,439600.6,4474901.54,1.0,Puerta Calle,1.0,Abierto,273600.0,PLAZA                   ,ESPAÑA                                            ,11000014.0,1.0,NUM,6.0,  ,20.0,273600.0,PLAZA                   ,ESPAÑA                                            ,11000014.0,1.0,NUM,6.0,  ,,,,,,,1,E2,DESCARO,I,HOSTELERÍA,56,SERVICIOS DE COMIDAS Y BEBIDAS,561004,BAR RESTAURANTE,13/09/2026,ESPAÑA,6,direccion
12496322301,node,40.4122234,-3.7040068,El 5 de Tirso,,Plaza de Tirso de Molina,5,,,,,,,,,,TIRSO DE MOLINA,5,TIRSO DE MOLINA|5,270524236.0,1.0,CENTRO              ,102.0,EMBAJADORES         ,2.0,1028.0,28.0,440264.59,4473747.53,1.0,Puerta Calle,1.0,Abierto,742900.0,PLAZA                   ,TIRSO DE MOLINA                                   ,11001673.0,1.0,NUM,5.0,  ,10.0,742900.0,PLAZA                   ,TIRSO DE MOLINA                                   ,11001673.0,1.0,NUM,5.0,  ,,,,,,,1,03,EL 5 DE TIRSO,I,HOSTELERÍA,56,SERVICIOS DE COMIDAS Y BEBIDAS,561004,BAR RESTAURANTE,13/09/2026,TIRSO DE MOLINA,5,direccion
12556704261,node,40.4209925,-3.6957737,La Martinuca,,Calle del Barquillo,11,,,+34 669640948,https://www.lamartinuca.com/,,,,,limited,BARQUILLO,11,BARQUILLO|11,280009564.0,1.0,CENTRO              ,104.0,JUSTICIA            ,4.0,1074.0,74.0,440975.59,4474717.52,1.0,Puerta Calle,1.0,Abierto,94000.0,CALLE                   ,BARQUILLO                                         ,11004303.0,1.0,NUM,11.0,  ,20.0,94000.0,CALLE                   ,BARQUILLO                                         ,11004303.0,1.0,NUM,11.0,  ,,,,,,,1,03,LA MARTINUCA,I,HOSTELERÍA,56,SERVICIOS DE COMIDAS Y BEBIDAS,561004,BAR RESTAURANTE,13/09/2026,BARQUILLO,11,direccion
12697012802,node,40.4220946,-3.6989021,Biang Biang Bar,chinese,Calle de Pelayo,8,28004,,,https://biangbiangbar.com/,"We-Mo 13:00-16:15,20:00-23:00",,,,,PELAYO,8,PELAYO|8,280009593.0,1.0,CENTRO              ,104.0,JUSTICIA            ,4.0,1076.0,76.0,440708.59,4474838.53,1.0,Puerta Calle,1.0,Abierto,576200.0,CALLE                   ,PELAYO                                            ,11004521.0,1.0,NUM,8.0,  ,20.0,576200.0,CALLE                   ,PELAYO                                            ,11004521.0,1.0,NUM,8.0,  ,,,,,,,1,DR,GASTROMAQUIA ESPACIO GASTRONOMICO,I,HOSTELERÍA,56,SERVICIOS DE COMIDAS Y BEBIDAS,561004,BAR RESTAURANTE,13/09/2026,PELAYO,8,direccion
12700450001,node,40.4158108,-3.7066615,Restaurante DCorazon,spanish,Plaza Mayor,30,28012,,+34 910695743,https://restaurantedcorazon.com/,Sa 12:00-00:00; Fr 19:00-00:00; Su 12:00-18:00,yes,,,,MAYOR,30,MAYOR|30,270438474.0,1.0,CENTRO              ,106.0,SOL                 ,6.0,1121.0,121.0,440036.59,4474151.53,1.0,Puerta Calle,1.0,Abierto,498000.0,PLAZA                   ,MAYOR                                             ,11007753.0,1.0,NUM,30.0,  ,10.0,498000.0,PLAZA                   ,MAYOR                                             ,11007753.0,1.0,NUM,30.0,  ,,,,,,,1, ,EL GATO NEGRO,I,HOSTELERÍA,56,SERVICIOS DE COMIDAS Y BEBIDAS,561004,BAR RESTAURANTE,13/09/2026,MAYOR,30,direccion
12700450001,node,40.4158108,-3.7066615,Restaurante DCorazon,spanish,Plaza Mayor,30,28012,,+34 910695743,https://restaurantedcorazon.com/,Sa 12:00-00:00; Fr 19:00-00:00; Su 12:00-18:00,yes,,,,MAYOR,30,MAYOR|30,270509059.0,1.0,CENTRO              ,106.0,SOL                 ,6.0,1123.0,123.0,439971.59,4474201.53,1.0,Puerta Calle,1.0,Abierto,497800.0,CALLE                   ,MAYOR                                             ,11007814.0,1.0,NUM,30.0,  ,10.0,497800.0,CALLE                   ,MAYOR                                             ,11007814.0,1.0,NUM,30.0,  ,,,,,,,1,01,"COLE NÚMERO 9, S.L.U.",I,HOSTELERÍA,56,SERVICIOS DE COMIDAS Y BEBIDAS,561004,BAR RESTAURANTE,13/09/2026,MAYOR,30,direccion
12700450001,node,40.4158108,-3.7066615,Restaurante DCorazon,spanish,Plaza Mayor,30,28012,,+34 910695743,https://restaurantedcorazon.com/,Sa 12:00-00:00; Fr 19:00-00:00; Su 12:00-18:00,yes,,,,MAYOR,30,MAYOR|30,270521474.0,1.0,CENTRO              ,106.0,SOL                 ,6.0,1123.0,123.0,439978.59,4474202.53,1.0,Puerta Calle,1.0,Abierto,497800.0,CALLE                   ,MAYOR                                             ,11007814.0,1.0,NUM,30.0,  ,20.0,497800.0,CALLE                   ,MAYOR                                             ,11007814.0,1.0,NUM,30.0,  ,,,,,,,1,02,LA PANERA ROSA,I,HOSTELERÍA,56,SERVICIOS DE COMIDAS Y BEBIDAS,561001,RESTAURANTE,13/09/2026,MAYOR,30,direccion
12713891701,node,40.4151673,-3.705002,Caluana,spanish,Calle de la Bolsa,12,28012,,+34 689 533 349,https://caluana.com/,"Mo-Tu 20:00-23:30; We-Th 13:00-16:00, 20:00-23:30; Fr 13:30-16:30, 19:45-00:00; Sa 13:15-16:30, 19:45-00:00; Su 13:15-16:30, 20:00-23:30",,,,,BOLSA,12,BOLSA|12,10001753.0,1.0,CENTRO              ,106.0,SOL                 ,6.0,1120.0,120.0,440180.59,4474061.53,1.0,Puerta Calle,1.0,Abierto,111100.0,CALLE                   ,BOLSA                                             ,11007595.0,1.0,NUM,12.0,  ,10.0,111100.0,CALLE                   ,BOLSA                                             ,11007595.0,1.0,NUM,12.0,  ,,,,,,,1,EX,CALUANA,I,HOSTELERÍA,56,SERVICIOS DE COMIDAS Y BEBIDAS,561001,RESTAURANTE,13/09/2026,BOLSA,12,direccion
12758386801,node,40.4220988,-3.7056634,Yeji,chinese,Calle de la Luna,12,28004,,,,,,,,,LUNA,12,LUNA|12,285003822.0,1.0,CENTRO              ,105.0,UNIVERSIDAD         ,5.0,1114.0,114.0,440133.6,4474849.53,1.0,Puerta Calle,1.0,Abierto,449600.0,CALLE                   ,LUNA                                              ,11006977.0,1.0,NUM,12.0,  ,10.0,449600.0,CALLE                   ,LUNA                                              ,11006977.0,1.0,NUM,12.0,  ,,,,,,,1,IZ,CHUN LI DUMPLINGS,I,HOSTELERÍA,56,SERVICIOS DE COMIDAS Y BEBIDAS,561001,RESTAURANTE,13/09/2026,LUNA,12,direccion
12758386801,node,40.4220988,-3.7056634,Yeji,chinese,Calle de la Luna,12,28004,,,,,,,,,LUNA,12,LUNA|12,285003823.0,1.0,CENTRO              ,105.0,UNIVERSIDAD         ,5.0,1114.0,114.0,440138.6,4474844.53,1.0,Puerta Calle,1.0,Abierto,449600.0,CALLE                   ,LUNA                                              ,11006977.0,1.0,NUM,12.0,  ,20.0,449600.0,CALLE                   ,LUNA                                              ,11006977.0,1.0,NUM,12.0,  ,,,,,,,1,DR,YE JI GOURMET,I,HOSTELERÍA,56,SERVICIOS DE COMIDAS Y BEBIDAS,561004,BAR RESTAURANTE,13/09/2026,LUNA,12,direccion
12758393903,node,40.4226801,-3.7037,El Perro y la Galleta - Restaurante en Malasaña,,Corredera Baja de San Pablo,31,28004,Madrid,+34619830503,https://elperroylagalleta.com/malasana,"Mo-Th 13:00-17:00,19:30-23:00; Sa-Su 13:00-23:00",,,,,CORREDERA BAJA DE SAN PABLO,31,CORREDERA BAJA DE SAN PABLO|31,285003317.0,1.0,CENTRO              ,105.0,UNIVERSIDAD         ,5.0,1096.0,96.0,440309.59,4474912.53,1.0,Puerta Calle,1.0,Abierto,212400.0,CALLE                   ,CORREDERA BAJA DE SAN PABLO                       ,11005716.0,1.0,NUM,31.0,  ,10.0,212400.0,CALLE                   ,CORREDERA BAJA DE SAN PABLO                       ,11005716.0,1.0,NUM,31.0,  ,,,,,,,1,02,BAR GALLETA,I,HOSTELERÍA,56,SERVICIOS DE COMIDAS Y BEBIDAS,561004,BAR RESTAURANTE,13/09/2026,CORREDERA BAJA DE SAN PABLO,31,direccion
12761994801,node,40.4128046,-3.7017199,O'Pulpo,fish;seafood;spanish,Calle de los Cañizares,8,28012,,,,,,,,,CAÑIZARES,8,CAÑIZARES|8,270224765.0,1.0,CENTRO              ,102.0,EMBAJADORES         ,2.0,1027.0,27.0,440464.59,4473810.53,1.0,Puerta Calle,1.0,Abierto,135900.0,CALLE                   ,CAÑIZARES                                         ,11001609.0,1.0,NUM,8.0,  ,10.0,135900.0,CALLE                   ,CAÑIZARES                                         ,11001609.0,1.0,NUM,8.0,  ,,,,,,,1,01,O PULPO,I,HOSTELERÍA,56,SERVICIOS DE COMIDAS Y BEBIDAS,561004,BAR RESTAURANTE,13/09/2026,CAÑIZARES,8,direccion
12853998836,node,40.4193989,-3.7005243,Taconetro,,Calle del Caballero de Gracia,12,,,,,,,,,no,CABALLERO DE GRACIA,12,CABALLERO DE GRACIA|12,280011405.0,1.0,CENTRO              ,106.0,SOL                 ,6.0,1118.0,118.0,440561.59,4474544.53,1.0,Puerta Calle,1.0,Abierto,120100.0,CALLE                   ,CABALLERO DE GRACIA                               ,11007378.0,1.0,NUM,12.0,  ,20.0,120100.0,CALLE                   ,CABALLERO DE GRACIA                               ,11007378.0,1.0,NUM,12.0,  ,,,,,,,1,EDR,CASA ILDA,I,HOSTELERÍA,56,SERVICIOS DE COMIDAS Y BEBIDAS,561004,BAR RESTAURANTE,13/09/2026,CABALLERO DE GRACIA,12,direccion
12853998837,node,40.4194155,-3.7006272,Ramen Yokohama,korean,Calle del Caballero de Gracia,12,,,,,,,,,no,CABALLERO DE GRACIA,12,CABALLERO DE GRACIA|12,280011405.0,1.0,CENTRO              ,106.0,SOL                 ,6.0,1118.0,118.0,440561.59,4474544.53,1.0,Puerta Calle,1.0,Abierto,120100.0,CALLE                   ,CABALLERO DE GRACIA                               ,11007378.0,1.0,NUM,12.0,  ,20.0,120100.0,CALLE                   ,CABALLERO DE GRACIA                               ,11007378.0,1.0,NUM,12.0,  ,,,,,,,1,EDR,CASA ILDA,I,HOSTELERÍA,56,SERVICIOS DE COMIDAS Y BEBIDAS,561004,BAR RESTAURANTE,13/09/2026,CABALLERO DE GRACIA,12,direccion
12853998843,node,40.4194931,-3.7010473,Restaurante De Sichuan,chinese,Calle del Caballero de Gracia,8,,,,,,,,,limited,CABALLERO DE GRACIA,8,CABALLERO DE GRACIA|8,10001966.0,1.0,CENTRO              ,106.0,SOL                 ,6.0,1118.0,118.0,440524.59,4474553.53,1.0,Puerta Calle,1.0,Abierto,120100.0,CALLE                   ,CABALLERO DE GRACIA                               ,11007376.0,1.0,NUM,8.0,  ,20.0,120100.0,CALLE                   ,CABALLERO DE GRACIA                               ,11007376.0,1.0,NUM,8.0,  ,,,,,,,1,IZ,RESTAURANTE DE SICHUAN,I,HOSTELERÍA,56,SERVICIOS DE COMIDAS Y BEBIDAS,561001,RESTAURANTE,13/09/2026,CABALLERO DE GRACIA,8,direccion
12926267001,node,40.4165143,-3.7075931,Restaurante HAN,asian;chinese;japanese;korean;thai,Calle de Bordadores,4,28013,,,https://www.restaurantehan.com/,"Tu-Su 13:00-16:30, 19:30-23:30",,,,,BORDADORES,4,BORDADORES|4,270370745.0,1.0,CENTRO              ,106.0,SOL                 ,6.0,1123.0,123.0,439970.59,4474229.53,1.0,Puerta Calle,1.0,Abierto,112100.0,CALLE                   ,BORDADORES                                        ,11007816.0,1.0,NUM,4.0,  ,10.0,112100.0,CALLE                   ,BORDADORES                                        ,11007816.0,1.0,NUM,4.0,  ,,,,,,,1,IZ,CAFE LION RESTAURANTE,I,HOSTELERÍA,56,SERVICIOS DE COMIDAS Y BEBIDAS,561004,BAR RESTAURANTE,13/09/2026,BORDADORES,4,direccion
13138031701,node,40.4121918,-3.7105559,Cocuiza Brunch and Coffee,breakfast;coffee_shop;savory_pancakes,Calle del Almendro,22,,,,,,,,,,ALMENDRO,22,ALMENDRO|22,270362483.0,1.0,CENTRO              ,101.0,PALACIO             ,1.0,1011.0,11.0,439717.59,4473752.53,1.0,Puerta Calle,1.0,Abierto,32600.0,CALLE                   ,ALMENDRO                                          ,11000667.0,1.0,NUM,22.0,  ,30.0,32600.0,CALLE                   ,ALMENDRO                                          ,11000667.0,1.0,NUM,22.0,  ,,,,,,,1,04,BRUNCH & COFFEE COCUIZA,I,HOSTELERÍA,56,SERVICIOS DE COMIDAS Y BEBIDAS,561004,BAR RESTAURANTE,13/09/2026,ALMENDRO,22,direccion
13138031701,node,40.4121918,-3.7105559,Cocuiza Brunch and Coffee,breakfast;coffee_shop;savory_pancakes,Calle del Almendro,22,,,,,,,,,,ALMENDRO,22,ALMENDRO|22,280007551.0,1.0,CENTRO              ,101.0,PALACIO             ,1.0,1011.0,11.0,439701.59,4473743.53,1.0,Puerta Calle,1.0,Abierto,32600.0,CALLE                   ,ALMENDRO                                          ,11000667.0,1.0,NUM,22.0,  ,10.0,32600.0,CALLE                   ,ALMENDRO                                          ,11000667.0,1.0,NUM,22.0,  ,,,,,,,1,02,BAR LA MULATA LATINA,I,HOSTELERÍA,56,SERVICIOS DE COMIDAS Y BEBIDAS,561004,BAR RESTAURANTE,13/09/2026,ALMENDRO,22,direccion
13174933090,node,40.4164061,-3.7105306,Restaurante Vegetariano,,Calle de Santiago,9,,,+34 917 583 588,,Mo-Su 13:30-16:30,,,,,SANTIAGO,9,SANTIAGO|9,280007457.0,1.0,CENTRO              ,101.0,PALACIO             ,1.0,1007.0,7.0,439726.6,4474215.53,1.0,Puerta Calle,1.0,Abierto,700000.0,CALLE                   ,SANTIAGO                                          ,11000486.0,1.0,NUM,9.0,  ,10.0,700000.0,CALLE                   ,SANTIAGO                                          ,11000486.0,1.0,NUM,9.0,  ,,,,,,,1,04,TABERNEROS,I,HOSTELERÍA,56,SERVICIOS DE COMIDAS Y BEBIDAS,561001,RESTAURANTE,13/09/2026,SANTIAGO,9,direccion
13174933090,node,40.4164061,-3.7105306,Restaurante Vegetariano,,Calle de Santiago,9,,,+34 917 583 588,,Mo-Su 13:30-16:30,,,,,SANTIAGO,9,SANTIAGO|9,280007458.0,1.0,CENTRO              ,101.0,PALACIO             ,1.0,1007.0,7.0,439718.6,4474218.53,1.0,Puerta Calle,1.0,Abierto,700000.0,CALLE                   ,SANTIAGO                                          ,11000486.0,1.0,NUM,9.0,  ,20.0,700000.0,CALLE                   ,SANTIAGO                                          ,11000486.0,1.0,NUM,9.0,  ,,,,,,,1,03,RESTAURANTE VEGETARIANO,I,HOSTELERÍA,56,SERVICIOS DE COMIDAS Y BEBIDAS,561001,RESTAURANTE,13/09/2026,SANTIAGO,9,direccion
13231613801,node,40.4167877,-3.6975825,Restaurante La Ancha,spanish,Calle de Zorrilla,7,28014,,+34 914 29 81 74,https://www.laancha.com/,"Mo-Th 13:30-16:00, 20:30-23:30; Fr-Sa 13:00-16:00, 20:30-00:00",,,,,ZORRILLA,7,ZORRILLA|7,270044165.0,1.0,CENTRO              ,103.0,CORTES              ,3.0,1072.0,72.0,440819.59,4474249.52,1.0,Puerta Calle,1.0,Abierto,805800.0,CALLE                   ,ZORRILLA                                          ,11004088.0,1.0,NUM,7.0,  ,10.0,805800.0,CALLE                   ,ZORRILLA                                          ,11004088.0,1.0,NUM,7.0,  ,,,,,,,1,01,RESTAURANTE LA ANCLA,I,HOSTELERÍA,56,SERVICIOS DE COMIDAS Y BEBIDAS,561001,RESTAURANTE,13/09/2026,ZORRILLA,7,direccion
13529059390,node,40.4121474,-3.7043688,La Madrileña,,Plaza de Tirso de Molina,7,28012,Madrid,,,,,,,,TIRSO DE MOLINA,7,TIRSO DE MOLINA|7,270438458.0,1.0,CENTRO              ,102.0,EMBAJADORES         ,2.0,1028.0,28.0,440227.59,4473738.53,1.0,Puerta Calle,1.0,Abierto,742900.0,PLAZA                   ,TIRSO DE MOLINA                                   ,11001681.0,1.0,NUM,7.0,  ,20.0,742900.0,PLAZA                   ,TIRSO DE MOLINA                                   ,11001681.0,1.0,NUM,7.0,  ,,,,,,,1,DR,LA PARRILLA DE GALICIA,I,HOSTELERÍA,56,SERVICIOS DE COMIDAS Y BEBIDAS,561004,BAR RESTAURANTE,13/09/2026,TIRSO DE MOLINA,7,direccion
13730222901,node,40.4147982,-3.7046934,La Canastera,,Calle de la Bolsa,3,28012,,,,,,,,,BOLSA,3,BOLSA|3,270367979.0,1.0,CENTRO              ,106.0,SOL                 ,6.0,1120.0,120.0,440210.59,4474041.53,1.0,Puerta Calle,1.0,Abierto,111100.0,CALLE                   ,BOLSA                                             ,11007637.0,1.0,NUM,3.0,  ,30.0,111100.0,CALLE                   ,BOLSA                                             ,11007637.0,1.0,NUM,3.0,  ,,,,,,,1,03,CASA ORLANDO,I,HOSTELERÍA,56,SERVICIOS DE COMIDAS Y BEBIDAS,561004,BAR RESTAURANTE,13/09/2026,BOLSA,3,direccion
