restaurante_id,nombre,latitud,longitud,direccion,numero,codigo_postal,barrio,distrito,seccion_censal,epigrafe_oficial,cocina,tipo_acceso,tiene_web,url_web,tiene_telefono,tiene_horario,tiene_terraza,ofrece_delivery,ofrece_takeaway,es_accesible,competencia_500m,competencia_1km,fuente_principal,metodo_enriquecimiento_censo,fecha_construccion,renta_media
b8c3a2fd9249,La Casa del Abuelo,40.4145735,-3.7074986,Calle de Toledo,11,28005,SOL                 ,CENTRO              ,1121.0,BAR RESTAURANTE,regional,Puerta Calle,True,http://lacasadelabuelo.es/,False,False,True,False,False,True,302,838,OSM,direccion,2026-09-18,20959.0
aa5582e14325,Barinka,40.414802,-3.7041077,Calle de la Bolsa,4,,SOL                 ,CENTRO              ,1120.0,RESTAURANTE,peruvian,Puerta Calle,False,,True,True,False,False,False,False,269,993,OSM,direccion,2026-09-18,21838.0
b4f5159db94f,Taberna Griega,40.4251547,-3.7044697,Calle del Tesoro,6,28004,UNIVERSIDAD         ,CENTRO              ,1100.0,RESTAURANTE,greek,Puerta Calle,True,https://tabernagriega.com/,True,True,False,False,False,False,214,727,OSM,direccion,2026-09-18,21103.0
4e2aa8964189,Elemental Bistro,40.4216236,-3.7047287,Corredera Baja de San Pablo,4,28004,UNIVERSIDAD         ,CENTRO              ,1116.0,RESTAURANTE,,Puerta Calle,False,,True,False,False,False,False,False,256,1019,OSM,direccion,2026-09-18,20752.0
1de439601f2d,La Mas Castiza,40.4136761,-3.7075572,Calle de Toledo,28,28005,SOL                 ,CENTRO              ,1121.0,BAR RESTAURANTE,,Puerta Calle,True,http://lamazcastiza.es,True,True,False,False,False,False,280,792,OSM,direccion,2026-09-18,20959.0
dd027d493b64,Maricastaña,40.4221302,-3.7041799,Corredera Baja de San Pablo,12,28004,UNIVERSIDAD         ,CENTRO              ,1114.0,BAR RESTAURANTE,international,Puerta Calle,True,https://www.maricastanamadrid.com/,True,True,False,False,False,False,253,1017,OSM,direccion,2026-09-18,23812.0
04776b703988,La Prensa,40.4207309,-3.7055795,Calle de Miguel Moya,4,28004,UNIVERSIDAD         ,CENTRO              ,1115.0,BAR RESTAURANTE,regional,Puerta Calle,False,,False,False,False,False,False,True,261,1048,OSM,direccion,2026-09-18,22587.0
84d4171bde6f,Grama Lounge,40.4154971,-3.7017597,Calle de la Cruz,19,28012,CORTES              ,CENTRO              ,1069.0,BAR RESTAURANTE,,Puerta Calle,True,https://gramabar.com/,True,False,False,False,False,False,287,985,OSM,direccion,2026-09-18,22508.0
df5fdd70480f,Casa Hortensia,40.4238714,-3.70043,Calle de la Farmacia,2,28004,JUSTICIA            ,CENTRO              ,1081.0,RESTAURANTE,regional,Interior,True,https://www.casahortensia.com,True,False,False,False,False,True,254,772,OSM,direccion,2026-09-18,21084.0
b4081f3a9810,Hundred,40.4210364,-3.6998468,Plaza de Pedro Zerolo,1,28004,JUSTICIA            ,CENTRO              ,1076.0,BAR RESTAURANTE,burger,Puerta Calle,True,https://hundredburgers.com,True,True,False,False,False,False,284,877,OSM,direccion,2026-09-18,21521.0
c907b72b372d,Casa Lucas,40.4123107,-3.7094524,Calle de la Cava Baja,30,28005,PALACIO             ,CENTRO              ,1011.0,RESTAURANTE,,Puerta Calle,False,,False,True,False,False,False,True,249,596,OSM,direccion,2026-09-18,22651.0
0c2bbe85ade5,Menomale,40.4285028,-3.7063068,Calle de San Bernardo,85,28015,UNIVERSIDAD         ,CENTRO              ,1103.0,BAR RESTAURANTE,italian,Puerta Calle,True,http://menomale.es/,True,False,False,False,False,True,103,441,OSM,direccion,2026-09-18,30158.0
387264a6ed1d,El Maño,40.426805,-3.7083142,Calle de la Palma,64,28015,UNIVERSIDAD         ,CENTRO              ,1105.0,RESTAURANTE,regional,Puerta Calle,False,,False,False,False,False,False,False,136,516,OSM,direccion,2026-09-18,27175.0
4843205fe184,El Pez Gordo,40.4228396,-3.7040127,Calle del Pez,6,28004,UNIVERSIDAD         ,CENTRO              ,1096.0,RESTAURANTE,,Puerta Calle,False,,False,False,False,False,False,True,229,955,OSM,direccion,2026-09-18,19209.0
38e2e96d94de,Take Wok,40.4125657,-3.6996958,Calle de Atocha,44,28012,EMBAJADORES         ,CENTRO              ,1027.0,RESTAURANTES DE COMIDA RAPIDA,asian,Puerta Calle,False,,False,False,True,False,True,True,286,687,OSM,direccion,2026-09-18,24472.0
6414651be6fe,Clarita,40.4222488,-3.7042612,Corredera Baja de San Pablo,19,28004,UNIVERSIDAD         ,CENTRO              ,1114.0,BAR RESTAURANTE,international,Puerta Calle,True,https://claritamadrid.com/,True,False,False,False,False,True,249,1007,OSM,direccion,2026-09-18,23812.0
0055a6decdba,Sichuan Kitchen,40.4241049,-3.7103967,Calle del Maestro Guerrero,4,,UNIVERSIDAD         ,CENTRO              ,1111.0,BAR RESTAURANTE,,Puerta Calle,True,https://senhaish.com/sichuan-kitchen/,True,True,False,False,False,False,201,589,OSM,direccion,2026-09-18,22533.0
de1204ac1f13,La Palma 60,40.4267515,-3.7078182,Calle de la Palma,60,28015,UNIVERSIDAD         ,CENTRO              ,1104.0,RESTAURANTE,,Puerta Calle,True,http://www.lapalma60.com/,False,False,False,False,False,False,145,530,OSM,direccion,2026-09-18,21363.0
e04315852b80,Aladino,40.4259439,-3.7120307,Calle del Duque de Liria,2,28015,UNIVERSIDAD         ,CENTRO              ,1108.0,RESTAURANTE,arab,Puerta Calle,True,http://www.restaurantealadino.es/,True,False,False,False,False,True,159,449,OSM,direccion,2026-09-18,24873.0
a928a13ff5f7,Küche,40.426414,-3.7125969,Calle de la Princesa,18,,UNIVERSIDAD         ,CENTRO              ,1108.0,BAR RESTAURANTE,,Puerta Calle,True,http://www.kuche.es/,True,False,False,False,False,True,132,379,OSM,direccion,2026-09-18,24873.0
4c08ce6ed603,La Biotika,40.4131803,-3.6982035,Calle Amor de Dios,3,28014,CORTES              ,CENTRO              ,1065.0,RESTAURANTE,,Puerta Calle,True,https://www.labiotika.es/,True,False,False,False,True,False,261,636,OSM,direccion,2026-09-18,24155.0
8f7b8e7a4063,VEGA,40.4223109,-3.7061009,Calle de la Luna,9,28004,UNIVERSIDAD         ,CENTRO              ,1115.0,RESTAURANTE,,Puerta Calle,True,https://luna.govega.es/,True,True,True,False,False,True,276,939,OSM,direccion,2026-09-18,22587.0
26278ebb4d12,La Mordida,40.4169483,-3.7087607,Calle de las Fuentes,3,28013,PALACIO             ,CENTRO              ,1006.0,RESTAURANTE,mexican,Puerta Calle,True,http://www.lamordida.com/web/sample-page/la-mordida-de-fuentes/,True,True,False,False,False,False,311,827,OSM,direccion,2026-09-18,28844.0
e7c0b37b09a8,Desengaño 13,40.4210185,-3.7043409,Calle del Desengaño,13,28004,UNIVERSIDAD         ,CENTRO              ,1116.0,BAR RESTAURANTE,,Puerta Calle,True,http://restauranted13.blogspot.com.es/,True,False,False,False,False,False,258,1063,OSM,direccion,2026-09-18,20752.0
5c476a747626,La Chamana,40.4191056,-3.7069436,Calle de las Navas de Tolosa,7,28013,SOL                 ,CENTRO              ,1117.0,RESTAURANTE,mexican,Puerta Calle,True,http://lachamana.es/,True,False,False,False,False,False,321,1010,OSM,direccion,2026-09-18,21549.0
188358cb0fae,La Carmela,40.4161588,-3.7017843,Calle de la Victoria,4,28012,SOL                 ,CENTRO              ,1119.0,RESTAURANTE,regional,Puerta Calle,True,http://www.tabernalacarmela.com/,True,False,False,False,False,False,286,1000,OSM,direccion,2026-09-18,16727.0
ea380c6e0581,Jinode,40.4103892,-3.6946942,Calle de Atocha,111,,CORTES              ,CENTRO              ,1061.0,RESTAURANTE,,Puerta Calle,False,,False,False,False,False,False,True,99,368,OSM,direccion,2026-09-18,23012.0
b01e3b7955da,El Cogollo de la Descarga,40.4169967,-3.7081706,Calle de las Hileras,6,28013,SOL                 ,CENTRO              ,1123.0,RESTAURANTE,regional,Puerta Calle,False,,True,False,False,False,False,True,305,867,OSM,direccion,2026-09-18,21721.0
021639b96b46,El Picoteo de Malasaña,40.4285247,-3.7028896,Calle de Manuela Malasaña,7,28004,UNIVERSIDAD         ,CENTRO              ,1090.0,BAR RESTAURANTE,regional,Puerta Calle,False,,False,False,False,False,False,False,102,450,OSM,direccion,2026-09-18,24702.0
369677cf0b8d,Igo Ramen,40.4190175,-3.7073218,Calle de las Navas de Tolosa,9,28013,SOL                 ,CENTRO              ,1117.0,RESTAURANTE,noodle,Puerta Calle,False,,False,False,False,False,False,False,335,977,OSM,direccion,2026-09-18,21549.0
3a70a3bd68d4,Luna Rossa,40.4231356,-3.7072785,Calle de San Bernardo,24,28015,UNIVERSIDAD         ,CENTRO              ,1113.0,RESTAURANTE,italian,Puerta Calle,True,http://www.restaurantelunarossa.com/,True,False,True,False,True,True,272,793,OSM,direccion,2026-09-18,21896.0
99153580951c,Pisco & Lima,40.4107253,-3.7098272,Calle de la Cebada,3,,PALACIO             ,CENTRO              ,1013.0,BAR RESTAURANTE,peruvian,Puerta Calle,False,,False,False,False,False,False,True,177,469,OSM,direccion,2026-09-18,18695.0
3d47ab21a6e8,Home Burger Bar,40.4219441,-3.7056153,Calle de Silva,25,28004,UNIVERSIDAD         ,CENTRO              ,1115.0,BAR RESTAURANTE,burger,Puerta Calle,True,http://www.homeburgerbar.com/index1.html#/portada,True,False,True,False,False,True,266,986,OSM,direccion,2026-09-18,22587.0
4bd4b7f8075b,Kinza,40.4230723,-3.7074038,Calle de San Bernardo,22,28015,UNIVERSIDAD         ,CENTRO              ,1115.0,RESTAURANTE,georgian,Puerta Calle,True,http://kinzamadrid.es/,True,False,False,False,False,True,278,788,OSM,direccion,2026-09-18,22587.0
5c3d49d21477,La Mi Venta,40.4203804,-3.7125545,Plaza de la Marina Española,7,28013,PALACIO             ,CENTRO              ,1001.0,BAR RESTAURANTE,regional,Puerta Calle,True,http://www.lamiventa.es/en_GB,True,False,True,False,False,True,144,644,OSM,direccion,2026-09-18,27408.0
3c39b2463882,Boom Boom Ciao,40.4285206,-3.7032964,Calle de Manuela Malasaña,11,28004,UNIVERSIDAD         ,CENTRO              ,1090.0,BAR RESTAURANTE,,Puerta Calle,False,,False,False,False,False,False,False,100,443,OSM,direccion,2026-09-18,24702.0
1b87125a79c5,Sobrado,40.4240174,-3.7059346,Calle del Pez,30,28004,UNIVERSIDAD         ,CENTRO              ,1099.0,BAR RESTAURANTE,,Puerta Calle,True,https://barsobrado.com/,False,False,False,False,False,True,236,786,OSM,direccion,2026-09-18,18677.0
43e606403ef3,Casa Lucio,40.4120917,-3.7096742,Calle de la Cava Baja,35,28005,PALACIO             ,CENTRO              ,1011.0,RESTAURANTE,,Puerta Calle,True,http://casalucio.es/,True,True,False,False,False,True,242,568,OSM,direccion,2026-09-18,22651.0
c23983d2530d,Frutas Prohibidas,40.4274733,-3.7103517,Calle del Conde Duque,26,,UNIVERSIDAD         ,CENTRO              ,1105.0,RESTAURANTE,brunch,Puerta Calle,True,https://www.frutasprohibidas.com/,True,True,False,False,False,False,124,444,OSM,direccion,2026-09-18,27175.0
fbdf2a6b7ef5,Frutas Prohibidas,40.4274207,-3.7103858,Calle del Conde Duque,26,28015,UNIVERSIDAD         ,CENTRO              ,1105.0,RESTAURANTE,brunch;coffee_shop,Puerta Calle,True,https://frutasprohibidas.com/,True,True,False,True,False,False,129,446,OSM,direccion,2026-09-18,27175.0
4555c259e20b,Los Porfiados,40.4101444,-3.6989426,Calle de Buenavista,18,28012,EMBAJADORES         ,CENTRO              ,1046.0,RESTAURANTE,argentinian,Puerta Calle,True,https://www.losporfiados.com/,True,False,False,False,False,False,168,478,OSM,direccion,2026-09-18,18432.0
caf86d29042b,Fatigas del querer,40.4155661,-3.7016554,Calle de la Cruz,17,,CORTES              ,CENTRO              ,1069.0,BAR RESTAURANTE,spanish;tapas,Puerta Calle,False,,True,False,False,False,False,False,287,979,OSM,direccion,2026-09-18,22508.0
3bc94724546b,Casa Jaguar,40.4189909,-3.7085092,Calle de Caños del Peral,9,28013,PALACIO             ,CENTRO              ,1003.0,BAR RESTAURANTE,latin_american,Puerta Calle,True,http://www.casajaguarmadrid.com/,True,False,False,False,False,False,316,896,OSM,direccion,2026-09-18,21921.0
f652c1cd0673,Burnout,40.4207841,-3.7021303,Calle de Valverde,6,28004,UNIVERSIDAD         ,CENTRO              ,1116.0,RESTAURANTE,burger,Puerta Calle,True,http://www.burnoutburgers.com/,True,False,False,False,False,False,275,1035,OSM,direccion,2026-09-18,20752.0
cbfa7353d8f5,Taberna Maceiras,40.4130461,-3.6959942,Calle de las Huertas,66,28014,CORTES              ,CENTRO              ,1064.0,RESTAURANTE,,Puerta Calle,True,https://tabernamaceira.com/,True,True,False,False,False,False,164,561,OSM,direccion,2026-09-18,24909.0
52696b502e5c,Shisha,40.4199733,-3.7078185,Calle de Jacometrezo,15,28013,SOL                 ,CENTRO              ,1117.0,RESTAURANTE,kebab,Puerta Calle,False,,False,False,False,False,False,False,301,937,OSM,direccion,2026-09-18,21549.0
986172894c0a,Goiko Grill,40.427731,-3.7139558,Calle de la Princesa,26,,UNIVERSIDAD         ,CENTRO              ,1107.0,BAR RESTAURANTE,burger,Puerta Calle,True,https://www.goikogrill.com/,False,False,True,False,False,True,93,264,OSM,direccion,2026-09-18,29697.0
9e4686915b6b,Pad Thai,40.4104513,-3.6928735,Paseo del Prado,40,28014,CORTES              ,CENTRO              ,1062.0,RESTAURANTE,thai,Puerta Calle,False,,False,False,False,False,False,False,67,281,OSM,direccion,2026-09-18,22488.0
dcdd241c9dd6,Fatigas del querer,40.4155568,-3.7016675,Calle de la Cruz,17,28012,CORTES              ,CENTRO              ,1069.0,BAR RESTAURANTE,,Puerta Calle,False,,False,False,False,False,False,False,287,980,OSM,direccion,2026-09-18,22508.0
588f1985e454,Kuoco,40.4227829,-3.695529,Calle del Barquillo,30,,JUSTICIA            ,CENTRO              ,1073.0,RESTAURANTE,,Puerta Calle,False,,False,False,False,False,False,True,193,548,OSM,direccion,2026-09-18,36918.0
840365218d91,Casa Fidel,40.4237936,-3.7028378,Calle de El Escorial,6,28004,UNIVERSIDAD         ,CENTRO              ,1094.0,RESTAURANTE,regional,Puerta Calle,False,,True,True,False,False,False,False,214,859,OSM,direccion,2026-09-18,2422.0
f58af3750d8d,Yatiri,40.4127689,-3.7034366,Calle de Relatores,20,28012,EMBAJADORES         ,CENTRO              ,1026.0,BAR RESTAURANTE,,Puerta Calle,False,,False,False,False,False,False,False,240,871,OSM,direccion,2026-09-18,25825.0
4a3e072e7881,La Excéntrica,40.4172783,-3.7086063,Calle de las Fuentes,10,28013,SOL                 ,CENTRO              ,1124.0,BAR RESTAURANTE,regional,Puerta Calle,False,,True,True,False,False,False,False,311,840,OSM,direccion,2026-09-18,25639.0
cc542a1a7d54,Lacaña,40.4090226,-3.6953055,Calle de Santa Isabel,50,28012,EMBAJADORES         ,CENTRO              ,1057.0,BAR RESTAURANTE,,Puerta Calle,True,http://www.xn--lacaaonline-4db.es/,True,False,True,False,False,True,107,340,OSM,direccion,2026-09-18,2248.0
9b4c6f30c242,Hunan Restaurant,40.4212367,-3.7035471,Calle de la Ballesta,4,28004,UNIVERSIDAD         ,CENTRO              ,1116.0,RESTAURANTE,chinese,Puerta Calle,True,http://www.hunanrestaurantmadrid.com/,False,True,False,False,False,False,260,1049,OSM,direccion,2026-09-18,20752.0
341314bbd632,Palosanto,40.4227404,-3.697428,Plaza de Chueca,8,28004,JUSTICIA            ,CENTRO              ,1077.0,RESTAURANTE,,Puerta Calle,False,,True,False,False,False,False,False,248,697,OSM,direccion,2026-09-18,2774.0
2ea28b63d908,La Cabaña Argentina,40.4156894,-3.6990068,Calle de Ventura de la Vega,10,28014,CORTES              ,CENTRO              ,1072.0,BAR RESTAURANTE,,Puerta Calle,False,,False,False,True,False,False,False,307,794,OSM,direccion,2026-09-18,31803.0
319dbb3d0919,Los Galayos,40.4148825,-3.7066972,Calle Botoneras,5,28012,SOL                 ,CENTRO              ,1121.0,BAR RESTAURANTE,regional,Puerta Calle,True,http://www.losgalayos.net/,True,False,False,False,False,False,294,904,OSM,direccion,2026-09-18,20959.0
7ef1b5b5af03,El mezcalito,40.4233148,-3.7028189,Corredera Baja de San Pablo,49,28004,UNIVERSIDAD         ,CENTRO              ,1096.0,BAR RESTAURANTE,mexican,Puerta Calle,False,,False,False,False,False,False,False,228,906,OSM,direccion,2026-09-18,19209.0
697ca650f3ba,Casa Lolea,40.4219903,-3.6972219,Calle de la Libertad,26,28004,JUSTICIA            ,CENTRO              ,1077.0,BAR RESTAURANTE,,Puerta Calle,True,https://www.casalolea.com/,True,False,False,False,False,False,246,726,OSM,direccion,2026-09-18,2774.0
e224caecc0e0,Igo Ramen,40.421101,-3.7054992,Calle de los Tudescos,4,28004,UNIVERSIDAD         ,CENTRO              ,1115.0,BAR RESTAURANTE,,Puerta Calle,True,https://www.igoramen.com/,True,False,False,False,False,True,260,1035,OSM,direccion,2026-09-18,22587.0
c1f7238e263f,Tampu,40.4219798,-3.6935372,Calle de Prim,13,28004,JUSTICIA            ,CENTRO              ,1073.0,BAR RESTAURANTE,peruvian,Puerta Calle,True,https://tampurestaurante.com/,True,False,False,False,False,True,143,438,OSM,direccion,2026-09-18,36918.0
5d4eb8b85691,Tiki Taco,40.4222217,-3.7076221,Calle de San Bernardo,12,28015,UNIVERSIDAD         ,CENTRO              ,1115.0,RESTAURANTE,mexican,Puerta Calle,False,,True,False,False,False,False,True,277,841,OSM,direccion,2026-09-18,22587.0
002527e26b1a,Il Pezzo di Guiseppe,40.4150326,-3.7004107,Plaza de Santa Ana,5,28012,CORTES              ,CENTRO              ,1069.0,RESTAURANTE,italian,Puerta Calle,False,,False,False,False,False,False,True,295,899,OSM,direccion,2026-09-18,22508.0
457fb3c44c96,Crepes & Waffles,40.4285168,-3.7023147,Calle de Fuencarral,105,,UNIVERSIDAD         ,CENTRO              ,1090.0,RESTAURANTE,crepe;ice_cream,Puerta Calle,False,,False,True,False,False,False,True,105,461,OSM,direccion,2026-09-18,24702.0
c32475de3035,La Oreja de Jaime,40.4156083,-3.7016129,Calle de la Cruz,15,28014,CORTES              ,CENTRO              ,1069.0,BAR RESTAURANTE,regional,Puerta Calle,False,,False,False,False,False,False,False,288,977,OSM,direccion,2026-09-18,22508.0
5be0eea3f860,La Gastro,40.421296,-3.7029037,Calle del Barco,7,,UNIVERSIDAD         ,CENTRO              ,1116.0,RESTAURANTE,,Puerta Calle,True,https://lagastrodechema.com/,True,False,False,False,False,False,252,1042,OSM,direccion,2026-09-18,20752.0
31a9f9c4a7a6,Museo del Vino,40.4156223,-3.7017857,Calle de la Cruz,14,28012,SOL                 ,CENTRO              ,1119.0,BAR RESTAURANTE,regional,Puerta Calle,False,,False,False,False,False,False,False,288,992,OSM,direccion,2026-09-18,16727.0
c0bc0e741e76,Zenith,40.4224366,-3.7015964,Calle de Valverde,28,28004,UNIVERSIDAD         ,CENTRO              ,1095.0,RESTAURANTE,,Puerta Calle,True,https://www.zenithcaffe.es/,False,True,False,False,False,True,281,913,OSM,direccion,2026-09-18,22367.0
ce0b73fc4682,Honest Greens,40.4248508,-3.6978211,Calle de Hortaleza,100,28004,JUSTICIA            ,CENTRO              ,1081.0,RESTAURANTE,organic,Puerta Calle,True,https://honestgreens.com/,True,True,False,False,False,True,213,578,OSM,direccion,2026-09-18,21084.0
25d43af81c82,La Fondue de Tell,40.4277298,-3.7041424,Calle del Divino Pastor,12,28004,UNIVERSIDAD         ,CENTRO              ,1092.0,RESTAURANTE,fondue,Puerta Calle,True,http://www.lafonduedetell.com/,True,False,False,False,False,False,128,525,OSM,direccion,2026-09-18,2192.0
967dd8b9169b,Delisco,40.4229773,-3.700984,Calle de Fuencarral,43,28004,UNIVERSIDAD         ,CENTRO              ,1095.0,BAR RESTAURANTE,,Puerta Calle,True,http://www.delisco.es/,False,False,True,False,False,False,281,860,OSM,direccion,2026-09-18,22367.0
ad2a57f19ea5,La Panza es Primero,40.4223475,-3.6971571,Calle de la Libertad,33,28004,JUSTICIA            ,CENTRO              ,1077.0,RESTAURANTE,mexican,Puerta Calle,True,http://www.lapanzaesprimero.com/,False,False,False,False,False,False,244,705,OSM,direccion,2026-09-18,2774.0
8ef5c99a666a,El Madroño,40.4140365,-3.7079139,Calle de Latoneros,10,,SOL                 ,CENTRO              ,1121.0,RESTAURANTE,,Puerta Calle,False,,False,False,False,False,False,False,297,777,OSM,direccion,2026-09-18,20959.0
cdc62e6459e6,Sultan Palast,40.4203351,-3.6985887,Calle de las Infantas,30,28004,JUSTICIA            ,CENTRO              ,1074.0,RESTAURANTE,turkish,Puerta Calle,False,,True,False,False,False,False,True,254,808,OSM,direccion,2026-09-18,28826.0
48d4016b35e9,Taberna Almendro 13,40.4124833,-3.7100504,Calle del Almendro,13,28005,PALACIO             ,CENTRO              ,1011.0,RESTAURANTE,regional,Puerta Calle,True,http://almendro13.com/,False,False,False,False,False,False,251,552,OSM,direccion,2026-09-18,22651.0
ab4416a96ba9,Mirador del Arco de Cuchilleros,40.4145902,-3.7082193,Calle de la Cava de San Miguel,8,28005,PALACIO             ,CENTRO              ,1008.0,BAR RESTAURANTE,regional,Puerta Calle,True,https://miradordelarcodecuchilleros.com,True,False,False,False,False,True,309,784,OSM,direccion,2026-09-18,29172.0
ea9c5bf9a58f,La Barraca,40.4199756,-3.6987328,Calle de la Reina,29,28004,JUSTICIA            ,CENTRO              ,1074.0,RESTAURANTE,regional,Puerta Calle,True,http://www.labarraca.es/,True,False,False,False,False,False,271,824,OSM,direccion,2026-09-18,28826.0
9c6e96402482,El Respiro,40.4202507,-3.6982776,Calle de las Infantas,34,28004,JUSTICIA            ,CENTRO              ,1074.0,BAR RESTAURANTE,regional;burger;sandwich;bocadillos,Puerta Calle,False,,True,True,True,False,False,True,244,794,OSM,direccion,2026-09-18,28826.0
628cf6a1a806,Baiyor,40.4288063,-3.7055973,Calle de Manuela Malasaña,37,28004,UNIVERSIDAD         ,CENTRO              ,1091.0,RESTAURANTE,thai,Puerta Calle,False,,False,False,False,False,False,False,94,423,OSM,direccion,2026-09-18,23173.0
f8df035cec9a,Detenderete,40.4286679,-3.7088468,Calle de Santa Cruz de Marcenado,13,28015,UNIVERSIDAD         ,CENTRO              ,1106.0,BAR RESTAURANTE,regional,Puerta Calle,False,,True,False,False,False,False,False,72,402,OSM,direccion,2026-09-18,29154.0
2081570cb31b,Lamiak,40.4118881,-3.7104095,Calle de la Cava Baja,42,28005,PALACIO             ,CENTRO              ,1011.0,BAR RESTAURANTE,,Puerta Calle,True,http://www.lamiak.net/,False,False,False,False,False,False,224,506,OSM,direccion,2026-09-18,22651.0
46b4e694047f,Steak Burger,40.419828,-3.7073269,Calle Preciados,42,,SOL                 ,CENTRO              ,1117.0,BAR RESTAURANTE,,Puerta Calle,False,,False,False,False,False,False,False,302,971,OSM,direccion,2026-09-18,21549.0
d16c36d0bb88,Xanacuk,40.4228838,-3.6997242,Calle de Augusto Figueroa,13,28004,JUSTICIA            ,CENTRO              ,1075.0,RESTAURANTE,,Puerta Calle,True,http://www.xanacuk.com/,True,False,False,False,False,True,284,799,OSM,direccion,2026-09-18,1979.0
4f84bfed40ca,Hemu Sushi,40.418978,-3.7015174,Calle de los Jardines,3,28013,SOL                 ,CENTRO              ,1118.0,RESTAURANTE,,Puerta Calle,False,,False,False,False,False,False,True,339,1004,OSM,direccion,2026-09-18,20173.0
caa82c16bd61,Cañas y Tapas,40.4173628,-3.7060503,Plaza de Celenque,1,28013,SOL                 ,CENTRO              ,1124.0,RESTAURANTE,regional,Puerta Calle,True,https://canasytapas.es/,True,True,True,False,False,False,321,1035,OSM,direccion,2026-09-18,25639.0
7d6ac6a03207,La Troyka,40.4189758,-3.7009104,Calle de los Jardines,11,28013,SOL                 ,CENTRO              ,1118.0,BAR RESTAURANTE,russian,Puerta Calle,False,,True,False,False,False,False,True,342,968,OSM,direccion,2026-09-18,20173.0
70fcd69cb92d,El Camarote,40.4116626,-3.7107998,Plaza de la Puerta de Moros,8,28005,PALACIO             ,CENTRO              ,1011.0,BAR RESTAURANTE,,Puerta Calle,False,,True,False,False,False,False,True,212,468,OSM,direccion,2026-09-18,22651.0
5cf35de7c344,Nugu Burger,40.4102599,-3.6944918,Calle de Atocha,115,28012,CORTES              ,CENTRO              ,1061.0,BAR RESTAURANTE,burger,Puerta Calle,True,https://www.nuguburger.com/,True,True,False,False,False,False,92,352,OSM,direccion,2026-09-18,23012.0
fd89dc3022cb,La Sanabresa,40.4126114,-3.6985299,Calle Amor de Dios,12,28014,CORTES              ,CENTRO              ,1067.0,RESTAURANTE,regional,Puerta Calle,False,,True,True,False,False,False,False,247,617,OSM,direccion,2026-09-18,21874.0
6a8a5c8c30b2,La Paella Real,40.4185875,-3.7097935,Calle de Arrieta,2,28013,PALACIO             ,CENTRO              ,1004.0,RESTAURANTE,regional,Interior,True,https://www.lapaellareal.es/,True,True,False,False,False,False,266,816,OSM,direccion,2026-09-18,32264.0
268924f9373e,Okashi Sanda,40.4257441,-3.7032708,Calle de San Vicente Ferrer,22,28004,UNIVERSIDAD         ,CENTRO              ,1101.0,BAR RESTAURANTE,japanese,Puerta Calle,True,http://okashisanda.es/,True,True,True,False,False,False,187,696,OSM,direccion,2026-09-18,18919.0
c232432436a9,Ra-Men Kagura,40.4216589,-3.6993965,Calle de San Marcos,8,28004,JUSTICIA            ,CENTRO              ,1076.0,RESTAURANTE,,Puerta Calle,False,,False,False,False,False,False,False,274,847,OSM,direccion,2026-09-18,21521.0
3aac02d030db,100 Montaditos,40.4087301,-3.6927647,Plaza del Emperador Carlos V,9,,EMBAJADORES         ,CENTRO              ,1058.0,RESTAURANTES DE COMIDA RAPIDA,sandwich,Puerta Calle,False,,False,False,True,False,False,True,57,215,OSM,direccion,2026-09-18,21568.0
db42ec4bf579,Hamburguesa Nostra,40.4276604,-3.7138516,Calle de la Princesa,26,,UNIVERSIDAD         ,CENTRO              ,1107.0,RESTAURANTE,,Puerta Calle,False,,False,False,True,False,False,True,95,267,OSM,direccion,2026-09-18,29697.0
26339038f68c,100 Montaditos,40.4277604,-3.7017361,Calle de Fuencarral,96,28004,JUSTICIA            ,CENTRO              ,1089.0,RESTAURANTES DE COMIDA RAPIDA,sandwich,Puerta Calle,False,,False,True,False,False,False,True,120,540,OSM,direccion,2026-09-18,27528.0
a6256cb3f1cc,Raza,40.4203213,-3.6955673,Calle del Barquillo,8,28004,JUSTICIA            ,CENTRO              ,1073.0,RESTAURANTE,,Puerta Calle,False,,False,False,False,False,False,True,196,671,OSM,direccion,2026-09-18,36918.0
fa3ac06e76bc,O Cacho do Jose,40.4150233,-3.7005193,Plaza de Santa Ana,5,28012,CORTES              ,CENTRO              ,1069.0,RESTAURANTE,regional,Puerta Calle,False,,False,False,False,False,False,False,296,904,OSM,direccion,2026-09-18,22508.0
4c29f8335afa,Miyama,40.4222185,-3.7099091,Calle de la Flor Baja,5,28013,PALACIO             ,CENTRO              ,1003.0,RESTAURANTE,japanese,Puerta Calle,True,https://www.restaurantemiyama.com/,True,False,False,False,False,False,253,692,OSM,direccion,2026-09-18,21921.0
4db8db551512,Kechua,40.4172484,-3.7087333,Calle de las Fuentes,9,28013,PALACIO             ,CENTRO              ,1006.0,RESTAURANTE,peruvian,Puerta Calle,True,http://restaurantekechua.com/,True,False,False,False,False,False,312,838,OSM,direccion,2026-09-18,28844.0
11b58714d589,Casa Jacinto,40.4220011,-3.7116977,Calle del Reloj,20,28013,PALACIO             ,CENTRO              ,1002.0,RESTAURANTE,mediterranean;spanish;regional;local,Puerta Calle,True,https://www.restaurantecasajacinto.com/,True,True,False,False,False,False,199,618,OSM,direccion,2026-09-18,20951.0
5817f50797a1,PadThaiWok,40.4230463,-3.7031419,Corredera Baja de San Pablo,41,28004,UNIVERSIDAD         ,CENTRO              ,1096.0,BAR RESTAURANTE,thai,Puerta Calle,True,http://padthaiwok.com/,True,False,False,False,False,False,226,931,OSM,direccion,2026-09-18,19209.0
c42f7a0b75ed,La Huerta de Tudela,40.4149533,-3.6985983,Calle del Prado,15,28014,CORTES              ,CENTRO              ,1072.0,RESTAURANTE,,Puerta Calle,False,,False,False,False,False,False,True,286,722,OSM,direccion,2026-09-18,31803.0
8c61884fa799,Dong Bei,40.4261885,-3.7112359,Calle del Conde Duque,10,28015,UNIVERSIDAD         ,CENTRO              ,1108.0,BAR RESTAURANTE,chinese,Puerta Calle,False,,True,False,False,False,False,True,163,471,OSM,direccion,2026-09-18,24873.0
2dcce2495f18,El Campesino,40.4104087,-3.6947574,Calle de Atocha,111,28012,CORTES              ,CENTRO              ,1061.0,BAR RESTAURANTE,,Puerta Calle,False,,False,False,False,False,False,True,100,369,OSM,direccion,2026-09-18,23012.0
f5a2fdbe3cb5,Curry Masala,40.4213704,-3.7061958,Calle de Silva,16,28004,UNIVERSIDAD         ,CENTRO              ,1115.0,RESTAURANTE,indian,Puerta Calle,False,,False,False,False,False,False,True,274,984,OSM,direccion,2026-09-18,22587.0
83840895b4fb,Maru,40.4197579,-3.6977883,Calle de la Reina,37,28004,JUSTICIA            ,CENTRO              ,1074.0,RESTAURANTE,asian,Puerta Calle,False,,True,False,False,False,False,True,247,777,OSM,direccion,2026-09-18,28826.0
2497f3bb77a6,El 5 de Tirso,40.4122234,-3.7040068,Plaza de Tirso de Molina,5,,EMBAJADORES         ,CENTRO              ,1028.0,BAR RESTAURANTE,,Puerta Calle,False,,False,False,False,False,False,False,220,822,OSM,direccion,2026-09-18,20183.0
2b0166e4a9a7,Janatomo,40.4200398,-3.6989861,Calle de la Reina,27,28004,JUSTICIA            ,CENTRO              ,1074.0,RESTAURANTE,japanese,Puerta Calle,False,,True,False,False,False,False,False,278,849,OSM,direccion,2026-09-18,28826.0
3dfe4198537b,Caluana,40.4151673,-3.705002,Calle de la Bolsa,12,28012,SOL                 ,CENTRO              ,1120.0,RESTAURANTE,spanish,Puerta Calle,True,https://caluana.com/,True,True,False,False,False,False,302,978,OSM,direccion,2026-09-18,21838.0
75596b8f9019,La Parrilla de Galicia,40.4121225,-3.7044957,Plaza de Tirso de Molina,7,28012,EMBAJADORES         ,CENTRO              ,1028.0,BAR RESTAURANTE,,Puerta Calle,True,http://www.asadorarizmendi.com,True,False,False,False,False,False,219,814,OSM,direccion,2026-09-18,20183.0
b7c87683c4c1,La Paella de la Reina,40.4197027,-3.6975447,Calle de la Reina,39,28004,JUSTICIA            ,CENTRO              ,1074.0,BAR RESTAURANTE,regional,Puerta Calle,True,http://www.lapaelladelareina.com/,True,False,False,False,False,True,243,766,OSM,direccion,2026-09-18,28826.0
6aa3a8d48f66,La Martinuca,40.4209925,-3.6957737,Calle del Barquillo,11,,JUSTICIA            ,CENTRO              ,1074.0,BAR RESTAURANTE,,Puerta Calle,True,https://www.lamartinuca.com/,True,False,False,False,False,True,215,670,OSM,direccion,2026-09-18,28826.0
885ebf1ea68b,Seoul,40.4109537,-3.7178626,Ronda de Segovia,25,,PALACIO             ,CENTRO              ,1019.0,RESTAURANTE,korean,Puerta Calle,False,,False,True,False,False,False,False,19,140,OSM,direccion,2026-09-18,23608.0
5f5cfd99d25b,Descaro,40.4226139,-3.711864,Plaza de España,6,,PALACIO             ,CENTRO              ,1001.0,BAR RESTAURANTE,regional,Puerta Calle,True,https://www.descarorestaurante.es/,True,False,False,False,False,False,187,572,OSM,direccion,2026-09-18,27408.0
7384f87dce07,Hermanos Vinagre,40.4228629,-3.6970058,Calle de Gravina,17,28004,JUSTICIA            ,CENTRO              ,1079.0,RESTAURANTE,,Puerta Calle,True,https://hermanosvinagre.com/,True,False,False,False,False,False,237,665,OSM,direccion,2026-09-18,27616.0
5230b2b16fa1,Villa Capri,40.4260686,-3.6967662,Calle de Hortaleza,118,28004,JUSTICIA            ,CENTRO              ,1084.0,RESTAURANTE,,Puerta Calle,False,,True,False,False,False,False,False,152,481,OSM,direccion,2026-09-18,34311.0
06daf4f20313,Babel,40.4214407,-3.6974364,Calle de la Libertad,23,28004,JUSTICIA            ,CENTRO              ,1077.0,RESTAURANTE,,Puerta Calle,False,,True,False,False,False,False,True,245,747,OSM,direccion,2026-09-18,2774.0
ee7440701d81,Merci,40.4222548,-3.6942512,Calle del Conde de Xiquena,3,28004,JUSTICIA            ,CENTRO              ,1073.0,BAR RESTAURANTE,,Puerta Calle,True,http://www.mercirestaurante.com/,True,False,False,False,False,True,176,470,OSM,direccion,2026-09-18,36918.0
d25779c40ef8,La Tagliatella,40.4197656,-3.7068279,Calle Preciados,36,28013,SOL                 ,CENTRO              ,1117.0,RESTAURANTE,italian,Puerta Calle,True,https://www.latagliatella.es/restaurantes/la-tagliatella-preciados/,True,False,False,False,False,False,299,1016,OSM,direccion,2026-09-18,21549.0
e2629444f047,La Tasquita de Enfrente,40.421321,-3.7035291,Calle de la Ballesta,6,28004,UNIVERSIDAD         ,CENTRO              ,1116.0,BAR RESTAURANTE,,Puerta Calle,False,,True,False,False,False,False,False,260,1050,OSM,direccion,2026-09-18,20752.0
980baf083ad8,Yerbabuena,40.4163792,-3.7078349,Calle de Bordadores,3,,SOL                 ,CENTRO              ,1123.0,RESTAURANTE,,Puerta Calle,True,http://www.yerbabuena.ws/,True,True,False,False,False,False,323,874,OSM,direccion,2026-09-18,21721.0
0fcb4f0dedc6,Little Dragon,40.4241124,-3.7093953,Calle de los Reyes,11,28015,UNIVERSIDAD         ,CENTRO              ,1112.0,RESTAURANTE,,Puerta Calle,True,http://www.lovinghut.es/,False,False,False,False,False,True,217,629,OSM,direccion,2026-09-18,22104.0
b99c63183612,Pizzaiolo,40.423789,-3.6985126,Calle de Hortaleza,84,28004,JUSTICIA            ,CENTRO              ,1081.0,RESTAURANTES DE COMIDA RAPIDA,pizza,Puerta Calle,False,,False,False,False,False,False,False,246,674,OSM,direccion,2026-09-18,21084.0
c3c266dff9ef,Arbonaida,40.4164826,-3.7106873,Calle de Santiago,11,28013,PALACIO             ,CENTRO              ,1007.0,BAR RESTAURANTE,,Puerta Calle,False,,True,False,False,False,False,False,286,701,OSM,direccion,2026-09-18,25414.0
08fc84318e5e,Taj Mahal,40.42514,-3.7118533,Calle del Duque de Osuna,6,28015,UNIVERSIDAD         ,CENTRO              ,1111.0,RESTAURANTE,indian,Puerta Calle,True,https://www.restaurantetajmahal.es/,True,False,True,False,True,True,169,479,OSM,direccion,2026-09-18,22533.0
e0468d0a5869,Restaurante Vegetariano,40.4164061,-3.7105306,Calle de Santiago,9,,PALACIO             ,CENTRO              ,1007.0,RESTAURANTE,,Puerta Calle,False,,True,True,False,False,False,False,297,715,OSM,direccion,2026-09-18,25414.0
b4c626a9f914,Sagardi,40.4173325,-3.6966034,Calle de Jovellanos,3,28014,CORTES              ,CENTRO              ,1072.0,BAR RESTAURANTE,,PC Asociado,True,https://sagardi.com/,True,False,False,False,False,False,211,705,OSM,direccion,2026-09-18,31803.0
edb1c0aa424c,La Gloria de Montera,40.4194589,-3.700891,Calle del Caballero de Gracia,10,28013,SOL                 ,CENTRO              ,1118.0,RESTAURANTE,,Puerta Calle,True,http://www.grupandilana.com/es/restaurantes/la-gloria-de-montera,True,False,False,False,False,True,349,973,OSM,direccion,2026-09-18,20173.0
209f50810181,Taberneros,40.4163669,-3.7104348,Calle de Santiago,9,28013,PALACIO             ,CENTRO              ,1007.0,RESTAURANTE,,Puerta Calle,True,http://www.restaurantetaberneros.es/,True,False,False,False,False,False,302,714,OSM,direccion,2026-09-18,25414.0
3917cf6ee31c,Entre Suspiro y Suspiro,40.4186369,-3.7090308,Calle de Caños del Peral,3,28013,PALACIO             ,CENTRO              ,1003.0,RESTAURANTE,mexican,Puerta Calle,True,https://www.entresuspiroysuspiro.com/,True,True,False,False,False,False,302,853,OSM,direccion,2026-09-18,21921.0
7592dbecb5c3,Wok King,40.4195999,-3.7077336,Calle de las Veneras,9,28013,SOL                 ,CENTRO              ,1117.0,RESTAURANTE,chinese,Puerta Calle,False,,False,False,False,False,False,False,300,952,OSM,direccion,2026-09-18,21549.0
25ad556c800d,Casa Patas,40.4127198,-3.7017271,Calle de los Cañizares,10,28012,EMBAJADORES         ,CENTRO              ,1027.0,RESTAURANTE,spanish,Puerta Calle,True,https://casapatas.com/,True,False,False,False,False,False,272,807,OSM,direccion,2026-09-18,24472.0
ac9148cd8063,La Buga del Lobo,40.4089902,-3.6997202,Calle de Argumosa,11,28012,EMBAJADORES         ,CENTRO              ,1054.0,BAR RESTAURANTE,spanish,Puerta Calle,False,,False,False,False,False,False,False,118,456,OSM,direccion,2026-09-18,16904.0
eb0a94266bb2,Restaurante De Sichuan,40.4194931,-3.7010473,Calle del Caballero de Gracia,8,,SOL                 ,CENTRO              ,1118.0,RESTAURANTE,chinese,Puerta Calle,False,,False,False,False,False,False,True,342,980,OSM,direccion,2026-09-18,20173.0
262b25ae46ad,El Tigre del Norte,40.4217378,-3.7001352,Calle de Hortaleza,23,28004,JUSTICIA            ,CENTRO              ,1075.0,BAR RESTAURANTE,regional;tapas,Puerta Calle,True,https://bareltigre.es,False,False,False,False,False,False,284,866,OSM,direccion,2026-09-18,1979.0
ca89ba95740b,Casa Filete,40.4254144,-3.7111224,Calle de San Bernardino,15,28015,UNIVERSIDAD         ,CENTRO              ,1111.0,RESTAURANTE,spanish,Puerta Calle,True,https://casafilete.com/,False,False,False,False,False,True,183,501,OSM,direccion,2026-09-18,22533.0
43c4cc87d212,Il Piccolino della Farfalla,40.4139905,-3.7009649,Calle de las Huertas,6,28012,CORTES              ,CENTRO              ,1067.0,RESTAURANTE,argentinian;italian,Puerta Calle,False,,True,False,False,False,False,False,281,858,OSM,direccion,2026-09-18,21874.0
cc3d8d4ecd85,La Venganza de Malinche,40.4189749,-3.7013642,Calle de los Jardines,5,28013,SOL                 ,CENTRO              ,1118.0,RESTAURANTE,mexican,Puerta Calle,True,http://www.lavenganzademalinche.com/conocenos.html,True,False,True,False,False,True,346,993,OSM,direccion,2026-09-18,20173.0
e2a02bb9b5ef,Entre Pisc y Nazca,40.4147964,-3.7023827,Calle de Espoz y Mina,32,28012,CORTES              ,CENTRO              ,1069.0,BAR RESTAURANTE,coffee_shop;diner;peruvian,Puerta Calle,False,,True,True,False,False,False,False,285,973,OSM,direccion,2026-09-18,22508.0
f0ee1f777866,Taberna Agrado,40.4213221,-3.7036334,Calle de la Ballesta,1,28004,UNIVERSIDAD         ,CENTRO              ,1116.0,BAR RESTAURANTE,,Puerta Calle,True,http://www.tabernaagrado.com/,True,False,False,False,False,False,264,1049,OSM,direccion,2026-09-18,20752.0
1067af8db698,Gracias Padre,40.4222185,-3.6972722,Calle de Augusto Figueroa,37,28004,JUSTICIA            ,CENTRO              ,1077.0,RESTAURANTE,mexican,Puerta Calle,True,https://graciaspadre.es/,True,False,False,False,False,True,244,721,OSM,direccion,2026-09-18,2774.0
3afee61e3083,Ramen Kagura,40.4168633,-3.7087502,Calle de las Fuentes,1,28013,PALACIO             ,CENTRO              ,1006.0,RESTAURANTE,japanese,Puerta Calle,True,https://www.ramenkagura.com/index.html,True,False,False,False,False,False,312,827,OSM,direccion,2026-09-18,28844.0
1814731db495,Honest Greens,40.4270276,-3.7016997,Calle de Fuencarral,95,28004,UNIVERSIDAD         ,CENTRO              ,1093.0,RESTAURANTE,organic,Puerta Calle,True,https://honestgreens.com/,False,True,False,False,False,True,136,587,OSM,direccion,2026-09-18,20706.0
2d2e434fc334,Casa Victor,40.4124542,-3.7092245,Calle de la Cava Baja,26,28005,PALACIO             ,CENTRO              ,1011.0,RESTAURANTE,spanish,Puerta Calle,False,,False,False,False,False,False,True,255,618,OSM,direccion,2026-09-18,22651.0
dbe8ac872f69,Taberna Rincón de Reyes,40.4237667,-3.7100657,Calle de los Reyes,21,28015,UNIVERSIDAD         ,CENTRO              ,1112.0,RESTAURANTE,regional,Puerta Calle,False,,False,False,False,False,False,True,217,622,OSM,direccion,2026-09-18,22104.0
4c45408209c9,Restaurante La Ancha,40.4167877,-3.6975825,Calle de Zorrilla,7,28014,CORTES              ,CENTRO              ,1072.0,RESTAURANTE,spanish,Puerta Calle,True,https://www.laancha.com/,True,True,False,False,False,False,276,750,OSM,direccion,2026-09-18,31803.0
3017d26022ce,Mesón de la Guitarra,40.4152265,-3.7082891,Calle de la Cava de San Miguel,13,28005,SOL                 ,CENTRO              ,1121.0,BAR RESTAURANTE,regional,Puerta Calle,True,http://mesonlaguitarraes.wix.com/ladrillo,True,False,False,False,False,True,321,806,OSM,direccion,2026-09-18,20959.0
805a2afb85bf,Les Mauvais Garçons,40.4243343,-3.7035137,Calle de la Madera,36,28004,UNIVERSIDAD         ,CENTRO              ,1097.0,RESTAURANTE,,Puerta Calle,False,,False,False,False,False,False,False,217,804,OSM,direccion,2026-09-18,20242.0
8b6e46008afc,Cuando Salí de Cuba,40.41942,-3.7070844,Calle de la Ternera,4,28013,SOL                 ,CENTRO              ,1117.0,RESTAURANTE,cuban,Puerta Calle,False,,False,False,False,False,False,False,305,999,OSM,direccion,2026-09-18,21549.0
04d40667f9ab,Pizzería Maravillas,40.4266236,-3.7038736,Plaza del Dos de Mayo,9,28004,UNIVERSIDAD         ,CENTRO              ,1102.0,BAR RESTAURANTE,pizza,Puerta Calle,False,,False,False,True,False,False,True,159,639,OSM,direccion,2026-09-18,20399.0
19ba4b3e64ff,esvietnam,40.4173207,-3.7114591,Calle de Vergara,14,28013,PALACIO             ,CENTRO              ,1006.0,RESTAURANTE,,Puerta Calle,True,http://www.americo.es/,True,False,False,False,False,False,213,685,OSM,direccion,2026-09-18,28844.0
fbdfbdc0b617,Sidrería La Cuenca,40.4238331,-3.707038,Calle de la Cruz Verde,16,28004,UNIVERSIDAD         ,CENTRO              ,1113.0,BAR RESTAURANTE,regional,Puerta Calle,False,,False,False,True,False,False,True,253,742,OSM,direccion,2026-09-18,21896.0
4628589b449d,Labarka de Pintxos,40.4157811,-3.7012889,Calle de la Cruz,11,28012,CORTES              ,CENTRO              ,1069.0,BAR RESTAURANTE,regional,Puerta Calle,False,,True,False,False,False,False,False,290,970,OSM,direccion,2026-09-18,22508.0
25059ebd212f,Sidrería El Tigre,40.4203972,-3.6987857,Calle de las Infantas,30,28004,JUSTICIA            ,CENTRO              ,1074.0,BAR RESTAURANTE,regional,Puerta Calle,True,http://eltigre.delsurweb.com/,True,False,False,False,False,True,263,826,OSM,direccion,2026-09-18,28826.0
ea4b34a1a1f6,Grosso Napoletano,40.4233996,-3.7050144,Calle del Pez,11,28004,UNIVERSIDAD         ,CENTRO              ,1114.0,BAR RESTAURANTE,italian,Puerta Calle,True,https://www.grossonapoletano.com/locales/pez-11/,True,True,False,False,False,False,240,906,OSM,direccion,2026-09-18,23812.0
ac3f72d81e29,Taberna de los Castizos,40.4121746,-3.7097587,Calle de la Cava Baja,34,28005,PALACIO             ,CENTRO              ,1011.0,BAR RESTAURANTE,,Puerta Calle,False,,False,False,False,False,False,False,245,564,OSM,direccion,2026-09-18,22651.0
8f3ddb378724,Antigua Huevería,40.4258139,-3.7039381,Calle de San Vicente Ferrer,32,28004,UNIVERSIDAD         ,CENTRO              ,1101.0,RESTAURANTE,regional,Puerta Calle,True,http://www.antiguahueveria.es/,True,False,False,False,False,False,185,687,OSM,direccion,2026-09-18,18919.0
0e6af1e7152f,Julián de Tolosa,40.4128737,-3.7087638,Calle de la Cava Baja,18,28005,PALACIO             ,CENTRO              ,1011.0,RESTAURANTE,regional,Puerta Calle,True,http://juliandetolosa.com/,True,False,False,False,False,True,269,661,OSM,direccion,2026-09-18,22651.0
675008fa2896,Venta El Buscón,40.4161059,-3.7016016,Calle de la Victoria,5-7,28012,SOL                 ,CENTRO              ,1119.0,BAR RESTAURANTE,regional,Puerta Calle,False,,True,False,False,False,False,False,290,989,OSM,direccion,2026-09-18,16727.0
2df370ed8b4b,Oh Galo!,40.4247689,-3.6968915,Calle de Pelayo,72,28004,JUSTICIA            ,CENTRO              ,1079.0,BAR RESTAURANTE,,Puerta Calle,False,,True,True,False,False,False,False,199,526,OSM,direccion,2026-09-18,27616.0
ae14e2e61fe3,Lamucca,40.4271843,-3.7017807,Calle de Fuencarral,95,28004,UNIVERSIDAD         ,CENTRO              ,1093.0,BAR RESTAURANTE,steak_house,Puerta Calle,True,https://www.lamuccacompany.com/lamucca-de-fuencarral/,True,True,False,False,False,False,133,576,OSM,direccion,2026-09-18,20706.0
d69533e33501,Café de Oriente,40.4176746,-3.7115376,Plaza de Oriente,2,28013,PALACIO             ,CENTRO              ,1006.0,RESTAURANTE,,Puerta Calle,True,https://www.cafedeoriente.es/,True,False,False,False,False,False,205,689,OSM,direccion,2026-09-18,28844.0
b32d05d3923b,Viet Nam,40.4140182,-3.7011068,Calle de las Huertas,4,28012,CORTES              ,CENTRO              ,1067.0,BAR RESTAURANTE,vietnamese,Puerta Calle,True,https://vietnamrestaurante.com/,True,False,False,False,False,False,280,869,OSM,direccion,2026-09-18,21874.0
e141e3d587e4,Chuan Yu,40.4220081,-3.7061415,Calle de la Estrella,5,28004,UNIVERSIDAD         ,CENTRO              ,1115.0,RESTAURANTE,chinese,Puerta Calle,False,,False,False,False,False,False,False,281,958,OSM,direccion,2026-09-18,22587.0
e2c1f5ebea70,Sabor Cantonés,40.4235286,-3.7082912,Calle de Antonio Grilo,12,28015,UNIVERSIDAD         ,CENTRO              ,1112.0,BAR RESTAURANTE,chinese,Puerta Calle,False,,False,False,False,False,False,True,242,712,OSM,direccion,2026-09-18,22104.0
0187bddb3ec8,La Fisna Vinos,40.4070349,-3.7007415,Calle del Amparo,91,28012,EMBAJADORES         ,CENTRO              ,1041.0,BAR RESTAURANTE,,Puerta Calle,False,,False,False,False,False,False,False,75,384,OSM,direccion,2026-09-18,18326.0
969acd2b7a0d,El Fogón Verde,40.4122937,-3.6939658,Calle de la Alameda,4,28014,CORTES              ,CENTRO              ,1063.0,RESTAURANTE,spanish,Puerta Calle,True,https://elfogonverde.net/,False,False,False,False,False,True,91,418,OSM,direccion,2026-09-18,22437.0
99ca76dbbca8,La Tapería de Malasaña,40.4249117,-3.7019474,Corredera Alta de San Pablo,8,28004,UNIVERSIDAD         ,CENTRO              ,1094.0,BAR RESTAURANTE,regional,Puerta Calle,False,,False,False,False,False,False,False,201,730,OSM,direccion,2026-09-18,2422.0
f39d54bbc273,La Pescadería,40.4228535,-3.7030917,Calle de la Ballesta,32,28004,UNIVERSIDAD         ,CENTRO              ,1096.0,BAR RESTAURANTE,,Puerta Calle,True,http://www.la-pescaderia.com/,True,False,False,False,False,False,225,944,OSM,direccion,2026-09-18,19209.0
2179ff3090f0,Brescia,40.4187342,-3.6997175,Calle de la Virgen de los Peligros,7,,SOL                 ,CENTRO              ,1118.0,RESTAURANTE,italian,Puerta Calle,True,https://bresca.es/virgen-de-los-peligros/,False,True,True,False,False,False,334,888,OSM,direccion,2026-09-18,20173.0
1d4eb6981e34,Dray Martina,40.4251522,-3.695104,Calle de Argensola,7,28004,JUSTICIA            ,CENTRO              ,1084.0,RESTAURANTE,,Puerta Calle,True,http://www.draymartina.com/,True,False,False,False,False,False,148,440,OSM,direccion,2026-09-18,34311.0
7fd2274083c3,Petit Comité,40.4202822,-3.699844,Calle de la Reina,15,28004,JUSTICIA            ,CENTRO              ,1074.0,BAR RESTAURANTE,french,Puerta Calle,True,http://restaurante-petitcomite.com/,True,False,False,False,False,False,293,892,OSM,direccion,2026-09-18,28826.0
adfe46910919,Sidrería El Tigre,40.4202219,-3.6978319,Calle de las Infantas,23,28004,JUSTICIA            ,CENTRO              ,1074.0,RESTAURANTE,regional,Puerta Calle,True,http://eltigre.delsurweb.com/,True,False,False,False,False,False,239,777,OSM,direccion,2026-09-18,28826.0
eab5f0392a65,La Gilderis,40.4091672,-3.7115493,Calle de Calatrava,17,,PALACIO             ,CENTRO              ,1021.0,BAR RESTAURANTE,,Puerta Calle,False,,False,False,False,False,False,False,112,356,OSM,direccion,2026-09-18,22574.0
eecbc2c2bf68,Hojaldrería,40.4186693,-3.6994716,Calle de la Virgen de los Peligros,8,28013,CORTES              ,CENTRO              ,1072.0,RESTAURANTE,,Puerta Calle,True,https://www.hojaldreria.com/,True,True,False,False,False,False,332,868,OSM,direccion,2026-09-18,31803.0
1322636727e5,El Escarpín,40.4178177,-3.7076313,Calle de las Hileras,17,28013,SOL                 ,CENTRO              ,1124.0,RESTAURANTE,regional,Puerta Calle,True,https://elescarpinsidreria.com/,True,True,False,False,False,True,326,930,OSM,direccion,2026-09-18,25639.0
07c5ed23c79d,Café Carmen,40.4183316,-3.7043938,Calle del Carmen,17,28013,SOL                 ,CENTRO              ,1124.0,BAR RESTAURANTE,spanish,Puerta Calle,False,,False,False,False,False,False,True,315,1088,OSM,direccion,2026-09-18,25639.0
a63b55f4bebc,Nuevo Horno de Santa Teresa,40.4256413,-3.6957089,Calle de Santa Teresa,8,28004,JUSTICIA            ,CENTRO              ,1084.0,RESTAURANTE,,Puerta Calle,False,,True,False,False,False,False,False,148,461,OSM,direccion,2026-09-18,34311.0
5a4b2533294a,Casa María,40.4124541,-3.7084514,Calle de la Cava Alta,7,28005,PALACIO             ,CENTRO              ,1012.0,RESTAURANTE,spanish,Puerta Calle,True,https://www.casamariacava.com/,True,True,False,False,False,True,261,656,OSM,direccion,2026-09-18,19722.0
af98769a30df,El Jardín de Arzábal,40.4081081,-3.6935614,Calle de Santa Isabel,52,28012,EMBAJADORES         ,CENTRO              ,1057.0,BAR RESTAURANTE,,PC Asociado,True,https://www.grupoarzabal.com/espacio/arzabal-museo/,True,True,True,False,False,False,62,229,OSM,direccion,2026-09-18,2248.0
5abe7f89ac35,Konnichiwa,40.4278376,-3.7017697,Calle de Fuencarral,98,28004,JUSTICIA            ,CENTRO              ,1089.0,BAR RESTAURANTE,japanese,Puerta Calle,True,http://www.konnichiwa.es/,True,True,False,False,False,True,118,537,OSM,direccion,2026-09-18,27528.0
0f1e54fc787a,Posada del León de Oro,40.4131993,-3.7085279,Calle de la Cava Baja,12,28005,PALACIO             ,CENTRO              ,1009.0,BAR RESTAURANTE,,Puerta Calle,True,http://www.posadadelleondeoro.com/es/eno/enotaberna.html,True,False,False,False,False,True,277,688,OSM,direccion,2026-09-18,24639.0
32c22b9c9868,Malacatín,40.4103182,-3.7076364,Calle de la Ruda,5,28005,EMBAJADORES         ,CENTRO              ,1024.0,RESTAURANTE,mediterranean;spanish;regional;local,Puerta Calle,True,https://www.malacatin.com/,True,True,False,False,False,True,157,593,OSM,direccion,2026-09-18,20177.0
0457a53e80a8,Chiang Hu,40.4218661,-3.7057098,Calle de Silva,25,28004,UNIVERSIDAD         ,CENTRO              ,1115.0,BAR RESTAURANTE,chinese,Puerta Calle,False,,False,False,False,False,False,True,265,986,OSM,direccion,2026-09-18,22587.0
da34320740dd,Restaurante Atxuri,40.4081419,-3.6982442,Calle de Argumosa,21,28012,EMBAJADORES         ,CENTRO              ,1054.0,BAR RESTAURANTE,spanish;arab;palestinian,Puerta Calle,True,https://achurilavapies.com/,True,True,False,False,False,True,113,401,OSM,direccion,2026-09-18,16904.0
eb630459d62f,Pulpería de Victoria,40.4164268,-3.7017415,Calle de la Victoria,2,28012,SOL                 ,CENTRO              ,1119.0,RESTAURANTE,regional,Puerta Calle,True,https://www.pulperiadevictoria.es,True,False,False,False,False,False,301,994,OSM,direccion,2026-09-18,16727.0
13d7775f4525,Fratelli d'Italia,40.4215606,-3.7000761,Calle de Hortaleza,28,,JUSTICIA            ,CENTRO              ,1076.0,RESTAURANTE,,Puerta Calle,True,https://www.fratelliditalia.es/,True,True,False,False,False,False,284,872,OSM,direccion,2026-09-18,21521.0
ccac15400467,Asador Real,40.4177056,-3.7093085,Plaza de Isabel II,1,28013,PALACIO             ,CENTRO              ,1006.0,RESTAURANTE,regional,Puerta Calle,True,https://www.asadorreal.com/,True,False,False,False,False,False,297,824,OSM,direccion,2026-09-18,28844.0
cc505825491b,La Rayúa,40.422113,-3.7058075,Calle de la Luna,3,28004,UNIVERSIDAD         ,CENTRO              ,1115.0,RESTAURANTE,regional,Puerta Calle,False,,False,False,False,False,False,True,271,967,OSM,direccion,2026-09-18,22587.0
c337ad4271ec,La Cava de Illán,40.4129955,-3.708661,Calle de la Cava Baja,16,,PALACIO             ,CENTRO              ,1009.0,BAR RESTAURANTE,,Puerta Calle,False,,True,False,False,False,False,True,271,672,OSM,direccion,2026-09-18,24639.0
c5a30df6519d,Piscomar,40.4106168,-3.7134816,Carrera de San Francisco,15,28005,PALACIO             ,CENTRO              ,1015.0,BAR RESTAURANTE,peruvian,Puerta Calle,True,https://restaurantepiscomar.com,True,True,False,False,False,False,93,339,OSM,direccion,2026-09-18,22803.0
d321e089a69e,El Balcón de Malasaña,40.4251727,-3.7039714,Plaza del Rastrillo,1,28004,UNIVERSIDAD         ,CENTRO              ,1098.0,RESTAURANTE,,Puerta Calle,False,,True,False,False,False,False,True,210,717,OSM,direccion,2026-09-18,19401.0
e70c52173e8d,Chun Li dumpling house,40.4221364,-3.7057086,Calle de la Luna,12,28004,UNIVERSIDAD         ,CENTRO              ,1114.0,RESTAURANTE,chinese,Puerta Calle,False,,False,False,False,False,False,True,268,973,OSM,direccion,2026-09-18,23812.0
46f03722f327,Raji Industani,40.4080505,-3.697535,Calle del Doctor Piga,21,28012,EMBAJADORES         ,CENTRO              ,1053.0,BAR RESTAURANTE,indian,Puerta Calle,False,,True,False,False,False,False,False,112,381,OSM,direccion,2026-09-18,19864.0
8c8ad53dd4bf,La Musa de Espronceda,40.4106112,-3.6979039,Calle de Santa Isabel,17,28012,EMBAJADORES         ,CENTRO              ,1059.0,BAR RESTAURANTE,,Puerta Calle,False,,False,False,False,False,False,True,171,468,OSM,direccion,2026-09-18,20439.0
352852b3fd7b,Fresc Co,40.4175061,-3.7085709,Calle de las Fuentes,12,28013,SOL                 ,CENTRO              ,1124.0,RESTAURANTE,,Puerta Calle,True,http://www.frescco.com/,True,True,False,False,False,False,308,850,OSM,direccion,2026-09-18,25639.0
6b8a773972a5,O'Pulpo,40.4128046,-3.7017199,Calle de los Cañizares,8,28012,EMBAJADORES         ,CENTRO              ,1027.0,BAR RESTAURANTE,fish;seafood;spanish,Puerta Calle,False,,False,False,False,False,False,False,274,809,OSM,direccion,2026-09-18,24472.0
118e8463fa9a,Abbasïd,40.4228117,-3.6968614,Calle de Gravina,17,28004,JUSTICIA            ,CENTRO              ,1079.0,RESTAURANTE,mediterranean,Puerta Calle,False,,True,False,False,False,False,False,234,660,OSM,direccion,2026-09-18,27616.0
1429bde943d1,Malpica,40.4216548,-3.7046979,Corredera Baja de San Pablo,4,28004,UNIVERSIDAD         ,CENTRO              ,1116.0,BAR RESTAURANTE,regional,Puerta Calle,True,http://www.malpicabar.com/,True,True,True,False,False,True,254,1016,OSM,direccion,2026-09-18,20752.0
0d2578fd6533,Mesón Rincón de la Cava,40.4150603,-3.7081931,Calle de la Cava de San Miguel,17,28005,SOL                 ,CENTRO              ,1121.0,BAR RESTAURANTE,regional,Puerta Calle,True,http://www.mesonrincondelacava.com/,True,False,False,False,False,True,317,805,OSM,direccion,2026-09-18,20959.0
a4c341a91124,Jota Batela,40.4217133,-3.7059133,Calle de Silva,23,28004,UNIVERSIDAD         ,CENTRO              ,1115.0,BAR RESTAURANTE,regional,Puerta Calle,True,https://www.jotabatela.com/,True,False,False,False,False,True,269,980,OSM,direccion,2026-09-18,22587.0
0a693c57c72f,Taberna Los 4 Robles,40.4173248,-3.7060621,Plaza de Celenque,1,28013,SOL                 ,CENTRO              ,1124.0,RESTAURANTE,regional,Puerta Calle,True,http://los4robles.com,True,True,False,False,False,False,322,1034,OSM,direccion,2026-09-18,25639.0
0bb6abccd840,Konichiwa,40.427928,-3.7018036,Calle de Fuencarral,98,28004,JUSTICIA            ,CENTRO              ,1089.0,BAR RESTAURANTE,sushi,Puerta Calle,False,,False,False,False,False,False,False,118,527,OSM,direccion,2026-09-18,27528.0
06177167b25f,Asador de Aranda,40.4198525,-3.7074993,Calle Preciados,44,28013,SOL                 ,CENTRO              ,1117.0,RESTAURANTE,regional,Puerta Calle,False,,True,False,False,False,False,False,296,963,OSM,direccion,2026-09-18,21549.0
6a3dfd2ac2ed,Valle del Tiétar,40.4156264,-3.7084029,Calle Ciudad Rodrigo,5,28012,SOL                 ,CENTRO              ,1121.0,RESTAURANTE,regional,Puerta Calle,False,,False,False,False,False,False,False,328,815,OSM,direccion,2026-09-18,20959.0
2cceb819e504,León V,40.4148748,-3.7063324,Plaza de la Provincia,3,28012,SOL                 ,CENTRO              ,1121.0,RESTAURANTE,,Puerta Calle,False,,False,False,False,False,False,False,292,918,OSM,direccion,2026-09-18,20959.0
6de51ff9608d,Kuraya,40.416651,-3.7087203,Plaza de Herradores,7,28013,PALACIO             ,CENTRO              ,1006.0,RESTAURANTE,japanese,Puerta Calle,True,http://www.kuraya.es/index.html,True,True,False,False,False,False,319,815,OSM,direccion,2026-09-18,28844.0
28595804277d,El Viajero,40.4116487,-3.7101786,Plaza de la Cebada,11,28005,PALACIO             ,CENTRO              ,1012.0,BAR RESTAURANTE,,Puerta Calle,True,http://www.elviajeromadrid.com/,False,False,False,False,False,True,217,502,OSM,direccion,2026-09-18,19722.0
0a21e6b8c77b,Cuevas El Secreto,40.4157563,-3.7026653,Calle de Barcelona,2,28012,SOL                 ,CENTRO              ,1119.0,BAR RESTAURANTE,spanish,Puerta Calle,True,http://www.cuevaselsecreto.com,True,False,False,False,False,True,297,1032,OSM,direccion,2026-09-18,16727.0
6d7f278191bf,El Senador,40.4206521,-3.7114917,Plaza de la Marina Española,2,28013,PALACIO             ,CENTRO              ,1004.0,RESTAURANTE,regional,Puerta Calle,True,http://www.restaurantesenador.com/,True,False,False,False,False,True,212,688,OSM,direccion,2026-09-18,32264.0
1fc575102002,BambúBox,40.420456,-3.6994493,Calle del Clavel,7,28004,JUSTICIA            ,CENTRO              ,1074.0,RESTAURANTE,thai,Puerta Calle,True,https://www.bambubox.com,True,False,False,False,False,True,281,874,OSM,direccion,2026-09-18,28826.0
ddcb40a9ae8b,La Gloria,40.4256169,-3.7075202,Calle de Noviciado,2,28015,UNIVERSIDAD         ,CENTRO              ,1110.0,RESTAURANTE,regional,Puerta Calle,True,http://www.barlagloria.com/es/,True,False,False,False,False,True,191,608,OSM,direccion,2026-09-18,19648.0
2ae1f894dd13,Tío Papelón,40.4198006,-3.7070826,Calle Preciados,40,28013,SOL                 ,CENTRO              ,1117.0,RESTAURANTE,venezuelan,Puerta Calle,False,,False,False,False,True,True,False,306,989,OSM,direccion,2026-09-18,21549.0
86ad96d37c49,Ramen Shifu,40.413883,-3.7076002,Calle de Toledo,24,28005,SOL                 ,CENTRO              ,1121.0,RESTAURANTE,ramen,Puerta Calle,True,https://www.ramenshifu.com/ramen-shifu-plaza-mayor/,True,True,False,False,False,False,281,799,OSM,direccion,2026-09-18,20959.0
eba8eb684879,Taberna El Sur de Huertas,40.413673,-3.6994414,Calle de las Huertas,24,28014,CORTES              ,CENTRO              ,1067.0,BAR RESTAURANTE,,Puerta Calle,False,,False,True,False,False,False,False,288,745,OSM,direccion,2026-09-18,21874.0
59bba3bcff05,O' Muiño,40.4227802,-3.7109461,Calle de Leganitos,43,28013,PALACIO             ,CENTRO              ,1001.0,BAR RESTAURANTE,regional,Puerta Calle,False,,False,False,False,False,False,False,207,618,OSM,direccion,2026-09-18,27408.0
a5e77213fd1e,Matute 12,40.4135367,-3.6999242,Plaza de Matute,12,28012,CORTES              ,CENTRO              ,1067.0,RESTAURANTE,,Puerta Calle,False,,False,False,False,False,False,False,281,763,OSM,direccion,2026-09-18,21874.0
eb5be16abee5,Ástor,40.4127187,-3.709592,Calle del Almendro,9,28005,PALACIO             ,CENTRO              ,1011.0,RESTAURANTE,,Puerta Calle,True,https://www.astor.es/,False,False,False,False,False,False,262,602,OSM,direccion,2026-09-18,22651.0
b8bcfbe945d2,Pizzie & Dixie,40.4257159,-3.702929,Calle de San Vicente Ferrer,16,28004,UNIVERSIDAD         ,CENTRO              ,1101.0,RESTAURANTE,italian_pizza;pasta,Puerta Calle,True,https://pizzidixie.com/,True,False,False,False,False,False,181,694,OSM,direccion,2026-09-18,18919.0
24b9fc88a250,Califa,40.4183956,-3.7075337,Calle de los Trujillos,3,28013,SOL                 ,CENTRO              ,1117.0,BAR RESTAURANTE,,Puerta Calle,True,http://www.califamadrid.com/,True,False,False,False,False,False,330,955,OSM,direccion,2026-09-18,21549.0
af5033918b5b,Ocafú,40.4146729,-3.6991827,Calle del Prado,10,28014,CORTES              ,CENTRO              ,1068.0,BAR RESTAURANTE,regional,Puerta Calle,True,https://ocafu.com/,False,False,False,False,False,False,280,765,OSM,direccion,2026-09-18,27954.0
52c3537aa3aa,La Encomienda,40.4106324,-3.7059609,Calle de la Encomienda,19,28012,EMBAJADORES         ,CENTRO              ,1029.0,BAR RESTAURANTE,tapas,Puerta Calle,True,https://laencomienda.es,True,True,False,False,False,False,156,691,OSM,direccion,2026-09-18,17822.0
9984b4696d7d,Trattoria Pulcinella,40.4246294,-3.6965193,Calle de Regueros,7,28004,JUSTICIA            ,CENTRO              ,1079.0,BAR RESTAURANTE,pizza,Puerta Calle,False,,False,False,False,False,False,False,200,523,OSM,direccion,2026-09-18,27616.0
804d2c4bbb9d,Taberna La Descubierta,40.415241,-3.7026551,Calle de Barcelona,12,,SOL                 ,CENTRO              ,1119.0,RESTAURANTE,,Puerta Calle,True,http://www.tabernamalaspina.com,True,False,False,False,False,False,283,1000,OSM,direccion,2026-09-18,16727.0
914f0100a877,Kaiten Sushi,40.4219842,-3.7076973,Calle de San Bernardo,10,28015,UNIVERSIDAD         ,CENTRO              ,1115.0,RESTAURANTE,japanese;chinese;thai;asian,Puerta Calle,False,,False,False,False,False,False,False,276,859,OSM,direccion,2026-09-18,22587.0
9366b6216bc6,La Taberna del Alabardero,40.4185901,-3.7109378,Calle de Felipe V,6,28013,PALACIO             ,CENTRO              ,1004.0,RESTAURANTE,,Puerta Calle,True,http://grupolezama.es/portal/taberna-alabardero-madrid/restaurante,True,False,False,False,False,False,239,729,OSM,direccion,2026-09-18,32264.0
ccc907d68e6f,La Carmencita,40.4211551,-3.6972841,Calle de la Libertad,16,28004,JUSTICIA            ,CENTRO              ,1074.0,BAR RESTAURANTE,regional,Puerta Calle,True,https://tabernalacarmencita.es/,True,False,False,False,False,False,241,743,OSM,direccion,2026-09-18,28826.0
63fb23af1020,El Gallego,40.4144871,-3.7081199,Calle de Cuchilleros,2,28005,PALACIO             ,CENTRO              ,1008.0,BAR RESTAURANTE,regional,Puerta Calle,False,,True,False,False,False,False,True,309,782,OSM,direccion,2026-09-18,29172.0
e8e555a61c8d,La Panza Es Primero,40.4261779,-3.7020136,Calle de la Palma,6,28004,UNIVERSIDAD         ,CENTRO              ,1093.0,RESTAURANTE,mexican,Puerta Calle,True,http://www.lapanzaesprimero.com,False,False,False,False,False,False,160,656,OSM,direccion,2026-09-18,20706.0
873e2d485e88,Yamato BBQ,40.4158392,-3.7017716,Calle de la Victoria,8,28012,SOL                 ,CENTRO              ,1119.0,RESTAURANTE,,Puerta Calle,False,,False,False,False,False,False,False,289,999,OSM,direccion,2026-09-18,16727.0
5614cae3fa09,Tienda de Vinos,40.4221808,-3.6974974,Calle de Augusto Figueroa,35,28004,JUSTICIA            ,CENTRO              ,1077.0,BAR RESTAURANTE,,Puerta Calle,False,,False,False,False,False,False,True,253,729,OSM,direccion,2026-09-18,2774.0
e0e040a49eb8,Revoltosa,40.4145549,-3.6997005,Calle del Prado,4,28012,CORTES              ,CENTRO              ,1068.0,BAR RESTAURANTE,,Puerta Calle,True,https://www.revoltosamadrid.com/prado,True,True,False,False,False,False,287,823,OSM,direccion,2026-09-18,27954.0
810b8c9f3cdd,Ôven,40.4094709,-3.6934229,Calle de Atocha,114,28012,EMBAJADORES         ,CENTRO              ,1058.0,BAR RESTAURANTE,italian,Puerta Calle,True,https://www.oven.es/,False,False,True,False,False,True,75,278,OSM,direccion,2026-09-18,21568.0
59078f819875,Loreto,40.4218476,-3.7044909,Corredera Baja de San Pablo,6,28004,UNIVERSIDAD         ,CENTRO              ,1114.0,BAR RESTAURANTE,,Puerta Calle,False,,False,False,False,False,False,True,259,1015,OSM,direccion,2026-09-18,23812.0
f26afb6d73c3,Hamburguesería Don Oso,40.4150133,-3.7026001,Calle de la Cruz,26,28012,SOL                 ,CENTRO              ,1119.0,RESTAURANTE,burger,Puerta Calle,True,https://www.hamburgueseriasdonoso.com/,False,False,False,False,False,False,276,995,OSM,direccion,2026-09-18,16727.0
2e4d4ac853d9,federal,40.4143241,-3.7088367,Plaza del Conde de Barajas,3,28005,PALACIO             ,CENTRO              ,1008.0,BAR RESTAURANTE,,Puerta Calle,False,,False,True,False,False,False,True,301,732,OSM,direccion,2026-09-18,29172.0
b3ccd88b2ea8,La divina Bohemia,40.4116078,-3.7118097,Calle de Don Pedro,4,,PALACIO             ,CENTRO              ,1015.0,BAR RESTAURANTE,,Puerta Calle,False,,False,False,False,False,False,True,163,431,OSM,direccion,2026-09-18,22803.0
80522f8d1d90,La casa gallega,40.4170809,-3.7073497,Calle de Bordadores,11,28013,SOL                 ,CENTRO              ,1123.0,RESTAURANTE,regional,Puerta Calle,True,https://www.lacasagallega.com/,True,False,False,False,False,True,316,932,OSM,direccion,2026-09-18,21721.0
299b5d151e20,El Rincón de Esteban,40.4158164,-3.6976757,Calle de Santa Catalina,3,28014,CORTES              ,CENTRO              ,1072.0,RESTAURANTE,,Puerta Calle,True,http://www.elrincondeesteban.com/,True,False,False,False,False,False,261,717,OSM,direccion,2026-09-18,31803.0
fef4038bee40,Asador de Hongkongnes,40.4240471,-3.709858,Calle de los Reyes,12,28015,UNIVERSIDAD         ,CENTRO              ,1111.0,RESTAURANTE,chinese,Puerta Calle,False,,False,False,False,False,False,True,206,616,OSM,direccion,2026-09-18,22533.0
40e60e42b1dd,Posada de la Villa,40.4130547,-3.7084475,Calle de la Cava Baja,9,28005,PALACIO             ,CENTRO              ,1009.0,BAR RESTAURANTE,spanish;tapas,Puerta Calle,True,https://posadadelavilla.com/,True,True,False,False,False,True,275,679,OSM,direccion,2026-09-18,24639.0
58a8c69152f5,En Busca del Tiempo,40.4156318,-3.7026384,Calle de Barcelona,4,28012,SOL                 ,CENTRO              ,1119.0,RESTAURANTE,,Puerta Calle,True,https://www.enbuscadeltiempo.es/,True,True,False,False,False,False,292,1025,OSM,direccion,2026-09-18,16727.0
e769295af876,Naked & Sated: Preciados,40.4184488,-3.7053911,Calle del Maestro Victoria,5,28013,SOL                 ,CENTRO              ,1117.0,BAR RESTAURANTE,,Puerta Calle,True,https://nakedandsated.com/,True,False,False,False,False,False,314,1066,OSM,direccion,2026-09-18,21549.0
bb2aef6a395f,La Adriana,40.4163539,-3.7043354,Calle del Correo,2,28012,SOL                 ,CENTRO              ,1120.0,BAR RESTAURANTE,argentinian,Puerta Calle,False,,False,False,True,False,False,False,315,1055,OSM,direccion,2026-09-18,21838.0
4f90b3aa43ff,Taberna La Peseta,40.4136312,-3.7084171,Plaza de Puerta Cerrada,3,28005,PALACIO             ,CENTRO              ,1009.0,BAR RESTAURANTE,regional,Puerta Calle,False,,True,False,False,False,False,False,292,718,OSM,direccion,2026-09-18,24639.0
965d32231892,Ciudad de Tui,40.4181247,-3.7024803,Calle de la Montera,22,28013,SOL                 ,CENTRO              ,1118.0,RESTAURANTE,regional,Puerta Calle,True,http://www.restauranteciudaddetui.com/,True,False,False,False,False,False,317,1053,OSM,direccion,2026-09-18,20173.0
ee931229c0d8,KungFu Noodle Atocha 武功牛,40.4115676,-3.6978097,Calle de Atocha,68,28012,EMBAJADORES         ,CENTRO              ,1059.0,RESTAURANTE,chinese,Puerta Calle,True,https://kungfunoodle.eu/,True,True,False,False,False,False,195,524,OSM,direccion,2026-09-18,20439.0
ebf29a41afa3,Taberna del Capitán Alatriste,40.4128842,-3.7083007,Calle de Grafal,7,28005,PALACIO             ,CENTRO              ,1012.0,RESTAURANTE,madrileña;regional,Puerta Calle,True,https://tabernadelcapitanalatriste.com/,True,True,False,False,False,True,270,682,OSM,direccion,2026-09-18,19722.0
9509aeca4e15,Lamucca,40.4233025,-3.7038566,Plaza de Carlos Cambronero,4,,UNIVERSIDAD         ,CENTRO              ,1097.0,RESTAURANTE,,Puerta Calle,False,,False,True,False,False,False,False,225,913,OSM,direccion,2026-09-18,20242.0
7ee66dfcdb72,Casa Salvador,40.4212408,-3.6980369,Calle de Barbieri,12,28004,JUSTICIA            ,CENTRO              ,1074.0,BAR RESTAURANTE,,Puerta Calle,True,https://casasalvadormadrid.com/,True,False,False,False,False,False,248,774,OSM,direccion,2026-09-18,28826.0
da9393f02027,María Bonita,40.4260872,-3.7124108,Calle del Duque de Liria,9,28015,UNIVERSIDAD         ,CENTRO              ,1108.0,RESTAURANTE,mexican,Puerta Calle,True,http://www.mariabonitatacobar.es/,True,False,False,False,False,True,146,414,OSM,direccion,2026-09-18,24873.0
be80a189664a,La Minoterie,40.4105047,-3.7062521,Calle de la Encomienda,23,28012,EMBAJADORES         ,CENTRO              ,1029.0,RESTAURANTE,crepe;french,Puerta Calle,True,https://laminoterie.es/,True,True,True,False,False,False,156,671,OSM,direccion,2026-09-18,17822.0
0bf9e280bf48,Charrua Nadrid,40.4224017,-3.6940254,Calle del Conde de Xiquena,4,,JUSTICIA            ,CENTRO              ,1073.0,BAR RESTAURANTE,,Puerta Calle,True,https://charruamadrid.com/,True,False,False,False,False,True,169,453,OSM,direccion,2026-09-18,36918.0
fb1ae0ed5ab3,Mareas Vivas,40.4193115,-3.7075029,Calle de las Veneras,3,28013,SOL                 ,CENTRO              ,1117.0,RESTAURANTE,regional,Puerta Calle,False,,False,False,False,False,False,False,326,972,OSM,direccion,2026-09-18,21549.0
25561aced9ca,Cafetería Oskar,40.420364,-3.7080532,Calle de Silva,2,28013,PALACIO             ,CENTRO              ,1003.0,RESTAURANTE,,Puerta Calle,False,,False,True,False,False,False,False,295,909,OSM,direccion,2026-09-18,21921.0
d1e949ceed3e,Regañadientes,40.4224061,-3.6930284,Calle del Almirante,24,,JUSTICIA            ,CENTRO              ,1073.0,BAR RESTAURANTE,mexican,Puerta Calle,False,,False,False,False,False,False,True,118,379,OSM,direccion,2026-09-18,36918.0
e8782f11d007,Ópera Victoria,40.4185506,-3.7089327,Calle de Caños del Peral,2,28013,PALACIO             ,CENTRO              ,1006.0,RESTAURANTE,,Puerta Calle,True,http://www.grupandilana.com/opera-victoria/,True,False,False,False,False,False,301,859,OSM,direccion,2026-09-18,28844.0
976064b8f848,Casa Alberto,40.4138199,-3.7001224,Calle de las Huertas,18,28012,CORTES              ,CENTRO              ,1067.0,BAR RESTAURANTE,,Puerta Calle,True,https://www.casaalberto.es/,True,True,False,False,False,False,277,797,OSM,direccion,2026-09-18,21874.0
eb21504848fb,Puerto Rico,40.4193117,-3.7039701,Calle de Chinchilla,2,28013,SOL                 ,CENTRO              ,1117.0,RESTAURANTE,regional,Puerta Calle,False,,False,False,False,False,False,False,289,1077,OSM,direccion,2026-09-18,21549.0
967eb2a936d9,Casa Parrondo,40.4189153,-3.7074588,Calle de los Trujillos,9,28013,SOL                 ,CENTRO              ,1117.0,BAR RESTAURANTE,regional,Puerta Calle,False,,False,False,False,False,False,False,331,970,OSM,direccion,2026-09-18,21549.0
0c43389232e9,El Labriego,40.4194108,-3.7074591,Calle de las Veneras,4,28013,SOL                 ,CENTRO              ,1117.0,RESTAURANTE,regional,Puerta Calle,True,https://ellabriego.es/,True,False,False,False,False,False,321,975,OSM,direccion,2026-09-18,21549.0
99257d5f3dea,Thai Orchid,40.420541,-3.696901,Calle de Colmenares,5,28004,JUSTICIA            ,CENTRO              ,1074.0,BAR RESTAURANTE,thai,Puerta Calle,True,http://www.thaiorchid.es,True,True,False,False,False,False,233,725,OSM,direccion,2026-09-18,28826.0
55659a5a7106,Pulcinella,40.4246347,-3.6964968,Calle de Regueros,7,28004,JUSTICIA            ,CENTRO              ,1079.0,BAR RESTAURANTE,italian,Puerta Calle,False,,False,False,False,False,False,False,201,522,OSM,direccion,2026-09-18,27616.0
d3667af20607,Casa Ciriaco,40.415304,-3.7123092,Calle Mayor,84,28013,PALACIO             ,CENTRO              ,1001.0,RESTAURANTE,regional,Puerta Calle,True,https://www.casaciriaco.es/,True,True,False,False,False,False,200,547,OSM,direccion,2026-09-18,27408.0
1e8ed8a79c60,Tapa Tapa Santa Ana,40.4149249,-3.7012256,Plaza de Santa Ana,1,28012,CORTES              ,CENTRO              ,1069.0,BAR RESTAURANTE,regional;spanish,Puerta Calle,False,,False,False,True,False,False,True,284,931,OSM,direccion,2026-09-18,22508.0
a09467587b98,Taberna Madrid - Madriz,40.4262403,-3.7013748,Calle de Fuencarral,85,28004,UNIVERSIDAD         ,CENTRO              ,1093.0,RESTAURANTE,regional,Puerta Calle,True,https://www.restaurante-madrid-madriz.com/,True,False,False,False,False,True,167,630,OSM,direccion,2026-09-18,20706.0
b01b41094555,O' Faro Finisterre,40.4200761,-3.7078991,Calle de Jacometrezo,15,28013,SOL                 ,CENTRO              ,1117.0,BAR RESTAURANTE,regional,Puerta Calle,True,http://www.ofarofinisterre.es/,True,True,False,False,False,False,299,927,OSM,direccion,2026-09-18,21549.0
0da2817d1b71,La tasca suprema,40.4250697,-3.6951729,Calle de Argensola,7,28004,JUSTICIA            ,CENTRO              ,1084.0,RESTAURANTE,,Puerta Calle,True,http://latascasuprema.com/,True,False,False,False,False,False,151,444,OSM,direccion,2026-09-18,34311.0
6a00a0e0730f,Vi Cool,40.4139211,-3.7006181,Calle de las Huertas,12,28012,CORTES              ,CENTRO              ,1067.0,BAR RESTAURANTE,spanish,Puerta Calle,True,http://vi-cool.com/es/inicio/,False,False,False,False,False,False,277,842,OSM,direccion,2026-09-18,21874.0
dc61ccf27cb6,Taberna El Arco,40.4141059,-3.7009441,Calle de las Huertas,7,28012,CORTES              ,CENTRO              ,1068.0,RESTAURANTE,,Puerta Calle,False,,False,False,False,False,False,False,280,865,OSM,direccion,2026-09-18,27954.0
e56ff01b1e06,Goiko Grill,40.4149977,-3.6984798,Calle del Prado,15,28014,CORTES              ,CENTRO              ,1072.0,BAR RESTAURANTE,burger,Puerta Calle,True,https://www.goikogrill.com/,True,False,False,False,False,False,285,715,OSM,direccion,2026-09-18,31803.0
f7cb252351eb,Miss Sushi,40.4254714,-3.697424,Calle de Hortaleza,108,28004,JUSTICIA            ,CENTRO              ,1082.0,RESTAURANTE,japanese,Puerta Calle,True,http://www.misssushi.es/,True,False,False,False,False,False,182,521,OSM,direccion,2026-09-18,23494.0
75e512b5be0e,El Retoñar,40.4286149,-3.706278,Calle de San Bernardo,87,28015,UNIVERSIDAD         ,CENTRO              ,1103.0,RESTAURANTE,regional,Puerta Calle,False,,False,False,False,False,False,True,102,437,OSM,direccion,2026-09-18,30158.0
47f3f1f77c44,La Abuela,40.4150174,-3.7024011,Calle de Espoz y Mina,28,28012,CORTES              ,CENTRO              ,1069.0,BAR RESTAURANTE,regional,Puerta Calle,False,,True,False,False,False,False,True,280,985,OSM,direccion,2026-09-18,22508.0
a946fbc6c7af,Restaurante HAN,40.4165143,-3.7075931,Calle de Bordadores,4,28013,SOL                 ,CENTRO              ,1123.0,BAR RESTAURANTE,asian;chinese;japanese;korean;thai,Puerta Calle,True,https://www.restaurantehan.com/,False,True,False,False,False,False,319,899,OSM,direccion,2026-09-18,21721.0
8cb641be31cd,El Fontán,40.4164328,-3.7006566,Plaza de Canalejas,6,28014,SOL                 ,CENTRO              ,1119.0,BAR RESTAURANTE,regional,Puerta Calle,True,https://www.tabernaelfontan.com/en/,True,False,False,False,False,True,317,954,OSM,direccion,2026-09-18,16727.0
2ef72260cffc,Terra Mundi,40.4136237,-3.6960696,Calle de Lope de Vega,32,28014,CORTES              ,CENTRO              ,1064.0,RESTAURANTE,regional,Puerta Calle,True,https://terramundi.net/,True,True,False,False,False,True,170,590,OSM,direccion,2026-09-18,24909.0
bc4b875f3f8e,El Alcázar,40.409916,-3.7096047,Calle de Toledo,64,,PALACIO             ,CENTRO              ,1013.0,BAR RESTAURANTE,,Puerta Calle,False,,False,False,False,False,False,False,151,437,OSM,direccion,2026-09-18,18695.0
2a96c5643f75,Taberna El Sur,40.4111046,-3.6995245,Calle de la Torrecilla del Leal,12,28012,EMBAJADORES         ,CENTRO              ,1046.0,RESTAURANTE,spanish,Puerta Calle,True,https://www.facebook.com/Elsurdetorrecilla/,True,False,False,False,False,False,213,563,OSM,direccion,2026-09-18,18432.0
cc9c13f48571,Los Rotos,40.4128773,-3.6950964,Calle de las Huertas,74,28014,CORTES              ,CENTRO              ,1064.0,RESTAURANTE,regional,Puerta Calle,False,,True,True,False,False,False,True,122,511,OSM,direccion,2026-09-18,24909.0
62e40521e70f,El Bierzo,40.4214789,-3.6979501,Calle de Barbieri,16,28004,JUSTICIA            ,CENTRO              ,1077.0,RESTAURANTE,regional,Puerta Calle,True,http://www.restauranteelbierzodebarbieri.com/,False,False,False,False,False,False,251,764,OSM,direccion,2026-09-18,2774.0
367017d1960e,Taberna El Sur,40.4110452,-3.6995044,Calle de la Torrecilla del Leal,12,28012,EMBAJADORES         ,CENTRO              ,1046.0,RESTAURANTE,,Puerta Calle,False,,True,True,False,False,False,False,209,561,OSM,direccion,2026-09-18,18432.0
4c6fe6cb0e4f,Airiños do Miño,40.4251088,-3.7097772,Calle de Ponciano,4,28015,UNIVERSIDAD         ,CENTRO              ,1110.0,RESTAURANTE,regional,Puerta Calle,True,http://www.xn--domio-rta.net/,True,False,False,False,False,True,183,581,OSM,direccion,2026-09-18,19648.0
ddb8221cf23c,Serafina,40.4163994,-3.702361,Calle de Espoz y Mina,4,28012,SOL                 ,CENTRO              ,1119.0,BAR RESTAURANTE,,Puerta Calle,True,http://www.serafinacocinabar.com/,True,False,False,False,False,False,285,1039,OSM,direccion,2026-09-18,16727.0
e18510cabaeb,Asador Limbo,40.4252314,-3.7002181,Calle de San Mateo,3,28004,JUSTICIA            ,CENTRO              ,1087.0,BAR RESTAURANTE,,PC Asociado,False,,True,True,False,False,False,True,211,613,OSM,direccion,2026-09-18,35441.0
c224504ba141,La Carmen,40.4190175,-3.7030331,Plaza del Carmen,5,28013,SOL                 ,CENTRO              ,1117.0,BAR RESTAURANTE,,Puerta Calle,True,https://www.lamuccacompany.com/,True,False,False,False,False,False,309,1069,OSM,direccion,2026-09-18,21549.0
bee1dd04d417,Chun Li,40.4192965,-3.7000104,Calle del Caballero de Gracia,22,28013,SOL                 ,CENTRO              ,1118.0,RESTAURANTE,,Puerta Calle,False,,False,False,False,False,False,True,336,897,OSM,direccion,2026-09-18,20173.0
e1bf9dcd27b5,María Bonita,40.4115727,-3.7005695,Calle del Olmo,23,28012,EMBAJADORES         ,CENTRO              ,1045.0,BAR RESTAURANTE,mexican,Puerta Calle,False,,True,False,False,False,False,False,253,676,OSM,direccion,2026-09-18,20306.0
5ae22256714e,El Luarqués,40.4153702,-3.6990329,Calle de Ventura de la Vega,16,28014,CORTES              ,CENTRO              ,1072.0,RESTAURANTE,,Puerta Calle,True,https://elluarques.es/,False,False,False,False,False,False,297,783,OSM,direccion,2026-09-18,31803.0
9c54a1e5b7b1,Jin Ling,40.4240802,-3.7097849,Calle de los Reyes,12,28015,UNIVERSIDAD         ,CENTRO              ,1111.0,BAR RESTAURANTE,chinese,Puerta Calle,False,,False,False,False,False,False,True,207,616,OSM,direccion,2026-09-18,22533.0
512cd71f788a,La Chata,40.412577,-3.7090421,Calle de la Cava Baja,24,28005,PALACIO             ,CENTRO              ,1011.0,RESTAURANTE,regional,Puerta Calle,True,http://lachatacavabaja.com/,True,False,False,False,False,False,261,627,OSM,direccion,2026-09-18,22651.0
93aa46b95080,Vips-Ginos,40.4057319,-3.7005902,Ronda de Valencia,8,28012,EMBAJADORES         ,CENTRO              ,1040.0,BAR RESTAURANTE,,Puerta Calle,False,,False,False,False,False,False,True,51,268,OSM,direccion,2026-09-18,16968.0
051e32db075e,El Rincón de Pangpang,40.4189745,-3.7012849,Calle de los Jardines,7,28013,SOL                 ,CENTRO              ,1118.0,BAR RESTAURANTE,chinese,Puerta Calle,True,https://elrincondepangpangminihotpot.com/,True,True,True,False,False,True,348,990,OSM,direccion,2026-09-18,20173.0
f979e328a58b,Kritikos,40.4236876,-3.697333,Calle de San Gregorio,11,28004,JUSTICIA            ,CENTRO              ,1079.0,RESTAURANTE,greek,Puerta Calle,False,,False,True,False,False,False,False,241,626,OSM,direccion,2026-09-18,27616.0
3e2f3afe6104,Sra. Smith,40.4204244,-3.6955787,Calle del Barquillo,10,28004,JUSTICIA            ,CENTRO              ,1073.0,BAR RESTAURANTE,,Puerta Calle,True,https://www.srasmithrestaurante.com/,True,True,True,False,False,True,196,672,OSM,direccion,2026-09-18,36918.0
f761261f7746,El Perro y la Galleta,40.4227035,-3.7036384,Corredera Baja de San Pablo,31,28004,UNIVERSIDAD         ,CENTRO              ,1096.0,BAR RESTAURANTE,,Puerta Calle,True,https://elperroylagalleta.com/locales/restaurante-en-malasana/,True,True,False,False,False,False,230,970,OSM,direccion,2026-09-18,19209.0
b488f7f01e17,Donzoko,40.416133,-3.6995905,Calle de Echegaray,3,28014,CORTES              ,CENTRO              ,1072.0,RESTAURANTE,japanese,Puerta Calle,False,,True,False,False,False,False,False,314,878,OSM,direccion,2026-09-18,31803.0
7b3f4d4199dc,Lateral Fuencarral,40.4232062,-3.7011148,Calle de Fuencarral,43,28004,UNIVERSIDAD         ,CENTRO              ,1095.0,BAR RESTAURANTE,,Puerta Calle,True,https://www.lateral.com/,True,True,False,False,False,False,267,849,OSM,direccion,2026-09-18,22367.0
ebd5019e26b2,Café Bar Arrieta,40.4188867,-3.7106765,Calle de Arrieta,5,28013,PALACIO             ,CENTRO              ,1004.0,BAR RESTAURANTE,,Puerta Calle,False,,True,False,False,False,False,False,247,744,OSM,direccion,2026-09-18,32264.0
50fac66bf1c5,Restaurante el Cisne Azul,40.4226551,-3.6959354,Calle de Gravina,27,28004,JUSTICIA            ,CENTRO              ,1079.0,RESTAURANTE,,Puerta Calle,True,https://www.elcisneazul.com,True,False,False,False,False,False,213,593,OSM,direccion,2026-09-18,27616.0
6d7f0890cbf2,Gran Café El Espejo,40.4236949,-3.6916509,Paseo de Recoletos,31,28004,JUSTICIA            ,CENTRO              ,1084.0,RESTAURANTE,,Puerta Calle,True,https://www.grancafeelespejo.com/,True,False,False,False,False,False,86,304,OSM,direccion,2026-09-18,34311.0
ea337b6f9e3d,El Zagal,40.4187834,-3.7074757,Calle de los Trujillos,7,28013,SOL                 ,CENTRO              ,1117.0,RESTAURANTE,regional,Puerta Calle,True,http://www.elzagalmadrid.com/HOME.html,True,False,False,False,False,False,332,967,OSM,direccion,2026-09-18,21549.0
410b416c8993,Restaurante Nunuka - Bistró Madrid,40.4208797,-3.6974647,Calle de la Libertad,13,28004,JUSTICIA            ,CENTRO              ,1074.0,RESTAURANTE,,Puerta Calle,True,https://nunukamadrid.com,True,True,False,False,False,False,239,744,OSM,direccion,2026-09-18,28826.0
baac372b9526,Lamucca de Prado,40.4147794,-3.698653,Calle del Prado,16,28014,CORTES              ,CENTRO              ,1068.0,RESTAURANTE,,Puerta Calle,True,https://lamuccacompany.com/lamucca-de-prado/,True,True,False,False,False,False,284,721,OSM,direccion,2026-09-18,27954.0
02d19129c2eb,Restaurante El Buey,40.4206813,-3.7111998,Plaza de la Marina Española,1,28013,PALACIO             ,CENTRO              ,1004.0,RESTAURANTE,spanish,Puerta Calle,True,https://www.restauranteelbuey.com/,True,False,False,False,False,True,228,697,OSM,direccion,2026-09-18,32264.0
7e4d438f0581,Restaurante Vivares,40.4224143,-3.6994608,Calle de Hortaleza,52,28004,JUSTICIA            ,CENTRO              ,1076.0,RESTAURANTE,,Puerta Calle,False,,False,False,False,False,False,False,281,815,OSM,direccion,2026-09-18,21521.0
a6b9c7a1b2da,Roll,40.4271135,-3.7096169,Calle de Amaniel,23,28015,UNIVERSIDAD         ,CENTRO              ,1105.0,RESTAURANTE,american,Puerta Calle,False,,True,False,False,False,False,False,136,486,OSM,direccion,2026-09-18,27175.0
49aa1bf44462,La Concha,40.4257853,-3.7073035,Calle de San Bernardo,55,28015,UNIVERSIDAD         ,CENTRO              ,1110.0,BAR RESTAURANTE,regional,Puerta Calle,False,,False,False,False,False,False,True,184,594,OSM,direccion,2026-09-18,19648.0
486f376713a7,La Madrileña,40.4121474,-3.7043688,Plaza de Tirso de Molina,7,28012,EMBAJADORES         ,CENTRO              ,1028.0,BAR RESTAURANTE,,Puerta Calle,False,,False,False,False,False,False,False,222,815,OSM,direccion,2026-09-18,20183.0
7818590635a6,Sákale Madrid,40.4232513,-3.7037052,Calle del Molino de Viento,4,28004,UNIVERSIDAD         ,CENTRO              ,1096.0,BAR RESTAURANTE,,Puerta Calle,True,https://sakalemadrid.com/,True,False,False,False,False,False,229,917,OSM,direccion,2026-09-18,19209.0
fa8128db0ec2,La Cocinilla,40.4138307,-3.6979373,Calle de Lope de Vega,15,28014,CORTES              ,CENTRO              ,1065.0,BAR RESTAURANTE,tapas,Puerta Calle,True,http://www.lapetisabar.com,True,False,False,False,False,False,255,660,OSM,direccion,2026-09-18,24155.0
bc278dcc3bef,Public,40.420977,-3.7040369,Calle del Desengaño,11,28004,UNIVERSIDAD         ,CENTRO              ,1116.0,RESTAURANTE,,Puerta Calle,False,,False,False,False,False,False,False,258,1059,OSM,direccion,2026-09-18,20752.0
d4d8c8cbb795,Krachai,40.4253096,-3.6961658,Calle de Fernando VI,11,28004,JUSTICIA            ,CENTRO              ,1084.0,RESTAURANTE,thai,Puerta Calle,True,http://krachai.es/,True,True,False,False,False,False,169,484,OSM,direccion,2026-09-18,34311.0
1b4a967c9bdf,La Lonja/La Mar/Raw Bar,40.4185813,-3.7111009,Plaza de Oriente,6,28013,PALACIO             ,CENTRO              ,1004.0,BAR RESTAURANTE,regional,Puerta Calle,True,https://www.lalonjadelmar.com/,True,False,False,False,False,False,227,722,OSM,direccion,2026-09-18,32264.0
9bdb7bac8377,Le Petit,40.4258267,-3.6944066,Calle de Argensola,24,28004,JUSTICIA            ,CENTRO              ,1084.0,RESTAURANTE,,Puerta Calle,True,http://petitappetit.es/,True,False,False,False,False,True,128,382,OSM,direccion,2026-09-18,34311.0
38c11eb071e6,Cervecería Padrón,40.4252402,-3.7072772,Calle de San Bernardo,56,28015,UNIVERSIDAD         ,CENTRO              ,1099.0,BAR RESTAURANTE,regional,Puerta Calle,False,,False,False,False,False,False,True,210,640,OSM,direccion,2026-09-18,18677.0
3d7705e6e40e,Mandrake Greek Street Food,40.4121743,-3.7103886,Calle del Almendro,21,28005,PALACIO             ,CENTRO              ,1011.0,RESTAURANTE,greek,Puerta Calle,False,,False,False,True,True,True,True,236,514,OSM,direccion,2026-09-18,22651.0
e8d130e53e9d,La Cocina del Desierto,40.4206143,-3.6983464,Calle de Barbieri,1,28004,JUSTICIA            ,CENTRO              ,1076.0,RESTAURANTE,african,Puerta Calle,False,,True,False,False,False,False,False,248,792,OSM,direccion,2026-09-18,21521.0
3f6250ce58c4,Sr. Vázquez,40.4205005,-3.7121888,Plaza de la Marina Española,4,28013,PALACIO             ,CENTRO              ,1001.0,BAR RESTAURANTE,,Puerta Calle,False,,True,False,False,False,False,True,163,662,OSM,direccion,2026-09-18,27408.0
e7aae681238f,Carmencita Brunch,40.4118776,-3.7099514,Calle de la Cava Alta,32,28005,PALACIO             ,CENTRO              ,1011.0,RESTAURANTE,,Puerta Calle,True,https://carmencitabrunch.es/,True,False,False,False,False,True,230,533,OSM,direccion,2026-09-18,22651.0
23799a399f6c,Chuka Ramen Bar,40.4157547,-3.6995717,Calle de Echegaray,9,28014,CORTES              ,CENTRO              ,1072.0,RESTAURANTE,japanese,Puerta Calle,True,http://www.chukaramenbar.com/,False,False,False,False,False,False,310,859,OSM,direccion,2026-09-18,31803.0
1b972b56ab3c,Tabriz,40.4122524,-3.6939543,Calle de la Alameda,6,,CORTES              ,CENTRO              ,1063.0,BAR RESTAURANTE,persian,Puerta Calle,False,,False,False,False,False,False,True,91,416,OSM,direccion,2026-09-18,22437.0
575c8d1ec8be,Sanabria,40.4091828,-3.6940348,Calle del Doctor Mata,3,28012,EMBAJADORES         ,CENTRO              ,1058.0,RESTAURANTE,regional,Puerta Calle,True,http://www.elsanabria.es/en/,False,False,True,False,False,True,82,301,OSM,direccion,2026-09-18,21568.0
0668c401b3aa,Restaurante Mandarín,40.4242779,-3.6914346,Paseo de Recoletos,37,28004,JUSTICIA            ,CENTRO              ,1084.0,RESTAURANTE,,PC Asociado,True,https://www.casinogranmadrid.es/colon/restaurantes/mandarin,True,False,False,False,False,False,83,278,OSM,direccion,2026-09-18,34311.0
afc27bdb3044,熊仔解馋坊II（Restaurante xiongzai II）,40.4194896,-3.7030454,Calle de la Salud,8,,SOL                 ,CENTRO              ,1117.0,BAR RESTAURANTE,,Puerta Calle,False,,False,False,False,False,False,False,290,1059,OSM,direccion,2026-09-18,21549.0
520085eaa162,Arcade,40.4152606,-3.7115508,Calle Mayor,73,28013,PALACIO             ,CENTRO              ,1009.0,BAR RESTAURANTE,regional,Puerta Calle,True,http://www.restaurantearcade.es/,True,False,False,False,False,False,240,588,OSM,direccion,2026-09-18,24639.0
23c8049e2746,Beirut,40.4069083,-3.7010602,Calle de Miguel Servet,9,,EMBAJADORES         ,CENTRO              ,1040.0,BAR RESTAURANTE,,Puerta Calle,False,,False,False,False,False,False,True,74,374,OSM,direccion,2026-09-18,16968.0
bbea551bc1ff,Xentes,40.4099599,-3.7102798,Calle del Humilladero,13,28005,PALACIO             ,CENTRO              ,1013.0,RESTAURANTE,regional,Puerta Calle,True,http://www.restaurante-gallego-madrid.com/,True,False,False,False,False,True,150,408,OSM,direccion,2026-09-18,18695.0
a0826a5101c4,De María,40.4196995,-3.7061345,Plaza de Callao,1,28013,SOL                 ,CENTRO              ,1117.0,RESTAURANTE,,Puerta Calle,False,,False,False,False,False,False,False,285,1049,OSM,direccion,2026-09-18,21549.0
2c92c66f06e4,Bresca,40.4284427,-3.7022639,Calle de Fuencarral,105,,UNIVERSIDAD         ,CENTRO              ,1090.0,BAR RESTAURANTE,italian,Puerta Calle,False,,False,False,False,False,False,False,107,470,OSM,direccion,2026-09-18,24702.0
b16b6d6cb617,Mesón del Champiñón,40.4150136,-3.7081912,Calle de la Cava de San Miguel,17,28005,SOL                 ,CENTRO              ,1121.0,BAR RESTAURANTE,regional,Puerta Calle,True,http://www.mesondelchampinon.com/,True,False,False,False,False,True,314,804,OSM,direccion,2026-09-18,20959.0
ea803ed48bb2,Taberna Matritum,40.412118,-3.7091871,Calle de la Cava Alta,17,28005,PALACIO             ,CENTRO              ,1012.0,RESTAURANTE,regional,Puerta Calle,True,https://www.matritum.es/,True,True,False,False,False,False,240,607,OSM,direccion,2026-09-18,19722.0
2fad6aa0e330,Mesón O'Luar,40.4222044,-3.7078499,Calle de San Bernardo,17,28015,UNIVERSIDAD         ,CENTRO              ,1112.0,BAR RESTAURANTE,regional,Puerta Calle,False,,False,False,False,False,False,True,277,828,OSM,direccion,2026-09-18,22104.0
f57d1917c064,O Potiño III Casa Lelo,40.4278638,-3.710083,Calle del Conde Duque,30,28015,UNIVERSIDAD         ,CENTRO              ,1105.0,BAR RESTAURANTE,regional,Puerta Calle,False,,True,False,True,False,False,True,112,419,OSM,direccion,2026-09-18,27175.0
33bd923edc02,Lambuzo,40.4187933,-3.7081702,Calle de las Conchas,9,28013,SOL                 ,CENTRO              ,1117.0,BAR RESTAURANTE,regional,Puerta Calle,True,http://www.barlambuzo.com/,True,False,False,False,False,False,320,925,OSM,direccion,2026-09-18,21549.0
095effa2776c,Al-Aman II,40.4218999,-3.7103685,Calle de Leganitos,27,28013,PALACIO             ,CENTRO              ,1002.0,BAR RESTAURANTE,arab,Puerta Calle,False,,True,False,False,False,False,False,245,691,OSM,direccion,2026-09-18,20951.0
4bdc8ebc0443,Pe de Pisco,40.4183018,-3.7017555,Calle de la Aduana,5,28013,SOL                 ,CENTRO              ,1118.0,BAR RESTAURANTE,peruvian,Puerta Calle,True,https://www.pedepisco.com/,True,False,False,False,False,False,324,1021,OSM,direccion,2026-09-18,20173.0
d16ccf199d5f,Aviseu,40.4086148,-3.7108135,Calle de Toledo,90,28005,PALACIO             ,CENTRO              ,1021.0,BAR RESTAURANTE,regional,Puerta Calle,False,,False,False,True,False,False,True,97,355,OSM,direccion,2026-09-18,22574.0
fe38fcdad31f,Sardos,40.4272563,-3.7037411,Plaza del Dos de Mayo,8,28004,UNIVERSIDAD         ,CENTRO              ,1093.0,RESTAURANTE,pizza,Puerta Calle,False,,False,False,True,False,False,True,142,588,OSM,direccion,2026-09-18,20706.0
bc2919c6d06f,La Deportiva,40.4194528,-3.707627,Calle de las Veneras,7,28013,SOL                 ,CENTRO              ,1117.0,BAR RESTAURANTE,spanish,Puerta Calle,False,,False,False,False,False,False,False,307,968,OSM,direccion,2026-09-18,21549.0
04568134ce2d,Portomarín,40.4080756,-3.7008754,Calle de Valencia,4,28012,EMBAJADORES         ,CENTRO              ,1042.0,BAR RESTAURANTE,galician,Puerta Calle,True,https://www.restauranteportomarin.es/,True,False,False,False,False,True,92,458,OSM,direccion,2026-09-18,17525.0
78271e8776a2,La Nieta,40.4216046,-3.6974219,Calle de la Libertad,25,28004,JUSTICIA            ,CENTRO              ,1077.0,RESTAURANTE,regional,Puerta Calle,True,http://www.restaurantelanieta.net/,True,False,False,False,False,False,247,737,OSM,direccion,2026-09-18,2774.0
e29f98f36a25,Yeji,40.4220988,-3.7056634,Calle de la Luna,12,28004,UNIVERSIDAD         ,CENTRO              ,1114.0,BAR RESTAURANTE,chinese,Puerta Calle,False,,False,False,False,False,False,False,266,975,OSM,direccion,2026-09-18,23812.0
b361f13a28d1,Bósforos,40.4221131,-3.6996301,Calle de Hortaleza,42,,JUSTICIA            ,CENTRO              ,1076.0,BAR RESTAURANTE,chicken;kebab;turkish,Puerta Calle,False,,False,False,False,False,False,False,287,837,OSM,direccion,2026-09-18,21521.0
0145ee352a7b,Bolívar,40.428912,-3.7054046,Calle de Manuela Malasaña,28,28004,UNIVERSIDAD         ,CENTRO              ,1091.0,RESTAURANTE,international,Puerta Calle,True,http://www.restaurantebolivar.com/,True,False,False,False,False,False,90,415,OSM,direccion,2026-09-18,23173.0
fa31f846c8a8,Taberna La Sartén del Conde,40.4139785,-3.7105342,Calle del Conde,1,,PALACIO             ,CENTRO              ,1009.0,RESTAURANTE,,Puerta Calle,False,,False,False,False,False,False,False,285,598,OSM,direccion,2026-09-18,24639.0
c53d3e87430d,La Traviesa,40.414074,-3.7082222,Calle de Cuchilleros,10,28005,PALACIO             ,CENTRO              ,1008.0,BAR RESTAURANTE,regional,Puerta Calle,True,http://www.cantinalatraviesa.com/,True,False,False,False,False,True,296,752,OSM,direccion,2026-09-18,29172.0
a3b33b34c35a,Amano,40.4135755,-3.6997425,Plaza de Matute,4,28012,CORTES              ,CENTRO              ,1067.0,BAR RESTAURANTE,,Puerta Calle,True,https://www.a3manos.es,True,False,False,False,False,False,277,757,OSM,direccion,2026-09-18,21874.0
0b9cedbf6648,Restaurante Xiaonzai,40.4249094,-3.7106143,Calle de San Leonardo,3,28015,UNIVERSIDAD         ,CENTRO              ,1111.0,BAR RESTAURANTE,chinese,Puerta Calle,False,,False,True,False,False,False,True,195,551,OSM,direccion,2026-09-18,22533.0
e00f5d42cfa0,Hai Nao,40.4208768,-3.7004068,Calle de las Infantas,6,28004,JUSTICIA            ,CENTRO              ,1074.0,BAR RESTAURANTE,chinese,Puerta Calle,False,,False,False,False,False,False,False,297,910,OSM,direccion,2026-09-18,28826.0
f49e197f3908,Fratelli Figurato,40.4278553,-3.7003327,Calle de Larra,13,28004,JUSTICIA            ,CENTRO              ,1089.0,RESTAURANTE,italian;pizza,Puerta Calle,True,https://fratellifigurato.es/,True,True,False,False,False,False,115,502,OSM,direccion,2026-09-18,27528.0
b26097184863,Ramen Hakata,40.4158599,-3.7017523,Calle de la Victoria,8,28012,SOL                 ,CENTRO              ,1119.0,RESTAURANTE,japanese,Puerta Calle,True,https://ramen-hakata.com/,True,False,False,False,False,False,289,997,OSM,direccion,2026-09-18,16727.0
e730ecc21ea2,Doñaluz sky rooftop,40.4176738,-3.702694,Calle de la Montera,10-12,,SOL                 ,CENTRO              ,1119.0,RESTAURANTE,,Puerta Calle,False,,False,False,False,False,False,False,306,1062,OSM,direccion,2026-09-18,16727.0
173896f840b7,Fan Hua,40.4079069,-3.7109661,Calle de Toledo,115,28005,EMBAJADORES         ,CENTRO              ,1022.0,RESTAURANTE,chinese,Puerta Calle,False,,False,False,False,False,False,True,64,303,OSM,direccion,2026-09-18,20127.0
2c5a640c00c7,Esfahan,40.4247819,-3.7097856,Calle de San Bernardino,1,28015,UNIVERSIDAD         ,CENTRO              ,1111.0,RESTAURANTE,persian,Puerta Calle,True,http://www.restaurantesfahan.es/,True,False,False,False,False,True,194,590,OSM,direccion,2026-09-18,22533.0
0e6f0ed7a876,Pacifico,40.4220228,-3.6940747,Calle del Conde de Xiquena,2,28004,JUSTICIA            ,CENTRO              ,1073.0,RESTAURANTE,,Puerta Calle,False,,False,False,False,False,False,True,162,471,OSM,direccion,2026-09-18,36918.0
0a3c5a498843,La Chusquery,40.4121314,-3.7117537,Calle de los Mancebos,2,28005,PALACIO             ,CENTRO              ,1016.0,BAR RESTAURANTE,,Puerta Calle,True,http://www.la-chusquery.es/,True,False,False,False,False,False,187,454,OSM,direccion,2026-09-18,22152.0
ca35947cc3ee,Vegaviana,40.4233396,-3.6981607,Calle de Pelayo,35,,JUSTICIA            ,CENTRO              ,1081.0,RESTAURANTE,,Puerta Calle,True,http://vegaviana.restaurantesok.com/,False,False,False,False,False,True,256,685,OSM,direccion,2026-09-18,21084.0
01688aa945df,Artemisa - Huertas,40.4160137,-3.6989734,Calle de Ventura de la Vega,4,,CORTES              ,CENTRO              ,1072.0,RESTAURANTE,,Puerta Calle,True,https://restaurantesvegetarianosartemisa.com/,True,True,False,False,False,False,314,823,OSM,direccion,2026-09-18,31803.0
b8f7a8fcd664,Don Calamar,40.4149532,-3.7078119,Plaza Mayor,8,28012,SOL                 ,CENTRO              ,1121.0,BAR RESTAURANTE,,Puerta Calle,False,,False,False,False,False,False,False,308,830,OSM,direccion,2026-09-18,20959.0
e37bdd22fd55,Baan Pad Thai,40.4249284,-3.7097918,Calle de San Bernardino,6,28015,UNIVERSIDAD         ,CENTRO              ,1110.0,RESTAURANTE,thai,Puerta Calle,True,https://baanpadthai.es/,True,False,False,False,False,True,191,587,OSM,direccion,2026-09-18,19648.0
d7bcf50db06b,Mariano,40.4137702,-3.6969025,Calle de Lope de Vega,25,28014,CORTES              ,CENTRO              ,1071.0,BAR RESTAURANTE,regional,Puerta Calle,True,https://www.tabernamariano.com/,True,True,False,False,False,True,212,622,OSM,direccion,2026-09-18,30695.0
25435e685661,Artemisa - Gran Vía,40.4192239,-3.7029032,Calle de las Tres Cruces,4,28013,SOL                 ,CENTRO              ,1117.0,RESTAURANTE,,Puerta Calle,True,https://restaurantesvegetarianosartemisa.com/,True,True,False,True,True,False,297,1062,OSM,direccion,2026-09-18,21549.0
2e4d1653b934,Jalo,40.4094075,-3.6932234,Calle de Atocha,116,28012,EMBAJADORES         ,CENTRO              ,1058.0,RESTAURANTE,turkish,Puerta Calle,False,,False,False,True,False,False,True,66,260,OSM,direccion,2026-09-18,21568.0
c694e5e0ff9e,Del Greco,40.4195822,-3.7093352,Cuesta de Santo Domingo,12,28013,PALACIO             ,CENTRO              ,1003.0,BAR RESTAURANTE,regional,Puerta Calle,False,,False,False,False,False,False,False,283,820,OSM,direccion,2026-09-18,21921.0
066269ce38c0,Tapioca,40.411475,-3.709854,Plaza de la Cebada,9,28005,PALACIO             ,CENTRO              ,1012.0,BAR RESTAURANTE,pizza,Puerta Calle,True,http://www.tapiocamadrid.es/,False,False,False,False,False,True,215,513,OSM,direccion,2026-09-18,19722.0
a12685e9eb3f,Toga,40.4110723,-3.7066866,Calle de Juanelo,23,28012,EMBAJADORES         ,CENTRO              ,1029.0,BAR RESTAURANTE,spanish;mediterranean,Puerta Calle,True,https://togarestaurante.com/,True,True,False,False,False,False,198,707,OSM,direccion,2026-09-18,17822.0
d4b39404d100,El Ñeru,40.4164803,-3.7077567,Calle de Bordadores,5,,SOL                 ,CENTRO              ,1123.0,BAR RESTAURANTE,asturian,Puerta Calle,True,https://www.restauranteelneru.com/,True,False,False,False,False,False,320,891,OSM,direccion,2026-09-18,21721.0
42ba525c70f5,Los Arcos,40.4150063,-3.706646,Plaza Mayor,1,28012,SOL                 ,CENTRO              ,1121.0,RESTAURANTE,,Puerta Calle,False,,False,False,False,False,False,False,295,911,OSM,direccion,2026-09-18,20959.0
714a9c269d7d,UDON,40.420186,-3.6993425,Calle del Clavel,6,28004,JUSTICIA            ,CENTRO              ,1074.0,RESTAURANTE,japanese,Puerta Calle,True,https://www.udon.es/,True,True,False,False,False,True,285,866,OSM,direccion,2026-09-18,28826.0
118b69614701,Le Cocó,40.4215899,-3.6980225,Calle de Barbieri,15,28004,JUSTICIA            ,CENTRO              ,1077.0,RESTAURANTE,,Puerta Calle,True,https://www.lecocomadrid.com/,False,False,False,False,False,False,252,764,OSM,direccion,2026-09-18,2774.0
1f96ad60e496,Tê de callejón,40.414827,-3.7063433,Plaza de la Provincia,3,28012,SOL                 ,CENTRO              ,1121.0,BAR RESTAURANTE,,Puerta Calle,False,,False,False,False,False,False,False,293,914,OSM,direccion,2026-09-18,20959.0
7aacad6b43cb,Magumar,40.4269697,-3.7066588,Calle de San Bernardo,69,28015,UNIVERSIDAD         ,CENTRO              ,1104.0,BAR RESTAURANTE,regional,Puerta Calle,False,,False,False,False,False,False,True,145,544,OSM,direccion,2026-09-18,21363.0
26a96d5e3710,Mesón Del Bacalao,40.4218125,-3.7116158,Calle del Reloj,16,28013,PALACIO             ,CENTRO              ,1002.0,RESTAURANTE,,Puerta Calle,False,,False,False,False,False,False,False,207,628,OSM,direccion,2026-09-18,20951.0
c7dcfcc1d135,Velarde 13,40.4267813,-3.7031532,Calle de Velarde,13,28004,UNIVERSIDAD         ,CENTRO              ,1093.0,BAR RESTAURANTE,spanish;tapas,Puerta Calle,False,,False,False,False,False,False,True,156,642,OSM,direccion,2026-09-18,20706.0
394719d1670c,La Quintina,40.4196288,-3.704522,Calle de Mesonero Romanos,7,,SOL                 ,CENTRO              ,1117.0,BAR RESTAURANTE,,Puerta Calle,False,,False,True,False,False,False,False,264,1063,OSM,direccion,2026-09-18,21549.0
610ed4771cc0,Café & Tapas,40.4157824,-3.7066073,Plaza Mayor,30,28012,SOL                 ,CENTRO              ,1123.0,RESTAURANTE,regional,Puerta Calle,False,,False,False,False,False,False,False,320,949,OSM,direccion,2026-09-18,21721.0
054be5ca6565,Ala Madrid,40.4090686,-3.7100667,Calle de Toledo,105,,EMBAJADORES         ,CENTRO              ,1023.0,BAR RESTAURANTE,,Puerta Calle,False,,False,False,False,False,False,True,123,386,OSM,direccion,2026-09-18,17762.0
eaacc10d1404,La Cantina,40.4160574,-3.6995868,Calle de Echegaray,5,28014,CORTES              ,CENTRO              ,1072.0,RESTAURANTE,,Puerta Calle,False,,False,False,False,False,False,False,313,872,OSM,direccion,2026-09-18,31803.0
25288f875ece,El Chulo,40.4197091,-3.7088582,Cuesta de Santo Domingo,16,28013,PALACIO             ,CENTRO              ,1003.0,BAR RESTAURANTE,regional,Puerta Calle,True,https://www.elchulo.es,True,True,False,False,False,False,288,858,OSM,direccion,2026-09-18,21921.0
37c350c5a800,Quevedo,40.4137861,-3.6976582,Calle de Lope de Vega,17,28014,CORTES              ,CENTRO              ,1065.0,BAR RESTAURANTE,,Puerta Calle,False,,True,False,False,False,False,False,239,635,OSM,direccion,2026-09-18,24155.0
ad523cb045c3,Lobsterie,40.4228481,-3.696923,Calle de Gravina,17,28004,JUSTICIA            ,CENTRO              ,1079.0,RESTAURANTE,,Puerta Calle,True,https://lobsterie.com/,False,False,False,False,False,False,237,660,OSM,direccion,2026-09-18,27616.0
f945b89949b5,La Antoñita,40.4130349,-3.708615,Calle de la Cava Baja,16,28005,PALACIO             ,CENTRO              ,1009.0,BAR RESTAURANTE,spanish;tapas,Puerta Calle,False,,True,True,False,False,False,True,274,675,OSM,direccion,2026-09-18,24639.0
f5ed739fb181,La Abadía,40.4200045,-3.7078402,Calle de Jacometrezo,15,28013,SOL                 ,CENTRO              ,1117.0,BAR RESTAURANTE,regional,Puerta Calle,False,,False,True,False,False,False,False,299,935,OSM,direccion,2026-09-18,21549.0
67e2baba4bd2,La Colonial de Huertas,40.4130232,-3.6959252,Calle de las Huertas,66,28014,CORTES              ,CENTRO              ,1064.0,RESTAURANTE,,Puerta Calle,False,,False,False,False,False,False,False,163,554,OSM,direccion,2026-09-18,24909.0
ce513e14a272,La Ley Seca,40.4095839,-3.6958949,Calle de Santa Isabel,47,28012,EMBAJADORES         ,CENTRO              ,1058.0,BAR RESTAURANTE,regional,Puerta Calle,False,,True,False,True,False,False,True,122,392,OSM,direccion,2026-09-18,21568.0
17067664d38d,De María,40.4197262,-3.7063834,Calle Preciados,32,28013,SOL                 ,CENTRO              ,1117.0,RESTAURANTE,argentinian,Puerta Calle,True,https://www.demariarestaurante.es/,True,False,False,False,False,False,290,1036,OSM,direccion,2026-09-18,21549.0
45f2efa8c47a,Orient,40.4223656,-3.7106938,Calle de Leganitos,37,28013,PALACIO             ,CENTRO              ,1002.0,RESTAURANTE,chinese,Puerta Calle,False,,True,False,False,False,False,False,229,648,OSM,direccion,2026-09-18,20951.0
ab16a7b593c7,Tiki Taco Santa Isabel,40.4113646,-3.6987017,Calle de Santa Isabel,5,28012,EMBAJADORES         ,CENTRO              ,1059.0,RESTAURANTE,mexican,Agrupado,False,,False,True,False,False,False,True,220,555,OSM,direccion,2026-09-18,20439.0
65dc7be44f76,María La Lia,40.4115906,-3.7119728,Calle de Don Pedro,6,28005,PALACIO             ,CENTRO              ,1015.0,RESTAURANTE,,Puerta Calle,True,https://www.marialalia.com/,True,False,False,False,False,False,152,421,OSM,direccion,2026-09-18,22803.0
c2608e7c9552,Urumea-2,40.4106677,-3.710064,Calle de la Cebada,7,,PALACIO             ,CENTRO              ,1013.0,RESTAURANTE,,Puerta Calle,False,,False,False,True,False,False,True,173,451,OSM,direccion,2026-09-18,18695.0
facd25bfa564,Taquería Mi Ciudad,40.4208721,-3.7000782,Calle de las Infantas,9,28004,JUSTICIA            ,CENTRO              ,1076.0,BAR RESTAURANTE,mexican,Puerta Calle,True,https://www.taqueriamiciudad.com/,True,False,False,False,False,False,292,890,OSM,direccion,2026-09-18,21521.0
787a2bd2fe8a,Al Jaima La Cocina del Desierto 2,40.4208526,-3.6974679,Calle de la Libertad,13,28004,JUSTICIA            ,CENTRO              ,1074.0,RESTAURANTE,,Puerta Calle,False,,False,False,False,False,False,False,238,745,OSM,direccion,2026-09-18,28826.0
73569f5094e4,Taberna El Zorzal,40.4174533,-3.7108206,Calle de Santa Clara,10,28013,PALACIO             ,CENTRO              ,1006.0,RESTAURANTE,,Puerta Calle,True,https://www.tabernaelzorzal.es/,False,False,False,False,False,False,255,729,OSM,direccion,2026-09-18,28844.0
6d8257e00f8c,Davanti,40.4220975,-3.6968794,Calle de Augusto Figueroa,41,28004,JUSTICIA            ,CENTRO              ,1077.0,RESTAURANTE,italian,Puerta Calle,True,https://www.davantirestaurante.com/,True,False,False,False,False,True,233,704,OSM,direccion,2026-09-18,2774.0
aeef0c64b19e,Miranda,40.4136579,-3.6988496,Calle de las Huertas,29,28014,CORTES              ,CENTRO              ,1065.0,BAR RESTAURANTE,arab,Puerta Calle,False,,True,False,False,False,False,False,279,684,OSM,direccion,2026-09-18,24155.0
af61a44744a0,Restaurante DCorazon,40.4158108,-3.7066615,Plaza Mayor,30,28012,SOL                 ,CENTRO              ,1123.0,RESTAURANTE,spanish,Puerta Calle,True,https://restaurantedcorazon.com/,True,True,True,False,False,False,324,944,OSM,direccion,2026-09-18,21721.0
f0a25da83b57,La Parrilla de Nino,40.4257656,-3.7120898,Plaza de Cristino Martos,2,28015,UNIVERSIDAD         ,CENTRO              ,1108.0,BAR RESTAURANTE,,Puerta Calle,False,,True,False,True,False,False,True,159,448,OSM,direccion,2026-09-18,24873.0
d2d7042788d1,Tierra,40.4277553,-3.6970541,Calle de Sagasta,30,28004,JUSTICIA            ,CENTRO              ,1087.0,RESTAURANTE,mexican,Puerta Calle,True,https://www.tierraburritos.com/,True,True,False,False,False,True,91,424,OSM,direccion,2026-09-18,35441.0
c6779d7e6ac0,Latigazo,40.4204414,-3.6989486,Calle de las Infantas,28,28004,JUSTICIA            ,CENTRO              ,1074.0,BAR RESTAURANTE,regional,Puerta Calle,False,,True,False,False,False,False,False,264,847,OSM,direccion,2026-09-18,28826.0
0f0e2282186a,Donde Sancho,40.4159132,-3.699579,Calle de Echegaray,5,28014,CORTES              ,CENTRO              ,1072.0,RESTAURANTE,,Puerta Calle,False,,False,False,False,False,False,False,308,868,OSM,direccion,2026-09-18,31803.0
3d04c2963503,Superchulo,40.418907,-3.6995762,Calle de la Virgen de los Peligros,10,,CORTES              ,CENTRO              ,1072.0,RESTAURANTE,,Puerta Calle,True,https://www.superchulorestaurante.com/,True,False,False,False,False,False,332,874,OSM,direccion,2026-09-18,31803.0
b9c432dcfa61,Cañas y Tapas,40.4143998,-3.7007134,Plaza de Santa Ana,9,28012,CORTES              ,CENTRO              ,1068.0,RESTAURANTES DE COMIDA RAPIDA,tapas,Puerta Calle,False,,False,False,False,False,False,False,285,877,OSM,direccion,2026-09-18,27954.0
2d457e31d175,Dixie,40.4152453,-3.7057952,Plaza de Santa Cruz,5,28012,SOL                 ,CENTRO              ,1121.0,BAR RESTAURANTE,,Puerta Calle,False,,True,False,False,False,False,False,308,952,OSM,direccion,2026-09-18,20959.0
565dfb6e65ac,Saporem Ventura,40.4158609,-3.6988681,Calle de Ventura de la Vega,5,28014,CORTES              ,CENTRO              ,1072.0,BAR RESTAURANTE,,Puerta Calle,True,https://the-saporem.tumblr.com/,False,False,False,False,False,False,315,794,OSM,direccion,2026-09-18,31803.0
54498e55c6d8,Som Thai,40.4212992,-3.6982921,Calle de San Marcos,26,28004,JUSTICIA            ,CENTRO              ,1076.0,BAR RESTAURANTE,thai,Puerta Calle,False,,True,False,False,False,False,False,257,782,OSM,direccion,2026-09-18,21521.0
228ce7ac5f25,La Posada del Nuncio,40.4135228,-3.7089781,Calle del Nuncio,4,28005,PALACIO             ,CENTRO              ,1009.0,BAR RESTAURANTE,,Puerta Calle,True,http://www.laposadadelnuncio.es/,True,False,False,False,False,False,290,688,OSM,direccion,2026-09-18,24639.0
415b4e41463c,Taberna los Huevos de Lucio,40.4122758,-3.7095313,Calle de la Cava Baja,30,28005,PALACIO             ,CENTRO              ,1011.0,RESTAURANTE,spanish,Puerta Calle,False,,False,True,False,False,False,True,248,588,OSM,direccion,2026-09-18,22651.0
abb2d93eb3fb,Wasabi & Roll,40.4221735,-3.7097663,Calle de la Flor Baja,5,28013,PALACIO             ,CENTRO              ,1003.0,RESTAURANTE,japanese,Puerta Calle,True,http://www.wasabiandroll.com/,True,False,False,False,False,False,259,701,OSM,direccion,2026-09-18,21921.0
163844cb3c64,Taberna El Búho,40.4112183,-3.7106426,Calle del Humilladero,4,28005,PALACIO             ,CENTRO              ,1014.0,RESTAURANTE,,Puerta Calle,False,,False,False,False,False,False,False,190,452,OSM,direccion,2026-09-18,22182.0
afbc7e741e90,Mansilla Cafe,40.4277106,-3.7101921,Calle del Conde Duque,30,28015,UNIVERSIDAD         ,CENTRO              ,1105.0,BAR RESTAURANTE,coffee_shop;mediterranean,Puerta Calle,False,,True,True,False,False,False,False,118,429,OSM,direccion,2026-09-18,27175.0
01c67b443ab7,Museo del Jamón,40.4153766,-3.7081521,Plaza Mayor,18,28012,SOL                 ,CENTRO              ,1123.0,BAR RESTAURANTE,deli;spanish,Puerta Calle,True,https://www.museodeljamon.com/museos/plaza-mayor/,True,True,True,False,False,True,321,824,OSM,direccion,2026-09-18,21721.0
9be1246200d3,Puro Teatro,40.4285245,-3.7030353,Calle de Manuela Malasaña,9,28004,UNIVERSIDAD         ,CENTRO              ,1090.0,RESTAURANTE,,Puerta Calle,True,http://taperiapuroteatro.es/,True,False,False,False,False,False,103,445,OSM,direccion,2026-09-18,24702.0
ea47812cd7b5,Cornucopia,40.4190828,-3.7071347,Calle de las Navas de Tolosa,9,28013,SOL                 ,CENTRO              ,1117.0,RESTAURANTE,international,Puerta Calle,True,https://www.restaurantecornucopia.com/,True,False,False,False,False,False,322,997,OSM,direccion,2026-09-18,21549.0
72fe11779f78,Taberna del Mozárabe,40.4244048,-3.7092948,Calle de los Reyes,6,28015,UNIVERSIDAD         ,CENTRO              ,1111.0,RESTAURANTE,,Puerta Calle,False,,False,False,False,False,False,True,208,618,OSM,direccion,2026-09-18,22533.0
051a48af0b70,Sanissimo Gran Via,40.4213734,-3.7027534,Calle del Barco,8,28004,UNIVERSIDAD         ,CENTRO              ,1116.0,RESTAURANTE,,Puerta Calle,True,https://sanissimo.eu/,True,False,False,False,False,False,261,1037,OSM,direccion,2026-09-18,20752.0
a947cbe6ed7f,Casa Valiño,40.4189847,-3.7074466,Calle de los Trujillos,9,28013,SOL                 ,CENTRO              ,1117.0,BAR RESTAURANTE,regional,Puerta Calle,False,,True,True,False,False,False,False,335,968,OSM,direccion,2026-09-18,21549.0
2d138af72a7f,El Perro y la Galleta - Restaurante en Malasaña,40.4226801,-3.7037,Corredera Baja de San Pablo,31,28004,UNIVERSIDAD         ,CENTRO              ,1096.0,BAR RESTAURANTE,,Puerta Calle,True,https://elperroylagalleta.com/malasana,True,True,False,False,False,False,233,975,OSM,direccion,2026-09-18,19209.0
7a855515d6f5,El Bacaro de Fabio,40.413021,-3.7113705,Plaza de la Paja,2,,PALACIO             ,CENTRO              ,1011.0,RESTAURANTE,,Puerta Calle,True,https://elbacarodefabio.es,True,False,False,False,False,True,235,488,OSM,direccion,2026-09-18,22651.0
6d1d7457dbed,ET Kebab,40.4226606,-3.7037501,Calle del Pez,2,28004,UNIVERSIDAD         ,CENTRO              ,1096.0,BAR RESTAURANTE,,Puerta Calle,False,,False,False,False,False,False,False,234,974,OSM,direccion,2026-09-18,19209.0
397f24b15bbd,En Ca' Amalia,40.412127,-3.7098487,Calle de la Cava Baja,34,28005,PALACIO             ,CENTRO              ,1011.0,BAR RESTAURANTE,,Puerta Calle,False,,False,False,False,False,False,False,243,555,OSM,direccion,2026-09-18,22651.0
603551e71f93,La Veranda,40.4195531,-3.7094318,Cuesta de Santo Domingo,12,28013,PALACIO             ,CENTRO              ,1003.0,BAR RESTAURANTE,,Puerta Calle,False,,False,False,False,False,False,False,279,812,OSM,direccion,2026-09-18,21921.0
38019bdd84ff,Indalo,40.4160523,-3.7011454,Calle de la Cruz,8,28012,SOL                 ,CENTRO              ,1119.0,BAR RESTAURANTE,regional,Puerta Calle,True,http://indalotapas.com/,True,False,False,False,False,False,294,970,OSM,direccion,2026-09-18,16727.0
c634d3678c72,Taberna Garibaldi,40.4057504,-3.7018756,Calle de Miguel Servet,23,28012,EMBAJADORES         ,CENTRO              ,1039.0,BAR RESTAURANTE,,Puerta Calle,False,,False,False,True,False,False,False,51,245,OSM,direccion,2026-09-18,15843.0
07009a03a920,Erre Que Erre,40.4125011,-3.7091531,Calle de la Cava Baja,24,28005,PALACIO             ,CENTRO              ,1011.0,RESTAURANTE,,Puerta Calle,False,,False,False,False,False,False,False,255,622,OSM,direccion,2026-09-18,22651.0
a9413dba990c,Rutabaga,40.4231519,-3.7015097,Calle de Valverde,40,28004,UNIVERSIDAD         ,CENTRO              ,1095.0,RESTAURANTE,,Puerta Calle,False,,True,False,False,False,False,False,264,866,OSM,direccion,2026-09-18,22367.0
20940ba436ca,Tiki Taco Clavel,40.4202807,-3.6995311,Calle del Clavel,5,28004,JUSTICIA            ,CENTRO              ,1074.0,BAR RESTAURANTE,mexican,Puerta Calle,False,,False,True,False,False,False,True,288,873,OSM,direccion,2026-09-18,28826.0
4c4a9d320404,Prep‘ la Crêpe,40.4196449,-3.7070086,Calle Preciados,33,28013,SOL                 ,CENTRO              ,1117.0,RESTAURANTE,crepes,Puerta Calle,True,https://www.preplacrepe.com,False,False,True,False,False,True,302,998,OSM,direccion,2026-09-18,21549.0
ea0f930a7d64,Cruz Blanca,40.4156653,-3.7102121,Calle Mayor,68,28013,PALACIO             ,CENTRO              ,1007.0,BAR RESTAURANTE,spanish,Puerta Calle,True,https://cerveceriacruzblanca.es/local/cervecer%C3%ADa-cruz-blanca-madrid-mayor,True,False,False,False,False,True,299,698,OSM,direccion,2026-09-18,25414.0
6113f97c71f7,Las Tapas del Real,40.4188394,-3.7106133,Calle de Arrieta,5,28013,PALACIO             ,CENTRO              ,1004.0,BAR RESTAURANTE,regional,Puerta Calle,True,http://www.lastapasdelreal.es/,True,False,False,False,False,False,247,750,OSM,direccion,2026-09-18,32264.0
940545beb289,Ocafú Taberna Gallega Sagasta,40.4279411,-3.6979001,Calle de Sagasta,24,28004,JUSTICIA            ,CENTRO              ,1088.0,BAR RESTAURANTE,,Puerta Calle,True,https://ocafu.com/#sagasta,True,False,False,False,False,True,93,434,OSM,direccion,2026-09-18,31845.0
ea235e6430d2,La Taberna de Atocha,40.4113431,-3.6973935,Calle de Atocha,76,28012,EMBAJADORES         ,CENTRO              ,1059.0,BAR RESTAURANTE,regional,Puerta Calle,False,,False,False,False,False,False,False,178,504,OSM,direccion,2026-09-18,20439.0
1a2ab19bd353,Cocuiza Brunch and Coffee,40.4121918,-3.7105559,Calle del Almendro,22,,PALACIO             ,CENTRO              ,1011.0,BAR RESTAURANTE,breakfast;coffee_shop;savory_pancakes,Puerta Calle,False,,False,False,False,False,False,False,228,510,OSM,direccion,2026-09-18,22651.0
e5e6e3775616,Rolenka,40.4162827,-3.7074421,Calle Mayor,30,28013,SOL                 ,CENTRO              ,1123.0,RESTAURANTE,,Puerta Calle,True,http://www.rolenka.com/,False,False,False,False,False,True,316,908,OSM,direccion,2026-09-18,21721.0
728cb16c0715,Amigos,40.4160388,-3.7022407,Calle de Espoz y Mina,5,28012,SOL                 ,CENTRO              ,1119.0,BAR RESTAURANTE,,Puerta Calle,True,http://www.restaurantebaramigos.com/,True,False,False,False,False,False,287,1024,OSM,direccion,2026-09-18,16727.0
ff0d375c9a2f,Sukaldea,40.4088968,-3.6929697,Calle del Doctor Drumen,3,,EMBAJADORES         ,CENTRO              ,1058.0,BAR RESTAURANTE,,Puerta Calle,False,,False,False,True,False,False,False,60,234,OSM,direccion,2026-09-18,21568.0
d79820450fad,El Toril,40.4289157,-3.709595,Calle del Conde Duque,13,28015,UNIVERSIDAD         ,CENTRO              ,1108.0,RESTAURANTE,,Puerta Calle,True,https://www.eltorilgourmet.com/,True,False,False,False,False,False,73,367,OSM,direccion,2026-09-18,24873.0
dcae6be02d84,El Duero,40.4256274,-3.7076511,Calle de Noviciado,2,28015,UNIVERSIDAD         ,CENTRO              ,1110.0,RESTAURANTE,portuguese,Puerta Calle,False,,True,False,False,False,False,False,192,601,OSM,direccion,2026-09-18,19648.0
693dde3966c5,A Miña Gaita,40.4191255,-3.7065737,Calle de las Navas de Tolosa,3,28013,SOL                 ,CENTRO              ,1117.0,RESTAURANTE,regional,Puerta Calle,False,,False,False,False,False,False,False,310,1021,OSM,direccion,2026-09-18,21549.0
165e281d9e4e,La Saletta,40.4117321,-3.6984768,Calle de Santa Isabel,5,28012,EMBAJADORES         ,CENTRO              ,1059.0,RESTAURANTE,italian_pizza,Agrupado,True,https://www.lasalettafiaschetteria.com/,False,False,False,False,False,False,227,562,OSM,direccion,2026-09-18,20439.0
062cb8161aef,Sofía,40.4114439,-3.6975604,Calle de Atocha,74,28012,EMBAJADORES         ,CENTRO              ,1059.0,BAR RESTAURANTE,regional,Puerta Calle,False,,False,False,False,False,False,False,188,511,OSM,direccion,2026-09-18,20439.0
175008541d51,Morgana,40.4223051,-3.6979578,Calle de Augusto Figueroa,33,28004,JUSTICIA            ,CENTRO              ,1081.0,RESTAURANTE,regional,Puerta Calle,False,,True,False,False,False,False,False,259,737,OSM,direccion,2026-09-18,21084.0
3b07a653e627,Kausa Madrid,40.4165193,-3.7077263,Calle de Bordadores,5,28013,SOL                 ,CENTRO              ,1123.0,BAR RESTAURANTE,peruvian;regional,Puerta Calle,True,https://kausamadrid.es/,True,True,True,False,False,False,320,895,OSM,direccion,2026-09-18,21721.0
d3702d381de0,Love Company,40.4210245,-3.7055554,Calle de los Tudescos,4,28004,UNIVERSIDAD         ,CENTRO              ,1115.0,BAR RESTAURANTE,,Puerta Calle,False,,False,False,False,False,False,True,259,1038,OSM,direccion,2026-09-18,22587.0
5299245a53de,Vips,40.4166065,-3.7025024,Plaza de la Puerta del Sol,3,28013,SOL                 ,CENTRO              ,1119.0,BAR RESTAURANTE,international,Puerta Calle,True,http://vips.es,True,True,True,False,False,False,286,1044,OSM,direccion,2026-09-18,16727.0
5273481dc830,De Elisa,40.4264182,-3.7069481,Calle de San Bernardo,63,28015,UNIVERSIDAD         ,CENTRO              ,1110.0,BAR RESTAURANTE,sushi,Puerta Calle,False,,False,False,False,False,False,False,166,565,OSM,direccion,2026-09-18,19648.0
f030a3855504,Café & Tapas,40.414785,-3.7035258,Calle de Carretas,14,28012,SOL                 ,CENTRO              ,1120.0,BAR RESTAURANTE,regional,Interior,False,,False,False,False,False,False,False,258,1012,OSM,direccion,2026-09-18,21838.0
4bb8a4d7f9c7,Tatema Madrid,40.4082996,-3.6991901,Calle de Argumosa,11,28012,EMBAJADORES         ,CENTRO              ,1054.0,BAR RESTAURANTE,,Puerta Calle,True,https://tatemamadrid.com/,True,False,False,False,False,False,105,430,OSM,direccion,2026-09-18,16904.0
ef67a1929dd1,La Pizzería,40.421766,-3.6955967,Calle del Barquillo,20,,JUSTICIA            ,CENTRO              ,1073.0,BAR RESTAURANTE,,Puerta Calle,False,,False,False,False,False,False,False,202,619,OSM,direccion,2026-09-18,36918.0
1f02369294a1,Qing Ping Guo,40.4199305,-3.6985478,Calle de la Reina,31,28004,JUSTICIA            ,CENTRO              ,1074.0,RESTAURANTE,chinese,Puerta Calle,False,,False,False,False,False,False,False,261,812,OSM,direccion,2026-09-18,28826.0
ab58b2da41a4,Carol House,40.4109033,-3.707633,Calle de las Maldonadas,4,28005,EMBAJADORES         ,CENTRO              ,1025.0,RESTAURANTE,,Puerta Calle,False,,False,False,False,False,False,True,200,642,OSM,direccion,2026-09-18,23511.0
9ef6d230664a,Morgana,40.420446,-3.6974578,Calle de la Libertad,5,28004,JUSTICIA            ,CENTRO              ,1074.0,BAR RESTAURANTE,,Puerta Calle,True,https://restaurantemorgana.es,False,True,False,False,False,False,232,752,OSM,direccion,2026-09-18,28826.0
91b2534c0ca0,Anto III,40.4234315,-3.707934,Calle de Antonio Grilo,3,28015,UNIVERSIDAD         ,CENTRO              ,1112.0,BAR RESTAURANTE,,Puerta Calle,False,,False,False,False,False,False,True,254,737,OSM,direccion,2026-09-18,22104.0
7db23587995c,El Sainete,40.4135782,-3.7102688,Calle de Segovia,8,28005,PALACIO             ,CENTRO              ,1009.0,BAR RESTAURANTE,international,Puerta Calle,True,https://cerveceraindependiente.com/locales/el-sainete/#.QwZ4cehlxqjSi7h,False,False,False,False,False,False,291,599,OSM,direccion,2026-09-18,24639.0
1656762821ee,Taberna Victoria,40.4148251,-3.7077041,Calle de Toledo,4,28005,SOL                 ,CENTRO              ,1121.0,BAR RESTAURANTE,regional,Puerta Calle,False,,False,False,False,False,False,True,304,837,OSM,direccion,2026-09-18,20959.0
4f7dc0adfb6f,Wrapipans,40.4093655,-3.6931392,Calle de Atocha,116,,EMBAJADORES         ,CENTRO              ,1058.0,RESTAURANTES DE COMIDA RAPIDA,,Puerta Calle,False,,False,False,False,False,False,True,65,253,OSM,direccion,2026-09-18,21568.0
c7125cefc37e,Novecento,40.4149855,-3.700813,Plaza de Santa Ana,3,28012,CORTES              ,CENTRO              ,1069.0,BAR RESTAURANTE,argentinian,Puerta Calle,False,,False,False,False,False,False,False,292,914,OSM,direccion,2026-09-18,22508.0
a02aa5ac2a78,Marengo,40.4206154,-3.6968944,Calle de Colmenares,5,28004,JUSTICIA            ,CENTRO              ,1074.0,BAR RESTAURANTE,,Puerta Calle,False,,False,False,True,False,False,False,232,726,OSM,direccion,2026-09-18,28826.0
3f9d37e752ce,lemongrass,40.419165,-3.7018285,Calle de la Montera,36,28013,SOL                 ,CENTRO              ,1118.0,RESTAURANTE,thai,Puerta Calle,True,http://www.lemongrass.es/,False,False,False,False,False,True,322,1026,OSM,direccion,2026-09-18,20173.0
3341c68b636c,Bombay Masala,40.424714,-3.7096932,Calle de San Bernardino,1,28015,UNIVERSIDAD         ,CENTRO              ,1111.0,RESTAURANTE,indian,Puerta Calle,True,http://www.bombaymasalamadrid.com/,True,False,False,False,False,True,196,593,OSM,direccion,2026-09-18,22533.0
8d60a9dc2166,Hong Kong 70,40.4137355,-3.707576,Calle de Toledo,28,28005,SOL                 ,CENTRO              ,1121.0,BAR RESTAURANTE,chinese,Puerta Calle,True,https://hongkong70.com/,True,True,False,False,False,False,281,795,OSM,direccion,2026-09-18,20959.0
2bff47fec4c4,Ramen Shifu,40.420742,-3.6999565,Calle de las Infantas,14,,JUSTICIA            ,CENTRO              ,1074.0,BAR RESTAURANTE,,Puerta Calle,False,,False,False,False,False,False,True,292,885,OSM,direccion,2026-09-18,28826.0
2f4a3b341a32,Casa Toni,40.4155528,-3.7018651,Calle de la Cruz,14,28012,SOL                 ,CENTRO              ,1119.0,BAR RESTAURANTE,tapas,Puerta Calle,False,,False,False,False,False,False,False,286,994,OSM,direccion,2026-09-18,16727.0
718d425cfcee,Casa Toni,40.4155733,-3.7018756,Calle de la Cruz,14,28012,SOL                 ,CENTRO              ,1119.0,BAR RESTAURANTE,,Puerta Calle,False,,False,False,False,False,False,False,287,996,OSM,direccion,2026-09-18,16727.0
bc0ee27cd320,Nuria,40.4286843,-3.7031176,Calle de Manuela Malasaña,6,28004,UNIVERSIDAD         ,CENTRO              ,1090.0,RESTAURANTE,ethiopian,Puerta Calle,True,http://www.nuriarestauranteetiope.es/,True,False,False,False,False,False,100,433,OSM,direccion,2026-09-18,24702.0
85b797cec7b5,Ramen Yokohama,40.4194155,-3.7006272,Calle del Caballero de Gracia,12,,SOL                 ,CENTRO              ,1118.0,BAR RESTAURANTE,korean,Puerta Calle,False,,False,False,False,False,False,True,345,959,OSM,direccion,2026-09-18,20173.0
7f7ea2b4f676,Anauco,40.4200819,-3.6991532,Calle de la Reina,25,28004,JUSTICIA            ,CENTRO              ,1074.0,BAR RESTAURANTE,burger,Puerta Calle,True,http://www.anaucogourmet.es/,True,False,False,False,False,False,281,852,OSM,direccion,2026-09-18,28826.0
a7652d856515,Bestial,40.4145192,-3.6999024,Calle del Prado,2,28012,CORTES              ,CENTRO              ,1068.0,RESTAURANTE,,PC Asociado,True,https://www.bestialbyrosi.com,True,False,False,False,False,False,291,829,OSM,direccion,2026-09-18,27954.0
63829c5f8c24,Grosso Napoletano,40.4248272,-3.6956263,Calle de Fernando VI,23,28004,JUSTICIA            ,CENTRO              ,1084.0,RESTAURANTE,italian,Puerta Calle,True,https://www.grossonapoletano.com/restaurantes/senzaglutine-madrid-fernando-vi/,True,True,False,True,True,True,171,475,OSM,direccion,2026-09-18,34311.0
4f3a7a5bfa17,Taberna Kaixo,40.4152835,-3.7026327,Calle de Barcelona,12,28012,SOL                 ,CENTRO              ,1119.0,RESTAURANTE,spanish,Puerta Calle,True,http://www.tabernakaixo.com,True,False,False,False,False,False,286,1004,OSM,direccion,2026-09-18,16727.0
9a1e2046715f,Hot Pot de Sichuan,40.4186817,-3.7074887,Calle de los Trujillos,7,28013,SOL                 ,CENTRO              ,1117.0,RESTAURANTE,,Puerta Calle,True,https://hotpot.es/,True,True,False,False,False,False,334,961,OSM,direccion,2026-09-18,21549.0
e12aa06e356a,Esteban,40.4120408,-3.710051,Calle de la Cava Baja,36,28005,PALACIO             ,CENTRO              ,1011.0,RESTAURANTE,regional,Puerta Calle,True,http://www.rte-esteban.com/,True,False,False,False,False,False,239,533,OSM,direccion,2026-09-18,22651.0
6875c1b9678c,Mama Dumplings,40.4163594,-3.710077,Calle de Santiago,10,28013,PALACIO             ,CENTRO              ,1007.0,BAR RESTAURANTE,chinese,Puerta Calle,False,,True,False,False,False,False,False,315,740,OSM,direccion,2026-09-18,25414.0
50b6c87fbab9,O Candil de Lugo,40.4075794,-3.7041781,Calle de Embajadores,60,28012,EMBAJADORES         ,CENTRO              ,1037.0,BAR RESTAURANTE,regional,Puerta Calle,False,,False,False,False,False,False,False,59,467,OSM,direccion,2026-09-18,16731.0
b0019afd7f44,Cesar's burgers,40.4237918,-3.6961862,Calle de San Lucas,11,,JUSTICIA            ,CENTRO              ,1079.0,RESTAURANTE,burger,Puerta Calle,True,https://cesarsburgers.com/,True,False,False,False,False,False,201,556,OSM,direccion,2026-09-18,27616.0
751657580337,La Potente,40.411831,-3.710589,Calle de la Cava Baja,42,28005,PALACIO             ,CENTRO              ,1011.0,BAR RESTAURANTE,,Puerta Calle,False,,True,False,False,False,False,True,221,498,OSM,direccion,2026-09-18,22651.0
aec34ca221d6,La Canastera,40.4147982,-3.7046934,Calle de la Bolsa,3,28012,SOL                 ,CENTRO              ,1120.0,BAR RESTAURANTE,,Puerta Calle,False,,False,False,False,False,False,False,287,976,OSM,direccion,2026-09-18,21838.0
cea480aa7d1c,Fina Catalina,40.4266821,-3.707871,Calle de la Palma,63,28015,UNIVERSIDAD         ,CENTRO              ,1104.0,RESTAURANTE,spanish,Puerta Calle,True,http://finacatalina.com/,True,False,True,False,False,False,147,528,OSM,direccion,2026-09-18,21363.0
d3bc3dd58956,Charlotte,40.4205658,-3.7007914,Calle de Hortaleza,4,28004,JUSTICIA            ,CENTRO              ,1074.0,RESTAURANTE,,Puerta Calle,True,http://www.charlottefranquicias.com/,False,False,False,False,False,False,296,940,OSM,direccion,2026-09-18,28826.0
844abefa31eb,La Tagliatella,40.4128668,-3.7084917,Calle de la Cava Baja,11,28005,PALACIO             ,CENTRO              ,1011.0,RESTAURANTE,italian,Puerta Calle,True,http://www.latagliatella.es/restaurantes/la-tagliatella-cava-baja/,True,False,False,False,False,False,271,673,OSM,direccion,2026-09-18,22651.0
7f809af9759f,Egeo Suvlakeria Griega,40.4230581,-3.7024184,Calle del Barco,41,28004,UNIVERSIDAD         ,CENTRO              ,1096.0,BAR RESTAURANTE,greek,Puerta Calle,True,https://grupoits-cp153.wordpresstemporal.com/pruebaweb/,False,True,True,False,False,False,243,911,OSM,direccion,2026-09-18,19209.0
6625f646eede,El Canalla,40.4119082,-3.7103622,Calle de la Cava Baja,42,28005,PALACIO             ,CENTRO              ,1011.0,BAR RESTAURANTE,regional,Puerta Calle,False,,True,False,False,False,False,False,224,508,OSM,direccion,2026-09-18,22651.0
e307d01c1085,Sports & Tapas Bar Madrid,40.4156736,-3.710176,Calle Mayor,68,28013,PALACIO             ,CENTRO              ,1007.0,BAR RESTAURANTE,regional;tapas;spanish,Puerta Calle,True,https://tapasbarmadrid.com,True,True,False,False,False,False,301,702,OSM,direccion,2026-09-18,25414.0
4382c5ef8ca6,YGF Malatang,40.4249899,-3.7098677,Calle de San Bernardino,6,28015,UNIVERSIDAD         ,CENTRO              ,1110.0,RESTAURANTE,chinese,Puerta Calle,False,,False,False,False,False,False,True,187,582,OSM,direccion,2026-09-18,19648.0
02ea2d071e59,Cervecería Éboli,40.41496,-3.7076879,Plaza Mayor,4-5,28012,SOL                 ,CENTRO              ,1123.0,RESTAURANTE,regional,Puerta Calle,True,http://www.restauranteebolicerveceria.es/es/,True,False,False,False,False,False,305,845,OSM,direccion,2026-09-18,21721.0
251020a75930,twin Pizza,40.420994,-3.7022014,Calle de Valverde,7,28004,UNIVERSIDAD         ,CENTRO              ,1116.0,BAR RESTAURANTE,pizza,Puerta Calle,True,http://www.twinpizza.es/,True,False,True,True,True,False,270,1029,OSM,direccion,2026-09-18,20752.0
15a2c830b75c,Na Num Madrid,40.4207196,-3.6973434,Calle de la Libertad,8,28004,JUSTICIA            ,CENTRO              ,1074.0,RESTAURANTE,korean,Puerta Calle,False,,False,True,False,False,False,False,234,739,OSM,direccion,2026-09-18,28826.0
36f51680a334,Grama,40.4148645,-3.7047295,Calle de la Bolsa,3,28012,SOL                 ,CENTRO              ,1120.0,BAR RESTAURANTE,,Puerta Calle,True,http://gramabar.com/,False,False,False,False,False,False,292,976,OSM,direccion,2026-09-18,21838.0
0681d125a409,Nippon 2,40.4199437,-3.6985891,Calle de la Reina,31,28004,JUSTICIA            ,CENTRO              ,1074.0,RESTAURANTE,japanese,Puerta Calle,True,http://nipponmadrid.com/,True,False,False,False,False,False,264,812,OSM,direccion,2026-09-18,28826.0
ebb0ddb98372,Andarica,40.4144821,-3.7076475,Calle de Toledo,12,28005,SOL                 ,CENTRO              ,1121.0,RESTAURANTES DE COMIDA RAPIDA,,Puerta Calle,False,,False,False,False,False,False,False,296,824,OSM,direccion,2026-09-18,20959.0
4081483f1789,El Hortera,40.4150191,-3.7050703,Calle de la Bolsa,12,28012,SOL                 ,CENTRO              ,1120.0,RESTAURANTE,,Puerta Calle,True,http://elhortera.com/,True,False,False,False,False,False,298,967,OSM,direccion,2026-09-18,21838.0
a7da6460e258,Tuk Tuk,40.422448,-3.695577,Calle del Barquillo,26,28004,JUSTICIA            ,CENTRO              ,1073.0,RESTAURANTE,asian,Puerta Calle,True,http://tuktukstreetfood.es/,True,False,False,False,False,True,197,573,OSM,direccion,2026-09-18,36918.0
5f495f6ad9a5,Shuwa Shuwa,40.4233863,-3.6940364,Calle del Conde de Xiquena,12,28004,JUSTICIA            ,CENTRO              ,1073.0,BAR RESTAURANTE,,Puerta Calle,False,,False,False,False,False,False,False,158,412,OSM,direccion,2026-09-18,36918.0
6f299f3234dc,Don Panxo,40.4256595,-3.7080131,Calle de Noviciado,6,28015,UNIVERSIDAD         ,CENTRO              ,1110.0,BAR RESTAURANTE,,Puerta Calle,True,http://matuteurbanfood.com/,True,False,False,False,False,False,184,582,OSM,direccion,2026-09-18,19648.0
c386144a5dc4,Ceviche,40.4228695,-3.7033818,Corredera Baja de San Pablo,37,28004,UNIVERSIDAD         ,CENTRO              ,1096.0,BAR RESTAURANTE,peruvian,Puerta Calle,False,,False,False,False,False,False,False,229,941,OSM,direccion,2026-09-18,19209.0
36d0ca1cd39b,Calicanto,40.425659,-3.6947144,Calle de Argensola,15,28004,JUSTICIA            ,CENTRO              ,1087.0,BAR RESTAURANTE,,Puerta Calle,True,http://www.restaurantecalicanto.com/,True,False,False,False,False,True,137,406,OSM,direccion,2026-09-18,35441.0
0d89989c8f49,Miss Sushi,40.4145034,-3.7000967,Calle del Prado,2,28012,CORTES              ,CENTRO              ,1068.0,RESTAURANTE,japanese,PC Asociado,True,http://www.misssushi.es/,True,False,False,False,False,True,284,848,OSM,direccion,2026-09-18,27954.0
676345e54ac0,MU! El Placer de la Carne,40.4194856,-3.7040631,Calle de Chinchilla,3,28013,SOL                 ,CENTRO              ,1117.0,RESTAURANTE,argentinian,Puerta Calle,False,,False,False,False,False,False,False,271,1070,OSM,direccion,2026-09-18,21549.0
dcc96c039d67,La Tasca de Figueroa,40.4220119,-3.6962447,Calle de Augusto Figueroa,47,28004,JUSTICIA            ,CENTRO              ,1077.0,BAR RESTAURANTE,,Puerta Calle,True,http://www.latascadefigueroa.es/es/,True,False,False,False,False,False,213,658,OSM,direccion,2026-09-18,2774.0
bb320857ad85,rasif,40.411077,-3.7105996,Calle del Humilladero,6,28005,PALACIO             ,CENTRO              ,1014.0,BAR RESTAURANTE,,Puerta Calle,False,,False,False,False,False,False,False,180,444,OSM,direccion,2026-09-18,22182.0
6212c9818cff,Mashita,40.420396,-3.7096858,Calle de la Bola,12,28013,PALACIO             ,CENTRO              ,1003.0,RESTAURANTE,asian,Puerta Calle,False,,True,False,False,False,False,False,265,772,OSM,direccion,2026-09-18,21921.0
566fb0b2ba79,La Imprenta,40.4150268,-3.7049141,Calle de la Bolsa,10,28012,SOL                 ,CENTRO              ,1120.0,BAR RESTAURANTE,,Puerta Calle,True,http://laimprentarestaurante.com/,False,False,False,False,False,False,295,976,OSM,direccion,2026-09-18,21838.0
bf28d9b04c83,Chilango,40.4287603,-3.70402,Calle de Manuela Malasaña,12,28004,UNIVERSIDAD         ,CENTRO              ,1091.0,RESTAURANTE,mexican,Puerta Calle,True,http://www.chilangomadrid.com/,True,False,False,False,False,False,91,414,OSM,direccion,2026-09-18,23173.0
929d0daa4eee,Elcano,40.4239786,-3.7005705,Calle de Fuencarral,58,28004,JUSTICIA            ,CENTRO              ,1082.0,BAR RESTAURANTE,regional,Puerta Calle,True,http://www.pinchoselcano.com/,True,False,False,False,False,False,244,767,OSM,direccion,2026-09-18,23494.0
c4e06311f672,Bao Cata,40.4212455,-3.6981567,Calle de San Marcos,28,28004,JUSTICIA            ,CENTRO              ,1076.0,RESTAURANTE,,Puerta Calle,True,http://www.baocata.com/,True,False,False,False,False,False,249,778,OSM,direccion,2026-09-18,21521.0
0ecb111c06dd,Shi Shang,40.4241051,-3.7097242,Calle de los Reyes,10,28015,UNIVERSIDAD         ,CENTRO              ,1111.0,RESTAURANTE,chinese,Puerta Calle,False,,False,False,False,False,False,True,208,618,OSM,direccion,2026-09-18,22533.0
bf395a34a601,Steak Grill House,40.4101726,-3.6942588,Calle de Atocha,117,28012,CORTES              ,CENTRO              ,1061.0,RESTAURANTES DE COMIDA RAPIDA,,Puerta Calle,False,,False,False,False,False,False,True,89,336,OSM,direccion,2026-09-18,23012.0
4397483b6765,Espetinhos,40.4284236,-3.7063416,Calle de San Bernardo,85,28015,UNIVERSIDAD         ,CENTRO              ,1103.0,BAR RESTAURANTE,brazilian,Puerta Calle,False,,True,False,False,False,False,True,105,444,OSM,direccion,2026-09-18,30158.0
494b9f7b9610,Bombay Palace,40.4207264,-3.698229,Calle de Barbieri,4,28004,JUSTICIA            ,CENTRO              ,1074.0,BAR RESTAURANTE,indian,Puerta Calle,False,,False,False,False,False,False,False,249,787,OSM,direccion,2026-09-18,28826.0
5a63b4e894b4,La Soleá,40.4192366,-3.7044963,Calle de Mesonero Romanos,6,28013,SOL                 ,CENTRO              ,1124.0,BAR RESTAURANTE,regional,Puerta Calle,False,,False,False,False,False,False,False,289,1069,OSM,direccion,2026-09-18,25639.0
3c13d88269d3,El Brillante,40.408608,-3.6928819,Plaza del Emperador Carlos V,8,28012,EMBAJADORES         ,CENTRO              ,1058.0,BAR RESTAURANTE,spanish;bocadillos,Puerta Calle,True,https://www.barelbrillante.es/,True,True,True,True,True,True,56,216,OSM,direccion,2026-09-18,21568.0
7cbdaa833040,Alta Burgersía,40.4133661,-3.6998359,Plaza de Matute,5,28012,CORTES              ,CENTRO              ,1067.0,BAR RESTAURANTE,burger,Puerta Calle,True,http://www.altaburgersia.com/,True,True,False,False,False,False,282,751,OSM,direccion,2026-09-18,21874.0
184690c7d61b,Grosso Napoletano,40.4073644,-3.7001373,Calle de Valencia,9,28012,EMBAJADORES         ,CENTRO              ,1055.0,BAR RESTAURANTE,italian,Puerta Calle,True,https://www.grossonapoletano.com/locales/valencia-9/,True,False,False,False,False,False,88,403,OSM,direccion,2026-09-18,20623.0
1cb74298f6f9,Patong Thai,40.4160183,-3.7010341,Calle de la Cruz,7,,CORTES              ,CENTRO              ,1069.0,RESTAURANTE,thai,Puerta Calle,False,,True,False,False,False,False,False,294,961,OSM,direccion,2026-09-18,22508.0
cf9827898778,Solo de Croquetas,40.4159756,-3.6995699,Calle de Echegaray,5,28014,CORTES              ,CENTRO              ,1072.0,RESTAURANTE,spanish,Puerta Calle,True,https://solodecroquetas.es,False,True,False,True,True,False,314,869,OSM,direccion,2026-09-18,31803.0
ae1b587a9359,Vesuvio Pizza,40.4206047,-3.7007665,Calle de Hortaleza,4,,JUSTICIA            ,CENTRO              ,1074.0,RESTAURANTE,pizza,Puerta Calle,False,,True,False,False,False,False,False,297,936,OSM,direccion,2026-09-18,28826.0
c0d4a39d7249,Nanai,40.422743,-3.7023463,Calle del Barco,26,28004,UNIVERSIDAD         ,CENTRO              ,1095.0,BAR RESTAURANTE,,Puerta Calle,True,http://www.nanairestaurante.com/1.html,True,False,False,False,False,False,250,921,OSM,direccion,2026-09-18,22367.0
6ba9849d2e39,El Rincón de Pangpang,40.4151754,-3.6988622,Calle de Ventura de la Vega,19,28014,CORTES              ,CENTRO              ,1072.0,BAR RESTAURANTE,chinese,Puerta Calle,False,,True,False,False,False,False,False,288,761,OSM,direccion,2026-09-18,31803.0
622baa3cb533,Pintxibar,40.4144215,-3.7005981,Plaza de Santa Ana,8,28012,CORTES              ,CENTRO              ,1068.0,BAR RESTAURANTE,tapas,Puerta Calle,False,,False,False,False,False,False,False,283,877,OSM,direccion,2026-09-18,27954.0
5c1aa3adb5fe,Osom Coffee Atelier,40.4261592,-3.6964188,Calle de Santa Teresa,2,28004,JUSTICIA            ,CENTRO              ,1084.0,BAR RESTAURANTE,,Puerta Calle,True,https://www.somososom.com/,True,False,False,False,False,False,144,468,OSM,direccion,2026-09-18,34311.0
f358315ac06c,El Chaparrito,40.4156855,-3.7101204,Calle Mayor,68,28013,PALACIO             ,CENTRO              ,1007.0,BAR RESTAURANTE,mexican,Puerta Calle,True,http://www.restauranteschaparritos.com/,True,False,False,False,False,True,302,705,OSM,direccion,2026-09-18,25414.0
b4f5356d95cd,La Caserola,40.4162443,-3.6995958,Calle de Echegaray,3,28014,CORTES              ,CENTRO              ,1072.0,RESTAURANTE,,Puerta Calle,False,,False,False,False,False,False,False,316,890,OSM,direccion,2026-09-18,31803.0
931f421fb47d,Sala de Despiece 2,40.4186789,-3.6995009,Calle de la Virgen de los Peligros,8,28013,CORTES              ,CENTRO              ,1072.0,RESTAURANTE,,Puerta Calle,True,https://saladedespiece.com/,False,False,False,False,False,False,332,869,OSM,direccion,2026-09-18,31803.0
1bce6f8d3e99,Sala de Despiece 2,40.4187331,-3.6995059,Calle de la Virgen de los Peligros,8,28013,CORTES              ,CENTRO              ,1072.0,RESTAURANTE,,Puerta Calle,False,,False,False,False,False,False,False,329,871,OSM,direccion,2026-09-18,31803.0
df739894dcd7,Ichikoro,40.4156538,-3.6995653,Calle de Echegaray,11,28014,CORTES              ,CENTRO              ,1072.0,RESTAURANTE,japanese,Puerta Calle,True,http://www.ichikoro-es.com/,True,False,False,False,False,False,308,859,OSM,direccion,2026-09-18,31803.0
41fdeeeef61b,Tiki Taco,40.4202237,-3.6995611,Calle del Clavel,5,28004,JUSTICIA            ,CENTRO              ,1074.0,BAR RESTAURANTE,mexican,Puerta Calle,False,,False,False,False,False,False,True,291,875,OSM,direccion,2026-09-18,28826.0
51b8de00110d,Yantar,40.413712,-3.6960077,Calle de Lope de Vega,37,,CORTES              ,CENTRO              ,1071.0,RESTAURANTE,,Puerta Calle,False,,False,False,False,False,False,True,170,594,OSM,direccion,2026-09-18,30695.0
293f8a8af7a9,El Mollete,40.4198376,-3.7105593,Calle de la Bola,4,28013,PALACIO             ,CENTRO              ,1004.0,BAR RESTAURANTE,spanish,Puerta Calle,False,,False,False,False,False,False,False,244,728,OSM,direccion,2026-09-18,32264.0
3bf45a1edbee,Chispa,40.4201745,-3.6955599,Calle del Barquillo,8,28004,JUSTICIA            ,CENTRO              ,1073.0,RESTAURANTE,,Puerta Calle,False,,False,False,False,False,False,True,193,674,OSM,direccion,2026-09-18,36918.0
44e79457d656,SteakBurger,40.4177451,-3.7080954,Calle del Arenal,26,28013,SOL                 ,CENTRO              ,1124.0,RESTAURANTE,,Puerta Calle,False,,False,False,False,False,False,False,317,896,OSM,direccion,2026-09-18,25639.0
586ce3ca356d,Casa Perico,40.4218367,-3.7033954,Calle de la Ballesta,18,28004,UNIVERSIDAD         ,CENTRO              ,1116.0,BAR RESTAURANTE,regional,Puerta Calle,True,http://www.casapericomadrid.es/,True,False,False,False,False,False,254,1022,OSM,direccion,2026-09-18,20752.0
759958217c8d,Txakolina,40.4124061,-3.7092944,Calle de la Cava Baja,26,28005,PALACIO             ,CENTRO              ,1011.0,RESTAURANTE,,Puerta Calle,False,,True,False,False,False,False,False,254,613,OSM,direccion,2026-09-18,22651.0
ec21f1435a26,Dstage,40.4245942,-3.6963316,Calle de Regueros,8,28004,JUSTICIA            ,CENTRO              ,1084.0,RESTAURANTE,international,Puerta Calle,True,https://www.dstageconcept.com/,True,False,False,False,False,False,197,519,OSM,direccion,2026-09-18,34311.0
cb5ff188b1bb,Jin Jin,40.424841,-3.7098715,Calle de San Bernardino,1,,UNIVERSIDAD         ,CENTRO              ,1111.0,RESTAURANTE,asian,Puerta Calle,False,,False,False,False,False,False,True,194,588,OSM,direccion,2026-09-18,22533.0
a7f8108b9295,El Económico,40.4083556,-3.6995524,Calle de Argumosa,9,28012,EMBAJADORES         ,CENTRO              ,1054.0,BAR RESTAURANTE,,Puerta Calle,False,,False,True,False,False,False,False,109,434,OSM,direccion,2026-09-18,16904.0
55db7c2585a5,Lola Si Mola,40.4132413,-3.6965549,Calle de las Huertas,55,28014,CORTES              ,CENTRO              ,1064.0,BAR RESTAURANTE,spanish,Puerta Calle,True,https://lolasimola.com/,False,False,False,False,False,False,193,584,OSM,direccion,2026-09-18,24909.0
1e746f56a719,Tierra Burrito Bar,40.4159915,-3.7023905,Calle de Espoz y Mina,8,28012,SOL                 ,CENTRO              ,1119.0,BAR RESTAURANTE,burrito,Puerta Calle,True,https://www.tierraburritos.com,True,True,True,False,True,True,288,1030,OSM,direccion,2026-09-18,16727.0
62bec6833cbd,Byblos,40.4217087,-3.7046283,Corredera Baja de San Pablo,4,28004,UNIVERSIDAD         ,CENTRO              ,1116.0,RESTAURANTE,lebanese,Puerta Calle,False,,False,False,False,False,False,False,257,1016,OSM,direccion,2026-09-18,20752.0
b98a4e46124a,Calle 29,40.4242052,-3.7067659,Calle del Pez,29,28004,UNIVERSIDAD         ,CENTRO              ,1113.0,BAR RESTAURANTE,,Puerta Calle,False,,False,False,False,False,False,True,246,712,OSM,direccion,2026-09-18,21896.0
f9be97263a4a,Restaurante Hegar,40.4153209,-3.7065788,Plaza Mayor,35,28012,SOL                 ,CENTRO              ,1121.0,BAR RESTAURANTE,regional,Puerta Calle,False,,True,False,False,False,False,False,304,935,OSM,direccion,2026-09-18,20959.0
7ef4e75f0584,D'stapa,40.4136203,-3.7103929,Calle de Segovia,8,28005,PALACIO             ,CENTRO              ,1009.0,BAR RESTAURANTE,,Puerta Calle,True,https://arroceriadstapamadrid.com,True,True,False,False,False,False,288,596,OSM,direccion,2026-09-18,24639.0
dc673684ab62,La Entretenida,40.4141541,-3.6977511,Calle Cervantes,16,28014,CORTES              ,CENTRO              ,1065.0,BAR RESTAURANTE,,Puerta Calle,True,https://laentretenida.com/,True,False,False,False,False,False,252,662,OSM,direccion,2026-09-18,24155.0
4108b3c6335e,Castaña,40.4152228,-3.7065714,Plaza Mayor,35,28012,SOL                 ,CENTRO              ,1121.0,BAR RESTAURANTE,,Puerta Calle,False,,False,False,True,False,False,False,302,928,OSM,direccion,2026-09-18,20959.0
1acc0599a3f8,La cueva de 1900,40.4178329,-3.7028181,Calle de la Montera,13,28013,SOL                 ,CENTRO              ,1119.0,BAR RESTAURANTE,,Puerta Calle,True,http://www.lacuevade1900.es/,False,False,False,False,False,False,304,1070,OSM,direccion,2026-09-18,16727.0
123a0087167e,The Lab,40.4212162,-3.7035531,Calle de la Ballesta,4,28004,UNIVERSIDAD         ,CENTRO              ,1116.0,RESTAURANTE,,Puerta Calle,True,http://www.thelabbyagrado.es/,True,False,False,False,False,False,262,1050,OSM,direccion,2026-09-18,20752.0
d5ac4b8309dc,Amicis,40.4149688,-3.7093521,Plaza del Conde de Miranda,4,28005,PALACIO             ,CENTRO              ,1008.0,BAR RESTAURANTE,,Puerta Calle,False,,True,False,False,False,False,False,313,725,OSM,direccion,2026-09-18,29172.0
69a4f9c6b544,Dionisos,40.4228041,-3.6997981,Calle de Augusto Figueroa,8,28004,JUSTICIA            ,CENTRO              ,1075.0,BAR RESTAURANTE,greek,Puerta Calle,True,https://dionisosrestaurants.com/restaurante-griego-dionisos-figueroa/,True,False,False,False,False,True,284,815,OSM,direccion,2026-09-18,1979.0
b19d8463dbf0,Biang Biang Bar,40.4220946,-3.6989021,Calle de Pelayo,8,28004,JUSTICIA            ,CENTRO              ,1076.0,BAR RESTAURANTE,chinese,Puerta Calle,True,https://biangbiangbar.com/,False,True,False,False,False,False,266,788,OSM,direccion,2026-09-18,21521.0
b99fe5027bd5,La Gringa,40.4261246,-3.7078935,Calle de San Vicente Ferrer,57,28015,UNIVERSIDAD         ,CENTRO              ,1110.0,BAR RESTAURANTE,american,Puerta Calle,True,https://www.lagringamadrid.es/,True,False,False,False,False,False,165,555,OSM,direccion,2026-09-18,19648.0
a7616ef5815f,Sexto,40.4252476,-3.6963836,Calle de Fernando VI,6,28004,JUSTICIA            ,CENTRO              ,1079.0,BAR RESTAURANTE,,Puerta Calle,True,http://thesexto.com/,True,False,False,False,False,False,179,495,OSM,direccion,2026-09-18,27616.0
5525bd8f9871,kiraku,40.4208882,-3.7055654,Calle de Miguel Moya,6,28004,UNIVERSIDAD         ,CENTRO              ,1115.0,RESTAURANTE,japanese,Puerta Calle,False,,False,False,False,False,False,True,259,1043,OSM,direccion,2026-09-18,22587.0
2c6ba23075e8,Juventud Malatang,40.4241672,-3.7095857,Calle de los Reyes,8,28015,UNIVERSIDAD         ,CENTRO              ,1111.0,RESTAURANTE,asian,Puerta Calle,False,,True,True,False,False,False,True,209,623,OSM,direccion,2026-09-18,22533.0
cee94609b9be,X Bowl,40.4193794,-3.7075636,Calle de las Veneras,5,28013,SOL                 ,CENTRO              ,1117.0,RESTAURANTE,chinese,Puerta Calle,True,https://xbowl.es/,True,False,False,False,False,False,318,969,OSM,direccion,2026-09-18,21549.0
7733abd35976,Dionisos,40.4274393,-3.7103756,Calle del Conde Duque,26,28015,UNIVERSIDAD         ,CENTRO              ,1105.0,RESTAURANTE,greek,Puerta Calle,True,http://dionisoscondeduque.com/,True,False,False,False,False,True,128,446,OSM,direccion,2026-09-18,27175.0
063b591b0b1f,La Capricciosa,40.4109175,-3.7076603,Calle de las Maldonadas,4,,EMBAJADORES         ,CENTRO              ,1025.0,RESTAURANTE,pizza,Puerta Calle,False,,False,False,True,False,False,True,201,642,OSM,direccion,2026-09-18,23511.0
d0399d8e12ef,Viejo Madrid,40.4122479,-3.7095873,Calle de la Cava Baja,32,28005,PALACIO             ,CENTRO              ,1011.0,RESTAURANTE,,Puerta Calle,True,http://www.casalucio.es/oldweb/viejo-madrid.html,True,False,False,False,False,False,249,579,OSM,direccion,2026-09-18,22651.0
098d6b4b4c29,Viejo madrid,40.4122364,-3.7096108,Calle de la Cava Baja,32,28005,PALACIO             ,CENTRO              ,1011.0,RESTAURANTE,,Puerta Calle,False,,False,False,False,False,False,False,247,578,OSM,direccion,2026-09-18,22651.0
fb0c11303bee,El Vagón de la Máquina,40.4196986,-3.7052424,Plaza de Callao,2,28013,SOL                 ,CENTRO              ,1117.0,BAR RESTAURANTE,,Interior,True,https://lamaquinagourmet.es,True,False,False,False,False,False,264,1051,OSM,direccion,2026-09-18,21549.0
7a7a7d5279e7,De Gloria,40.4151406,-3.7094037,Calle Conde de Miranda,4,28005,PALACIO             ,CENTRO              ,1008.0,BAR RESTAURANTE,,Puerta Calle,True,http://degloria.es/inicio/,True,False,False,False,False,False,309,726,OSM,direccion,2026-09-18,29172.0
b2defd903ce6,Le Patrón,40.4224857,-3.7025877,Calle del Barco,27,28004,UNIVERSIDAD         ,CENTRO              ,1096.0,RESTAURANTE,international,Puerta Calle,True,http://www.lepatron.es/,True,False,False,False,False,False,245,943,OSM,direccion,2026-09-18,19209.0
6c0d80ced507,Décimo b,40.4260899,-3.7113106,Calle del Conde Duque,8,28015,UNIVERSIDAD         ,CENTRO              ,1108.0,RESTAURANTE,,Puerta Calle,True,http://www.decimob.es/,True,False,False,False,False,True,163,473,OSM,direccion,2026-09-18,24873.0
400764299917,sultan palast,40.4207126,-3.6998403,Calle de las Infantas,18,28004,JUSTICIA            ,CENTRO              ,1074.0,BAR RESTAURANTE,,Puerta Calle,False,,False,False,False,False,False,True,292,878,OSM,direccion,2026-09-18,28826.0
5e11628e0cdc,Kinza,40.4246873,-3.6979226,Calle de Hortaleza,96,,JUSTICIA            ,CENTRO              ,1081.0,BAR RESTAURANTE,georgian,Puerta Calle,False,,False,True,False,False,False,False,220,592,OSM,direccion,2026-09-18,21084.0
3bebc9008376,Superchulo,40.4253241,-3.7007863,Calle de Fuencarral,74,28004,JUSTICIA            ,CENTRO              ,1087.0,BAR RESTAURANTE,,Puerta Calle,True,https://superchulorestaurante.com/,True,True,False,False,False,False,197,641,OSM,direccion,2026-09-18,35441.0
d008a4473c77,Entre Nos,40.4153265,-3.7063764,Calle de Zaragoza,9,28012,SOL                 ,CENTRO              ,1121.0,BAR RESTAURANTE,,Puerta Calle,True,http://www.entrenosgourmet.com/,True,False,False,False,False,False,307,943,OSM,direccion,2026-09-18,20959.0
c2e6bd93b204,Al Quds,40.4196485,-3.7037987,Calle de Chinchilla,7,28013,SOL                 ,CENTRO              ,1117.0,BAR RESTAURANTE,arab,Puerta Calle,False,,False,False,False,False,False,False,277,1079,OSM,direccion,2026-09-18,21549.0
0a48c85adead,El Colmao,40.4202796,-3.6983824,Calle de las Infantas,32,28004,JUSTICIA            ,CENTRO              ,1074.0,RESTAURANTE,,Puerta Calle,True,http://grupocolmao.com/es/,True,False,False,False,False,False,244,795,OSM,direccion,2026-09-18,28826.0
e6c438b7452a,Kazu,40.4243527,-3.697413,Calle de Pelayo,49,28004,JUSTICIA            ,CENTRO              ,1081.0,RESTAURANTE,,Puerta Calle,False,,False,True,False,False,False,False,215,586,OSM,direccion,2026-09-18,21084.0
2f7103aab765,La Cueva de La Tina,40.4136604,-3.707795,Calle de Tintoreros,4,,SOL                 ,CENTRO              ,1121.0,BAR RESTAURANTE,,Puerta Calle,False,,False,False,False,False,False,False,288,768,OSM,direccion,2026-09-18,20959.0
18dd41a74961,o'mast,40.4210941,-3.7040656,Calle del Desengaño,24,28004,UNIVERSIDAD         ,CENTRO              ,1116.0,BAR RESTAURANTE,pizza,Puerta Calle,True,http://www.omastristorantepizzeria.com/,True,False,False,False,False,False,261,1063,OSM,direccion,2026-09-18,20752.0
f6492780dbbc,Anime Ramen,40.4130788,-3.7004031,Calle de Atocha,51,28012,CORTES              ,CENTRO              ,1067.0,BAR RESTAURANTE,asian;ramen,Puerta Calle,True,https://www.alandalustapas.com/,False,False,False,False,False,False,285,770,OSM,direccion,2026-09-18,21874.0
915e7cb18c85,Gayagum,40.4167991,-3.707515,Calle de Bordadores,7,28013,SOL                 ,CENTRO              ,1123.0,RESTAURANTE,korean,Puerta Calle,False,,False,False,False,False,False,False,314,922,OSM,direccion,2026-09-18,21721.0
c6ca6361e871,Nan Nan,40.4194778,-3.7076436,Calle de las Veneras,7,28013,SOL                 ,CENTRO              ,1117.0,BAR RESTAURANTE,hotpot,Puerta Calle,False,,False,False,False,False,False,False,306,966,OSM,direccion,2026-09-18,21549.0
35ce18a6bbb9,La Chalana,40.4246662,-3.7113161,Calle de San Leonardo,12,28015,UNIVERSIDAD         ,CENTRO              ,1111.0,BAR RESTAURANTE,regional,Puerta Calle,True,https://www.lachalana.com/,True,False,True,False,False,True,191,520,OSM,direccion,2026-09-18,22533.0
5dc20ab573f2,Alma Llanera,40.4223979,-3.7026065,Calle del Barco,27,28004,UNIVERSIDAD         ,CENTRO              ,1096.0,RESTAURANTE,venezuelan;colombian,Puerta Calle,False,,True,False,False,False,False,True,246,950,OSM,direccion,2026-09-18,19209.0
914f9ec78c9b,Restaurante Atlantic,40.4157146,-3.698826,Calle de Ventura de la Vega,11,28014,CORTES              ,CENTRO              ,1072.0,RESTAURANTE,,Puerta Calle,False,,False,False,False,False,False,False,305,787,OSM,direccion,2026-09-18,31803.0
6f30b009f235,Oh My Food,40.4199353,-3.6970746,Calle de las Infantas,44,28004,JUSTICIA            ,CENTRO              ,1074.0,BAR RESTAURANTE,regional,Puerta Calle,False,,True,False,False,False,False,False,229,738,OSM,direccion,2026-09-18,28826.0
bbf304c508b8,Café Comercial,40.4287093,-3.701972,Glorieta de Bilbao,7,28004,JUSTICIA            ,CENTRO              ,1089.0,RESTAURANTES DE COMIDA RAPIDA,,Puerta Calle,True,https://cafecomercialmadrid.com/,True,True,False,False,False,False,103,447,OSM,direccion,2026-09-18,27528.0
0fd8ae38408f,Mad Café,40.4122689,-3.7088555,Calle de la Cava Alta,13,28005,PALACIO             ,CENTRO              ,1012.0,RESTAURANTES DE COMIDA RAPIDA,burger,Puerta Calle,False,,False,False,False,False,False,False,242,621,OSM,direccion,2026-09-18,19722.0
05682c870bd3,Mesón La Mazmorra,40.4149486,-3.7083714,Calle de la Cava de San Miguel,6,,PALACIO             ,CENTRO              ,1008.0,BAR RESTAURANTE,,Puerta Calle,False,,False,False,False,False,False,False,312,789,OSM,direccion,2026-09-18,29172.0
86dc344dbbef,Gustos,40.4149531,-3.7079506,Plaza Mayor,7,28012,SOL                 ,CENTRO              ,1121.0,BAR RESTAURANTE,,Puerta Calle,True,http://www.gustosbcn.com/plaza-mayor/,True,False,False,False,False,False,312,812,OSM,direccion,2026-09-18,20959.0
2045985db0b4,El Jamonal,40.4200933,-3.7068674,Calle de Jacometrezo,7,28013,SOL                 ,CENTRO              ,1117.0,RESTAURANTE,regional,Puerta Calle,True,http://www.eljamonalcallao.com/,True,False,False,False,False,False,299,997,OSM,direccion,2026-09-18,21549.0
5126ce652405,Mesón de Don Carnal,40.4150111,-3.7083877,Calle de la Cava de San Miguel,6,28005,PALACIO             ,CENTRO              ,1008.0,BAR RESTAURANTE,,Puerta Calle,True,http://restaurantevillagodio.com/meson-don-carnal/,True,False,False,False,False,False,314,792,OSM,direccion,2026-09-18,29172.0
ea44afd23191,Madam,40.4220822,-3.705638,Calle de la Luna,12,28004,UNIVERSIDAD         ,CENTRO              ,1114.0,BAR RESTAURANTE,,Puerta Calle,True,https://madammadam.es/,True,False,False,False,False,False,266,975,OSM,direccion,2026-09-18,23812.0
522a150043de,Taconetro,40.4193989,-3.7005243,Calle del Caballero de Gracia,12,,SOL                 ,CENTRO              ,1118.0,BAR RESTAURANTE,,Puerta Calle,False,,False,False,False,False,False,True,342,942,OSM,direccion,2026-09-18,20173.0
e3062bb91cc5,Mr Ñam Ñam,40.4233095,-3.7040568,Plaza de Carlos Cambronero,2,28004,UNIVERSIDAD         ,CENTRO              ,1097.0,BAR RESTAURANTE,,Puerta Calle,False,,False,False,False,False,False,False,221,907,OSM,direccion,2026-09-18,20242.0
9f2114f04ed3,Chivuos,40.4287289,-3.7058889,Calle de San Bernardo,86,28015,UNIVERSIDAD         ,CENTRO              ,1091.0,RESTAURANTE,burger,Puerta Calle,True,https://www.chivuos.com/restaurantes/,True,False,False,False,False,True,98,425,OSM,direccion,2026-09-18,23173.0
3e384e3af263,Sanissimo Opera,40.4189932,-3.7093862,Calle de Campomanes,5,28013,PALACIO             ,CENTRO              ,1004.0,BAR RESTAURANTE,,Puerta Calle,True,https://www.sanissimo.eu/,True,False,False,False,False,False,283,834,OSM,direccion,2026-09-18,32264.0
6b4aa66943ad,Katsu,40.4224624,-3.7061785,Calle de la Luna,22,28004,UNIVERSIDAD         ,CENTRO              ,1114.0,BAR RESTAURANTE,japanese,Puerta Calle,True,https://katsumadrid.com/,True,True,False,False,False,False,279,922,OSM,direccion,2026-09-18,23812.0
41ecc8420365,Guasa,40.4251672,-3.6989903,Calle de San Lorenzo,9,28004,JUSTICIA            ,CENTRO              ,1082.0,RESTAURANTE,venezuelan,Puerta Calle,True,https://www.guasagroup.com/guasa-madrid/,False,True,False,False,False,False,197,586,OSM,direccion,2026-09-18,23494.0
5092d4c9fb5c,El Jeque,40.4195344,-3.7030352,Calle de la Salud,8,28013,SOL                 ,CENTRO              ,1117.0,BAR RESTAURANTE,arab,Puerta Calle,False,,True,False,False,False,False,False,288,1062,OSM,direccion,2026-09-18,21549.0
b33e1aefec6a,El Jardín,40.4155198,-3.7017311,Calle de la Cruz,19,,CORTES              ,CENTRO              ,1069.0,BAR RESTAURANTE,regional,Puerta Calle,False,,False,False,False,False,False,False,287,981,OSM,direccion,2026-09-18,22508.0
7c1db8518159,Abrasador,40.4194247,-3.7031171,Calle de la Salud,8,28013,SOL                 ,CENTRO              ,1117.0,BAR RESTAURANTE,meat,Puerta Calle,True,http://www.abrasador.es/,True,False,False,False,False,False,296,1061,OSM,direccion,2026-09-18,21549.0
faeeefc861d9,Mamá Chicó,40.4220797,-3.7042651,Corredera Baja de San Pablo,10,28004,UNIVERSIDAD         ,CENTRO              ,1114.0,RESTAURANTE,,Puerta Calle,False,,False,False,False,False,False,False,255,1015,OSM,direccion,2026-09-18,23812.0
648a14c8a62e,Hoh's,40.4234595,-3.7077063,Calle de Antonio Grilo,4,28015,UNIVERSIDAD         ,CENTRO              ,1112.0,BAR RESTAURANTE,chinese,Puerta Calle,False,,False,False,False,False,False,False,262,739,OSM,direccion,2026-09-18,22104.0
88902f35f1b2,Breizh,40.4243694,-3.7034804,Calle de la Madera,36,28004,UNIVERSIDAD         ,CENTRO              ,1097.0,RESTAURANTE,breton,Puerta Calle,False,,False,False,False,False,False,False,217,792,OSM,direccion,2026-09-18,20242.0
597ed957eddb,Casa 9,40.420398,-3.7002468,Calle de la Reina,9,28004,JUSTICIA            ,CENTRO              ,1074.0,RESTAURANTES DE COMIDA RAPIDA,,Puerta Calle,True,http://www.restaurantecasa9.com/,True,False,False,False,False,False,298,911,OSM,direccion,2026-09-18,28826.0
612fd8a0b783,Taberna Los López,40.4177567,-3.7103633,Calle de Vergara,3,28013,PALACIO             ,CENTRO              ,1006.0,RESTAURANTES DE COMIDA RAPIDA,,Puerta Calle,True,https://tabernaloslopez.com,True,True,False,False,False,False,263,774,OSM,direccion,2026-09-18,28844.0
9e3783994510,Sidrería A Lareira,40.4227242,-3.7109084,Calle de Leganitos,43,28013,PALACIO             ,CENTRO              ,1001.0,BAR RESTAURANTE,regional,Puerta Calle,False,,False,False,False,False,False,False,213,620,OSM,direccion,2026-09-18,27408.0
df5e117be53a,Gofio,40.413872,-3.6981849,Calle de Lope de Vega,9,28014,CORTES              ,CENTRO              ,1065.0,RESTAURANTE,,Puerta Calle,False,,False,False,False,False,False,False,264,662,OSM,direccion,2026-09-18,24155.0
84c67f0c5da6,Billy Brunch,40.4266289,-3.7013192,Calle de Fuencarral,82,,JUSTICIA            ,CENTRO              ,1088.0,BAR RESTAURANTE,breakfast,Puerta Calle,False,,False,False,False,False,False,False,148,602,OSM,direccion,2026-09-18,31845.0
4b6afa6e185c,Sr.Ito,40.4241543,-3.6974283,Calle de Pelayo,60,,JUSTICIA            ,CENTRO              ,1079.0,RESTAURANTE,japanese,Puerta Calle,False,,True,True,False,False,False,False,230,599,OSM,direccion,2026-09-18,27616.0
a61a8c128d53,Roostiq,40.4220139,-3.6962825,Calle de Augusto Figueroa,47,,JUSTICIA            ,CENTRO              ,1077.0,BAR RESTAURANTE,,Puerta Calle,True,https://roostiqmadrid.com/,True,False,False,False,False,False,213,660,OSM,direccion,2026-09-18,2774.0
354038c10a6f,Mesón de la Cerveza,40.4143982,-3.7081329,Calle de Cuchilleros,2,28005,PALACIO             ,CENTRO              ,1008.0,BAR RESTAURANTE,,Puerta Calle,False,,False,False,False,False,False,True,305,776,OSM,direccion,2026-09-18,29172.0
6e78ad97e419,La Sazón de Candela,40.4188505,-3.7087294,Calle de Caños del Peral,5,28013,PALACIO             ,CENTRO              ,1003.0,RESTAURANTE,ecuadorian,Puerta Calle,False,,True,False,False,False,False,False,312,869,OSM,direccion,2026-09-18,21921.0
55efce4efdd0,Bululú,40.4286594,-3.7087441,Calle de Santa Cruz de Marcenado,13,28015,UNIVERSIDAD         ,CENTRO              ,1106.0,RESTAURANTES DE COMIDA RAPIDA,burger,Puerta Calle,True,https://bululubarandcoffee.com/,True,False,False,False,False,False,74,406,OSM,direccion,2026-09-18,29154.0
78eb5ef6caa9,Tapa Tapa,40.4174691,-3.7076564,Calle del Arenal,15,28013,SOL                 ,CENTRO              ,1123.0,BAR RESTAURANTE,,Puerta Calle,False,,False,False,True,False,False,False,317,927,OSM,direccion,2026-09-18,21721.0
50f627e6e0ab,La Zanta,40.423578,-3.7052373,Calle del Pez,15,28004,UNIVERSIDAD         ,CENTRO              ,1114.0,RESTAURANTE,mexican,Puerta Calle,True,http://lazanta.es/,True,False,False,False,False,False,237,882,OSM,direccion,2026-09-18,23812.0
2f129554054d,,40.4251681,-3.7102129,Calle de San Bernardino,10,28015,UNIVERSIDAD         ,CENTRO              ,1110.0,RESTAURANTE,,Puerta Calle,False,,False,False,False,False,False,True,186,552,OSM,direccion,2026-09-18,19648.0
5c2aca482c08,mune,40.4147076,-3.6996208,Calle del Prado,3,28012,CORTES              ,CENTRO              ,1072.0,RESTAURANTE,lebanese,Puerta Calle,True,https://munemadrid.com/prado,True,True,False,False,False,False,285,819,OSM,direccion,2026-09-18,31803.0
00126d1a63d2,,40.4242038,-3.7094953,Calle de los Reyes,8,28015,UNIVERSIDAD         ,CENTRO              ,1111.0,RESTAURANTE,chinese,Puerta Calle,False,,False,False,False,False,False,True,209,623,OSM,direccion,2026-09-18,22533.0
3cfb383414a9,Botín,40.4141745,-3.707981,Calle de Cuchilleros,17,,SOL                 ,CENTRO              ,1121.0,RESTAURANTE,,Puerta Calle,True,https://www.botin.es/,True,True,False,False,False,True,298,778,OSM,direccion,2026-09-18,20959.0
a9a8bc9a1766,,40.4205622,-3.6993917,Calle del Clavel,7,28004,JUSTICIA            ,CENTRO              ,1074.0,RESTAURANTE,,Puerta Calle,False,,False,False,False,False,False,False,276,867,OSM,direccion,2026-09-18,28826.0
5ef072b10721,La Tía Juana,40.4285899,-3.7036942,Calle de Manuela Malasaña,15,28004,UNIVERSIDAD         ,CENTRO              ,1090.0,RESTAURANTE,mexican,Puerta Calle,False,,False,False,False,False,False,False,94,429,OSM,direccion,2026-09-18,24702.0
c472f17120fb,,40.4285249,-3.7031051,Calle de Manuela Malasaña,9,28004,UNIVERSIDAD         ,CENTRO              ,1090.0,RESTAURANTE,regional,Puerta Calle,False,,True,False,False,False,False,False,103,442,OSM,direccion,2026-09-18,24702.0
e3655931ba24,Ozú,40.420145,-3.6992279,Calle de la Reina,23,28004,JUSTICIA            ,CENTRO              ,1074.0,BAR RESTAURANTE,,Puerta Calle,False,,True,False,False,False,False,False,282,857,OSM,direccion,2026-09-18,28826.0
64655b9b9189,Mu!,40.4194576,-3.7039464,Calle de Chinchilla,3,28013,SOL                 ,CENTRO              ,1117.0,RESTAURANTE,,Puerta Calle,True,http://www.mu-elplacerdelacarne.es/,True,False,False,False,False,False,280,1068,OSM,direccion,2026-09-18,21549.0
c520b17e63f3,Lab '84,40.4220838,-3.7030382,Calle de la Puebla,9,28004,UNIVERSIDAD         ,CENTRO              ,1116.0,BAR RESTAURANTE,,Puerta Calle,True,https://lab84.es/es/contacto,True,False,False,False,False,False,249,996,OSM,direccion,2026-09-18,20752.0
d15181657c4c,La Fojetta,40.4149521,-3.7080593,Calle de la Escalerilla de Piedra,2,28005,SOL                 ,CENTRO              ,1121.0,BAR RESTAURANTE,italian,Puerta Calle,True,http://www.lafojetta.com/it-it/,True,False,False,False,False,False,310,803,OSM,direccion,2026-09-18,20959.0
c61fb8898644,La Pomarada,40.426008,-3.7115084,Calle del Conde Duque,,28015,UNIVERSIDAD         ,CENTRO              ,1108.0,RESTAURANTE,regional,,True,https://lapomarada.es/,True,False,False,False,False,True,161,468,OSM,proximidad,2026-09-18,24873.0
b37434c97e94,Brasa y Leña,40.4162327,-3.7088498,Plaza del Comandante Las Morenas,3,28013,PALACIO             ,CENTRO              ,1007.0,BAR RESTAURANTE,,,True,http://www.brasaylena.com/#,False,False,False,False,False,False,333,797,OSM,proximidad,2026-09-18,25414.0
2ac17feaa9b2,La Malaje,40.4130702,-3.7117497,,,,PALACIO             ,CENTRO              ,1016.0,RESTAURANTE,,,False,,True,False,False,False,False,False,218,485,OSM,proximidad,2026-09-18,22152.0
d6116bddab6c,Tío Timón,40.4131593,-3.7117469,Costanilla de San Andrés,8,28005,PALACIO             ,CENTRO              ,1016.0,RESTAURANTE,regional,,True,http://tiotimon.com/,False,False,True,False,False,True,223,487,OSM,proximidad,2026-09-18,22152.0
109ce218d154,Taquería del Alamillo,40.4137154,-3.7127335,,,,PALACIO             ,CENTRO              ,1016.0,BAR RESTAURANTE,,,False,,False,False,False,False,False,False,161,485,OSM,proximidad,2026-09-18,22152.0
cad4fb9f8df0,A Cañada,40.4112109,-3.69567,Calle de Fúcar,20,,CORTES              ,CENTRO              ,1061.0,BAR RESTAURANTE,,,False,,False,False,False,False,False,True,130,449,OSM,proximidad,2026-09-18,23012.0
580cf10cf1f5,Arrocería Gala,40.412427,-3.6963071,,,,CORTES              ,CENTRO              ,1066.0,RESTAURANTE,,,False,,False,False,False,False,False,True,168,539,OSM,proximidad,2026-09-18,19083.0
d136e8c18305,Moratin 40,40.4125537,-3.6951865,Calle de Moratín,40,28014,CORTES              ,CENTRO              ,1063.0,RESTAURANTE,,,False,,False,False,False,False,False,True,121,502,OSM,proximidad,2026-09-18,22437.0
b8ddd878120b,El Rábano,40.4134319,-3.6957085,,,,CORTES              ,CENTRO              ,1064.0,RESTAURANTE,,,False,,False,False,False,False,False,False,159,570,OSM,proximidad,2026-09-18,24909.0
f3c6330e8017,Edelweiss,40.4169233,-3.6966322,,,,CORTES              ,CENTRO              ,1072.0,RESTAURANTE,,,False,,False,False,False,False,False,True,209,695,OSM,proximidad,2026-09-18,31803.0
835493bc0887,El Secreto de Castilla,40.4171806,-3.6965924,,,,CORTES              ,CENTRO              ,1072.0,RESTAURANTE,,,False,,False,False,False,False,False,False,209,701,OSM,proximidad,2026-09-18,31803.0
b87b967b933e,Casa Mortero,40.416822,-3.6971908,C. de Zorrilla,9,,CORTES              ,CENTRO              ,1072.0,RESTAURANTE,,,True,https://casamortero.com/,True,True,False,False,False,False,245,742,OSM,proximidad,2026-09-18,31803.0
37e8a05ed651,Jiao Jiao,40.4155515,-3.7099687,,,,PALACIO             ,CENTRO              ,1008.0,BAR RESTAURANTE,chinese,,False,,True,False,False,False,False,False,306,706,OSM,proximidad,2026-09-18,29172.0
d5d3bb760f00,Taste Gallery,40.4153729,-3.7094547,,,,PALACIO             ,CENTRO              ,1008.0,RESTAURANTE,,,False,,True,False,False,False,False,False,311,730,OSM,proximidad,2026-09-18,29172.0
bae08e3f55f8,Grazie Mille,40.4161161,-3.7075072,,,,SOL                 ,CENTRO              ,1123.0,BAR RESTAURANTE,,,False,,False,False,False,False,False,False,321,902,OSM,proximidad,2026-09-18,21721.0
25503fc6c60c,Taberna de los Ángeles,40.4186643,-3.7082433,Costanilla de los Ángeles,8,28013,SOL                 ,CENTRO              ,1117.0,RESTAURANTE,,,False,,False,False,False,False,False,False,315,917,OSM,proximidad,2026-09-18,21549.0
c6830f8ddde5,El Gaucho,40.418183,-3.7031236,Calle de Tetuán,34,28013,SOL                 ,CENTRO              ,1119.0,BAR RESTAURANTE,,,True,http://parrillaelgaucho.es/,True,False,False,False,False,False,304,1083,OSM,proximidad,2026-09-18,16727.0
673d1166b733,Takos Al Pastor,40.4192518,-3.7034321,Calle de la Salud,13,28013,SOL                 ,CENTRO              ,1117.0,RESTAURANTE,mexican,,False,,True,True,False,False,False,False,308,1075,OSM,proximidad,2026-09-18,21549.0
9a85358af113,Preity Raj,40.4102862,-3.7008582,,,,EMBAJADORES         ,CENTRO              ,1049.0,BAR RESTAURANTE,indian,,False,,True,True,True,False,True,False,162,602,OSM,proximidad,2026-09-18,15765.0
032bafe80c46,A Cañada,40.4109653,-3.7004479,Calle del Ave María,17,28012,EMBAJADORES         ,CENTRO              ,1046.0,BAR RESTAURANTE,regional,,True,http://sidreriaacanada.com/,False,False,False,False,False,False,205,628,OSM,proximidad,2026-09-18,18432.0
d23ea6799d2b,Raja Mahal,40.4111374,-3.700326,Calle del Ave María,15,28012,EMBAJADORES         ,CENTRO              ,1046.0,BAR RESTAURANTE,indian,,True,http://www.rajamahal.es/,False,False,False,False,False,False,215,634,OSM,proximidad,2026-09-18,18432.0
837a582b8dab,Moharaj,40.4110886,-3.700589,,,,EMBAJADORES         ,CENTRO              ,1047.0,RESTAURANTE,,,False,,False,False,False,False,False,False,210,642,OSM,proximidad,2026-09-18,16362.0
bf00a8b9df7c,Nap,40.4108202,-3.7005322,Calle del Ave María,,28012,EMBAJADORES         ,CENTRO              ,1046.0,BAR RESTAURANTE,pizza,,False,,False,True,False,False,False,True,190,619,OSM,proximidad,2026-09-18,18432.0
93d4cf79cb5e,Bombay Palace,40.4107264,-3.7008747,,,,EMBAJADORES         ,CENTRO              ,1047.0,RESTAURANTE,,,False,,False,False,False,False,False,False,183,637,OSM,proximidad,2026-09-18,16362.0
644bc14788de,,40.4093708,-3.7009194,,,,EMBAJADORES         ,CENTRO              ,1049.0,RESTAURANTE,,,False,,False,False,False,False,False,False,126,547,OSM,proximidad,2026-09-18,15765.0
99148513f0ab,O'Barquiño,40.4114924,-3.6994308,Calle de la Torrecilla del Leal,3,28012,EMBAJADORES         ,CENTRO              ,1046.0,BAR RESTAURANTE,,,True,http://www.mesonobarquino.es/,True,False,False,False,False,False,233,594,OSM,proximidad,2026-09-18,18432.0
fc5e698399d7,La Temeraria,40.4117492,-3.700322,Calle del Ave María,8,28012,EMBAJADORES         ,CENTRO              ,1045.0,RESTAURANTE,italian;creative,,False,,False,False,False,False,False,False,263,682,OSM,proximidad,2026-09-18,20306.0
bf0f3bfe8798,Taberna Garibaldi,40.4116655,-3.700364,,,,EMBAJADORES         ,CENTRO              ,1045.0,BAR RESTAURANTE,,,False,,False,False,False,False,False,False,263,678,OSM,proximidad,2026-09-18,20306.0
ccc75dfa3261,La Castafiore,40.4230858,-3.6935468,,,,JUSTICIA            ,CENTRO              ,1073.0,RESTAURANTE,,,False,,False,False,False,False,False,True,144,394,OSM,proximidad,2026-09-18,36918.0
43ed7869c6ba,Can Punyetes,40.4159664,-3.710711,,,,PALACIO             ,CENTRO              ,1007.0,RESTAURANTE,,,False,,False,False,False,False,False,False,284,682,OSM,proximidad,2026-09-18,25414.0
76a0202ed9be,Sake Dining Himawari,40.4226068,-3.6932565,,,,JUSTICIA            ,CENTRO              ,1073.0,RESTAURANTE,japanese,,False,,False,False,False,False,False,False,130,389,OSM,proximidad,2026-09-18,36918.0
23f3f8f3f9a5,Ninja Ramen,40.4264788,-3.70103,Calle de Barceló,1,28004,JUSTICIA            ,CENTRO              ,1088.0,BAR RESTAURANTE,japanese,,True,http://ninjaramen.es/,True,False,False,False,False,False,160,596,OSM,proximidad,2026-09-18,31845.0
b12c1955b7c4,La Negra Tomasa,40.4158435,-3.702398,,,,SOL                 ,CENTRO              ,1119.0,BAR RESTAURANTE,cuban,,True,https://www.lanegratomasa.com/,True,False,False,False,False,True,290,1024,OSM,proximidad,2026-09-18,16727.0
d372460fae71,Museo del Jamón,40.4163433,-3.7056737,,,,SOL                 ,CENTRO              ,1120.0,BAR RESTAURANTE,spanish,,False,,False,True,False,False,False,True,329,1008,OSM,proximidad,2026-09-18,21838.0
b7770d00bdb2,Chiquita,40.4158038,-3.7060361,,,,SOL                 ,CENTRO              ,1121.0,BAR RESTAURANTE,,,False,,False,False,False,False,False,True,318,977,OSM,proximidad,2026-09-18,20959.0
a0b2a49960f6,La Taberna de la Daniela,40.4144651,-3.7079513,Calle de Cuchilleros,9,,SOL                 ,CENTRO              ,1121.0,BAR RESTAURANTE,,,True,http://www.tabernadeladaniela.com/,True,False,False,False,False,True,308,785,OSM,proximidad,2026-09-18,20959.0
ceb334f92f26,Las Cuevas de Luis Candelas,40.4148583,-3.7081461,Calle de la Cava de San Miguel,1,,SOL                 ,CENTRO              ,1121.0,RESTAURANTE,,,False,,False,False,False,False,False,True,305,795,OSM,proximidad,2026-09-18,20959.0
347af1bdc7fa,,40.4233171,-3.702338,Calle del Barco,45,28004,UNIVERSIDAD         ,CENTRO              ,1096.0,BAR RESTAURANTE,pizza,,False,,False,False,False,False,False,False,236,897,OSM,proximidad,2026-09-18,19209.0
b2e968b58216,El Inti de Oro,40.415621,-3.6989812,,,,CORTES              ,CENTRO              ,1072.0,RESTAURANTE,peruvian,,False,,False,False,True,False,False,False,306,788,OSM,proximidad,2026-09-18,31803.0
a9d9cddcc51f,El Subastero de Málaga,40.4164715,-3.6991796,,,,CORTES              ,CENTRO              ,1072.0,RESTAURANTE,regional,,False,,False,False,False,False,False,False,324,844,OSM,proximidad,2026-09-18,31803.0
803a074a5f39,Restaurante La Catedral,40.4166035,-3.7010637,Carrera de San Jerónimo,16,,SOL                 ,CENTRO              ,1119.0,RESTAURANTE,,,True,http://www.la-catedral.es/,True,False,False,False,False,False,310,973,OSM,proximidad,2026-09-18,16727.0
528bf404d75c,El Tronco,40.4151898,-3.6992792,Calle de Manuel Fernández y González,15,28014,CORTES              ,CENTRO              ,1072.0,RESTAURANTE,regional,,False,,False,False,False,False,False,False,296,803,OSM,proximidad,2026-09-18,31803.0
90c808003a44,Anarkoli,40.4095795,-3.7023086,Calle de Lavapiés,46,28012,EMBAJADORES         ,CENTRO              ,1043.0,RESTAURANTE,indian,,False,,True,False,False,False,False,False,113,604,OSM,proximidad,2026-09-18,14527.0
a16482a1b0f5,Achuri,40.4081287,-3.6980834,,,,EMBAJADORES         ,CENTRO              ,1054.0,BAR RESTAURANTE,,,False,,False,False,False,False,False,False,112,392,OSM,proximidad,2026-09-18,16904.0
6c078a0993e3,El Lacón,40.415143,-3.6992261,Calle de Manuel Fernández y González,8,28014,CORTES              ,CENTRO              ,1072.0,RESTAURANTE,spanish,,True,https://mesonellacon.com/,True,True,False,False,False,True,293,798,OSM,proximidad,2026-09-18,31803.0
8dc1f444427f,Hylogui,40.4160304,-3.6987327,Calle de Ventura de la Vega,3,28014,CORTES              ,CENTRO              ,1072.0,RESTAURANTE,,,True,https://restaurantehylogui.com/,False,False,True,False,False,False,314,788,OSM,proximidad,2026-09-18,31803.0
9517352f9275,Musashi,40.4190028,-3.7077991,Calle de las Conchas,4,28013,SOL                 ,CENTRO              ,1117.0,RESTAURANTE,japanese,,True,http://www.musashimadrid.com/,True,False,False,False,False,False,325,954,OSM,proximidad,2026-09-18,21549.0
1cae6bbcd76c,Da Nicola,40.4229516,-3.7087534,Plaza de los Mostenses,11,28015,UNIVERSIDAD         ,CENTRO              ,1112.0,RESTAURANTE,pizza,,True,https://www.danicola.es/,True,False,False,False,False,True,250,731,OSM,proximidad,2026-09-18,22104.0
277dcb947040,La Casa del Abuelo,40.4157405,-3.7017617,Calle de la Victoria,12,,SOL                 ,CENTRO              ,1119.0,BAR RESTAURANTE,,,True,http://lacasadelabuelo.es/,True,False,False,False,False,False,289,993,OSM,proximidad,2026-09-18,16727.0
09c842fc912d,Taberna Antonio Sánchez,40.4111122,-3.7048589,Calle del Mesón de Paredes,13,,EMBAJADORES         ,CENTRO              ,1028.0,RESTAURANTE,,,True,https://www.tabernaantoniosanchez.com/?lang=es,True,False,False,False,False,False,153,739,OSM,proximidad,2026-09-18,20183.0
3bb4cee8839e,La Junta,40.424187,-3.701724,Plaza de San Ildefonso,,28004,UNIVERSIDAD         ,CENTRO              ,1094.0,RESTAURANTE,,,False,,False,False,True,False,False,False,213,787,OSM,proximidad,2026-09-18,2422.0
8f4f59ebb855,Triángulo,40.4262353,-3.6937066,,,,JUSTICIA            ,CENTRO              ,1084.0,RESTAURANTE,chinese,,False,,False,False,False,False,False,False,109,348,OSM,proximidad,2026-09-18,34311.0
0f8ff803eea4,,40.4260662,-3.6939824,,,,JUSTICIA            ,CENTRO              ,1084.0,RESTAURANTE,,,False,,False,False,False,False,False,False,118,357,OSM,proximidad,2026-09-18,34311.0
2c51b219af6d,100 Montaditos,40.4266136,-3.6962385,,,,JUSTICIA            ,CENTRO              ,1087.0,RESTAURANTE,sandwich,,False,,False,True,False,False,False,True,120,446,OSM,proximidad,2026-09-18,35441.0
096568e97640,Bocado,40.4262381,-3.6962852,Calle de Santa Teresa,1,28004,JUSTICIA            ,CENTRO              ,1084.0,RESTAURANTE,,,False,,False,False,False,False,False,False,141,462,OSM,proximidad,2026-09-18,34311.0
aeace9db104e,Casa Orellana,40.426637,-3.6955608,,,,JUSTICIA            ,CENTRO              ,1087.0,RESTAURANTE,,,True,https://casaorellana.com/,True,True,False,False,False,False,116,426,OSM,proximidad,2026-09-18,35441.0
dd12417725e6,Época,40.4262822,-3.6936887,,,,JUSTICIA            ,CENTRO              ,1084.0,BAR RESTAURANTE,,,False,,False,False,False,False,False,False,108,345,OSM,proximidad,2026-09-18,34311.0
c53403923fc8,Peyote San,40.4253941,-3.6919785,Calle de Génova,28,28004,JUSTICIA            ,CENTRO              ,1084.0,BAR RESTAURANTE,,,True,http://www.peyotesan.com/,True,False,False,False,False,False,93,285,OSM,proximidad,2026-09-18,34311.0
e62e6e057b6b,La China Mandarina,40.4103603,-3.7075056,,,,EMBAJADORES         ,CENTRO              ,1024.0,BAR RESTAURANTE,,,False,,False,False,False,False,False,False,162,604,OSM,proximidad,2026-09-18,20177.0
bef658da0d5e,La Barca del Patio,40.4106629,-3.7074954,,,,EMBAJADORES         ,CENTRO              ,1024.0,BAR RESTAURANTE,,,True,https://www.labarcadelpatio.es/,False,False,False,False,False,False,183,622,OSM,proximidad,2026-09-18,20177.0
7f17a51e5e61,Cascorro,40.4111073,-3.7074118,,,,EMBAJADORES         ,CENTRO              ,1025.0,BAR RESTAURANTE,,,False,,False,False,False,False,False,False,201,658,OSM,proximidad,2026-09-18,23511.0
2026e9f78010,Mesón del Rastro,40.4096809,-3.7086337,,,,EMBAJADORES         ,CENTRO              ,1024.0,BAR RESTAURANTE,regional,,False,,False,False,False,False,False,False,141,471,OSM,proximidad,2026-09-18,20177.0
59bdf5117460,Los Tiernos,40.4106751,-3.7087326,,,,EMBAJADORES         ,CENTRO              ,1024.0,BAR RESTAURANTE,regional,,False,,False,False,False,False,False,False,184,548,OSM,proximidad,2026-09-18,20177.0
80ca2a18121d,Cantalejo,40.4121464,-3.708053,,,,PALACIO             ,CENTRO              ,1012.0,RESTAURANTE,regional,,False,,False,False,False,False,False,False,246,670,OSM,proximidad,2026-09-18,19722.0
444cac3ef4e6,La Latina,40.4122168,-3.7081349,,,,PALACIO             ,CENTRO              ,1012.0,RESTAURANTE,regional,,False,,False,False,False,False,False,False,247,668,OSM,proximidad,2026-09-18,19722.0
560a03cfd4b3,IL COC,40.4256381,-3.6952666,,,,JUSTICIA            ,CENTRO              ,1087.0,RESTAURANTE,,,False,,False,False,False,False,False,False,142,439,OSM,proximidad,2026-09-18,35441.0
38c8e8c98cde,Katiyaki,40.4241875,-3.703772,Calle de la Madera,35,28004,UNIVERSIDAD         ,CENTRO              ,1097.0,RESTAURANTES DE COMIDA RAPIDA,,,False,,False,False,False,False,False,False,207,819,OSM,proximidad,2026-09-18,20242.0
a8904b6a62da,El Patio,40.4170391,-3.6995917,Calle de Arlabán,1,28014,CORTES              ,CENTRO              ,1072.0,BAR RESTAURANTE,spanish,,False,,False,False,False,False,False,False,333,884,OSM,proximidad,2026-09-18,31803.0
d8db9776d996,Aroma,40.415914,-3.6989759,,,,CORTES              ,CENTRO              ,1072.0,RESTAURANTE,indian,,False,,False,False,False,False,False,False,314,805,OSM,proximidad,2026-09-18,31803.0
c558f6864246,La Tape,40.4288309,-3.7058608,Calle de San Bernardo,88,28015,UNIVERSIDAD         ,CENTRO              ,1091.0,BAR RESTAURANTE,spanish,,True,https://latape.com,True,False,False,False,False,True,95,417,OSM,proximidad,2026-09-18,23173.0
17b8185a5d56,Fantástico,40.4080907,-3.6976117,,,,EMBAJADORES         ,CENTRO              ,1053.0,BAR RESTAURANTE,indian,,False,,False,False,False,False,False,False,112,385,OSM,proximidad,2026-09-18,19864.0
d64d8eb4a3ad,Del Olivo,40.4141212,-3.7012349,Calle de las Huertas,3,28012,CORTES              ,CENTRO              ,1067.0,BAR RESTAURANTE,,,True,http://delolivorestaurante.es/,False,False,False,False,False,False,278,887,OSM,proximidad,2026-09-18,21874.0
a4e1db1576b5,Del Diego,40.4200219,-3.6992253,Calle de la Reina,12,,JUSTICIA            ,CENTRO              ,1074.0,BAR RESTAURANTE,,,True,http://www.deldiego.com/,False,False,False,False,False,False,287,859,OSM,proximidad,2026-09-18,28826.0
5d3606b5864e,Charlie Champagne,40.4137977,-3.7126172,Calle de Segovia,17,28005,PALACIO             ,CENTRO              ,1016.0,BAR RESTAURANTE,,,True,http://charliechampagne.es/,True,False,False,False,False,False,175,491,OSM,proximidad,2026-09-18,22152.0
9fb694e5261c,Tierra Burrito Bar,40.4185437,-3.7095489,,,,PALACIO             ,CENTRO              ,1003.0,RESTAURANTE,mexican,,True,https://www.tierraburritos.com,True,True,False,False,False,False,280,835,OSM,proximidad,2026-09-18,21921.0
c6a37ae2160c,Rambal,40.4118145,-3.7031148,Calle de Lavapiés,6,28012,EMBAJADORES         ,CENTRO              ,1028.0,RESTAURANTE,spanish,,False,,True,False,False,False,False,False,200,763,OSM,proximidad,2026-09-18,20183.0
bce641078c00,Terraza Cafe del Real,40.4177311,-3.7095419,,,,PALACIO             ,CENTRO              ,1006.0,RESTAURANTE,italian,,False,,False,False,False,False,False,False,294,811,OSM,proximidad,2026-09-18,28844.0
597722b86db3,Ouh Babbo!,40.4187577,-3.7086523,Calle de Caños del Peral,,28013,PALACIO             ,CENTRO              ,1006.0,RESTAURANTE,italian,,False,,False,False,False,False,False,False,314,880,OSM,proximidad,2026-09-18,28844.0
7eb1f468fb0c,La Tagliatella,40.4139946,-3.703791,Calle del Doctor Cortezo,,,EMBAJADORES         ,CENTRO              ,1026.0,RESTAURANTE,italian,,False,,False,True,False,False,False,True,260,959,OSM,proximidad,2026-09-18,25825.0
d8dea85a79f4,Delhi Darbar,40.408015,-3.6974589,,,,EMBAJADORES         ,CENTRO              ,1053.0,BAR RESTAURANTE,indian,,False,,False,False,False,False,False,False,112,380,OSM,proximidad,2026-09-18,19864.0
19c29e84f7dc,El León de Oro,40.4139047,-3.6989568,,,,CORTES              ,CENTRO              ,1068.0,RESTAURANTE,,,False,,False,False,False,False,False,False,283,706,OSM,proximidad,2026-09-18,27954.0
5a6708816433,Pizzamascalzone,40.4143757,-3.6984651,,,,CORTES              ,CENTRO              ,1068.0,RESTAURANTES DE COMIDA RAPIDA,pizza,,True,https://www.pizzamascalzone.com/,False,False,False,False,False,True,282,699,OSM,proximidad,2026-09-18,27954.0
3c452e060bb3,Tony Roma's,40.4225259,-3.7091169,Gran Vía,68,28013,UNIVERSIDAD         ,CENTRO              ,1112.0,BAR RESTAURANTE,barbecue,,True,http://tonyromas.es/,True,False,False,False,False,True,256,727,OSM,proximidad,2026-09-18,22104.0
6f5799b96fdb,Dona Camila,40.4118276,-3.711608,,,,PALACIO             ,CENTRO              ,1015.0,RESTAURANTE,,,True,https://www.donacamila.com/,False,False,False,False,False,False,181,440,OSM,proximidad,2026-09-18,22803.0
852e394694fe,Wu Wei,40.413253,-3.7121466,,,,PALACIO             ,CENTRO              ,1016.0,BAR RESTAURANTE,,,False,,False,False,False,False,False,False,202,485,OSM,proximidad,2026-09-18,22152.0
d21a50fd4ba8,,40.413303,-3.7123536,,,,PALACIO             ,CENTRO              ,1016.0,BAR RESTAURANTE,,,False,,False,False,False,False,False,False,181,485,OSM,proximidad,2026-09-18,22152.0
34c15f86de1b,VEGA Álamo,40.4238831,-3.7091086,Calle del Álamo,3,28015,UNIVERSIDAD         ,CENTRO              ,1112.0,BAR RESTAURANTE,,,True,https://alamo.govega.es/,True,False,True,False,False,True,225,658,OSM,proximidad,2026-09-18,22104.0
5b13d391e531,Chincha Casa Perú,40.4236184,-3.7092883,Plaza de los Mostenses,3,28015,UNIVERSIDAD         ,CENTRO              ,1112.0,BAR RESTAURANTE,peruvian,,True,https://www.chincha.es/,True,False,False,False,False,True,233,667,OSM,proximidad,2026-09-18,22104.0
b767ee8d7ac0,La Victoria,40.4103444,-3.7024668,Calle de Lavapiés,27,28012,EMBAJADORES         ,CENTRO              ,1047.0,RESTAURANTE,,,False,,True,True,False,False,False,False,131,652,OSM,proximidad,2026-09-18,16362.0
b98e932c1ee4,Shapla,40.4097832,-3.7024206,Calle de Lavapiés,42,28012,EMBAJADORES         ,CENTRO              ,1043.0,RESTAURANTE,indian,,True,https://shaplaindianrestaurant.com/,True,True,False,False,False,False,120,617,OSM,proximidad,2026-09-18,14527.0
8d9206b6e7cf,Calcuta,40.409339,-3.7020612,Calle de Lavapiés,48,28012,EMBAJADORES         ,CENTRO              ,1043.0,RESTAURANTE,indian,,False,,False,False,False,False,False,False,116,593,OSM,proximidad,2026-09-18,14527.0
ddf7d653ff03,Raj Puth,40.4087713,-3.7008603,,,,EMBAJADORES         ,CENTRO              ,1050.0,RESTAURANTE,indian,,False,,False,False,False,False,False,False,110,504,OSM,proximidad,2026-09-18,15556.0
02a0dfb4ef88,Choose Restaurante Vegano,40.4137839,-3.7122123,Calle de Segovia,17,,PALACIO             ,CENTRO              ,1016.0,RESTAURANTE,italian,,True,http://chooseristorante.com/,True,False,False,False,False,False,206,499,OSM,proximidad,2026-09-18,22152.0
03c096c23d84,Casa a la malicia,40.4138561,-3.711551,,,,PALACIO             ,CENTRO              ,1009.0,RESTAURANTE,,,False,,False,False,False,False,False,False,236,520,OSM,proximidad,2026-09-18,24639.0
1a2301744d02,La Funda Mental,40.4080258,-3.6991619,,,,EMBAJADORES         ,CENTRO              ,1054.0,BAR RESTAURANTE,,,False,,False,False,False,False,False,False,99,417,OSM,proximidad,2026-09-18,16904.0
65582b4ab6f9,Vips,40.4181217,-3.6992512,Calle de Alcalá,23,28014,CORTES              ,CENTRO              ,1072.0,BAR RESTAURANTE,international,,False,,False,True,True,False,False,True,346,856,OSM,proximidad,2026-09-18,31803.0
05ec321a691c,Ginos,40.4181354,-3.6991863,,,,CORTES              ,CENTRO              ,1072.0,RESTAURANTE,italian,,False,,False,False,True,False,False,True,344,848,OSM,proximidad,2026-09-18,31803.0
6956e189658b,Basics by Goiko,40.4226539,-3.699278,Calle de Hortaleza,60,28004,JUSTICIA            ,CENTRO              ,1075.0,BAR RESTAURANTE,burger,,False,,False,False,False,False,False,False,277,793,OSM,proximidad,2026-09-18,1979.0
86df76c7ffef,casa de Can,40.42157,-3.7017466,Calle de San Onofre,10,28004,UNIVERSIDAD         ,CENTRO              ,1095.0,BAR RESTAURANTE,regional,,False,,True,True,False,False,False,False,293,966,OSM,proximidad,2026-09-18,22367.0
32a16cd128b6,Restaurante Bar Mundi,40.4251996,-3.7105807,Calle de San Bernardino,7,28015,UNIVERSIDAD         ,CENTRO              ,1111.0,RESTAURANTE,,,False,,False,False,False,False,False,True,189,536,OSM,proximidad,2026-09-18,22533.0
142767eaf327,La Vera,40.4127889,-3.6997456,Calle de Atocha,57,28012,EMBAJADORES         ,CENTRO              ,1027.0,RESTAURANTES DE COMIDA RAPIDA,,,False,,True,False,False,False,False,False,291,705,OSM,proximidad,2026-09-18,24472.0
d095d195e85d,Bar Lozano,40.4245087,-3.7016365,Calle de San Joaquín,,28004,UNIVERSIDAD         ,CENTRO              ,1094.0,BAR RESTAURANTE,,,False,,False,False,False,False,False,False,216,758,OSM,proximidad,2026-09-18,2422.0
dc58475fc326,Taberna Pompeyana,40.4151701,-3.7018097,,,,CORTES              ,CENTRO              ,1069.0,RESTAURANTE,,,False,,False,False,False,False,False,False,288,969,OSM,proximidad,2026-09-18,22508.0
f2aa30d2c885,Preity Raj 2,40.4190038,-3.7063703,Calle del Postigo de San Martín,5,28013,SOL                 ,CENTRO              ,1117.0,BAR RESTAURANTE,indian,,True,https://preityraj2.com/,True,False,True,False,False,False,306,1020,OSM,proximidad,2026-09-18,21549.0
fa11234c9ac6,Casquería Oscar,40.4108769,-3.7049558,Calle de la Encomienda,1,,EMBAJADORES         ,CENTRO              ,1028.0,RESTAURANTE,,,False,,True,False,False,False,False,False,142,726,OSM,proximidad,2026-09-18,20183.0
fd3e1930e971,La Dehesa de Santa María,40.4151747,-3.7133534,Calle Mayor,88,28013,PALACIO             ,CENTRO              ,1001.0,BAR RESTAURANTE,,,True,http://www.dehesasantamaria.com/,False,False,False,False,False,False,106,504,OSM,proximidad,2026-09-18,27408.0
6982d87e888e,Zoco,40.4129943,-3.7134259,,,,PALACIO             ,CENTRO              ,1015.0,BAR RESTAURANTE,,,False,,False,False,False,False,False,False,115,423,OSM,proximidad,2026-09-18,22803.0
cbd2c8d7922f,La Muralla,40.4116416,-3.7109461,,,,PALACIO             ,CENTRO              ,1011.0,BAR RESTAURANTE,,,False,,False,False,False,False,False,False,208,459,OSM,proximidad,2026-09-18,22651.0
c95eabd3acd6,Viuda de Vacas,40.4101448,-3.7120274,Calle del Águila,2,28005,PALACIO             ,CENTRO              ,1020.0,BAR RESTAURANTE,,,True,http://viudadevacas.es/,True,False,False,False,False,False,126,371,OSM,proximidad,2026-09-18,19828.0
a3f8e206610b,Los Ángeles,40.4101937,-3.7123383,,,,PALACIO             ,CENTRO              ,1014.0,RESTAURANTE,,,False,,False,False,False,False,False,False,115,367,OSM,proximidad,2026-09-18,22182.0
c067762e4da8,Casa Mateos,40.4100457,-3.7123468,,,,PALACIO             ,CENTRO              ,1020.0,BAR RESTAURANTE,,,False,,False,False,False,False,False,False,114,359,OSM,proximidad,2026-09-18,19828.0
1eb4e30ca43f,Taberna J. Blanco,40.4101838,-3.7118118,,,,PALACIO             ,CENTRO              ,1014.0,BAR RESTAURANTE,,,False,,False,False,False,False,False,False,135,379,OSM,proximidad,2026-09-18,22182.0
e91754412135,El Bombín de Sabina,40.410247,-3.7117506,,,,PALACIO             ,CENTRO              ,1014.0,BAR RESTAURANTE,,,False,,False,False,False,False,False,False,135,380,OSM,proximidad,2026-09-18,22182.0
015aaf8aa2e7,San Francisco 13,40.4105984,-3.7134164,Carrera de San Francisco,13,28005,PALACIO             ,CENTRO              ,1015.0,BAR RESTAURANTE,,,False,,False,False,False,False,False,False,94,341,OSM,proximidad,2026-09-18,22803.0
755f3ecb5bfe,,40.4106028,-3.710243,,,,PALACIO             ,CENTRO              ,1013.0,RESTAURANTE,,,False,,False,False,False,False,False,False,170,438,OSM,proximidad,2026-09-18,18695.0
916715fa196a,Taberna La Alhambra,40.4159786,-3.7016048,Calle de la Victoria,9,28012,SOL                 ,CENTRO              ,1119.0,BAR RESTAURANTE,,,False,,False,False,False,False,False,False,290,989,OSM,proximidad,2026-09-18,16727.0
e2ef41c0fbfd,La cajita de Nori,40.4272019,-3.7100959,Calle del Limón,30,28015,UNIVERSIDAD         ,CENTRO              ,1105.0,BAR RESTAURANTE,,,True,http://www.lacajitadenori.es/,True,False,False,False,False,True,134,471,OSM,proximidad,2026-09-18,27175.0
864acc4bc163,Rocafría,40.4218481,-3.6955709,,,,JUSTICIA            ,CENTRO              ,1073.0,BAR RESTAURANTE,,,False,,False,False,False,False,False,True,201,612,OSM,proximidad,2026-09-18,36918.0
d774a665bce2,Café Bar Alma,40.410196,-3.697543,,,,EMBAJADORES         ,CENTRO              ,1051.0,BAR RESTAURANTE,spanish,,True,https://almacafebar.wordpress.com/,True,False,False,False,False,True,162,445,OSM,proximidad,2026-09-18,15102.0
fbb3d994910e,Museo del Jamón,40.4166091,-3.7015702,,,,SOL                 ,CENTRO              ,1119.0,BAR RESTAURANTE,regional,,True,https://www.museodeljamon.com/,True,False,False,False,False,True,308,994,OSM,proximidad,2026-09-18,16727.0
ca6f92c27c9f,Café del Nuncio,40.41329,-3.7098287,,,,PALACIO             ,CENTRO              ,1011.0,RESTAURANTE,,,False,,False,False,False,False,False,False,288,617,OSM,proximidad,2026-09-18,22651.0
3efe666821b6,Matilda,40.4110877,-3.6943434,Calle Almadén,15,28014,CORTES              ,CENTRO              ,1062.0,BAR RESTAURANTE,,,False,,False,True,False,False,False,True,92,378,OSM,proximidad,2026-09-18,22488.0
7a6dba5d8569,Ganz,40.4112111,-3.6948323,,,,CORTES              ,CENTRO              ,1062.0,BAR RESTAURANTE,,,False,,False,False,False,False,False,True,102,416,OSM,proximidad,2026-09-18,22488.0
cb71d3b210cc,El Ventorrillo,40.4128174,-3.7139203,Calle de Bailén,14,28005,PALACIO             ,CENTRO              ,1018.0,BAR RESTAURANTE,spanish,,False,,True,False,False,False,False,False,94,391,OSM,proximidad,2026-09-18,23133.0
98b1a2c7088a,Chez Madrid,40.4146851,-3.6945994,Plaza de Cánovas del Castillo,4,28014,CORTES              ,CENTRO              ,1071.0,BAR RESTAURANTE,european,,True,https://grupocarbon.es/restaurantes/chezmadrid/,True,True,True,False,False,True,109,568,OSM,proximidad,2026-09-18,30695.0
2e99b4c7c38b,Lateral Santa Ana,40.4143652,-3.7011349,Plaza de Santa Ana,12,28012,CORTES              ,CENTRO              ,1068.0,BAR RESTAURANTE,,,True,https://www.lateral.com/,True,True,False,False,False,True,277,899,OSM,proximidad,2026-09-18,27954.0
041b7f4474e9,La Rollerie,40.4165272,-3.6995613,Carrera de San Jerónimo,,,CORTES              ,CENTRO              ,1072.0,RESTAURANTE,,,False,,False,True,False,False,False,False,327,892,OSM,proximidad,2026-09-18,31803.0
c3f23249865c,Lhardy,40.4166082,-3.7013775,,,,SOL                 ,CENTRO              ,1119.0,RESTAURANTE,,,True,https://lhardy.com/,True,False,False,False,False,False,314,981,OSM,proximidad,2026-09-18,16727.0
d7920de20f1a,De María Ópera,40.4181945,-3.70899,Plaza de Isabel II,2,28013,PALACIO             ,CENTRO              ,1006.0,BAR RESTAURANTE,argentinian,,True,http://demariafelixboix.es,True,False,False,False,False,False,297,857,OSM,proximidad,2026-09-18,28844.0
17cf071a6220,Foster's Hollywood,40.4178269,-3.7098678,,,,PALACIO             ,CENTRO              ,1006.0,BAR RESTAURANTE,american,,False,,False,False,False,False,False,False,282,798,OSM,proximidad,2026-09-18,28844.0
d0e42351975d,Indian Spice,40.4151932,-3.6991697,Calle de Manuel Fernández y González,17,28014,CORTES              ,CENTRO              ,1072.0,RESTAURANTE,indian,,True,http://www.indianspice.es/find-us/,True,False,False,False,False,False,293,793,OSM,proximidad,2026-09-18,31803.0
87232a7255e9,Cava Baja 17,40.412593,-3.7088178,Calle de la Cava Baja,17,28005,PALACIO             ,CENTRO              ,1011.0,BAR RESTAURANTE,,,True,http://cavabaja17.es/,False,False,False,False,False,True,265,640,OSM,proximidad,2026-09-18,22651.0
200e109df70e,Bar Andalú La Torre del Oro,40.4157877,-3.7076505,Plaza Mayor,26,28012,SOL                 ,CENTRO              ,1121.0,BAR RESTAURANTE,regional,,True,http://www.torredeloro.wellsoc.org/,False,False,False,False,False,True,321,886,OSM,proximidad,2026-09-18,20959.0
437b58675de9,Bar Plaza Mayor,40.4150004,-3.7068389,Plaza Mayor,2,28012,SOL                 ,CENTRO              ,1121.0,BAR RESTAURANTE,,,False,,False,False,False,False,False,False,296,905,OSM,proximidad,2026-09-18,20959.0
f7d44d040b91,TragaTapas,40.4147819,-3.7082818,Calle de la Cava de San Miguel,,,PALACIO             ,CENTRO              ,1008.0,RESTAURANTE,regional,,False,,False,False,False,False,False,False,309,788,OSM,proximidad,2026-09-18,29172.0
e2fed5c62f8f,La Muñoza,40.4122258,-3.6991251,,,,EMBAJADORES         ,CENTRO              ,1059.0,BAR RESTAURANTE,spanish,,False,,False,True,False,False,False,True,266,626,OSM,proximidad,2026-09-18,20439.0
dba3c8f1abff,Taj Mahal,40.4094834,-3.7022293,Calle de Lavapiés,46,28012,EMBAJADORES         ,CENTRO              ,1043.0,RESTAURANTE,indian,,True,http://www.tajmahalrestauranteindio.es/es/,True,False,False,False,False,False,115,600,OSM,proximidad,2026-09-18,14527.0
2b52fa931af6,SteakBurger,40.4197955,-3.6993961,Gran Vía,16,,JUSTICIA            ,CENTRO              ,1074.0,RESTAURANTE,american,,True,https://www.steakburger.es/,True,False,False,False,False,True,302,871,OSM,proximidad,2026-09-18,28826.0
46906239e154,Gauranga,40.4128817,-3.7134616,,,,PALACIO             ,CENTRO              ,1015.0,BAR RESTAURANTE,fusion;indian,,False,,False,False,False,False,False,False,111,415,OSM,proximidad,2026-09-18,22803.0
cdef4910d1a1,El Buda Feliz,40.4211562,-3.7056049,Calle de los Tudescos,,28004,UNIVERSIDAD         ,CENTRO              ,1115.0,BAR RESTAURANTE,chinese,,False,,False,False,True,False,False,True,267,1034,OSM,proximidad,2026-09-18,22587.0
9251954b9105,Goiko Grill,40.4242822,-3.7065474,Calle del Pez,36,28004,UNIVERSIDAD         ,CENTRO              ,1113.0,BAR RESTAURANTE,,,True,https://www.goikogrill.com,True,False,True,False,False,True,234,719,OSM,proximidad,2026-09-18,21896.0
47d0f6274d86,Xiangzili Bar Restaurante,40.4220762,-3.7063343,Calle de los Libreros,18,28004,UNIVERSIDAD         ,CENTRO              ,1115.0,RESTAURANTE,arab;asian;oriental;noodles,,False,,True,True,False,False,False,False,284,929,OSM,proximidad,2026-09-18,22587.0
5f4f36df1343,Casa Maravillas,40.4285661,-3.703478,Calle de Manuela Malasaña,13,28004,UNIVERSIDAD         ,CENTRO              ,1090.0,RESTAURANTE,regional,,False,,True,False,False,False,False,True,97,429,OSM,proximidad,2026-09-18,24702.0
4d89966b4594,Toro Burguers,40.4252693,-3.7036283,Calle del Marqués de Santa Ana,34,28004,UNIVERSIDAD         ,CENTRO              ,1098.0,RESTAURANTE,,,False,,False,False,False,False,False,False,206,719,OSM,proximidad,2026-09-18,19401.0
50fe63692489,,40.4249663,-3.7042428,Calle del Marqués de Santa Ana,37,28004,UNIVERSIDAD         ,CENTRO              ,1098.0,RESTAURANTE,,,False,,False,False,False,False,False,False,217,736,OSM,proximidad,2026-09-18,19401.0
9289d1c64273,La Copla,40.4239558,-3.7050849,Calle de Jesús del Valle,1,28004,UNIVERSIDAD         ,CENTRO              ,1097.0,RESTAURANTE,,,False,,True,False,False,False,False,True,213,830,OSM,proximidad,2026-09-18,20242.0
f150989e7f2a,El Rincón de Pez,40.4243799,-3.7067198,Calle del Pez,38,28004,UNIVERSIDAD         ,CENTRO              ,1113.0,BAR RESTAURANTE,,,False,,False,False,True,False,False,True,235,702,OSM,proximidad,2026-09-18,21896.0
61c8030633d3,Dehesa Santa María,40.4198315,-3.7081655,Costanilla de los Ángeles,15,28013,PALACIO             ,CENTRO              ,1003.0,BAR RESTAURANTE,,,True,http://www.dehesasantamaria.com/,False,False,False,False,False,False,295,915,OSM,proximidad,2026-09-18,21921.0
402e8e3eca70,Casa Rúa,40.4156141,-3.7083143,Calle Ciudad Rodrigo,3,28012,SOL                 ,CENTRO              ,1121.0,RESTAURANTE,regional,,False,,False,False,False,False,False,False,327,818,OSM,proximidad,2026-09-18,20959.0
699d1ee63086,Arrabal,40.4157731,-3.7080496,Plaza Mayor,23,28012,SOL                 ,CENTRO              ,1121.0,BAR RESTAURANTE,,,False,,False,False,False,False,False,True,326,842,OSM,proximidad,2026-09-18,20959.0
3ee10920065f,Cafetería Magerit,40.4155385,-3.7081543,Plaza Mayor,22,28012,SOL                 ,CENTRO              ,1121.0,BAR RESTAURANTE,regional,,False,,False,False,True,False,False,True,327,834,OSM,proximidad,2026-09-18,20959.0
d4ca24a00659,Bar Tineo,40.4151033,-3.7081185,Plaza Mayor,14,28012,SOL                 ,CENTRO              ,1121.0,BAR RESTAURANTE,,,False,,False,False,False,False,False,False,318,808,OSM,proximidad,2026-09-18,20959.0
5fe02ac31da8,Café Zarra,40.4150447,-3.7081117,Plaza Mayor,13,28012,SOL                 ,CENTRO              ,1121.0,BAR RESTAURANTE,,,False,,False,False,False,False,False,False,316,806,OSM,proximidad,2026-09-18,20959.0
3203e9a0329f,Paraíso del Jamón,40.4219003,-3.7077078,Calle de San Bernardo,8,28015,UNIVERSIDAD         ,CENTRO              ,1115.0,RESTAURANTE,regional,,True,https://www.paraisodeljamon.com/index2.htm,True,False,False,False,False,True,283,864,OSM,proximidad,2026-09-18,22587.0
cee8e922cc7c,Domingo's,40.4203349,-3.7079726,Calle de Jacometrezo,,28013,PALACIO             ,CENTRO              ,1003.0,RESTAURANTE,,,False,,False,False,False,False,False,False,294,913,OSM,proximidad,2026-09-18,21921.0
ee955c2056e2,Topolino,40.4198828,-3.7077186,Calle Preciados,50,28013,SOL                 ,CENTRO              ,1117.0,RESTAURANTE,italian,,True,https://www.topolino.es/,True,False,False,False,False,False,298,945,OSM,proximidad,2026-09-18,21549.0
9130f7358ae8,Café Varela,40.4197098,-3.707584,Calle Preciados,37,28013,SOL                 ,CENTRO              ,1117.0,RESTAURANTE,,,True,https://www.cafevarela.com/,True,False,False,False,False,True,295,953,OSM,proximidad,2026-09-18,21549.0
a18dc00efc29,Esencia al Cuadrado,40.4186679,-3.7071852,Travesía de los Trujillos,2,28013,SOL                 ,CENTRO              ,1117.0,BAR RESTAURANTE,,,True,https://www.esenciaalcuadrado.es/,True,False,False,False,False,False,340,986,OSM,proximidad,2026-09-18,21549.0
7b0b062c8742,La Potxola,40.4260668,-3.6983114,Calle de San Mateo,19,28004,JUSTICIA            ,CENTRO              ,1087.0,BAR RESTAURANTE,regional,,False,,True,False,False,False,False,False,168,534,OSM,proximidad,2026-09-18,35441.0
61c14dfeb4f9,Vips,40.4149224,-3.6949679,Plaza de Cánovas del Castillo,5,28014,CORTES              ,CENTRO              ,1071.0,RESTAURANTES DE COMIDA RAPIDA,international,,False,,True,False,False,False,False,True,118,592,OSM,proximidad,2026-09-18,30695.0
7e4c24476f4e,Agra Palace,40.4175851,-3.7107589,Calle de Vergara,7,,PALACIO             ,CENTRO              ,1006.0,RESTAURANTE,indian,,False,,True,False,False,False,False,False,249,734,OSM,proximidad,2026-09-18,28844.0
fcc9fb5b9ce7,Casa Parrondo,40.4188883,-3.707336,Calle de los Trujillos,,28013,SOL                 ,CENTRO              ,1117.0,RESTAURANTE,regional,,True,https://www.casaparrondo.com/,True,True,False,False,False,False,335,976,OSM,proximidad,2026-09-18,21549.0
5ee20120a01a,Juan Men,40.417991,-3.7074771,Calle de las Hileras,19,28013,SOL                 ,CENTRO              ,1124.0,RESTAURANTE,chinese,,True,https://h.qr61.cn/oCK3NF/qts1lvW,False,False,False,False,False,False,329,951,OSM,proximidad,2026-09-18,25639.0
ac1a11d6a4a9,Taquería Mi Ciudad,40.4170477,-3.7082922,Calle de las Hileras,5,28013,SOL                 ,CENTRO              ,1124.0,BAR RESTAURANTE,mexican,,True,https://www.taqueriamiciudad.com/,True,False,False,False,False,True,308,867,OSM,proximidad,2026-09-18,25639.0
3a5b013fe654,Nemrut,40.4239319,-3.7101805,Calle de los Reyes,16,28015,UNIVERSIDAD         ,CENTRO              ,1112.0,RESTAURANTE,kebab,,True,http://www.nemrutkebabmadrid.es/,False,False,False,False,False,True,211,599,OSM,proximidad,2026-09-18,22104.0
cf755a35b7a2,Ojalá,40.4254946,-3.7039813,Calle de San Andrés,1,28004,UNIVERSIDAD         ,CENTRO              ,1100.0,RESTAURANTE,international;local,,True,https://www.grupolamusa.com/restaurante-ojala,True,True,True,False,False,True,197,703,OSM,proximidad,2026-09-18,21103.0
0247cd947d56,,40.4282422,-3.7033523,Calle de San Andrés,38,28004,UNIVERSIDAD         ,CENTRO              ,1090.0,RESTAURANTE,,,False,,False,False,False,False,False,False,104,469,OSM,proximidad,2026-09-18,24702.0
28fb86d276d6,Taberna Fragua de Vulcano,40.4151263,-3.7014088,Calle de Álvarez Gato,9,28012,CORTES              ,CENTRO              ,1069.0,BAR RESTAURANTE,regional,,True,https://lafraguadevulcanomadrid.eatbu.com/,True,True,False,False,False,True,291,949,OSM,proximidad,2026-09-18,22508.0
a524a4951cb4,Villa Rosa,40.4149712,-3.7014446,Plaza de Santa Ana,15,28012,CORTES              ,CENTRO              ,1069.0,BAR RESTAURANTE,regional,,True,https://www.tablaoflamencovillarosa.com/es/,True,False,False,False,False,False,284,945,OSM,proximidad,2026-09-18,22508.0
c8dc797f12cf,Las Bravas,40.4151538,-3.7019713,Calle de Álvarez Gato,3,28012,CORTES              ,CENTRO              ,1069.0,BAR RESTAURANTE,regional,,True,https://lasbravas.com/,True,False,False,False,False,False,288,976,OSM,proximidad,2026-09-18,22508.0
6b6454fc34ce,Lupita Cuzco,40.4231503,-3.7108165,Gran Vía,73,28013,PALACIO             ,CENTRO              ,1002.0,BAR RESTAURANTE,peruvian,,True,http://www.restaurantlupita.com/,True,False,True,False,False,True,214,604,OSM,proximidad,2026-09-18,20951.0
59efab4cbc5b,La Arepera,40.4231214,-3.7107694,Gran Vía,71,28013,PALACIO             ,CENTRO              ,1002.0,BAR RESTAURANTE,venezuelan,,False,,False,False,True,False,False,False,218,605,OSM,proximidad,2026-09-18,20951.0
09e975fb76f3,Wok Garden,40.4222356,-3.708693,Gran Vía,64,28013,UNIVERSIDAD         ,CENTRO              ,1112.0,BAR RESTAURANTE,,,False,,False,False,False,False,False,False,257,768,OSM,proximidad,2026-09-18,22104.0
311b0d14344f,La Toscana,40.4220247,-3.7090445,Gran Vía,59,28013,PALACIO             ,CENTRO              ,1003.0,RESTAURANTE,italian,,False,,True,False,False,False,False,False,258,751,OSM,proximidad,2026-09-18,21921.0
279b5ed37091,La Sirena Verde,40.4219943,-3.7083084,Gran Vía,60,28013,UNIVERSIDAD         ,CENTRO              ,1112.0,BAR RESTAURANTE,regional,,False,,False,False,False,False,False,False,264,812,OSM,proximidad,2026-09-18,22104.0
b177a0292ecb,Mesón El Jamón,40.4220558,-3.7090951,Gran Vía,59,28013,PALACIO             ,CENTRO              ,1003.0,BAR RESTAURANTE,regional,,False,,False,False,False,False,False,False,255,745,OSM,proximidad,2026-09-18,21921.0
b00bedf7b1ef,NAP,40.425515,-3.7074605,Calle de San Bernardo,51,28015,UNIVERSIDAD         ,CENTRO              ,1110.0,RESTAURANTE,pizza,,True,https://www.napofficial.com/,True,True,False,False,False,True,195,618,OSM,proximidad,2026-09-18,19648.0
64f6008be0b6,El Cucurucho del Mar,40.4192126,-3.706068,Calle del Postigo de San Martín,6,28013,SOL                 ,CENTRO              ,1117.0,BAR RESTAURANTE,,,True,http://www.cucuruchodelmar.com/,True,False,True,False,False,False,288,1049,OSM,proximidad,2026-09-18,21549.0
5dc7cc070597,Madrid Grill,40.4176632,-3.7070637,Calle de San Martín,3,28013,SOL                 ,CENTRO              ,1124.0,RESTAURANTE,,,True,https://madridgrill.com/,True,False,False,False,False,False,328,966,OSM,proximidad,2026-09-18,25639.0
1700ba8eac21,El Soportal,40.4155635,-3.7065987,Plaza Mayor,33,28013,SOL                 ,CENTRO              ,1121.0,RESTAURANTE,regional,,False,,False,False,False,False,False,False,315,943,OSM,proximidad,2026-09-18,20959.0
73a7e21116fe,Lalín Casa del Pulpo,40.4175729,-3.7095037,Calle de la Escalinata,,28013,PALACIO             ,CENTRO              ,1006.0,RESTAURANTE,regional,,False,,False,False,False,False,False,False,297,806,OSM,proximidad,2026-09-18,28844.0
d9c5aaa9819e,Sublime Tokyo,40.4198093,-3.708289,Cuesta de Santo Domingo,24,28013,PALACIO             ,CENTRO              ,1003.0,RESTAURANTE,japanese,,False,,True,False,False,False,False,False,294,906,OSM,proximidad,2026-09-18,21921.0
f31cee0062ec,Everyday,40.422819,-3.6998882,Calle de Augusto Figueroa,,28004,JUSTICIA            ,CENTRO              ,1075.0,BAR RESTAURANTE,regional,,False,,False,False,False,False,False,True,288,814,OSM,proximidad,2026-09-18,1979.0
13e3e6e1badd,Ni Hao,40.421527,-3.7059934,Calle de Silva,20,28004,UNIVERSIDAD         ,CENTRO              ,1115.0,RESTAURANTE,chinese,,False,,False,False,False,False,False,True,273,989,OSM,proximidad,2026-09-18,22587.0
db881f7b6c6f,Pontepez,40.4238312,-3.7053652,Calle del Pez,18,28004,UNIVERSIDAD         ,CENTRO              ,1114.0,BAR RESTAURANTE,regional,,True,https://pontepez.com/,True,False,False,False,False,True,229,831,OSM,proximidad,2026-09-18,23812.0
17230699047d,La Tita,40.4223898,-3.7003278,Calle de Pérez Galdós,4,28004,JUSTICIA            ,CENTRO              ,1075.0,RESTAURANTE,regional,,True,https://www.latitarivera.com/bio,False,False,False,False,False,False,296,859,OSM,proximidad,2026-09-18,1979.0
f5a0ff274a76,El Mandil,40.4237643,-3.7011521,Calle de Colón,5,28004,UNIVERSIDAD         ,CENTRO              ,1095.0,BAR RESTAURANTE,regional,,True,https://www.elmandilmadrid.com/,True,False,False,False,False,True,245,806,OSM,proximidad,2026-09-18,22367.0
77d8bfd9370e,Lamian,40.4236061,-3.7089498,Plaza de los Mostenses,4,28015,UNIVERSIDAD         ,CENTRO              ,1112.0,BAR RESTAURANTE,asian,,False,,False,False,False,False,False,True,231,688,OSM,proximidad,2026-09-18,22104.0
9ce1b1493b92,Barbacoa,40.4235559,-3.708731,Plaza de los Mostenses,6,28015,UNIVERSIDAD         ,CENTRO              ,1112.0,BAR RESTAURANTE,chinese,,False,,False,False,False,False,False,True,231,701,OSM,proximidad,2026-09-18,22104.0
cd135b498cf5,Hot Pot,40.4235192,-3.7093626,Plaza de los Mostenses,1,28015,UNIVERSIDAD         ,CENTRO              ,1112.0,BAR RESTAURANTE,chinese,,False,,False,False,False,False,False,False,235,667,OSM,proximidad,2026-09-18,22104.0
d256551d1afb,Juancho s,40.4237878,-3.7063814,Calle de Andrés Borrego,16,28004,UNIVERSIDAD         ,CENTRO              ,1113.0,RESTAURANTE,burger,,True,https://juanchosbbq.com/,False,False,False,False,False,False,250,799,OSM,proximidad,2026-09-18,21896.0
5e89b32b77ef,Olemole,40.4266834,-3.7036351,Calle de San Andrés,14,28004,UNIVERSIDAD         ,CENTRO              ,1093.0,RESTAURANTE,mexican,,True,https://www.olemole.es/,True,False,True,False,False,True,159,638,OSM,proximidad,2026-09-18,20706.0
ac0bf5432862,Roost Chicken,40.4273459,-3.7035254,Calle de San Andrés,26,28004,UNIVERSIDAD         ,CENTRO              ,1093.0,BAR RESTAURANTE,,,False,,False,False,False,False,False,True,138,587,OSM,proximidad,2026-09-18,20706.0
814f32db0cd6,El Pato Mudo,40.4187322,-3.7082032,Costanilla de los Ángeles,8,28013,SOL                 ,CENTRO              ,1117.0,RESTAURANTE,regional,,False,,False,False,False,False,False,False,320,922,OSM,proximidad,2026-09-18,21549.0
ddf2d437dd44,Taquería Mi Ciudad,40.4173759,-3.7087076,Calle de las Fuentes,11,28013,PALACIO             ,CENTRO              ,1006.0,BAR RESTAURANTE,mexican,,True,https://www.taqueriamiciudad.com/,True,False,False,False,False,False,305,840,OSM,proximidad,2026-09-18,28844.0
a249a17dc68d,Distreato,40.4174275,-3.7078346,Calle de las Hileras,12,28013,SOL                 ,CENTRO              ,1123.0,BAR RESTAURANTE,asian,,True,https://distreato.com/,True,True,False,False,False,False,314,900,OSM,proximidad,2026-09-18,21721.0
e0412148dc50,La Jauría,40.4238489,-3.7012882,Calle de Colón,10,28004,UNIVERSIDAD         ,CENTRO              ,1094.0,BAR RESTAURANTE,,,False,,True,False,False,False,False,True,235,814,OSM,proximidad,2026-09-18,2422.0
e4e99784c29e,Orio,40.4237214,-3.7007596,Calle de Fuencarral,49,28004,UNIVERSIDAD         ,CENTRO              ,1095.0,BAR RESTAURANTE,regional,,True,https://oriogastronomiavasca.com/,True,True,True,False,False,True,258,790,OSM,proximidad,2026-09-18,22367.0
b280407834f5,Berlin,40.4194731,-3.707982,Costanilla de los Ángeles,18,28013,SOL                 ,CENTRO              ,1117.0,RESTAURANTE,indian,,False,,False,False,False,False,False,False,310,938,OSM,proximidad,2026-09-18,21549.0
a47c4e7512b9,Casa Paco,40.4139438,-3.7085134,Plaza de Puerta Cerrada,11,28005,PALACIO             ,CENTRO              ,1008.0,BAR RESTAURANTE,regional,,True,http://www.casapaco1933.com/,True,False,False,False,False,True,296,729,OSM,proximidad,2026-09-18,29172.0
2619d547696d,Tapas de Sichuan,40.4155063,-3.7086445,Calle de la Cava de San Miguel,3,28005,SOL                 ,CENTRO              ,1121.0,BAR RESTAURANTE,chinese,,False,,True,False,False,False,False,True,321,781,OSM,proximidad,2026-09-18,20959.0
5ee59f48bde1,Sandó,40.4209125,-3.7089606,Calle de Isabel La Católica,2-4,28013,PALACIO             ,CENTRO              ,1003.0,RESTAURANTE,,,True,https://restaurantesando.es/es,True,False,False,False,False,False,272,818,OSM,proximidad,2026-09-18,21921.0
c3a2481f57d6,La Bola,40.4199972,-3.7105112,Calle de la Bola,5,28013,PALACIO             ,CENTRO              ,1004.0,BAR RESTAURANTE,regional,,True,https://www.labola.es/,True,False,False,False,False,False,243,729,OSM,proximidad,2026-09-18,32264.0
21879ad3bc4d,Rasputín,40.4121032,-3.7133507,Calle de Yeseros,2,28005,PALACIO             ,CENTRO              ,1015.0,RESTAURANTE,russian,,True,https://www.rasputin.es/,True,False,False,False,False,False,110,388,OSM,proximidad,2026-09-18,22803.0
c9ba83c685f6,Francisca,40.4127045,-3.7139366,Calle de Bailén,14,28005,PALACIO             ,CENTRO              ,1018.0,RESTAURANTE,regional,,False,,False,False,False,False,False,False,94,384,OSM,proximidad,2026-09-18,23133.0
6531226a22e9,,40.4117008,-3.71403,Calle de Bailén,20,28005,PALACIO             ,CENTRO              ,1018.0,RESTAURANTE,indian,,True,http://www.lavacaargentina.net/restaurantes-madrid-bailen-20,True,False,False,False,False,False,93,347,OSM,proximidad,2026-09-18,23133.0
71a10f79f6c9,Amores,40.4103465,-3.6977557,Calle de Santa Isabel,38,28012,EMBAJADORES         ,CENTRO              ,1051.0,BAR RESTAURANTE,,,False,,False,False,False,False,False,True,164,456,OSM,proximidad,2026-09-18,15102.0
27966a7f9585,Casa 28,40.4254727,-3.7037374,Calle del Espíritu Santo,28,28004,UNIVERSIDAD         ,CENTRO              ,1100.0,RESTAURANTE,,,True,https://casa28.com.es/,False,False,False,False,False,False,198,708,OSM,proximidad,2026-09-18,21103.0
2a012e45d50c,Empys,40.4254845,-3.7038496,Calle del Espíritu Santo,28,28004,UNIVERSIDAD         ,CENTRO              ,1100.0,RESTAURANTE,,,False,,False,False,False,False,False,False,197,702,OSM,proximidad,2026-09-18,21103.0
ba10efd5fe31,La Divina,40.4265428,-3.7037728,Calle de San Andrés,11,28004,UNIVERSIDAD         ,CENTRO              ,1102.0,BAR RESTAURANTE,regional,,False,,False,False,False,False,False,True,161,649,OSM,proximidad,2026-09-18,20399.0
742f2974d751,Cabreira,40.4273585,-3.7039189,Calle de Ruiz,2,28004,UNIVERSIDAD         ,CENTRO              ,1093.0,RESTAURANTE,regional,,True,https://www.cabreira.es/,True,False,True,False,False,True,137,571,OSM,proximidad,2026-09-18,20706.0
fa3751ed5f3e,La Fragua de Sebín,40.4275617,-3.7038785,Calle del Divino Pastor,21,28004,UNIVERSIDAD         ,CENTRO              ,1093.0,RESTAURANTE,regional,,True,http://www.fraguadesebin.com/,True,False,False,False,False,False,129,559,OSM,proximidad,2026-09-18,20706.0
c352195c2dba,El Pico,40.4277212,-3.7040168,Calle del Divino Pastor,,28004,UNIVERSIDAD         ,CENTRO              ,1092.0,RESTAURANTE,regional,,False,,False,False,False,False,False,False,127,527,OSM,proximidad,2026-09-18,2192.0
9749dad9931f,EatMyTrip Brunch & Dinner Madrid,40.4286074,-3.703868,Calle de Manuela Malasaña,17,28004,UNIVERSIDAD         ,CENTRO              ,1092.0,RESTAURANTE,brunch,,True,https://eatmytrip.com/brunch-madrid-malasana/,True,False,False,False,False,False,95,424,OSM,proximidad,2026-09-18,2192.0
7926b67b3993,Superfuüd,40.4225976,-3.7038375,Calle del Pez,1,28004,UNIVERSIDAD         ,CENTRO              ,1096.0,BAR RESTAURANTE,,,False,,False,False,False,False,False,False,239,983,OSM,proximidad,2026-09-18,19209.0
70ab00c96a5f,La Hummusería,40.4234114,-3.6999933,Calle de Hernán Cortés,8,28004,JUSTICIA            ,CENTRO              ,1075.0,RESTAURANTE,middle_eastern;hummus,,True,https://www.lahummuseria.es/,True,True,False,False,False,False,268,771,OSM,proximidad,2026-09-18,1979.0
2b8f0994dbc4,Río Miño,40.4260755,-3.7107778,Calle del Limón,9,28015,UNIVERSIDAD         ,CENTRO              ,1108.0,RESTAURANTE,regional,,True,http://www.xn--riomio-0wa.com/,True,False,False,False,False,False,169,499,OSM,proximidad,2026-09-18,24873.0
0a264c9856f4,Hong Kong Kitchen,40.4225468,-3.7105278,Calle del Doctor Carracido,2,28013,PALACIO             ,CENTRO              ,1003.0,RESTAURANTE,chinese,,False,,False,False,False,False,False,False,239,649,OSM,proximidad,2026-09-18,21921.0
a7a64f36ef87,Shangrila Dimsum,40.4223782,-3.7105319,Calle de Leganitos,26,28013,PALACIO             ,CENTRO              ,1003.0,RESTAURANTE,asian,,False,,False,False,False,False,False,False,236,657,OSM,proximidad,2026-09-18,21921.0
91abddff291f,Cervecería Rayal,40.4225937,-3.7106431,Calle de Leganitos,28,28013,PALACIO             ,CENTRO              ,1002.0,RESTAURANTE,regional,,False,,False,False,False,False,False,False,229,643,OSM,proximidad,2026-09-18,20951.0
83810b0c80fe,A Ri Rang,40.4205846,-3.709399,Calle de la Bola,,28013,PALACIO             ,CENTRO              ,1003.0,RESTAURANTE,korean,,False,,False,False,False,False,False,False,269,790,OSM,proximidad,2026-09-18,21921.0
59e6d37f6725,Botequim Brunch & Tapas,40.4252619,-3.7034427,Calle del Espíritu Santo,15,28004,UNIVERSIDAD         ,CENTRO              ,1098.0,BAR RESTAURANTE,fish;latin_american,,False,,True,False,False,False,False,True,205,716,OSM,proximidad,2026-09-18,19401.0
bf0e6fc973e4,El 3 de Galdós,40.4225226,-3.7004122,Calle de Pérez Galdós,3,28004,JUSTICIA            ,CENTRO              ,1075.0,RESTAURANTE,,,False,,False,False,False,False,False,False,293,856,OSM,proximidad,2026-09-18,1979.0
f4ca863ffcf7,Mesón Planeta,40.4222901,-3.7000233,Calle de Pérez Galdós,10,28004,JUSTICIA            ,CENTRO              ,1075.0,BAR RESTAURANTE,regional,,False,,True,False,False,False,False,False,293,849,OSM,proximidad,2026-09-18,1979.0
2057e22b035e,Cantina Canalla,40.4183458,-3.7073033,Plaza de San Martín,2,28013,SOL                 ,CENTRO              ,1117.0,BAR RESTAURANTE,mexican,,True,https://www.cantinacanalla.com/,True,False,False,False,False,False,338,983,OSM,proximidad,2026-09-18,21549.0
2821a59d6e4e,Steak Burger,40.42487,-3.7008499,Calle de Fuencarral,73,28004,JUSTICIA            ,CENTRO              ,1087.0,BAR RESTAURANTE,burger,,True,https://www.steakburger.es/,True,False,True,False,False,True,218,688,OSM,proximidad,2026-09-18,35441.0
5a4717700ea5,El Cocinillas,40.4246907,-3.7011574,Calle de San Joaquín,3,28004,UNIVERSIDAD         ,CENTRO              ,1094.0,RESTAURANTE,,,True,http://www.restauranteelcocinillas.com,True,False,False,True,True,False,219,728,OSM,proximidad,2026-09-18,2422.0
3f7f4204b1cc,Maki,40.4243721,-3.7019608,Calle de San Joaquín,16,28004,UNIVERSIDAD         ,CENTRO              ,1094.0,BAR RESTAURANTE,,,True,https://www.restaurantemaki.com/,True,False,True,False,False,False,213,789,OSM,proximidad,2026-09-18,2422.0
6eeef18cecd8,La Toná,40.4143944,-3.7076336,Calle de Toledo,,28005,SOL                 ,CENTRO              ,1121.0,BAR RESTAURANTE,,,False,,False,False,False,False,False,True,297,821,OSM,proximidad,2026-09-18,20959.0
f4120a5d0490,Ceviceria San Joaquín,40.4248424,-3.7011088,Calle de San Joaquín,4,28004,UNIVERSIDAD         ,CENTRO              ,1094.0,RESTAURANTE,peruvian,,False,,False,False,True,False,False,False,215,707,OSM,proximidad,2026-09-18,2422.0
24d8d0fb3556,Greek And Shop,40.4248768,-3.7020918,Corredera Alta de San Pablo,9,28004,UNIVERSIDAD         ,CENTRO              ,1094.0,BAR RESTAURANTE,greek,,True,https://greekandshop.es,True,False,False,False,False,True,205,736,OSM,proximidad,2026-09-18,2422.0
4df5fd0da983,Doro's Bistró,40.4148236,-3.7075612,Calle de Toledo,,28005,SOL                 ,CENTRO              ,1121.0,BAR RESTAURANTE,,,False,,False,False,False,False,False,True,302,859,OSM,proximidad,2026-09-18,20959.0
376bfef16e36,Gonder,40.4131836,-3.7081864,Calle de Grafal,8,28005,PALACIO             ,CENTRO              ,1009.0,BAR RESTAURANTE,ethiopian,,True,http://www.gonderrestauranteetiope.com/es/,True,False,False,False,False,False,275,707,OSM,proximidad,2026-09-18,24639.0
bb280e873fe0,El Arquibar,40.4257926,-3.7099074,Travesía del Conde Duque,5,28015,UNIVERSIDAD         ,CENTRO              ,1108.0,BAR RESTAURANTE,,,False,,True,False,False,False,False,True,179,541,OSM,proximidad,2026-09-18,24873.0
1ae6671322ba,Ochenta Grados,40.4287119,-3.703588,Calle de Manuela Malasaña,10,28004,UNIVERSIDAD         ,CENTRO              ,1090.0,RESTAURANTE,,,True,https://ochentagrados.com/restaurante/malasana/,True,False,False,False,False,False,93,420,OSM,proximidad,2026-09-18,24702.0
32748b59448b,La Puerta Amarilla,40.4115533,-3.6955653,Calle de Fúcar,9,28014,CORTES              ,CENTRO              ,1061.0,BAR RESTAURANTE,burger,,True,https://pecadocarnal.es/huertas/index.html,True,False,False,False,False,True,133,461,OSM,proximidad,2026-09-18,23012.0
d4eb37645a55,Museo del Jamón,40.4229011,-3.7097345,Gran Vía,72,28013,UNIVERSIDAD         ,CENTRO              ,1112.0,BAR RESTAURANTE,regional,,True,https://www.museodeljamon.es/madrid/,False,False,False,False,False,False,256,674,OSM,proximidad,2026-09-18,22104.0
f45ed7d0ca57,Vips,40.4226474,-3.7100285,Gran Vía,65,28013,PALACIO             ,CENTRO              ,1003.0,BAR RESTAURANTE,international,,True,https://www.vips.es,False,False,True,False,False,False,252,674,OSM,proximidad,2026-09-18,21921.0
3f7f6374100a,100 Montaditos,40.4224533,-3.7097301,Gran Vía,63,28013,PALACIO             ,CENTRO              ,1003.0,RESTAURANTE,sandwich,,True,https://spain.100montaditos.com/,False,False,False,False,False,False,254,694,OSM,proximidad,2026-09-18,21921.0
4d0d1140732e,Lizarrán,40.4285288,-3.7026709,,,,UNIVERSIDAD         ,CENTRO              ,1090.0,RESTAURANTE,spanish,,False,,True,False,False,False,False,False,104,456,OSM,proximidad,2026-09-18,24702.0
47746f445337,El Tormo,40.4117258,-3.7146334,Travesía de las Vistillas,13,28005,PALACIO             ,CENTRO              ,1018.0,RESTAURANTE,regional,,False,,False,False,False,False,False,False,72,332,OSM,proximidad,2026-09-18,23133.0
f2b501e09e6b,Restaurante Ginger,40.4142521,-3.7021784,Plaza del Ángel,12,28012,CORTES              ,CENTRO              ,1067.0,RESTAURANTE,,,True,https://teste.pt/,True,False,False,False,False,True,278,942,OSM,proximidad,2026-09-18,21874.0
11652eb47c3e,Metro Bistro - Plaza Mayor,40.4146092,-3.7067543,,,,SOL                 ,CENTRO              ,1121.0,RESTAURANTE,,,False,,True,False,False,False,False,True,282,881,OSM,proximidad,2026-09-18,20959.0
08fcabc3e52c,Izakaya Han,40.4218315,-3.6984451,Calle de San Bartolomé,10,28004,JUSTICIA            ,CENTRO              ,1077.0,BAR RESTAURANTE,japanese;korean,,False,,False,False,False,False,False,True,261,774,OSM,proximidad,2026-09-18,2774.0
009504136a4d,L'Adore,40.4108612,-3.7074892,Calle de las Maldonadas,2,28005,EMBAJADORES         ,CENTRO              ,1024.0,BAR RESTAURANTE,,,False,,False,False,False,False,False,True,197,639,OSM,proximidad,2026-09-18,20177.0
bba15888a915,La Taquería de Birra,40.4116433,-3.7134563,,,,PALACIO             ,CENTRO              ,1015.0,BAR RESTAURANTE,mexican,,False,,False,False,False,False,False,False,107,371,OSM,proximidad,2026-09-18,22803.0
442c754b490b,Piccolo Diavolo,40.4114617,-3.6955698,Calle de Fúcar,11,28014,CORTES              ,CENTRO              ,1061.0,BAR RESTAURANTE,italian,,False,,True,False,False,False,False,True,131,453,OSM,proximidad,2026-09-18,23012.0
d1b1a93db4b0,Bar Sanlúcar,40.4110229,-3.7132115,Calle de San Isidro Labrador,14,28005,PALACIO             ,CENTRO              ,1015.0,BAR RESTAURANTE,,,True,https://tabernasanlucar.com/,True,False,False,False,False,False,106,354,OSM,proximidad,2026-09-18,22803.0
d1491e858bce,Valdemeso,40.4191584,-3.7045804,Calle de Mesonero Romanos,,28013,SOL                 ,CENTRO              ,1124.0,BAR RESTAURANTE,regional,,False,,False,True,False,False,False,False,290,1067,OSM,proximidad,2026-09-18,25639.0
55d633c18c98,La Casita Latina,40.4195924,-3.7080721,Costanilla de los Ángeles,,28013,SOL                 ,CENTRO              ,1117.0,RESTAURANTE,regional,,False,,True,False,False,False,False,False,304,927,OSM,proximidad,2026-09-18,21549.0
445d7c3c5b8f,Gymage,40.421424,-3.7047819,,,,UNIVERSIDAD         ,CENTRO              ,1116.0,RESTAURANTE,,,True,https://www.gymage.es/?id=restaurant,False,False,False,False,False,False,261,1027,OSM,proximidad,2026-09-18,20752.0
051b358d58d1,Olive,40.427369,-3.7104178,Calle del Conde Duque,24,28015,UNIVERSIDAD         ,CENTRO              ,1105.0,RESTAURANTE,,,False,,True,False,False,False,False,True,131,450,OSM,proximidad,2026-09-18,27175.0
273729f9574b,Tapaspaña,40.423139,-3.7109116,Gran Vía,73,28013,PALACIO             ,CENTRO              ,1002.0,BAR RESTAURANTE,regional,,False,,True,False,True,False,False,True,210,594,OSM,proximidad,2026-09-18,20951.0
c96b1e823126,TAPAloguistaS,40.4254809,-3.7045021,Calle del Espíritu Santo,21,28004,UNIVERSIDAD         ,CENTRO              ,1100.0,BAR RESTAURANTE,,,False,,False,False,False,False,False,True,203,697,OSM,proximidad,2026-09-18,21103.0
f02b03617b9c,Wok,40.4192414,-3.7091305,Calle de Campomanes,,28013,PALACIO             ,CENTRO              ,1004.0,RESTAURANTE,asian,,False,,False,False,False,False,False,False,295,844,OSM,proximidad,2026-09-18,32264.0
7409a8d60aab,Ma Bretagne,40.4255556,-3.7021949,Calle de San Vicente Ferrer,9,,UNIVERSIDAD         ,CENTRO              ,1101.0,RESTAURANTE,breton,,False,,False,True,False,False,False,False,176,692,OSM,proximidad,2026-09-18,18919.0
d032f398c584,100 Montaditos,40.4114195,-3.7080763,,,,EMBAJADORES         ,CENTRO              ,1025.0,BAR RESTAURANTE,sandwich,,False,,False,False,False,False,False,True,218,644,OSM,proximidad,2026-09-18,23511.0
14815bd6dd27,No mames wey,40.4081204,-3.6980296,Calle de Argumosa,23,28012,EMBAJADORES         ,CENTRO              ,1054.0,BAR RESTAURANTE,,,False,,False,False,False,False,False,False,114,391,OSM,proximidad,2026-09-18,16904.0
c289da086709,Los Chuchis,40.4072863,-3.7010846,Calle del Amparo,82,28012,EMBAJADORES         ,CENTRO              ,1039.0,RESTAURANTE,international,,False,,False,False,False,False,False,False,78,414,OSM,proximidad,2026-09-18,15843.0
f0f675663226,Freedom Cakes,40.4158428,-3.7027944,Calle de Cádiz,7,28012,SOL                 ,CENTRO              ,1119.0,BAR RESTAURANTE,,,True,https://freedomcakes.es/,True,True,False,False,False,False,294,1033,OSM,proximidad,2026-09-18,16727.0
2b6f70ad2e9f,La Tintorería,40.4153388,-3.7024723,Calle de Barcelona,9,28012,SOL                 ,CENTRO              ,1119.0,RESTAURANTE,regional,,False,,True,False,False,False,False,False,292,1005,OSM,proximidad,2026-09-18,16727.0
0a0cdcb8bd8f,Castizo,40.4140566,-3.7015791,Plaza del Ángel,9,28012,CORTES              ,CENTRO              ,1067.0,BAR RESTAURANTE,regional,,False,,True,False,False,False,False,False,275,896,OSM,proximidad,2026-09-18,21874.0
27952d613d77,La Venganza de Malinche,40.4250599,-3.7118362,Calle del Duque de Osuna,5,28015,UNIVERSIDAD         ,CENTRO              ,1111.0,RESTAURANTE,mexican,,True,https://lavenganzademalinche.com/,True,False,True,False,False,True,174,481,OSM,proximidad,2026-09-18,22533.0
e47b84c21c3f,Café Conde Duque,40.42795,-3.7099738,Calle del Conde Duque,32,28015,UNIVERSIDAD         ,CENTRO              ,1105.0,BAR RESTAURANTE,pizza,,False,,True,False,True,False,False,True,111,419,OSM,proximidad,2026-09-18,27175.0
04ce3ef9873b,La Herradura,40.4279255,-3.7097887,Calle de Montserrat,32,28015,UNIVERSIDAD         ,CENTRO              ,1105.0,BAR RESTAURANTE,mexican,,False,,True,False,False,False,False,False,107,426,OSM,proximidad,2026-09-18,27175.0
5b6357e05dca,Ainhoa,40.4233148,-3.6925055,Calle de Doña Bárbara de Braganza,12,28004,JUSTICIA            ,CENTRO              ,1073.0,RESTAURANTE,regional,,True,https://restauranteainhoa.es/,True,False,False,False,False,False,111,345,OSM,proximidad,2026-09-18,36918.0
8a33a52ae49b,Los 33,40.4238475,-3.6948376,Plaza de las Salesas,9,28004,JUSTICIA            ,CENTRO              ,1073.0,BAR RESTAURANTE,argentinian;steak_house,,True,https://los33.net/,True,False,False,False,False,False,170,446,OSM,proximidad,2026-09-18,36918.0
917199bd3234,Bogotá,40.4243742,-3.6957711,Calle de Belén,20,28004,JUSTICIA            ,CENTRO              ,1079.0,RESTAURANTE,regional,,True,https://www.bogotarestaurante.es/,True,False,False,False,False,True,190,495,OSM,proximidad,2026-09-18,27616.0
3b5c7446c4fb,Taj Mahal,40.4241324,-3.6962275,Calle de Belén,12,28004,JUSTICIA            ,CENTRO              ,1079.0,RESTAURANTE,indian,,False,,False,False,False,False,False,False,201,535,OSM,proximidad,2026-09-18,27616.0
bcf99812725f,La Mordida,40.4244415,-3.6958929,Calle de Belén,13,28004,JUSTICIA            ,CENTRO              ,1079.0,RESTAURANTE,mexican,,True,http://www.lamordida.com/web/restaurantes/la-mordida-de-belen/,True,False,False,False,False,False,192,501,OSM,proximidad,2026-09-18,27616.0
305c970be920,Toma Jamón,40.417261,-3.7115758,,,,PALACIO             ,CENTRO              ,1006.0,RESTAURANTE,,,False,,False,False,False,False,False,False,198,680,OSM,proximidad,2026-09-18,28844.0
533f55575db5,Taberna de Ramales,40.416946,-3.7112387,,,,PALACIO             ,CENTRO              ,1006.0,BAR RESTAURANTE,,,False,,False,False,False,False,False,True,225,688,OSM,proximidad,2026-09-18,28844.0
3221d4fba91d,El Caldero,40.4139063,-3.7000049,Calle de las Huertas,15,28012,CORTES              ,CENTRO              ,1068.0,RESTAURANTE,regional,,True,https://www.elcaldero.com/,True,True,False,False,False,True,278,799,OSM,proximidad,2026-09-18,27954.0
4ea086b0b56a,Shi-Shang,40.4207023,-3.7048154,Calle de Concepción Arenal,3,28004,UNIVERSIDAD         ,CENTRO              ,1115.0,RESTAURANTE,chinese,,True,https://shishang.vercel.app/,True,True,False,False,False,True,249,1055,OSM,proximidad,2026-09-18,22587.0
d33307455583,El Águila,40.4206429,-3.7048271,Calle de Concepción Arenal,3,28004,UNIVERSIDAD         ,CENTRO              ,1115.0,BAR RESTAURANTE,regional,,False,,False,False,False,False,False,False,244,1058,OSM,proximidad,2026-09-18,22587.0
eeccd7bf1c59,Kaigang,40.4208418,-3.7046596,Calle de Concepción Arenal,6,28004,UNIVERSIDAD         ,CENTRO              ,1116.0,RESTAURANTE,chinese,,False,,False,False,False,False,False,True,241,1059,OSM,proximidad,2026-09-18,20752.0
0e56dd04b5f4,Scarlett Ópera,40.4187759,-3.7105347,,,28013,PALACIO             ,CENTRO              ,1004.0,BAR RESTAURANTE,regional,,False,,False,True,False,False,False,False,250,756,OSM,proximidad,2026-09-18,32264.0
7afed8be3916,Bar Refra,40.4162444,-3.7097572,Calle de Santiago,,28013,PALACIO             ,CENTRO              ,1007.0,BAR RESTAURANTE,regional,,False,,False,False,False,False,False,False,320,752,OSM,proximidad,2026-09-18,25414.0
3cc4a009c80d,Amar La Mar,40.4163296,-3.7089582,Costanilla de Santiago,2,28013,PALACIO             ,CENTRO              ,1006.0,RESTAURANTE,,,False,,False,False,False,False,False,False,331,796,OSM,proximidad,2026-09-18,28844.0
a6fd74a28998,Thani,40.4248483,-3.7107632,Calle de San Leonardo,7,28015,UNIVERSIDAD         ,CENTRO              ,1111.0,RESTAURANTE,peruvian,,True,http://www.comida-peruana.es/,True,False,False,False,False,True,194,552,OSM,proximidad,2026-09-18,22533.0
a2062ead2ea0,La Ideal,40.4149007,-3.7068257,Calle Botoneras,4,28012,SOL                 ,CENTRO              ,1121.0,BAR RESTAURANTE,regional,,False,,True,True,False,False,False,False,294,897,OSM,proximidad,2026-09-18,20959.0
663f163f9324,Cerveceria La Campana,40.4148501,-3.7068326,Calle Botoneras,6,28012,SOL                 ,CENTRO              ,1121.0,BAR RESTAURANTE,regional;spanish,,True,http://www.calamareslacampana.com/,True,True,False,False,False,False,294,893,OSM,proximidad,2026-09-18,20959.0
002ef2a1c56a,Generación Beat,40.4133997,-3.7079469,Calle de Grafal,2,28005,PALACIO             ,CENTRO              ,1009.0,BAR RESTAURANTE,,,False,,True,False,False,False,False,False,283,746,OSM,proximidad,2026-09-18,24639.0
6e6a738fb50d,Casa Revuelta,40.4139218,-3.707839,Calle de Latoneros,3,,SOL                 ,CENTRO              ,1121.0,RESTAURANTE,regional,,True,https://www.casarevuelta.com,True,False,False,False,False,False,292,776,OSM,proximidad,2026-09-18,20959.0
c4d7ba525075,Casa Nicasio,40.4177065,-3.7104698,,,,PALACIO             ,CENTRO              ,1006.0,RESTAURANTE,regional,,False,,False,False,False,False,False,False,259,761,OSM,proximidad,2026-09-18,28844.0
27cec3fdfc7a,Algarabía,40.4175734,-3.7104434,Calle de la Unión,8,28013,PALACIO             ,CENTRO              ,1006.0,RESTAURANTE,,,True,http://restaurantealgarabia.com/,True,False,False,False,False,False,264,764,OSM,proximidad,2026-09-18,28844.0
1192c25a2599,La Esquina del Real,40.4173572,-3.7103359,Calle de la Amnistía,4,28013,PALACIO             ,CENTRO              ,1006.0,RESTAURANTE,french,,True,http://laesquinadelreal.es/web/,True,False,False,False,False,False,280,770,OSM,proximidad,2026-09-18,28844.0
e75c08df90cd,Anda Jaleo,40.4173156,-3.7105048,Calle de la Unión,5,28013,PALACIO             ,CENTRO              ,1006.0,RESTAURANTE,spanish,,True,https://www.tabernapalocortado.es/,True,False,False,False,False,True,270,751,OSM,proximidad,2026-09-18,28844.0
fde2b6d1a597,Sarang Bang,40.4171679,-3.7104977,Calle de la Amnistía,5,28013,PALACIO             ,CENTRO              ,1006.0,RESTAURANTE,korean,,False,,True,False,False,False,False,False,278,754,OSM,proximidad,2026-09-18,28844.0
056208d47191,Ribs,40.4192628,-3.7041013,Calle Abada,8,28013,SOL                 ,CENTRO              ,1117.0,RESTAURANTES DE COMIDA RAPIDA,,,True,http://www.ribs.es/,True,False,False,False,False,False,292,1076,OSM,proximidad,2026-09-18,21549.0
0c9f14d268b3,All U Can Eat,40.4176371,-3.7034443,,,,SOL                 ,CENTRO              ,1119.0,RESTAURANTE,spanish,,False,,False,True,False,False,False,False,310,1085,OSM,proximidad,2026-09-18,16727.0
84a7eb863646,Taberna Malaspina,40.4158311,-3.7025533,Calle de Cádiz,9,28012,SOL                 ,CENTRO              ,1119.0,BAR RESTAURANTE,,,False,,True,False,False,False,False,False,293,1031,OSM,proximidad,2026-09-18,16727.0
86ec800e836a,La Kitchen,40.4219721,-3.6942724,,,,JUSTICIA            ,CENTRO              ,1073.0,RESTAURANTE,,,False,,False,False,False,False,False,False,167,482,OSM,proximidad,2026-09-18,36918.0
68cb546d6a29,Restaurante Arce,40.4219281,-3.6966206,,,,JUSTICIA            ,CENTRO              ,1077.0,BAR RESTAURANTE,,,False,,False,False,False,False,False,False,231,688,OSM,proximidad,2026-09-18,2774.0
bab8158881ae,Taqueria La Lupita,40.4231323,-3.6940393,Calle del Conde de Xiquena,,28004,JUSTICIA            ,CENTRO              ,1073.0,BAR RESTAURANTE,,,False,,False,False,False,False,False,False,164,420,OSM,proximidad,2026-09-18,36918.0
a312c99d594b,El Gato Persa,40.4233452,-3.6926318,Calle de Doña Bárbara de Braganza,10,28004,JUSTICIA            ,CENTRO              ,1073.0,RESTAURANTE,regional,,False,,False,False,False,False,False,False,117,355,OSM,proximidad,2026-09-18,36918.0
a87b44f2012a,All U Can Eat,40.4179741,-3.7027399,,,,SOL                 ,CENTRO              ,1119.0,RESTAURANTE,spanish,,False,,False,False,False,False,False,False,300,1068,OSM,proximidad,2026-09-18,16727.0
b482eae7b779,LaTa TaPa,40.4188658,-3.7019873,,,,SOL                 ,CENTRO              ,1118.0,RESTAURANTE,,,False,,False,False,False,False,False,True,324,1034,OSM,proximidad,2026-09-18,20173.0
ab0939990796,100 Montaditos,40.4189833,-3.7019216,,,,SOL                 ,CENTRO              ,1118.0,RESTAURANTE,sandwich,,False,,False,True,True,False,False,True,323,1031,OSM,proximidad,2026-09-18,20173.0
db734093b068,Mérimée,40.4243863,-3.7007832,Calle de Fuencarral,61,28004,UNIVERSIDAD         ,CENTRO              ,1094.0,BAR RESTAURANTE,,,False,,False,False,True,False,False,True,231,745,OSM,proximidad,2026-09-18,2422.0
ecf986826872,,40.4282956,-3.701952,Calle de Fuencarral,104,28004,JUSTICIA            ,CENTRO              ,1089.0,RESTAURANTE,,,False,,False,False,False,False,False,False,112,487,OSM,proximidad,2026-09-18,27528.0
b83634c61397,Jia Jia Pai Dang,40.4238093,-3.7090998,Calle del Álamo,3,28015,UNIVERSIDAD         ,CENTRO              ,1112.0,BAR RESTAURANTE,chinese,,False,,False,False,False,False,False,True,227,664,OSM,proximidad,2026-09-18,22104.0
de1ab9da24e6,Rey de Tallarines,40.4246311,-3.7095825,Calle de San Bernardino,2,,UNIVERSIDAD         ,CENTRO              ,1111.0,RESTAURANTE,chinese,,True,http://www.reydetallarines.com/,True,False,False,False,False,True,199,597,OSM,proximidad,2026-09-18,22533.0
7f7c985728e7,100 Montaditos,40.4186332,-3.7107053,Calle de Felipe V,,28013,PALACIO             ,CENTRO              ,1004.0,RESTAURANTES DE COMIDA RAPIDA,sandwich,,False,,False,False,False,False,False,False,246,749,OSM,proximidad,2026-09-18,32264.0
fd3284b75f42,El Patrón Taquería,40.4164358,-3.7076454,Calle de Bordadores,2,28013,SOL                 ,CENTRO              ,1123.0,RESTAURANTE,mexican,,True,https://en.patrontaqueria.com/,True,True,False,False,False,False,320,893,OSM,proximidad,2026-09-18,21721.0
0a699cd1b993,Malatesta,40.416689,-3.7070404,Calle de Coloreros,5,28013,SOL                 ,CENTRO              ,1123.0,RESTAURANTE,italian,,True,http://www.trattoriamalatesta.com/,True,False,False,False,False,False,314,951,OSM,proximidad,2026-09-18,21721.0
baa8fdbe1c68,Sushi More,40.4222182,-3.7024938,Calle del Barco,18,28004,UNIVERSIDAD         ,CENTRO              ,1095.0,BAR RESTAURANTE,sushi,,False,,False,False,False,False,False,False,250,958,OSM,proximidad,2026-09-18,22367.0
f4faea25fa12,El Bocado de Carole,40.4233641,-3.699445,Calle de Hernán Cortés,19,28004,JUSTICIA            ,CENTRO              ,1081.0,BAR RESTAURANTE,,,True,http://www.elbocadodecarole.com/,True,False,False,False,False,False,273,747,OSM,proximidad,2026-09-18,21084.0
025e51d02af4,19 Sushi,40.419717,-3.7031113,Calle de la Salud,19,28013,SOL                 ,CENTRO              ,1117.0,BAR RESTAURANTE,japanese,,True,http://19sushibar.com/,True,False,False,False,False,False,285,1064,OSM,proximidad,2026-09-18,21549.0
5931ae18ed4f,Casa Manolo,40.4170048,-3.6965957,,,,CORTES              ,CENTRO              ,1072.0,RESTAURANTE,,,False,,False,False,False,False,False,False,209,693,OSM,proximidad,2026-09-18,31803.0
9c6dc14c1ade,,40.4278266,-3.6973416,,,,JUSTICIA            ,CENTRO              ,1088.0,BAR RESTAURANTE,,,False,,False,False,False,False,False,False,93,430,OSM,proximidad,2026-09-18,31845.0
950e2d4d9ad7,Shapla,40.4098926,-3.7025057,Calle de Lavapiés,40,28012,EMBAJADORES         ,CENTRO              ,1043.0,RESTAURANTE,indian,,True,https://www.shaplaindianrestaurant.com/,True,False,False,False,False,False,119,619,OSM,proximidad,2026-09-18,14527.0
c1c1cf7d98c7,El Escaldón,40.4130591,-3.7100887,Calle del Nuncio,17,28005,PALACIO             ,CENTRO              ,1011.0,BAR RESTAURANTE,,,True,http://elescaldon.com/,True,False,False,False,False,False,275,574,OSM,proximidad,2026-09-18,22651.0
22ec58820c17,The Vegan Roll,40.4138064,-3.7119689,Calle de Segovia,15,28005,PALACIO             ,CENTRO              ,1016.0,RESTAURANTE,japanese,,True,https://theveganroll.com/,True,False,False,True,False,False,219,507,OSM,proximidad,2026-09-18,22152.0
0582a7d69fd8,Petisqueira,40.4271195,-3.7007063,Calle de Churruca,6,28004,JUSTICIA            ,CENTRO              ,1088.0,RESTAURANTE,tapas,,False,,False,False,False,False,False,False,141,541,OSM,proximidad,2026-09-18,31845.0
6a0e27cd6bc5,Cocotito,40.4158859,-3.7027725,Calle de Cádiz,7,28002,SOL                 ,CENTRO              ,1119.0,BAR RESTAURANTE,,,False,,True,False,False,False,False,False,294,1035,OSM,proximidad,2026-09-18,16727.0
c79422f263fd,La Almudayna,40.4249696,-3.7024717,Calle del Espíritu Santo,,28004,UNIVERSIDAD         ,CENTRO              ,1094.0,BAR RESTAURANTE,,,False,,False,False,False,False,False,True,203,740,OSM,proximidad,2026-09-18,2422.0
19a10fc0cbe5,Posada de la Villa,40.41294,-3.7090101,,,,PALACIO             ,CENTRO              ,1011.0,RESTAURANTE,,,False,,False,False,False,False,False,False,270,645,OSM,proximidad,2026-09-18,22651.0
187b7555f488,Lizarran,40.4140502,-3.7086053,,,,PALACIO             ,CENTRO              ,1008.0,BAR RESTAURANTE,spanish,,False,,False,False,False,False,False,False,297,730,OSM,proximidad,2026-09-18,29172.0
1105342f3982,Los Carnales,40.4238247,-3.7024087,Corredera Baja de San Pablo,53,28004,UNIVERSIDAD         ,CENTRO              ,1096.0,BAR RESTAURANTE,,,False,,False,False,False,False,False,False,220,857,OSM,proximidad,2026-09-18,19209.0
0721f365bf29,Dehesa Santa María,40.4167472,-3.7071384,Plaza de San Ginés,1,28013,SOL                 ,CENTRO              ,1123.0,RESTAURANTE,regional,,True,http://www.dehesasantamaria.com/,False,False,False,False,False,False,314,949,OSM,proximidad,2026-09-18,21721.0
0f90dd450e5f,Summarium,40.4110073,-3.6943355,Calle Almadén,14,28014,CORTES              ,CENTRO              ,1062.0,BAR RESTAURANTE,,,False,,False,True,False,False,False,True,91,374,OSM,proximidad,2026-09-18,22488.0
ed526192f727,Yakitoro by Chicote,40.4196415,-3.6972255,Calle de la Reina,41,28004,JUSTICIA            ,CENTRO              ,1074.0,RESTAURANTE,japanese,,True,http://www.yakitoro.com/,True,False,False,False,False,True,236,753,OSM,proximidad,2026-09-18,28826.0
b624423252cf,Aredna,40.4265744,-3.7007642,Calle de Barceló,5,28004,JUSTICIA            ,CENTRO              ,1088.0,BAR RESTAURANTE,lebanese,,True,https://arednarestaurante.com,True,True,False,False,False,False,159,567,OSM,proximidad,2026-09-18,31845.0
282b870bf9e6,Das Meigas,40.4207751,-3.6981962,Calle de Barbieri,6,28004,JUSTICIA            ,CENTRO              ,1074.0,RESTAURANTE,regional,,True,http://www.restaurantedasmeigas.com/,True,False,False,False,False,False,251,785,OSM,proximidad,2026-09-18,28826.0
9c8935d16df9,Kungfu Noodle,40.4215465,-3.6995848,Costanilla de los Capuchinos,3,28004,JUSTICIA            ,CENTRO              ,1076.0,RESTAURANTE,asian,,False,,False,False,False,False,False,False,282,858,OSM,proximidad,2026-09-18,21521.0
f1ebf2d63458,San Cristóbal,40.4160993,-3.7056571,Calle de las Postas,10,28012,SOL                 ,CENTRO              ,1120.0,BAR RESTAURANTE,regional,,False,,False,False,False,False,False,False,331,996,OSM,proximidad,2026-09-18,21838.0
bebabc843d8a,El Calamar,40.4156642,-3.705676,Calle de San Cristóbal,11,28012,SOL                 ,CENTRO              ,1120.0,RESTAURANTE,regional,,False,,False,False,False,False,False,False,324,983,OSM,proximidad,2026-09-18,21838.0
ff8b3d935785,Rodríguez,40.4155575,-3.7056944,Calle de San Cristóbal,13,28012,SOL                 ,CENTRO              ,1120.0,RESTAURANTE,regional,,False,,False,False,False,False,False,False,319,980,OSM,proximidad,2026-09-18,21838.0
a31c34f626dc,Fonda La Lechuga,40.4143906,-3.7065497,Calle de la Lechuga,2,28012,SOL                 ,CENTRO              ,1121.0,BAR RESTAURANTE,regional,,True,http://www.fondalalechuga.com/,True,False,False,False,False,False,279,872,OSM,proximidad,2026-09-18,20959.0
fd9ad812cf37,Sahuaro,40.4111418,-3.7071195,Plaza de Cascorro,,28012,EMBAJADORES         ,CENTRO              ,1028.0,BAR RESTAURANTE,mexican,,True,https://sahuaromadrid.com/,True,True,False,False,False,True,197,686,OSM,proximidad,2026-09-18,20183.0
714b2e6699d0,La Taberna de Mister Pinkleton,40.4145408,-3.7079542,Calle de Cuchilleros,7,28005,SOL                 ,CENTRO              ,1121.0,BAR RESTAURANTE,,,True,http://www.latabernademisterpinkleton.com/,True,False,False,False,False,False,309,789,OSM,proximidad,2026-09-18,20959.0
f7839dd75ceb,Retrogusto,40.4161194,-3.7112893,Plaza del Biombo,,28013,PALACIO             ,CENTRO              ,1007.0,RESTAURANTE,,,False,,True,False,False,False,False,False,253,648,OSM,proximidad,2026-09-18,25414.0
c32eeade8c20,Pisco 41,40.4159828,-3.711718,Calle de San Nicolás,8,28013,PALACIO             ,CENTRO              ,1007.0,RESTAURANTE,peruvian,,True,https://pisco41.es/,False,False,False,False,False,False,233,610,OSM,proximidad,2026-09-18,25414.0
a0f5c581b2ff,Los Arrieros,40.4158907,-3.7121012,Calle de San Nicolás,9,28013,PALACIO             ,CENTRO              ,1001.0,BAR RESTAURANTE,regional,,True,http://www.losarrieros.net/,False,False,False,False,False,False,197,589,OSM,proximidad,2026-09-18,27408.0
a77c6b360f9c,Bósforos,40.4206741,-3.7007376,Calle de Hortaleza,6,28004,JUSTICIA            ,CENTRO              ,1074.0,RESTAURANTE,turkish,,False,,True,False,False,False,False,False,299,931,OSM,proximidad,2026-09-18,28826.0
4a0b6f694edf,Mercado de la Reina,40.4196362,-3.6987737,Gran Vía,12,28013,JUSTICIA            ,CENTRO              ,1074.0,BAR RESTAURANTE,,,False,,True,False,True,False,False,True,277,836,OSM,proximidad,2026-09-18,28826.0
51552475d9e8,Plaza del Ángel,40.4145536,-3.7029072,Plaza del Ángel,1,28012,CORTES              ,CENTRO              ,1069.0,BAR RESTAURANTE,chinese,,True,http://www.restauranteplazadelangel.es/?class_id=8&class_title_es=VERDURAS,True,False,False,False,False,False,270,986,OSM,proximidad,2026-09-18,22508.0
dafb341146e7,Los Madroños,40.4142275,-3.7020664,Plaza del Ángel,11,28012,CORTES              ,CENTRO              ,1067.0,RESTAURANTE,,,False,,False,False,False,False,False,True,280,935,OSM,proximidad,2026-09-18,21874.0
31e002e8e4db,Haranita,40.4200634,-3.6981904,Calle de Víctor Hugo,,28004,JUSTICIA            ,CENTRO              ,1074.0,BAR RESTAURANTE,,,False,,False,True,False,False,False,False,245,790,OSM,proximidad,2026-09-18,28826.0
d25eabcdea4b,La Primera,40.4191366,-3.6979666,Gran Vía,1,28013,CORTES              ,CENTRO              ,1072.0,RESTAURANTE,,,True,http://www.restaurantelaprimera.com/,True,False,False,False,False,True,264,787,OSM,proximidad,2026-09-18,31803.0
a17d0ec2cd7f,Mami Tacos Birrieria,40.4284811,-3.7034676,Calle de San Andrés,31,28004,UNIVERSIDAD         ,CENTRO              ,1090.0,RESTAURANTE,,,False,,False,False,False,False,False,True,100,442,OSM,proximidad,2026-09-18,24702.0
823dbf6e8b69,Café del Príncipe,40.4163726,-3.7004894,Plaza de Canalejas,5,28014,CORTES              ,CENTRO              ,1069.0,BAR RESTAURANTE,,,True,http://cafedelprincipe.com/,True,False,False,False,False,True,314,942,OSM,proximidad,2026-09-18,22508.0
c15e935745f1,Pampa Beef,40.4162921,-3.700318,Calle del Príncipe,3,28012,CORTES              ,CENTRO              ,1069.0,BAR RESTAURANTE,argentinian,,True,http://www.pampabar.com/,False,False,False,False,False,False,316,934,OSM,proximidad,2026-09-18,22508.0
33a3f72665fe,Prada a Tope,40.4157636,-3.7002673,Calle del Príncipe,11,28012,CORTES              ,CENTRO              ,1069.0,BAR RESTAURANTE,regional,,True,https://pradaatopemadrid.com/,True,True,False,False,False,False,296,915,OSM,proximidad,2026-09-18,22508.0
c1590016a2c5,100 Montaditos,40.4152444,-3.7003699,Calle del Príncipe,18,28012,CORTES              ,CENTRO              ,1069.0,BAR RESTAURANTE,sandwich,,True,http://spain.100montaditos.com/,False,False,False,False,False,True,298,902,OSM,proximidad,2026-09-18,22508.0
8f2ab4a24cbe,Dim Sum Market,40.4152613,-3.7002189,Calle del Príncipe,19,28012,CORTES              ,CENTRO              ,1069.0,BAR RESTAURANTE,asian,,True,http://www.dimsummarket.es/,True,False,False,False,False,False,298,900,OSM,proximidad,2026-09-18,22508.0
310120aed84e,Anema e Core,40.4179822,-3.7083295,Calle de los Donados,2,28013,SOL                 ,CENTRO              ,1124.0,RESTAURANTE,italian,,True,http://www.anemaecore.net/,True,True,False,False,False,False,313,891,OSM,proximidad,2026-09-18,25639.0
1991f94f8242,La Txapela,40.4221791,-3.7086096,Gran Vía,64,28013,UNIVERSIDAD         ,CENTRO              ,1112.0,BAR RESTAURANTE,regional,,True,http://www.txapelarestaurant.es/nosotros/restaurantes,True,False,False,False,False,True,259,785,OSM,proximidad,2026-09-18,22104.0
4168fecbc511,El Pezcador,40.4209054,-3.7001867,Calle de las Infantas,,28004,JUSTICIA            ,CENTRO              ,1076.0,BAR RESTAURANTE,regional,,False,,False,False,False,False,False,False,293,896,OSM,proximidad,2026-09-18,21521.0
a2dc5fa1b5ad,La Malontina,40.4117805,-3.6954335,Calle de la Verónica,4,28014,CORTES              ,CENTRO              ,1062.0,RESTAURANTE,spanish,,True,https://lamalontina.es,False,False,False,False,True,True,133,468,OSM,proximidad,2026-09-18,22488.0
8f0ebbb4291d,Gioia,40.4221287,-3.6984045,Calle de San Bartolomé,23,28004,JUSTICIA            ,CENTRO              ,1076.0,RESTAURANTE,italian,,True,https://www.gioiamadrid.es/,True,False,False,False,False,True,264,758,OSM,proximidad,2026-09-18,21521.0
bef0c1509ddb,El Rincón de los Cuates,40.4217167,-3.6986221,Calle de San Bartolomé,7,,JUSTICIA            ,CENTRO              ,1076.0,BAR RESTAURANTE,mexican,,True,https://elrincondeloscuates.com/,False,False,False,False,False,True,265,784,OSM,proximidad,2026-09-18,21521.0
7980f3f31221,Parrilla De María,40.4258182,-3.6973935,,,,JUSTICIA            ,CENTRO              ,1082.0,BAR RESTAURANTE,steak_house,,False,,False,False,False,False,False,False,170,508,OSM,proximidad,2026-09-18,23494.0
7fbc010f5db0,Puravaca,40.4231407,-3.6981192,,,,JUSTICIA            ,CENTRO              ,1081.0,RESTAURANTE,,,False,,False,False,False,False,False,False,258,697,OSM,proximidad,2026-09-18,21084.0
59a67070b436,Ariza,40.4171284,-3.6986354,Calle de Arlabán,9,28014,CORTES              ,CENTRO              ,1072.0,BAR RESTAURANTE,spanish,,False,,False,False,False,False,False,False,327,800,OSM,proximidad,2026-09-18,31803.0
eb9a086ce8f2,Mesón del Boquerón,40.4151825,-3.7082627,Calle de la Cava de San Miguel,,28005,SOL                 ,CENTRO              ,1121.0,BAR RESTAURANTE,,,False,,False,False,False,False,False,True,319,804,OSM,proximidad,2026-09-18,20959.0
4a1bba3deb9d,El Manantial,40.4180771,-3.7031781,Calle de Tetuán,30,28013,SOL                 ,CENTRO              ,1119.0,BAR RESTAURANTE,regional,,True,http://www.sidreria.com/elmanantial/detalle.asp,True,False,False,False,False,False,305,1084,OSM,proximidad,2026-09-18,16727.0
958ce10c1a11,Wok Sun,40.4178277,-3.7033283,Calle de Tetuán,24,28013,SOL                 ,CENTRO              ,1119.0,BAR RESTAURANTE,asian,,False,,True,False,True,False,True,False,302,1088,OSM,proximidad,2026-09-18,16727.0
ccaf96d81ef7,Taberna Los Chanquetes,40.4122071,-3.6982208,Calle de Moratín,2,28014,CORTES              ,CENTRO              ,1066.0,RESTAURANTE,regional,,True,http://www.tabernaloschanquetes.es/,True,False,False,False,False,False,227,582,OSM,proximidad,2026-09-18,19083.0
715bf658cca5,Casa González,40.4139983,-3.6989107,Calle del León,12,28014,CORTES              ,CENTRO              ,1068.0,BAR RESTAURANTE,,,True,https://www.casagonzalez.es/,True,True,False,False,False,False,283,708,OSM,proximidad,2026-09-18,27954.0
3dd702edfa2b,Bodegas Ricla,40.4142751,-3.7081564,Calle de Cuchilleros,6,28005,SOL                 ,CENTRO              ,1121.0,RESTAURANTE,regional,,False,,True,False,False,False,False,False,302,774,OSM,proximidad,2026-09-18,20959.0
55777d4cd946,Mesón de la Tortilla,40.4151501,-3.7082345,Calle de la Cava de San Miguel,,28005,SOL                 ,CENTRO              ,1121.0,BAR RESTAURANTE,,,False,,False,False,False,False,False,False,318,805,OSM,proximidad,2026-09-18,20959.0
c762671aceb6,Cuzco Lupita,40.4189728,-3.7004039,Calle de los Jardines,21,28013,SOL                 ,CENTRO              ,1118.0,RESTAURANTE,peruvian,,False,,True,False,False,False,False,True,350,946,OSM,proximidad,2026-09-18,20173.0
4bf10f693fce,Steak Burger,40.4188633,-3.6995552,Calle de la Virgen de los Peligros,,28013,CORTES              ,CENTRO              ,1072.0,RESTAURANTE,,,False,,False,False,False,False,False,False,329,874,OSM,proximidad,2026-09-18,31803.0
a4210cbe6a5c,Bar Vinos,40.4287555,-3.701794,Calle de Sagasta,2,28004,JUSTICIA            ,CENTRO              ,1089.0,RESTAURANTES DE COMIDA RAPIDA,,,False,,False,False,False,False,False,False,100,444,OSM,proximidad,2026-09-18,27528.0
abb3addbf3ed,Navaja,40.4232943,-3.7014931,Calle de Valverde,42,28004,UNIVERSIDAD         ,CENTRO              ,1095.0,RESTAURANTE,,,True,https://restaurantenavaja.com/,True,False,False,False,False,False,260,860,OSM,proximidad,2026-09-18,22367.0
131f10a465eb,La Carbonería,40.4165825,-3.7070557,Calle de Coloreros,5,28013,SOL                 ,CENTRO              ,1123.0,RESTAURANTE,,,False,,True,False,False,False,False,False,311,943,OSM,proximidad,2026-09-18,21721.0
aad4bf108e37,Taberna La Concha,40.4132122,-3.7083551,Calle de la Cava Baja,7,28005,PALACIO             ,CENTRO              ,1009.0,BAR RESTAURANTE,,,True,http://www.laconchataberna.com/en,True,True,False,False,False,False,275,695,OSM,proximidad,2026-09-18,24639.0
0b8318744686,Casa Curro,40.4123646,-3.7091763,Calle de la Cava Baja,23,28005,PALACIO             ,CENTRO              ,1011.0,RESTAURANTE,,,True,http://www.tabernacasacurro.com/,False,False,False,False,False,False,253,615,OSM,proximidad,2026-09-18,22651.0
9cc6a8dcda30,Movida,40.4132934,-3.7084644,Calle de la Cava Baja,10,28005,PALACIO             ,CENTRO              ,1009.0,BAR RESTAURANTE,,,False,,False,False,False,False,False,True,277,697,OSM,proximidad,2026-09-18,24639.0
b006a9272d4f,Taberna Chiquita,40.4148373,-3.7083152,Calle de la Cava de San Miguel,,28005,PALACIO             ,CENTRO              ,1008.0,RESTAURANTE,,,False,,False,False,False,False,False,False,311,789,OSM,proximidad,2026-09-18,29172.0
168257a06032,Rincón de Ati,40.41512,-3.708437,Calle de la Cava de San Miguel,,28005,PALACIO             ,CENTRO              ,1008.0,BAR RESTAURANTE,,,False,,False,False,False,False,False,False,319,790,OSM,proximidad,2026-09-18,29172.0
f8acd74fe18d,Las Bravas,40.4161768,-3.7022004,Pasaje de Matheu,5,28012,SOL                 ,CENTRO              ,1119.0,RESTAURANTE,,,True,http://lasbravas.com/,True,False,False,False,False,False,286,1021,OSM,proximidad,2026-09-18,16727.0
b0c3858bb126,La Ría,40.4161717,-3.7020958,Pasaje de Matheu,1,28012,SOL                 ,CENTRO              ,1119.0,RESTAURANTE,regional,,False,,False,False,False,False,False,False,283,1013,OSM,proximidad,2026-09-18,16727.0
6121dacc2fc7,El Rocío,40.4160548,-3.7021968,Pasaje de Matheu,,,SOL                 ,CENTRO              ,1119.0,BAR RESTAURANTE,,,False,,False,False,False,False,False,False,287,1024,OSM,proximidad,2026-09-18,16727.0
dd1067db1208,Las Brasas de Vulcano,40.4151598,-3.701715,Calle de Álvarez Gato,,28012,CORTES              ,CENTRO              ,1069.0,BAR RESTAURANTE,spanish,,False,,False,False,False,False,False,False,289,963,OSM,proximidad,2026-09-18,22508.0
bf8e5f721246,Tierra Burrito Bar,40.4091894,-3.6927097,Calle de Atocha,120,28012,EMBAJADORES         ,CENTRO              ,1058.0,BAR RESTAURANTE,mexican,,True,https://www.tierraburritos.com,True,True,True,False,False,True,58,236,OSM,proximidad,2026-09-18,21568.0
638f3a0dc15f,Taberna Maldeamores,40.4223029,-3.6965705,,,,JUSTICIA            ,CENTRO              ,1077.0,RESTAURANTE,,,False,,False,False,False,False,False,False,224,665,OSM,proximidad,2026-09-18,2774.0
06800891b9af,Inclán Brutal Bar,40.4150858,-3.7018637,Calle de Álvarez Gato,4,28012,CORTES              ,CENTRO              ,1069.0,RESTAURANTE,spanish,,True,http://www.inclanbrutal.com/,True,True,False,False,False,False,287,969,OSM,proximidad,2026-09-18,22508.0
2b80e436d1bb,La Tía Cebolla,40.4150959,-3.7021162,Calle de la Cruz,27,28012,CORTES              ,CENTRO              ,1069.0,BAR RESTAURANTE,regional,,True,http://www.latiacebolla.es/,False,False,False,False,False,True,281,980,OSM,proximidad,2026-09-18,22508.0
4aaf8d4a2e93,Gastromaquia,40.4218535,-3.6990772,Calle de Pelayo,,28004,JUSTICIA            ,CENTRO              ,1076.0,RESTAURANTE,mediterranean,,False,,True,False,False,False,False,False,267,815,OSM,proximidad,2026-09-18,21521.0
4d3de1b30af9,Jingxi Hotpot,40.4239936,-3.7091148,Calle del Álamo,5,28015,UNIVERSIDAD         ,CENTRO              ,1112.0,BAR RESTAURANTE,,,False,,False,False,False,False,False,True,219,646,OSM,proximidad,2026-09-18,22104.0
051cf06cc93b,El Landó,40.4118205,-3.7150555,,,,PALACIO             ,CENTRO              ,1018.0,RESTAURANTE,,,False,,False,False,False,False,False,False,60,317,OSM,proximidad,2026-09-18,23133.0
a30a87fa9f69,Perritxico,40.4219064,-3.6964147,Calle de Augusto Figueroa,32,28004,JUSTICIA            ,CENTRO              ,1077.0,BAR RESTAURANTE,basque,,False,,False,False,False,False,False,False,221,675,OSM,proximidad,2026-09-18,2774.0
16815a083bcc,Bolero Meatballs,40.419033,-3.7076996,Calle de las Conchas,4,28013,SOL                 ,CENTRO              ,1117.0,RESTAURANTE,,,False,,False,False,False,False,False,False,324,955,OSM,proximidad,2026-09-18,21549.0
ae3f7e770e81,Tapas & Más,40.4154407,-3.702394,Calle de Espoz y Mina,18,28012,SOL                 ,CENTRO              ,1119.0,RESTAURANTE,regional,,False,,True,False,False,False,False,False,298,1006,OSM,proximidad,2026-09-18,16727.0
3599733da0ee,Santa Ana Tandoori,40.4151459,-3.7012718,Calle de Núñez de Arce,15,28012,CORTES              ,CENTRO              ,1069.0,BAR RESTAURANTE,indian,,True,http://www.santaanatandoori.com/,True,False,False,False,False,False,291,946,OSM,proximidad,2026-09-18,22508.0
173f79d2d2bd,La Casa del Abuelo,40.4156774,-3.7011963,Calle de Núñez de Arce,5,28012,CORTES              ,CENTRO              ,1069.0,BAR RESTAURANTE,regional,,True,http://lacasadelabuelo.es/,True,False,False,False,False,False,282,960,OSM,proximidad,2026-09-18,22508.0
f6a457e7d73a,Mero México,40.4156742,-3.7013148,Calle de Núñez de Arce,4,28012,CORTES              ,CENTRO              ,1069.0,BAR RESTAURANTE,mexican,,False,,True,True,False,False,False,False,284,971,OSM,proximidad,2026-09-18,22508.0
3122a06e1a49,Bacoa,40.4167545,-3.7016751,Carrera de San Jerónimo,3,28014,SOL                 ,CENTRO              ,1119.0,RESTAURANTES DE COMIDA RAPIDA,burger,,True,http://www.bacoa.es/,True,False,False,False,False,False,310,1003,OSM,proximidad,2026-09-18,16727.0
5cbc931666bc,La Taurina,40.4167537,-3.7015659,Carrera de San Jerónimo,5,28014,SOL                 ,CENTRO              ,1119.0,BAR RESTAURANTE,regional,,True,http://www.lataurina.com/,True,False,False,False,False,False,310,998,OSM,proximidad,2026-09-18,16727.0
53609ac66a76,De María,40.416748,-3.7015068,Carrera de San Jerónimo,5,28014,SOL                 ,CENTRO              ,1119.0,BAR RESTAURANTE,argentinian,,True,http://www.demariarestaurante.es/,True,False,False,False,False,False,309,990,OSM,proximidad,2026-09-18,16727.0
c1df10bd35f0,Balón Tokio,40.4138986,-3.6994741,Calle de Echegaray,29,28014,CORTES              ,CENTRO              ,1068.0,RESTAURANTE,japanese,,False,,True,True,False,False,False,False,283,755,OSM,proximidad,2026-09-18,27954.0
6212b6d33076,Come Prima,40.4139695,-3.6994791,Calle de Echegaray,29,28014,CORTES              ,CENTRO              ,1068.0,RESTAURANTE,italian,,False,,False,False,False,False,False,False,283,757,OSM,proximidad,2026-09-18,27954.0
7cec140b92ed,La Taberna del Chato,40.4160101,-3.7012138,Calle de la Cruz,,,SOL                 ,CENTRO              ,1119.0,BAR RESTAURANTE,,,True,http://www.tabernadelchato.com/,True,False,False,False,False,False,294,970,OSM,proximidad,2026-09-18,16727.0
07c85531428b,City Kebab,40.4159227,-3.7013396,Calle de la Cruz,10,,CORTES              ,CENTRO              ,1069.0,BAR RESTAURANTE,kebab,,False,,True,False,False,False,False,False,293,975,OSM,proximidad,2026-09-18,22508.0
89c50a96b7a4,Xin,40.4285252,-3.7027332,,,,UNIVERSIDAD         ,CENTRO              ,1090.0,RESTAURANTE,asian,,False,,False,False,False,False,False,False,104,455,OSM,proximidad,2026-09-18,24702.0
6291a8543c44,Sidrería Zerain,40.4141295,-3.6976579,,,,CORTES              ,CENTRO              ,1065.0,RESTAURANTE,basque,,False,,False,False,False,False,False,False,251,655,OSM,proximidad,2026-09-18,24155.0
b8414b2f4e6a,Hattori Hanzo,40.4208645,-3.7039115,Calle de Mesonero Romanos,17,28004,UNIVERSIDAD         ,CENTRO              ,1116.0,RESTAURANTE,japanese,,True,https://hattori-hanzo.com.es/,True,True,False,False,False,False,258,1059,OSM,proximidad,2026-09-18,20752.0
1142a6242dce,Taberna Rayuela,40.4131212,-3.7133162,Calle de la Morería,8,28005,PALACIO             ,CENTRO              ,1016.0,RESTAURANTE,regional,,True,http://www.tabernarayuela.com/,True,False,False,False,False,False,123,434,OSM,proximidad,2026-09-18,22152.0
9b067e8368e9,La Esquina Mexicana,40.4132002,-3.7106094,Calle del Príncipe de Anglona,1,28005,PALACIO             ,CENTRO              ,1011.0,BAR RESTAURANTE,,,True,http://laesquinamexicana.es,True,False,False,False,False,False,269,542,OSM,proximidad,2026-09-18,22651.0
688d6e026386,Bayres Beef,40.4151546,-3.7025402,,,,SOL                 ,CENTRO              ,1119.0,RESTAURANTE,argentinian,,False,,False,False,False,False,False,False,282,994,OSM,proximidad,2026-09-18,16727.0
31fa1ad629a0,Los Amigos,40.4189787,-3.7078695,Calle de las Conchas,,28013,SOL                 ,CENTRO              ,1117.0,BAR RESTAURANTE,regional,,False,,False,False,False,False,False,False,326,952,OSM,proximidad,2026-09-18,21549.0
d3a30db1c322,Casa Marius,40.422465,-3.6953578,Calle del Almirante,2,28004,JUSTICIA            ,CENTRO              ,1073.0,RESTAURANTE,,,False,,True,False,False,False,False,False,191,550,OSM,proximidad,2026-09-18,36918.0
b0027b288103,Celso y Manolo,40.4202518,-3.6974757,Calle de la Libertad,1,28004,JUSTICIA            ,CENTRO              ,1074.0,BAR RESTAURANTE,regional,,True,http://www.celsoymanolo.es/,True,False,False,False,False,False,234,760,OSM,proximidad,2026-09-18,28826.0
36b9144cd199,Angelita,40.4203519,-3.7003729,Calle de la Reina,4,28004,JUSTICIA            ,CENTRO              ,1074.0,RESTAURANTES DE COMIDA RAPIDA,,,True,http://madrid-angelita.es/,True,False,False,False,False,False,303,921,OSM,proximidad,2026-09-18,28826.0
10ab93fb981e,Tablafina,40.4099273,-3.692706,,,,CORTES              ,CENTRO              ,1062.0,RESTAURANTE,,,False,,False,False,False,False,False,True,64,251,OSM,proximidad,2026-09-18,22488.0
89cee7cae956,Fantastic V,40.4246147,-3.7020043,Corredera Alta de San Pablo,4,28004,UNIVERSIDAD         ,CENTRO              ,1094.0,BAR RESTAURANTE,,,False,,True,False,False,False,False,False,213,764,OSM,proximidad,2026-09-18,2422.0
e878dcc31e4f,El Madroño,40.413677,-3.7088298,,,,PALACIO             ,CENTRO              ,1009.0,BAR RESTAURANTE,,,False,,False,False,False,False,False,True,289,701,OSM,proximidad,2026-09-18,24639.0
0b30c2f6c05b,El Trébol Pizzas y Empanadas Estilo Argentino,40.4152005,-3.7024442,Calle de Espoz y Mina,22,28012,SOL                 ,CENTRO              ,1119.0,RESTAURANTE,,,False,,False,False,False,False,False,False,285,995,OSM,proximidad,2026-09-18,16727.0
4026447e5afe,Cutxi,40.4210961,-3.7021558,Calle de Valverde,9,28004,UNIVERSIDAD         ,CENTRO              ,1116.0,BAR RESTAURANTE,,,False,,True,False,False,False,False,False,272,1016,OSM,proximidad,2026-09-18,20752.0
d256fa9183ef,Nuevo Apolo,40.4128105,-3.7037991,Calle del Doctor Cortezo,,,EMBAJADORES         ,CENTRO              ,1026.0,BAR RESTAURANTE,,,False,,False,False,False,False,False,False,240,881,OSM,proximidad,2026-09-18,25825.0
e1653f88a77d,Tokio Tower,40.4133436,-3.7023966,,,,EMBAJADORES         ,CENTRO              ,1027.0,RESTAURANTE,asian,,False,,False,False,False,False,False,False,276,880,OSM,proximidad,2026-09-18,24472.0
7e7bec0ed216,de Martín,40.4133928,-3.7023763,,,,EMBAJADORES         ,CENTRO              ,1027.0,BAR RESTAURANTE,,,False,,False,False,False,False,False,False,275,881,OSM,proximidad,2026-09-18,24472.0
039468fdb9fd,El Cogollo de la Descarga,40.4143179,-3.7066613,,,,SOL                 ,CENTRO              ,1121.0,BAR RESTAURANTE,,,False,,False,False,False,False,False,False,277,865,OSM,proximidad,2026-09-18,20959.0
8046d448a2f2,La Pera Limonera,40.4268313,-3.7104232,Calle del Limón,21,28015,UNIVERSIDAD         ,CENTRO              ,1108.0,BAR RESTAURANTE,,,True,http://www.laperalimoneragastrobar.com/,True,False,False,False,False,False,150,472,OSM,proximidad,2026-09-18,24873.0
5a92e4171b7f,Ay! Rosa,40.4138366,-3.6989795,Calle del León,16,28014,CORTES              ,CENTRO              ,1068.0,RESTAURANTE,mexican,,True,https://ayrosarestaurante.com/carta/,True,True,False,False,False,True,284,701,OSM,proximidad,2026-09-18,27954.0
4178d5219fe9,Emma y Julia,40.4125001,-3.7089636,Calle de la Cava Baja,19,28005,PALACIO             ,CENTRO              ,1011.0,RESTAURANTE,italian,,True,http://emmayjulia.com/,True,False,False,False,False,True,257,626,OSM,proximidad,2026-09-18,22651.0
9b29d341c6d6,Luke,40.4236005,-3.6937246,Calle de Doña Bárbara de Braganza,2,28004,JUSTICIA            ,CENTRO              ,1073.0,BAR RESTAURANTE,,,True,http://www.lecabrera.com/,False,False,False,False,False,False,148,397,OSM,proximidad,2026-09-18,36918.0
74c19e5926fc,La Tercera,40.4157576,-3.7011899,Calle de Núñez de Arce,3,28012,CORTES              ,CENTRO              ,1069.0,BAR RESTAURANTE,regional,,True,https://www.latercerataberna.com/,True,False,False,False,False,False,284,964,OSM,proximidad,2026-09-18,22508.0
5d8b1e4142f5,Questión de Huevos,40.4153084,-3.7012502,Calle de Núñez de Arce,11,28012,CORTES              ,CENTRO              ,1069.0,BAR RESTAURANTE,,,False,,False,False,False,False,False,False,285,952,OSM,proximidad,2026-09-18,22508.0
b599f02c4b3c,El Balcón,40.4146202,-3.7022614,Calle de Espoz y Mina,17,28012,CORTES              ,CENTRO              ,1069.0,BAR RESTAURANTE,,,False,,True,False,False,False,False,False,280,962,OSM,proximidad,2026-09-18,22508.0
c341d4e0daa5,Marisquería Ribeira do Mino,40.4244399,-3.700393,Calle de Santa Brígida,1,28004,JUSTICIA            ,CENTRO              ,1082.0,BAR RESTAURANTE,,,False,,True,True,False,False,False,False,233,712,OSM,proximidad,2026-09-18,23494.0
126e3790c236,El Huerto de Lucas - Mercado ecológico,40.4237721,-3.6959906,Calle de San Lucas,13,,JUSTICIA            ,CENTRO              ,1079.0,RESTAURANTE,,,False,,False,False,False,False,False,False,199,540,OSM,proximidad,2026-09-18,27616.0
4cc2a9713ef2,Casa de Asturias,40.4081673,-3.6998212,,,,EMBAJADORES         ,CENTRO              ,1041.0,BAR RESTAURANTE,,,False,,False,False,False,False,False,False,105,433,OSM,proximidad,2026-09-18,18326.0
01d7cf5de746,Noche Blanca,40.4081342,-3.6995451,,,,EMBAJADORES         ,CENTRO              ,1054.0,BAR RESTAURANTE,,,False,,False,False,False,False,False,False,103,429,OSM,proximidad,2026-09-18,16904.0
6c41ba79ac55,Impasta,40.4167584,-3.70838,Calle de las Hileras,2,28013,SOL                 ,CENTRO              ,1123.0,BAR RESTAURANTE,italian,,True,http://impasta-es.bar/,True,False,False,False,False,False,314,845,OSM,proximidad,2026-09-18,21721.0
60968da638a7,Sonali,40.4100791,-3.7026858,Calle de Lavapiés,34,28012,EMBAJADORES         ,CENTRO              ,1043.0,RESTAURANTE,indian,,True,https://sonaliindianrestaurant.com/,True,False,False,False,False,False,121,628,OSM,proximidad,2026-09-18,14527.0
641b7882ea86,Mesón El Huevo,40.4150776,-3.7084167,Calle de la Cava de San Miguel,,28005,PALACIO             ,CENTRO              ,1008.0,BAR RESTAURANTE,regional,,False,,False,False,False,False,False,False,318,793,OSM,proximidad,2026-09-18,29172.0
7fef6f3c05ba,La Colmada,40.4254569,-3.7044308,Calle del Espíritu Santo,19,28004,UNIVERSIDAD         ,CENTRO              ,1100.0,BAR RESTAURANTE,,,True,http://lacolmada.com/,True,False,False,False,False,True,204,700,OSM,proximidad,2026-09-18,21103.0
a1ae05cd0360,Rosi La Loca Taberna,40.4157857,-3.7030024,Calle de Cádiz,4,,SOL                 ,CENTRO              ,1119.0,BAR RESTAURANTE,,,True,https://rosilaloca.com/,True,False,False,False,False,False,283,1040,OSM,proximidad,2026-09-18,16727.0
af871c571860,Celicioso,40.4220763,-3.6957225,,,,JUSTICIA            ,CENTRO              ,1073.0,BAR RESTAURANTE,,,False,,False,False,False,False,False,True,207,616,OSM,proximidad,2026-09-18,36918.0
af7c0355a5b9,麻辣拌 Let’s 拌,40.4172786,-3.7106349,Calle de la Amnistía,6,28013,PALACIO             ,CENTRO              ,1006.0,RESTAURANTE,chinese,,True,http://www.elcaprichodeopera.es/,True,True,False,False,False,False,263,737,OSM,proximidad,2026-09-18,28844.0
efe99b5b023c,El Porrón Canalla,40.4211658,-3.7035588,Calle de la Ballesta,2,28004,UNIVERSIDAD         ,CENTRO              ,1116.0,RESTAURANTE,,,True,http://elporroncanalla.com/,True,False,False,False,False,False,263,1050,OSM,proximidad,2026-09-18,20752.0
f47e9db23e70,Rías Altas,40.4124114,-3.6990254,,,,CORTES              ,CENTRO              ,1067.0,RESTAURANTE,,,False,,False,True,False,False,False,False,264,632,OSM,proximidad,2026-09-18,21874.0
2dafaa400454,Restaurante Vietnamita Mekong,40.410739,-3.6962503,,,,EMBAJADORES         ,CENTRO              ,1059.0,RESTAURANTE,,,False,,False,False,False,False,False,True,147,443,OSM,proximidad,2026-09-18,20439.0
05908382cf47,La Perejila,40.4123226,-3.7092421,Calle de la Cava Baja,25,28005,PALACIO             ,CENTRO              ,1011.0,RESTAURANTE,,,False,,True,True,False,False,False,True,249,611,OSM,proximidad,2026-09-18,22651.0
13ea248a5fec,Las Cuevas del Duque,40.4261497,-3.7126286,Calle de la Princesa,16,28015,UNIVERSIDAD         ,CENTRO              ,1108.0,RESTAURANTE,regional,,False,,False,False,False,False,False,True,141,392,OSM,proximidad,2026-09-18,24873.0
65306f6299f1,Mune,40.4247724,-3.697031,Calle de Pelayo,57,28004,JUSTICIA            ,CENTRO              ,1082.0,BAR RESTAURANTE,,,True,http://www.laesquinadesanti.es/,True,True,False,False,False,False,201,530,OSM,proximidad,2026-09-18,23494.0
2387c847569c,Los Guacamoles,40.4217255,-3.6978573,Calle de Barbieri,20,28004,JUSTICIA            ,CENTRO              ,1077.0,RESTAURANTE,mexican,,True,https://www.losguacamoles.es/,False,False,False,False,False,False,254,751,OSM,proximidad,2026-09-18,2774.0
66102324e305,el txoko,40.4151997,-3.7094139,Plaza de San Miguel,7,28005,PALACIO             ,CENTRO              ,1008.0,BAR RESTAURANTE,regional,,False,,True,False,False,False,False,False,306,731,OSM,proximidad,2026-09-18,29172.0
c4c9c0125747,La Vermudena,40.4130629,-3.7099477,Calle del Nuncio,17,28005,PALACIO             ,CENTRO              ,1011.0,RESTAURANTE,spanish,,True,https://lavermudena.es/,False,False,False,False,False,False,275,585,OSM,proximidad,2026-09-18,22651.0
b60044346598,Robin Hood,40.4129569,-3.7105023,,,,PALACIO             ,CENTRO              ,1011.0,BAR RESTAURANTE,,,False,,False,False,False,False,False,False,259,539,OSM,proximidad,2026-09-18,22651.0
a11e66c1c297,La Musa,40.4127873,-3.7119541,Calle Costanilla de San Andrés,12,28005,PALACIO             ,CENTRO              ,1016.0,BAR RESTAURANTE,,,True,http://grupolamusa.com/restaurante-lamusalatina/,True,True,False,False,False,False,195,476,OSM,proximidad,2026-09-18,22152.0
d456534e3bf2,El Viva,40.4123525,-3.7116579,Calle Costanilla de San Andrés,16,28005,PALACIO             ,CENTRO              ,1016.0,BAR RESTAURANTE,burger,,True,https://www.elvivasaboresdevida.es,True,False,True,False,False,False,202,467,OSM,proximidad,2026-09-18,22152.0
133b46c25e3f,El Alambique,40.4117697,-3.6955733,Calle de Fúcar,7,28014,CORTES              ,CENTRO              ,1062.0,RESTAURANTE,regional,,True,http://www.alambiquetaberna.es/alambiquetaberna_n.htm,True,False,False,False,False,True,136,473,OSM,proximidad,2026-09-18,22488.0
8d9f0d601e32,TriCiclo,40.4128817,-3.6972551,Calle de Santa María,28,28014,CORTES              ,CENTRO              ,1066.0,BAR RESTAURANTE,,,True,http://www.eltriciclo.es/,True,False,False,False,False,False,210,577,OSM,proximidad,2026-09-18,19083.0
9ccd7dc47924,Sumo Fusión,40.4192229,-3.6983182,Gran Vía,1,28013,CORTES              ,CENTRO              ,1072.0,BAR RESTAURANTE,japanese,,True,http://sumorestaurante.com/fusion/,True,False,False,False,False,False,271,793,OSM,proximidad,2026-09-18,31803.0
342f301b8e05,Sushi Store,40.4192036,-3.6982533,Gran Vía,1,28013,CORTES              ,CENTRO              ,1072.0,BAR RESTAURANTE,japanese,,True,http://www.sushistore-madrid.es/,False,False,False,False,False,False,270,790,OSM,proximidad,2026-09-18,31803.0
0dd632954708,Don Paco,40.4189129,-3.6981335,Calle del Caballero de Gracia,36,28013,CORTES              ,CENTRO              ,1072.0,BAR RESTAURANTE,,,True,http://www.restaurantedonpaco.es/,True,False,False,False,False,False,276,786,OSM,proximidad,2026-09-18,31803.0
e6e61c69336c,Xake,40.4195505,-3.7013667,Calle del Caballero de Gracia,2,28013,SOL                 ,CENTRO              ,1118.0,RESTAURANTE,,,True,http://www.xakemadrid.es/,False,False,False,False,False,True,338,995,OSM,proximidad,2026-09-18,20173.0
bcc44265184e,Casa Paco,40.411001,-3.7105817,Calle del Humilladero,8,28005,PALACIO             ,CENTRO              ,1014.0,BAR RESTAURANTE,,,False,,False,False,False,False,False,False,177,442,OSM,proximidad,2026-09-18,22182.0
28204dc37621,Olé,40.4165207,-3.6999612,Carrera de San Jerónimo,,28014,CORTES              ,CENTRO              ,1069.0,RESTAURANTE,,,False,,False,False,False,False,False,False,330,918,OSM,proximidad,2026-09-18,22508.0
030084d7278d,Cervantes,40.4142706,-3.6988047,Calle del León,8,28014,CORTES              ,CENTRO              ,1068.0,BAR RESTAURANTE,pizza,,True,http://pizzeriacervantes.com/,True,False,False,False,False,False,287,715,OSM,proximidad,2026-09-18,27954.0
4b02955e9551,Casa Jiang,40.4216855,-3.7001759,Calle de Hortaleza,,28004,JUSTICIA            ,CENTRO              ,1075.0,BAR RESTAURANTE,chinese,,False,,False,False,False,False,False,False,285,870,OSM,proximidad,2026-09-18,1979.0
b442dbfe13d0,Wok Fresh,40.4224816,-3.6995928,Calle de Hortaleza,,28004,JUSTICIA            ,CENTRO              ,1075.0,RESTAURANTE,asian,,False,,False,False,False,False,False,False,282,822,OSM,proximidad,2026-09-18,1979.0
856944dd1965,La Santa,40.4248135,-3.6980538,Calle de Hortaleza,67,28004,JUSTICIA            ,CENTRO              ,1081.0,BAR RESTAURANTE,,,False,,True,False,False,False,False,False,214,586,OSM,proximidad,2026-09-18,21084.0
c557a4ff5f07,Makkila,40.4258191,-3.6971705,Calle de Fernando VI,2,28004,JUSTICIA            ,CENTRO              ,1082.0,BAR RESTAURANTE,,,True,https://makkila.com/makkila-fernando-vi-2/,False,False,False,False,False,False,164,502,OSM,proximidad,2026-09-18,23494.0
58e3d170c085,La Pitarra,40.4111341,-3.6951317,Calle Almadén,8,,CORTES              ,CENTRO              ,1062.0,BAR RESTAURANTE,,,False,,False,False,False,False,False,True,116,427,OSM,proximidad,2026-09-18,22488.0
68d123930796,La Puebla,40.4155777,-3.6989867,,,,CORTES              ,CENTRO              ,1072.0,RESTAURANTE,,,False,,False,False,False,False,False,False,304,784,OSM,proximidad,2026-09-18,31803.0
e30ea682ae32,Zara,40.4208673,-3.6981775,Calle de Barbieri,8,28004,JUSTICIA            ,CENTRO              ,1074.0,RESTAURANTE,cuban,,True,http://www.restaurantezara.com/,True,False,False,False,False,False,248,785,OSM,proximidad,2026-09-18,28826.0
19646562b255,Chan,40.4206629,-3.6982491,Calle de Barbieri,,28004,JUSTICIA            ,CENTRO              ,1074.0,BAR RESTAURANTE,chinese,,False,,False,False,False,False,False,False,248,786,OSM,proximidad,2026-09-18,28826.0
6b9a066f6cdc,Yatai Market,40.4129783,-3.7039453,Calle del Doctor Cortezo,10,28012,EMBAJADORES         ,CENTRO              ,1026.0,BAR RESTAURANTE,asian,,True,https://yataimarkets.com/,True,True,False,False,False,True,246,897,OSM,proximidad,2026-09-18,25825.0
54d8672492e1,44 Sushi Bar,40.4198354,-3.6970981,Calle del Marqués de Valdeiglesias,8,28004,JUSTICIA            ,CENTRO              ,1074.0,BAR RESTAURANTE,japanese,,True,https://www.44sushibar.net/,False,True,False,False,False,False,229,739,OSM,proximidad,2026-09-18,28826.0
e938e52cc768,Las Bóvedas de Cibeles,40.419068,-3.696458,Calle de Alcalá,43,28014,JUSTICIA            ,CENTRO              ,1074.0,BAR RESTAURANTE,,,True,http://www.lasbovedasdecibeles.es/,True,False,False,False,False,True,211,724,OSM,proximidad,2026-09-18,28826.0
85333351e177,Lola & Co,40.4226095,-3.6964324,Calle de Gravina,18,28004,JUSTICIA            ,CENTRO              ,1077.0,BAR RESTAURANTE,,,True,http://lolaandco.com/,True,False,False,False,False,False,220,637,OSM,proximidad,2026-09-18,2774.0
af985d2152bd,Mortadella,40.422576,-3.694493,Calle del Almirante,11,28004,JUSTICIA            ,CENTRO              ,1073.0,BAR RESTAURANTE,italian,,True,http://mortadella.es/,True,False,False,False,False,False,187,465,OSM,proximidad,2026-09-18,36918.0
43c7885fa1bf,La Pizzateca,40.4127317,-3.6993075,Calle del León,35,28014,CORTES              ,CENTRO              ,1067.0,RESTAURANTE,italian_pizza,,False,,False,True,False,False,False,True,278,662,OSM,proximidad,2026-09-18,21874.0
0cda5fe61f5b,A Lareira,40.4113825,-3.7043834,Calle de la Espada,10-12,28012,EMBAJADORES         ,CENTRO              ,1028.0,RESTAURANTE,regional,,False,,False,False,False,False,False,False,162,762,OSM,proximidad,2026-09-18,20183.0
1131b33a8e08,Umiko,40.4175457,-3.6972371,,,,CORTES              ,CENTRO              ,1072.0,RESTAURANTE,,,False,,False,False,False,False,False,False,246,738,OSM,proximidad,2026-09-18,31803.0
6ccd6271f172,El Inca,40.4226687,-3.696217,Calle de Gravina,23,28004,JUSTICIA            ,CENTRO              ,1079.0,RESTAURANTE,peruvian,,True,https://www.elinca.es/,True,False,False,False,False,False,215,616,OSM,proximidad,2026-09-18,27616.0
0119ee9cc715,Momo Restaurant,40.4209071,-3.698155,,,,JUSTICIA            ,CENTRO              ,1074.0,RESTAURANTE,,,False,,False,False,False,False,False,False,248,785,OSM,proximidad,2026-09-18,28826.0
6c61db450e4e,Petisqueira,40.4274889,-3.6993769,,,,JUSTICIA            ,CENTRO              ,1089.0,RESTAURANTE,,,False,,False,False,False,False,False,True,119,507,OSM,proximidad,2026-09-18,27528.0
abeb795bce60,Ember,40.4144475,-3.6985567,Calle del León,5,28014,CORTES              ,CENTRO              ,1068.0,BAR RESTAURANTE,steak_house,,False,,True,False,False,False,False,False,285,705,OSM,proximidad,2026-09-18,27954.0
db1346682347,La Cochinita Loca,40.4284086,-3.7005541,Calle de Larra,23,28004,JUSTICIA            ,CENTRO              ,1089.0,BAR RESTAURANTE,mexican,,True,https://www.lacochinitaloca.com/la-cochinita-loca,True,False,False,False,False,False,103,458,OSM,proximidad,2026-09-18,27528.0
176806c4cf2c,Taberna Jam,40.410052,-3.6961233,Calle del Marqués de Toca,7,28012,EMBAJADORES         ,CENTRO              ,1058.0,RESTAURANTE,,,False,,False,True,False,False,False,False,134,421,OSM,proximidad,2026-09-18,21568.0
21e74d266487,Mundo Kebab,40.4221403,-3.6996612,Calle de Hortaleza,,,JUSTICIA            ,CENTRO              ,1076.0,BAR RESTAURANTE,kebab,,False,,False,False,False,False,False,False,287,837,OSM,proximidad,2026-09-18,21521.0
8dae5f516454,La Batea,40.4135994,-3.6985365,Calle de las Huertas,35,28014,CORTES              ,CENTRO              ,1065.0,RESTAURANTE,fish,,False,,False,False,False,False,False,False,273,659,OSM,proximidad,2026-09-18,24155.0
de44d42f64cb,El Abrazo de Vergara,40.4175822,-3.7110373,,,,PALACIO             ,CENTRO              ,1006.0,RESTAURANTE,,,False,,False,False,False,False,False,False,241,723,OSM,proximidad,2026-09-18,28844.0
5791ff0c7c0c,Tome y lucas,40.4238465,-3.6950423,Calle de Santo Tomé,10,28004,JUSTICIA            ,CENTRO              ,1073.0,BAR RESTAURANTE,,,False,,False,False,False,False,False,False,172,460,OSM,proximidad,2026-09-18,36918.0
b344890657b5,Taj,40.4172562,-3.6956993,Calle del Marqués de Cubas,6,28014,CORTES              ,CENTRO              ,1072.0,RESTAURANTE,indian,,True,https://restaurantetaj.es/,True,True,False,False,False,False,162,657,OSM,proximidad,2026-09-18,31803.0
803afa68164b,Trattoria Malatesta,40.416551,-3.707066,Calle de Coloreros,5,,SOL                 ,CENTRO              ,1123.0,RESTAURANTE,italian,,False,,False,False,False,False,False,False,312,941,OSM,proximidad,2026-09-18,21721.0
87777099e317,Leyenda Oriental,40.4192708,-3.7091212,Calle de Campomanes,10,,PALACIO             ,CENTRO              ,1004.0,RESTAURANTE,chinese,,False,,False,False,False,False,False,False,294,844,OSM,proximidad,2026-09-18,32264.0
d9624a0779b8,B13 bar,40.4219278,-3.7035187,Calle de la Ballesta,13,28004,UNIVERSIDAD         ,CENTRO              ,1116.0,BAR RESTAURANTE,,,False,,False,False,True,False,False,False,253,1020,OSM,proximidad,2026-09-18,20752.0
3520ddd552c8,Sushi Bar,40.4162532,-3.7085987,Plaza del Comandante Las Morenas,5,28013,PALACIO             ,CENTRO              ,1007.0,BAR RESTAURANTE,japanese,,False,,True,True,False,False,False,False,332,808,OSM,proximidad,2026-09-18,25414.0
de98b3884a77,La Finca de Susana,40.4160416,-3.7004379,Calle del Príncipe,10,28012,CORTES              ,CENTRO              ,1069.0,BAR RESTAURANTE,spanish,,False,,False,False,False,False,False,False,304,933,OSM,proximidad,2026-09-18,22508.0
5ae34298cec1,Takos al Pastor,40.4147996,-3.7067187,Calle Botoneras,7,28012,SOL                 ,CENTRO              ,1121.0,BAR RESTAURANTE,mexican,,False,,False,False,False,False,False,False,292,893,OSM,proximidad,2026-09-18,20959.0
b5a019c128df,Olivia te cuida,40.4257264,-3.6958168,,,,JUSTICIA            ,CENTRO              ,1084.0,RESTAURANTE,,,False,,False,False,False,False,False,False,148,464,OSM,proximidad,2026-09-18,34311.0
4714050feef3,Bazaar,40.4213233,-3.6974316,Calle de la Libertad,21,,JUSTICIA            ,CENTRO              ,1077.0,RESTAURANTE,,,True,http://www.grupandilana.com/es/restaurantes/bazaar,False,False,False,False,False,True,242,748,OSM,proximidad,2026-09-18,2774.0
4f22043bda6c,Restaurante la Buena Vida,40.4229408,-3.6940512,,,,JUSTICIA            ,CENTRO              ,1073.0,RESTAURANTE,,,False,,False,False,False,False,False,False,169,428,OSM,proximidad,2026-09-18,36918.0
302b063649a7,Taberna Eulogio,40.4101632,-3.6971775,Calle de Santa Isabel,29,28012,EMBAJADORES         ,CENTRO              ,1059.0,RESTAURANTE,,,False,,False,False,False,False,False,True,159,436,OSM,proximidad,2026-09-18,20439.0
cfa36d7b61c3,Livin' Japan,40.4106293,-3.6994828,Calle de la Torrecilla del Leal,20,28012,EMBAJADORES         ,CENTRO              ,1046.0,BAR RESTAURANTE,japanese,,False,,False,False,False,False,False,False,181,537,OSM,proximidad,2026-09-18,18432.0
062b246400c1,Kuoco 360 Food,40.4219657,-3.6983793,Calle de San Bartolomé,14,28004,JUSTICIA            ,CENTRO              ,1076.0,RESTAURANTE,,,True,https://www.kuoco.es/,True,True,False,False,False,True,261,767,OSM,proximidad,2026-09-18,21521.0
4c80b31914ce,Vinoteca Moratin,40.4125279,-3.6954315,Calle de Moratín,36,28014,CORTES              ,CENTRO              ,1063.0,RESTAURANTE,,,True,https://www.vinotecamoratin.com/,True,True,False,False,False,True,136,509,OSM,proximidad,2026-09-18,22437.0
3b0ef703e276,La Candela Restó,40.4172431,-3.7110219,Calle de la Amnistía,10,28013,PALACIO             ,CENTRO              ,1006.0,RESTAURANTE,,,True,https://www.lacandelaresto.com/,True,False,False,False,False,False,242,715,OSM,proximidad,2026-09-18,28844.0
363768edcf10,la (verdadera) cueva de 1900,40.4171398,-3.7057825,,,,SOL                 ,CENTRO              ,1124.0,BAR RESTAURANTE,,,False,,False,False,False,False,False,False,332,1045,OSM,proximidad,2026-09-18,25639.0
23cccc42fcc3,Baisakhi,40.4098411,-3.7024462,,,,EMBAJADORES         ,CENTRO              ,1043.0,RESTAURANTE,,,False,,False,False,False,False,False,False,121,619,OSM,proximidad,2026-09-18,14527.0
970edc27830e,100 Montaditos,40.4158696,-3.6957034,Plaza de las Cortes,3,,CORTES              ,CENTRO              ,1072.0,RESTAURANTE,sandwich,,False,,False,True,True,True,False,True,144,634,OSM,proximidad,2026-09-18,31803.0
fc1ecdb8411d,Egeo,40.4105254,-3.7010948,Calle de San Carlos,17,28012,EMBAJADORES         ,CENTRO              ,1047.0,RESTAURANTE,,,False,,False,False,False,False,False,False,172,632,OSM,proximidad,2026-09-18,16362.0
19bb4cdeab18,El Buha,40.4231393,-3.6981789,Calle de Pelayo,,,JUSTICIA            ,CENTRO              ,1081.0,RESTAURANTE,,,False,,False,False,False,False,False,True,262,696,OSM,proximidad,2026-09-18,21084.0
2add9f64adb1,La Mordida,40.4137979,-3.7108686,,,,PALACIO             ,CENTRO              ,1009.0,BAR RESTAURANTE,mexican,,True,https://www.lamordida.com/,True,False,False,False,False,False,268,564,OSM,proximidad,2026-09-18,24639.0
c0f726307c01,Happy Green,40.4212587,-3.6981744,Calle de San Marcos,,28004,JUSTICIA            ,CENTRO              ,1076.0,RESTAURANTE,,,False,,False,False,False,False,False,False,249,779,OSM,proximidad,2026-09-18,21521.0
dabe14c28838,Casa Santoña,40.4205039,-3.7006211,Calle de la Reina,3,28004,JUSTICIA            ,CENTRO              ,1074.0,RESTAURANTE,regional,,True,http://casasantona.com/,False,False,False,False,False,False,301,933,OSM,proximidad,2026-09-18,28826.0
43fd545b051f,100 Montaditos,40.416326,-3.7071037,Calle Mayor,22,28013,SOL                 ,CENTRO              ,1123.0,RESTAURANTES DE COMIDA RAPIDA,sandwich,,False,,False,False,True,False,False,True,314,935,OSM,proximidad,2026-09-18,21721.0
7bcf54945f7b,Puturru De Foie,40.4220486,-3.6977041,,,28004,JUSTICIA            ,CENTRO              ,1077.0,BAR RESTAURANTE,tapas,,False,,True,False,False,False,False,False,254,739,OSM,proximidad,2026-09-18,2774.0
5f2c3d6fe402,La Imperial,40.4220355,-3.6976286,,,28004,JUSTICIA            ,CENTRO              ,1077.0,BAR RESTAURANTE,tapas,,False,,False,False,False,False,False,False,254,739,OSM,proximidad,2026-09-18,2774.0
87a8b3db63f9,La Chulapa de Alcalá,40.4185236,-3.6980631,Calle de Alcalá,35,28014,CORTES              ,CENTRO              ,1072.0,BAR RESTAURANTE,,,True,https://lachulapa.com/,True,False,False,False,False,False,276,782,OSM,proximidad,2026-09-18,31803.0
2c4dbe88f6ec,Casa Benteveo,40.4118986,-3.7018069,Calle de la Cabeza,28,28012,EMBAJADORES         ,CENTRO              ,1045.0,BAR RESTAURANTE,,,False,,True,False,False,False,False,False,240,740,OSM,proximidad,2026-09-18,20306.0
f8662b1e96dc,Verdoy,40.4224262,-3.6976816,,,,JUSTICIA            ,CENTRO              ,1081.0,RESTAURANTE,,,False,,False,False,False,False,False,False,253,725,OSM,proximidad,2026-09-18,21084.0
ac95d3e2d248,Taberna del Colono,40.4289019,-3.7036408,Calle de Ruiz,20,28004,UNIVERSIDAD         ,CENTRO              ,1090.0,RESTAURANTE,,,True,http://www.tabernadelcolono.es/,True,False,False,False,False,True,87,406,OSM,proximidad,2026-09-18,24702.0
a26745598e38,Cardinale,40.4288182,-3.7036585,Calle de Ruiz,20,28004,UNIVERSIDAD         ,CENTRO              ,1090.0,RESTAURANTE,,,True,https://cardinalemadrid.com/,True,False,False,False,False,True,90,411,OSM,proximidad,2026-09-18,24702.0
18e99c55c9b4,La Dominguita,40.4274478,-3.7040629,Calle de Ruiz,3,28004,UNIVERSIDAD         ,CENTRO              ,1093.0,RESTAURANTE,,,False,,False,False,False,False,False,False,135,562,OSM,proximidad,2026-09-18,20706.0
3a476a4b3387,Gran Clavel,40.4195876,-3.6995623,Gran Vía,11,28013,SOL                 ,CENTRO              ,1118.0,RESTAURANTE,,,True,http://www.granclavelmadrid.com/,True,False,False,False,False,True,318,881,OSM,proximidad,2026-09-18,20173.0
8eb4f7494e56,El Economato,40.4243117,-3.6967452,Calle de Belén,5,28004,JUSTICIA            ,CENTRO              ,1079.0,BAR RESTAURANTE,,,True,http://www.tabernaseleconomato.com/,True,False,False,False,False,False,211,553,OSM,proximidad,2026-09-18,27616.0
9d3a8925bb9b,Habanera,40.425343,-3.6917581,Calle de Génova,28,28004,JUSTICIA            ,CENTRO              ,1084.0,BAR RESTAURANTE,,,True,https://www.habaneramadrid.com/,True,False,False,False,False,False,82,267,OSM,proximidad,2026-09-18,34311.0
cb28034fd155,Bloved Veggie Corner,40.4191609,-3.6989071,Calle del Caballero de Gracia,13,28013,CORTES              ,CENTRO              ,1072.0,RESTAURANTE,,,True,https://www.ebocarestaurants.com/restaurantes/bloved-veggie-corner/,True,False,False,False,False,False,301,839,OSM,proximidad,2026-09-18,31803.0
9f5293a40c0c,El Castizo de Alcalá,40.4179016,-3.6999196,Calle de Alcalá,19,28014,SOL                 ,CENTRO              ,1119.0,BAR RESTAURANTE,,,True,https://grupocarbon.es/restaurantes/castizo/,True,False,False,False,False,False,348,923,OSM,proximidad,2026-09-18,16727.0
619b105f6d23,La Carab,40.4099492,-3.7121686,Calle del Águila,6,28005,PALACIO             ,CENTRO              ,1020.0,BAR RESTAURANTE,,,False,,False,False,False,False,False,False,116,363,OSM,proximidad,2026-09-18,19828.0
c5c5429b7123,,40.4131748,-3.7106325,Calle del Príncipe de Anglona,1,28005,PALACIO             ,CENTRO              ,1011.0,BAR RESTAURANTE,,,False,,False,False,False,False,False,False,266,541,OSM,proximidad,2026-09-18,22651.0
a5ce9502bf1f,GatoGato,40.410177,-3.6962005,Calle del Marqués de Toca,6,28012,EMBAJADORES         ,CENTRO              ,1059.0,RESTAURANTE,,,False,,True,True,False,False,False,True,140,425,OSM,proximidad,2026-09-18,20439.0
2ba72c00ffe6,Il Regno di Napoli,40.4278786,-3.7035803,Calle de San Andrés,21,28004,UNIVERSIDAD         ,CENTRO              ,1090.0,RESTAURANTE,italian,,True,http://ilregnodinapoli.com/,True,False,False,False,False,True,113,526,OSM,proximidad,2026-09-18,24702.0
d9b5e40a5350,lateral,40.4141744,-3.7010724,,,,CORTES              ,CENTRO              ,1068.0,RESTAURANTE,,,False,,False,False,False,False,False,False,280,882,OSM,proximidad,2026-09-18,27954.0
57b9c88c3dc1,Mayor Taperia 2,40.4150187,-3.704848,,,,SOL                 ,CENTRO              ,1120.0,BAR RESTAURANTE,spanish,,False,,False,False,False,False,False,False,294,980,OSM,proximidad,2026-09-18,21838.0
c89c02043f76,Lev,40.4136197,-3.6968191,Calle de Lope de Vega,20,28014,CORTES              ,CENTRO              ,1071.0,BAR RESTAURANTE,,,False,,False,False,False,False,False,True,209,612,OSM,proximidad,2026-09-18,30695.0
d46fb8e8c023,Eduardo Cervecería,40.4156459,-3.7089853,,,,PALACIO             ,CENTRO              ,1008.0,BAR RESTAURANTE,,,False,,False,False,False,False,False,False,322,772,OSM,proximidad,2026-09-18,29172.0
f89d3afe8cfa,La Kika,40.4211821,-3.697432,,,,JUSTICIA            ,CENTRO              ,1074.0,BAR RESTAURANTE,,,False,,False,False,False,False,False,False,243,750,OSM,proximidad,2026-09-18,28826.0
2efaea37880f,Nomada,40.4202873,-3.6974759,,,,JUSTICIA            ,CENTRO              ,1074.0,BAR RESTAURANTE,,,False,,False,False,False,False,False,False,232,756,OSM,proximidad,2026-09-18,28826.0
f37051b6bea0,Propaganda,40.4209092,-3.6973109,,,,JUSTICIA            ,CENTRO              ,1074.0,BAR RESTAURANTE,,,False,,False,False,False,False,False,False,239,740,OSM,proximidad,2026-09-18,28826.0
1a0d548a76d7,Milwaukee,40.420101,-3.6972072,Calle de las Infantas,29,28004,JUSTICIA            ,CENTRO              ,1074.0,BAR RESTAURANTE,burger,,True,https://milwaukeeburger.com/,True,True,True,False,False,False,227,748,OSM,proximidad,2026-09-18,28826.0
a03cde14ccf7,Las 10 Tapas De Santa Ana,40.4143623,-3.7010379,,,,CORTES              ,CENTRO              ,1068.0,BAR RESTAURANTE,spanish;tapas;local,,False,,False,False,False,False,False,False,279,890,OSM,proximidad,2026-09-18,27954.0
0955b67ab256,Nina pasta bar,40.4094607,-3.7088761,Calle de Santa Ana,,,EMBAJADORES         ,CENTRO              ,1023.0,BAR RESTAURANTE,italian,,False,,False,False,False,False,False,False,133,441,OSM,proximidad,2026-09-18,17762.0
62a1417ef152,El cisne azul,40.4226253,-3.6967169,,,,JUSTICIA            ,CENTRO              ,1079.0,RESTAURANTE,,,False,,False,False,False,False,False,False,230,657,OSM,proximidad,2026-09-18,27616.0
76004015a828,Araldo,40.417578,-3.6980761,,,,CORTES              ,CENTRO              ,1072.0,BAR RESTAURANTE,,,False,,False,False,False,False,False,False,296,773,OSM,proximidad,2026-09-18,31803.0
2c26572db853,Hot Now,40.4213703,-3.6979947,Calle de Barbieri,14,28004,JUSTICIA            ,CENTRO              ,1077.0,BAR RESTAURANTE,,,False,,False,False,False,False,False,False,249,770,OSM,proximidad,2026-09-18,2774.0
d9a5661de985,Casa Pepe,40.4054052,-3.7017888,Ronda de Valencia,18,,EMBAJADORES         ,CENTRO              ,1039.0,BAR RESTAURANTE,spanish,,False,,False,False,True,False,False,True,49,227,OSM,proximidad,2026-09-18,15843.0
3b6567881bf7,La Nueva Troje,40.4209578,-3.7033234,Calle del Desengaño,,,UNIVERSIDAD         ,CENTRO              ,1116.0,BAR RESTAURANTE,,,False,,False,False,False,False,False,False,249,1063,OSM,proximidad,2026-09-18,20752.0
0cd390d4519e,Taberna de la Elisa,40.4126738,-3.6963353,Calle de Santa María,42,28014,CORTES              ,CENTRO              ,1064.0,BAR RESTAURANTE,,,False,,False,False,False,False,False,False,171,549,OSM,proximidad,2026-09-18,24909.0
089e9a01db3b,El Gallo Canta,40.4134718,-3.6957067,Calle de Jesús,2,28014,CORTES              ,CENTRO              ,1064.0,RESTAURANTE,,,False,,True,False,False,False,False,True,159,573,OSM,proximidad,2026-09-18,24909.0
28627430b09e,Casa Amadeo Los Caracoles,40.410528,-3.7074921,,,,EMBAJADORES         ,CENTRO              ,1024.0,BAR RESTAURANTE,,,True,https://www.caracolesdeamadeo.com/,True,False,False,False,False,False,173,616,OSM,proximidad,2026-09-18,20177.0
d77e1e177f90,Ōven mozzarella bar,40.425016,-3.7006706,,,,JUSTICIA            ,CENTRO              ,1087.0,BAR RESTAURANTE,italian;pasta;pizza,,False,,False,False,False,False,False,False,215,666,OSM,proximidad,2026-09-18,35441.0
0d489fc4fa02,Jungleking,40.4157147,-3.7057792,Calle del Marqués Viudo de Pontejos,15,,SOL                 ,CENTRO              ,1121.0,RESTAURANTE,,,False,,False,False,False,False,False,False,320,980,OSM,proximidad,2026-09-18,20959.0
3114e213c749,H10 bar,40.4139622,-3.7008469,,,,CORTES              ,CENTRO              ,1067.0,BAR RESTAURANTE,,,False,,False,False,False,False,False,False,281,852,OSM,proximidad,2026-09-18,21874.0
8c9da2f8172f,La Botillería de Maxi,40.4124765,-3.7082458,,,,PALACIO             ,CENTRO              ,1012.0,RESTAURANTE,,,False,,False,False,False,False,False,False,258,676,OSM,proximidad,2026-09-18,19722.0
c640030e8e1b,La Alegría de la Huerta,40.4103033,-3.7061762,Calle de las Dos Hermanas,22,28012,EMBAJADORES         ,CENTRO              ,1029.0,RESTAURANTE,,,False,,True,False,False,False,True,False,141,662,OSM,proximidad,2026-09-18,17822.0
ad56f26a4bba,Café de los Austrias,40.4171678,-3.7113353,Plaza de Ramales,3,28013,PALACIO             ,CENTRO              ,1006.0,BAR RESTAURANTE,spanish,,True,https://cafelosaustrias.com/,True,True,False,False,False,False,224,688,OSM,proximidad,2026-09-18,28844.0
a9347107a810,El Gaucho,40.4228333,-3.7096273,Gran Vía,72,28013,UNIVERSIDAD         ,CENTRO              ,1112.0,BAR RESTAURANTE,argentinian,,False,,False,False,False,False,False,False,259,684,OSM,proximidad,2026-09-18,22104.0
3b289f19ce88,La Sirena Verde,40.4221447,-3.7085536,Gran Vía,62,28013,UNIVERSIDAD         ,CENTRO              ,1112.0,BAR RESTAURANTE,regional,,True,http://www.restaurante-marisqueria-madrid.es/es/,True,False,False,False,False,False,258,788,OSM,proximidad,2026-09-18,22104.0
54fe4b48135e,Honest Greens,40.4210229,-3.7068035,Gran Vía,52,28013,UNIVERSIDAD         ,CENTRO              ,1115.0,RESTAURANTE,,,False,,False,False,False,False,False,False,285,971,OSM,proximidad,2026-09-18,22587.0
84eddbc2e961,La Bobia,40.4113176,-3.707692,,,,EMBAJADORES         ,CENTRO              ,1025.0,BAR RESTAURANTE,spanish,,True,https://grupolafabrica.es/restaurante-la-bobia/,False,False,False,False,False,False,213,653,OSM,proximidad,2026-09-18,23511.0
ca91e5f3e52d,Leña Bar y Restaurante,40.4127284,-3.6996012,,,,EMBAJADORES         ,CENTRO              ,1027.0,RESTAURANTES DE COMIDA RAPIDA,spanish,,False,,False,False,False,False,False,False,288,690,OSM,proximidad,2026-09-18,24472.0
67d300f37494,Restaurante Dans le noir,40.4160718,-3.7115556,,,,PALACIO             ,CENTRO              ,1007.0,BAR RESTAURANTE,,,True,http://www.madrid.danslenoir.es/,True,False,False,False,False,False,241,624,OSM,proximidad,2026-09-18,25414.0
13459a337c27,Vinitus,40.4192984,-3.6975674,Gran Vía,4,,JUSTICIA            ,CENTRO              ,1074.0,BAR RESTAURANTE,tapas,,True,https://www.laflautagroup.com/,True,True,False,False,False,False,255,769,OSM,proximidad,2026-09-18,28826.0
58b808167d0a,Focadeli,40.4192822,-3.7033989,,,,SOL                 ,CENTRO              ,1117.0,RESTAURANTE,italian,,False,,False,False,False,False,False,False,303,1071,OSM,proximidad,2026-09-18,21549.0
824527f719b5,Bresca,40.4106773,-3.6995051,,,,EMBAJADORES         ,CENTRO              ,1049.0,BAR RESTAURANTE,italian,,False,,False,False,False,False,False,False,186,540,OSM,proximidad,2026-09-18,15765.0
520fcbf5486d,Casa Suecia,40.4178989,-3.696253,Calle del Marqués de Casa Riera,4,28014,CORTES              ,CENTRO              ,1072.0,RESTAURANTE,mediterranean,,True,https://casasuecia.es/es/inicio/,True,False,False,False,False,False,193,691,OSM,proximidad,2026-09-18,31803.0
758205a7af69,Primadonna,40.4079482,-3.6984499,,,,EMBAJADORES         ,CENTRO              ,1054.0,BAR RESTAURANTE,pizza,,False,,False,False,False,False,False,False,103,392,OSM,proximidad,2026-09-18,16904.0
2715b5ee6dc9,Taberna el Zorzal,40.4175091,-3.7108181,,,,PALACIO             ,CENTRO              ,1006.0,RESTAURANTE,,,True,https://www.tabernaelzorzal.es/,False,False,False,False,False,False,251,729,OSM,proximidad,2026-09-18,28844.0
42f6f3d78e70,Zuppa,40.4131701,-3.7006227,,,,CORTES              ,CENTRO              ,1067.0,RESTAURANTE,,,False,,False,False,False,False,False,False,282,787,OSM,proximidad,2026-09-18,21874.0
a53a2b559373,Zuppa,40.4125294,-3.6992463,,,,CORTES              ,CENTRO              ,1067.0,RESTAURANTE,,,False,,False,False,False,False,False,False,268,649,OSM,proximidad,2026-09-18,21874.0
1b4fb793db38,Roots Lamarca,40.4245829,-3.6956332,Calle de Fernando VI,10,28004,JUSTICIA            ,CENTRO              ,1084.0,RESTAURANTE,,,True,https://www.rootslamarca.com,True,True,False,False,False,False,180,479,OSM,proximidad,2026-09-18,34311.0
f8b47ec13810,Tandem,40.4126966,-3.6960121,Calle de Santa María,39,28014,CORTES              ,CENTRO              ,1064.0,RESTAURANTE,italian,,True,https://eltriciclo.es/tandem/,True,False,False,False,False,False,165,540,OSM,proximidad,2026-09-18,24909.0
1a2fffb00a7a,Healthy Poke,40.4138361,-3.7075945,Calle de Toledo,26,28005,SOL                 ,CENTRO              ,1121.0,RESTAURANTE,,,False,,False,False,False,False,False,False,281,798,OSM,proximidad,2026-09-18,20959.0
f7649708441c,Paradis Madrid,40.4165388,-3.6957605,,,,CORTES              ,CENTRO              ,1072.0,BAR RESTAURANTE,,,True,https://paradismadrid.es/,True,False,False,False,False,False,157,644,OSM,proximidad,2026-09-18,31803.0
ea8819ca10be,100 Montaditos,40.4148303,-3.7037401,,,,SOL                 ,CENTRO              ,1120.0,RESTAURANTES DE COMIDA RAPIDA,sandwich,,False,,False,False,False,False,False,False,272,1009,OSM,proximidad,2026-09-18,21838.0
81d94eff8ab2,Mad Mad Vegan,40.4227628,-3.6985824,Calle de Pelayo,19,28004,JUSTICIA            ,CENTRO              ,1081.0,BAR RESTAURANTE,,,True,https://madmadvegan.com,True,True,False,False,False,False,269,730,OSM,proximidad,2026-09-18,21084.0
0f2bfefbeb6e,Arrocería Marina Ventura,40.4153709,-3.6989014,,,,CORTES              ,CENTRO              ,1072.0,RESTAURANTE,,,False,,False,False,False,False,False,False,295,772,OSM,proximidad,2026-09-18,31803.0
0169a2afc413,El Lugar de Martina,40.4214592,-3.7055527,Plaza de Santa María Soledad Torres Acosta,2,28004,UNIVERSIDAD         ,CENTRO              ,1115.0,BAR RESTAURANTE,burger,,False,,False,False,True,False,False,True,269,1019,OSM,proximidad,2026-09-18,22587.0
11760fc856ea,La Cuenva de 1900,40.4179924,-3.703242,,,,SOL                 ,CENTRO              ,1119.0,BAR RESTAURANTE,,,False,,False,False,False,False,False,False,306,1086,OSM,proximidad,2026-09-18,16727.0
e34044ea7ac0,El Lugarcito,40.4256332,-3.7086801,Calle de Noviciado,9,28015,UNIVERSIDAD         ,CENTRO              ,1109.0,BAR RESTAURANTE,,,False,,True,False,False,False,False,False,177,572,OSM,proximidad,2026-09-18,20515.0
9b0c1664314d,Cannibal Raw Bar,40.4224409,-3.6942202,Calle del Almirante,12,28004,JUSTICIA            ,CENTRO              ,1073.0,RESTAURANTE,,,True,http://www.cannibalrawbar.es/,True,False,False,False,False,False,179,458,OSM,proximidad,2026-09-18,36918.0
2b6010b6ce82,Takomama,40.421697,-3.7001627,,,,JUSTICIA            ,CENTRO              ,1075.0,BAR RESTAURANTE,mexican,,False,,False,False,False,False,False,False,285,867,OSM,proximidad,2026-09-18,1979.0
74a1aafc1ff6,PEPE TACO,40.416026,-3.7058308,Calle de las Postas,12,28012,SOL                 ,CENTRO              ,1121.0,RESTAURANTE,mexican,,False,,False,False,False,False,False,False,327,991,OSM,proximidad,2026-09-18,20959.0
f7fa7f03e051,El Barril de las Letras,40.414275,-3.6968598,,,,CORTES              ,CENTRO              ,1071.0,BAR RESTAURANTE,,,True,https://barrildelasletras.com/,False,False,False,False,False,True,205,635,OSM,proximidad,2026-09-18,30695.0
ad7472d48546,La Reserva,40.4159628,-3.7004302,Calle del Príncipe,10,28012,CORTES              ,CENTRO              ,1069.0,RESTAURANTE,,,False,,False,False,False,False,False,False,303,932,OSM,proximidad,2026-09-18,22508.0
4519c5e44bd1,Totò e Peppino,40.4243592,-3.6951299,,,,JUSTICIA            ,CENTRO              ,1084.0,RESTAURANTE,italian;pizza,,False,,True,False,False,False,False,False,168,452,OSM,proximidad,2026-09-18,34311.0
4d6bfc0b07ba,Trattoria Pinocchio,40.4090165,-3.6936473,Calle de Sánchez Bustillo,5,28012,EMBAJADORES         ,CENTRO              ,1058.0,RESTAURANTE,italian,,True,http://www.pinocchio.es/,True,False,True,False,False,True,72,277,OSM,proximidad,2026-09-18,21568.0
b8a0393ebe7d,La Esperanza,40.4114114,-3.6994133,Calle de la Torrecilla del Leal,3,28012,EMBAJADORES         ,CENTRO              ,1046.0,BAR RESTAURANTE,mediterranean,,True,https://www.laesperanzabar.com/,False,True,False,False,False,False,229,585,OSM,proximidad,2026-09-18,18432.0
99601101fac4,AskuaBarra,40.4170977,-3.6988046,Calle de Arlabán,7,28014,CORTES              ,CENTRO              ,1072.0,RESTAURANTE,spanish,,True,https://askuabarra.com/,True,True,False,False,False,False,331,817,OSM,proximidad,2026-09-18,31803.0
712b36176c21,Vira Vira - The Gyro's,40.4244551,-3.7021688,Corredera Alta de San Pablo,1,28004,UNIVERSIDAD         ,CENTRO              ,1094.0,BAR RESTAURANTE,,,True,https://www.viraviragyros.com/,False,True,False,False,False,False,218,790,OSM,proximidad,2026-09-18,2422.0
bb68f2590c41,,40.4207886,-3.7027816,,,,UNIVERSIDAD         ,CENTRO              ,1116.0,RESTAURANTE,asian,,False,,False,False,False,False,False,False,255,1063,OSM,proximidad,2026-09-18,20752.0
fcbaa9b42c69,Le Bistroman Atelier,40.4172337,-3.710979,,,,PALACIO             ,CENTRO              ,1006.0,RESTAURANTE,,,True,https://lebistroman.es/,True,False,False,False,False,False,245,714,OSM,proximidad,2026-09-18,28844.0
37d633a0a3a0,,40.4074751,-3.6996997,Calle de la Sombrerería,6,28012,EMBAJADORES         ,CENTRO              ,1055.0,RESTAURANTE,,,False,,False,False,False,False,False,False,91,402,OSM,proximidad,2026-09-18,20623.0
fe9f7c96628d,Be Beirut,40.4121093,-3.7072714,,,,EMBAJADORES         ,CENTRO              ,1025.0,BAR RESTAURANTE,arab,,False,,False,False,False,False,True,False,237,723,OSM,proximidad,2026-09-18,23511.0
09690d12bb5e,La Cachapera,40.4230454,-3.6955195,Calle del Barquillo,34,28004,JUSTICIA            ,CENTRO              ,1073.0,RESTAURANTE,cachapa;venezuelan,,True,https://www.lacachapera.es/en/,False,False,False,False,True,True,198,533,OSM,proximidad,2026-09-18,36918.0
fdfa1435c385,Casa Mories,40.4151999,-3.7088608,,,,PALACIO             ,CENTRO              ,1008.0,RESTAURANTE,,,True,https://casamories.es/,True,False,False,False,False,False,319,760,OSM,proximidad,2026-09-18,29172.0
5cdd7cfc4c21,bobia,40.4116292,-3.7072527,,,,EMBAJADORES         ,CENTRO              ,1025.0,BAR RESTAURANTE,,,False,,False,False,False,False,False,False,219,703,OSM,proximidad,2026-09-18,23511.0
584f6ccb8579,Ishou,40.423364,-3.70876,Plaza de los Mostenses,13,28015,UNIVERSIDAD         ,CENTRO              ,1112.0,BAR RESTAURANTE,ramen,,False,,False,False,True,False,False,False,236,710,OSM,proximidad,2026-09-18,22104.0
bec47b8e3674,Cártel de Malasaña,40.4256529,-3.7021954,,,,UNIVERSIDAD         ,CENTRO              ,1101.0,RESTAURANTE,mexican,,False,,False,False,False,False,False,False,173,684,OSM,proximidad,2026-09-18,18919.0
77b9d59ce75c,Macao,40.4154674,-3.7003953,,,,CORTES              ,CENTRO              ,1069.0,RESTAURANTE,,,True,https://restaurantemacao.es,True,False,False,False,False,False,298,908,OSM,proximidad,2026-09-18,22508.0
f7cbf44f3dcb,ella Sky Bar,40.4204441,-3.7051988,Gran Vía,42,,UNIVERSIDAD         ,CENTRO              ,1115.0,RESTAURANTES DE COMIDA RAPIDA,,,False,,False,False,False,False,False,False,259,1061,OSM,proximidad,2026-09-18,22587.0
85ddca5878eb,Dakar,40.4102522,-3.7010642,,,,EMBAJADORES         ,CENTRO              ,1048.0,BAR RESTAURANTE,african,,False,,False,False,False,False,False,False,154,611,OSM,proximidad,2026-09-18,15085.0
fd32171c6c3d,Zuppa,40.4131744,-3.7006114,Calle de Atocha,47,28012,CORTES              ,CENTRO              ,1067.0,RESTAURANTE,,,False,,False,True,True,False,False,False,281,786,OSM,proximidad,2026-09-18,21874.0
728c0772d965,Taberna La Trucha,40.4151792,-3.7000464,Calle de Manuel Fernández y González,3,28014,CORTES              ,CENTRO              ,1069.0,RESTAURANTE,,,True,https://www.tabernalatrucha.es,True,False,False,False,False,False,299,887,OSM,proximidad,2026-09-18,22508.0
bf39daba0764,Tasty Bowl,40.407499,-3.7094774,,,,EMBAJADORES         ,CENTRO              ,1022.0,BAR RESTAURANTE,,,False,,False,True,False,False,False,False,60,328,OSM,proximidad,2026-09-18,20127.0
5525a05e4292,África Ndiambour,40.4104659,-3.7045819,,,,EMBAJADORES         ,CENTRO              ,1029.0,RESTAURANTE,senegalese,,False,,False,False,True,False,False,False,106,678,OSM,proximidad,2026-09-18,17822.0
c10398f290ce,Colores,40.4090342,-3.7036814,,,,EMBAJADORES         ,CENTRO              ,1034.0,BAR RESTAURANTE,senegalese,,False,,False,False,False,False,False,False,93,591,OSM,proximidad,2026-09-18,13443.0
c1d35d9a531d,La Diez,40.412639,-3.6956978,,,,CORTES              ,CENTRO              ,1064.0,RESTAURANTE,italian,,False,,False,False,False,False,False,True,152,526,OSM,proximidad,2026-09-18,24909.0
7ee4de7a9ea2,Bar Gyoza Go!,40.4162467,-3.7085574,Plaza del Comandante Las Morenas,5,28013,SOL                 ,CENTRO              ,1123.0,RESTAURANTES DE COMIDA RAPIDA,,,False,,False,False,False,False,False,False,331,813,OSM,proximidad,2026-09-18,21721.0
ec981ecf3fb9,Cava de Illán,40.4128933,-3.7113964,,,,PALACIO             ,CENTRO              ,1011.0,RESTAURANTE,,,False,,False,False,False,False,False,True,232,486,OSM,proximidad,2026-09-18,22651.0
b711577cf37c,Vanila,40.4128218,-3.7114116,,,,PALACIO             ,CENTRO              ,1011.0,RESTAURANTE,,,False,,False,False,False,False,False,True,230,484,OSM,proximidad,2026-09-18,22651.0
a73a605e39e2,Urvan Street Food,40.4155736,-3.7022668,,,,SOL                 ,CENTRO              ,1119.0,RESTAURANTE,,,False,,False,False,False,False,False,False,294,1008,OSM,proximidad,2026-09-18,16727.0
4132c40380f7,Burritos Tex Mex,40.4228723,-3.6996803,Calle de Augusto Figueroa,,,JUSTICIA            ,CENTRO              ,1075.0,RESTAURANTE,mexican,,False,,False,False,False,False,False,False,284,799,OSM,proximidad,2026-09-18,1979.0
41c64ffca7fa,La Arepera Resto-bar,40.4176922,-3.7034029,Calle de Tetuán,20,28013,SOL                 ,CENTRO              ,1119.0,BAR RESTAURANTE,arepa,,True,https://laarepera.es/,False,False,False,False,False,False,308,1085,OSM,proximidad,2026-09-18,16727.0
19a5c4c5bf2b,Decadente,40.4151233,-3.6990227,,,,CORTES              ,CENTRO              ,1072.0,RESTAURANTE,,,False,,False,False,False,False,False,False,289,777,OSM,proximidad,2026-09-18,31803.0
4affb35dc285,Ginkgo Restaurante & Sky Bar,40.4226355,-3.7117831,,,,PALACIO             ,CENTRO              ,1001.0,RESTAURANTE,,,True,https://www.ginkgoskybarmadrid.com/,True,False,False,False,False,False,189,577,OSM,proximidad,2026-09-18,27408.0
ea8f8657fead,Parrilla El Barril,40.4141175,-3.6968621,,,,CORTES              ,CENTRO              ,1071.0,BAR RESTAURANTE,barbecue,,False,,False,False,False,False,False,False,205,633,OSM,proximidad,2026-09-18,30695.0
875a09597bff,África Fusión,40.4082294,-3.6987356,,,,EMBAJADORES         ,CENTRO              ,1054.0,BAR RESTAURANTE,african,,False,,False,False,False,False,False,False,106,417,OSM,proximidad,2026-09-18,16904.0
1d640f78f646,La Alhambra,40.4082866,-3.7015048,,,,EMBAJADORES         ,CENTRO              ,1042.0,RESTAURANTE,arab,,True,https://la-alhambra.eatbu.com/,True,False,False,False,False,False,94,511,OSM,proximidad,2026-09-18,17525.0
28d6a48ba3ea,Cisne Azul,40.4226695,-3.696006,,,,JUSTICIA            ,CENTRO              ,1079.0,RESTAURANTE,,,False,,False,False,False,False,False,False,213,597,OSM,proximidad,2026-09-18,27616.0
d17c1947408c,Pakistani restaurante,40.4091993,-3.7016755,Calle de Lavapiés,53,,EMBAJADORES         ,CENTRO              ,1048.0,BAR RESTAURANTE,indian,,False,,True,False,False,False,False,False,117,574,OSM,proximidad,2026-09-18,15085.0
be9ba15107d2,Rollo Ocho,40.4140033,-3.7113337,,,,PALACIO             ,CENTRO              ,1009.0,BAR RESTAURANTE,,,False,,False,True,True,False,False,True,248,544,OSM,proximidad,2026-09-18,24639.0
3f903acb5a24,El Senador,40.4148449,-3.7034978,,,,SOL                 ,CENTRO              ,1120.0,RESTAURANTES DE COMIDA RAPIDA,,,False,,False,False,False,False,False,False,263,1012,OSM,proximidad,2026-09-18,21838.0
453f843e4f80,Inti de Oro,40.4157868,-3.6988703,,,,CORTES              ,CENTRO              ,1072.0,BAR RESTAURANTE,,,False,,False,False,False,False,False,False,310,790,OSM,proximidad,2026-09-18,31803.0
5cf9c7f94864,La vaca argentina,40.4160565,-3.6988338,,,,CORTES              ,CENTRO              ,1072.0,RESTAURANTE,,,False,,False,False,False,False,False,False,316,804,OSM,proximidad,2026-09-18,31803.0
a0a082b7e77c,Honest Greens,40.4193702,-3.6988574,Gran Vía,7,28013,CORTES              ,CENTRO              ,1072.0,RESTAURANTE,organic,,True,https://honestgreens.com/,True,True,True,False,True,False,291,834,OSM,proximidad,2026-09-18,31803.0
a9d4b8e2eb09,Can Punyetes,40.414626,-3.6968173,,,,CORTES              ,CENTRO              ,1071.0,BAR RESTAURANTE,,,False,,False,True,False,False,False,True,205,646,OSM,proximidad,2026-09-18,30695.0
f3b54c32a745,EatMyTrip Brunch & Cocktails,40.4129869,-3.7135257,Calle de la Morería,11,28005,PALACIO             ,CENTRO              ,1015.0,BAR RESTAURANTE,brunch,,True,https://eatmytrip.com/,True,False,False,False,False,False,109,415,OSM,proximidad,2026-09-18,22803.0
ec42f93d30dc,Naked & Sated: Preciados,40.4184379,-3.7053938,,,,SOL                 ,CENTRO              ,1117.0,BAR RESTAURANTE,,,False,,False,False,False,False,False,False,313,1066,OSM,proximidad,2026-09-18,21549.0
a0796cd3d0b5,Casa Lobo,40.4159552,-3.6996547,Calle de Echegaray,8,28014,CORTES              ,CENTRO              ,1072.0,RESTAURANTE,spanish,,True,https://casaloborestaurante.com/,True,False,True,False,True,True,310,871,OSM,proximidad,2026-09-18,31803.0
a011c8356996,La Esperanza,40.4115343,-3.6994148,Calle de la Torrecilla del Leal,3,28012,EMBAJADORES         ,CENTRO              ,1046.0,BAR RESTAURANTE,mediterranean;spanish,,True,https://www.laesperanzabar.com/,False,True,False,False,False,False,234,596,OSM,proximidad,2026-09-18,18432.0
4a55ebea63ef,La Taba,40.4125147,-3.7089122,Calle de la Cava Baja,19,28005,PALACIO             ,CENTRO              ,1011.0,RESTAURANTE,spanish;regional,,False,,True,False,False,False,False,False,258,627,OSM,proximidad,2026-09-18,22651.0
4f3fde43d67f,Puccias Libertad,40.4207332,-3.6974552,,,,JUSTICIA            ,CENTRO              ,1074.0,BAR RESTAURANTE,,,False,,False,False,False,False,False,False,237,743,OSM,proximidad,2026-09-18,28826.0
7cc2df78d5f9,Gazteca,40.4256194,-3.7074132,Calle de San Bernardo,53,28015,UNIVERSIDAD         ,CENTRO              ,1110.0,RESTAURANTES DE COMIDA RAPIDA,mexican,,False,,False,False,False,False,True,False,190,611,OSM,proximidad,2026-09-18,19648.0
d7d7addc11d9,La testarruda,40.410695,-3.708495,,,,EMBAJADORES         ,CENTRO              ,1024.0,BAR RESTAURANTE,,,False,,False,False,False,False,False,False,187,556,OSM,proximidad,2026-09-18,20177.0
9a260dcb838c,La Buena Guarda,40.4137066,-3.697964,Calle de Lope de Vega,14,28014,CORTES              ,CENTRO              ,1065.0,RESTAURANTE,,,False,,False,False,False,False,False,False,254,651,OSM,proximidad,2026-09-18,24155.0
89fc43089112,Bodega de los Secretos,40.4106912,-3.6947928,Calle de San Blas,2,,CORTES              ,CENTRO              ,1061.0,RESTAURANTE,fish;steak_house,,False,,False,False,False,False,False,True,99,385,OSM,proximidad,2026-09-18,23012.0
0697e9def0da,El Buti,40.4164792,-3.7108595,,,,PALACIO             ,CENTRO              ,1007.0,RESTAURANTE,,,False,,False,False,False,False,False,False,282,683,OSM,proximidad,2026-09-18,25414.0
1caf276b6efd,Gloria Bendita Madrid,40.4161135,-3.7099494,,,,PALACIO             ,CENTRO              ,1007.0,BAR RESTAURANTE,spanish,,True,http://carta.avocaty.io/gloria-bendita,True,True,False,False,False,False,311,735,OSM,proximidad,2026-09-18,25414.0
22b4941fa1dd,La Tavernetta,40.4261186,-3.6941121,Calle de Orellana,17,28004,JUSTICIA            ,CENTRO              ,1084.0,RESTAURANTE,italian,,True,https://trattorialatavernetta.es/,True,True,False,False,False,False,118,359,OSM,proximidad,2026-09-18,34311.0
a32a1c590c7d,Restaurante Arcade,40.4152125,-3.7118235,,,,PALACIO             ,CENTRO              ,1009.0,BAR RESTAURANTE,,,True,https://restaurantearcade.es/,True,False,False,False,False,False,232,565,OSM,proximidad,2026-09-18,24639.0
964efecfbfb5,Pita Madrid,40.4111439,-3.7074775,,,,EMBAJADORES         ,CENTRO              ,1025.0,BAR RESTAURANTE,,,False,,False,False,False,False,False,False,204,658,OSM,proximidad,2026-09-18,23511.0
745d974cc7ae,El Calamar,40.4143147,-3.7085583,,,,PALACIO             ,CENTRO              ,1008.0,RESTAURANTE,,,False,,False,False,False,False,False,False,302,744,OSM,proximidad,2026-09-18,29172.0
679119087297,Casa Tony,40.415559,-3.7016775,,,,CORTES              ,CENTRO              ,1069.0,BAR RESTAURANTE,,,False,,False,False,False,False,False,False,287,980,OSM,proximidad,2026-09-18,22508.0
f7b1305c7516,Las Gaviotas,40.4245952,-3.7095408,Calle de San Bernardino,,,UNIVERSIDAD         ,CENTRO              ,1111.0,RESTAURANTE,,,False,,False,False,False,False,False,False,201,599,OSM,proximidad,2026-09-18,22533.0
a0d166174bb7,Lanzhou Beef Noodles,40.4208002,-3.704254,Travesía del Horno de la Mata,5,28004,UNIVERSIDAD         ,CENTRO              ,1116.0,RESTAURANTE,chinese,,False,,False,False,False,False,False,True,253,1062,OSM,proximidad,2026-09-18,20752.0
b612659c73fe,La Parrilla de la Reina,40.4195487,-3.6985442,Gran Vía,10,28013,JUSTICIA            ,CENTRO              ,1074.0,RESTAURANTE,,,False,,False,False,False,False,False,True,273,818,OSM,proximidad,2026-09-18,28826.0
6a7f44e50fd4,Osadía,40.4197496,-3.6992032,Gran Vía,14,28013,JUSTICIA            ,CENTRO              ,1074.0,RESTAURANTE,,,False,,False,False,False,False,False,True,293,854,OSM,proximidad,2026-09-18,28826.0
3c4a8282cdcf,Oven Mozzarella,40.4193261,-3.6977539,Gran Vía,6,28013,JUSTICIA            ,CENTRO              ,1074.0,BAR RESTAURANTE,italian_pizza,,True,https://www.oven.es/,True,True,False,False,False,False,253,779,OSM,proximidad,2026-09-18,28826.0
5b1505f0c003,Zenith,40.4211087,-3.7041572,,,,UNIVERSIDAD         ,CENTRO              ,1116.0,BAR RESTAURANTE,,,False,,False,False,False,False,False,False,262,1062,OSM,proximidad,2026-09-18,20752.0
141fcdddd7d4,Xiao Man,40.4195867,-3.7091113,,,,PALACIO             ,CENTRO              ,1003.0,RESTAURANTE,chinese,,False,,False,False,False,False,False,True,286,843,OSM,proximidad,2026-09-18,21921.0
5924ff54d360,Restaurante La Nobia,40.4078556,-3.6998331,,,,EMBAJADORES         ,CENTRO              ,1054.0,BAR RESTAURANTE,,,True,https://lanobia.es/,True,False,False,False,False,False,97,423,OSM,proximidad,2026-09-18,16904.0
3c6e3cbc8332,Focacciamo,40.423084,-3.7076311,,,,UNIVERSIDAD         ,CENTRO              ,1115.0,RESTAURANTE,,,False,,False,False,False,False,False,False,276,776,OSM,proximidad,2026-09-18,22587.0
39f11d132622,Twenty Nine's,40.4215474,-3.7083234,,,,PALACIO             ,CENTRO              ,1003.0,BAR RESTAURANTE,,,False,,False,False,False,False,False,False,276,838,OSM,proximidad,2026-09-18,21921.0
eddb0477327c,Piantao,40.4276996,-3.6967576,,,,JUSTICIA            ,CENTRO              ,1087.0,BAR RESTAURANTE,,,False,,False,False,False,False,False,True,91,422,OSM,proximidad,2026-09-18,35441.0
7a5eca279dce,La Manduca de Azagra,40.42834,-3.6998034,,,,JUSTICIA            ,CENTRO              ,1089.0,RESTAURANTE,,,False,,False,False,False,False,False,True,98,462,OSM,proximidad,2026-09-18,27528.0
f1c8f9895b26,La Prensa,40.4283802,-3.6999651,,,,JUSTICIA            ,CENTRO              ,1089.0,RESTAURANTE,burger,,False,,False,False,False,False,False,True,100,458,OSM,proximidad,2026-09-18,27528.0
c801f6ca1f4e,Junk Burger,40.4287675,-3.7018971,,,,JUSTICIA            ,CENTRO              ,1089.0,RESTAURANTES DE COMIDA RAPIDA,burger,,False,,False,False,False,False,False,False,102,443,OSM,proximidad,2026-09-18,27528.0
6516bfba2b97,Tilda,40.4249266,-3.7073285,,,,UNIVERSIDAD         ,CENTRO              ,1099.0,RESTAURANTE,,,False,,False,False,False,False,False,True,224,649,OSM,proximidad,2026-09-18,18677.0
07086115926e,Tambo,40.4130381,-3.6975047,,,,CORTES              ,CENTRO              ,1065.0,RESTAURANTE,peruvian,,False,,False,False,False,False,False,False,222,592,OSM,proximidad,2026-09-18,24155.0
955892d4bf53,La Albacería,40.4153481,-3.7003711,,,,CORTES              ,CENTRO              ,1069.0,RESTAURANTE,,,False,,False,False,False,False,False,True,297,904,OSM,proximidad,2026-09-18,22508.0
dba956bd5694,Uni Ramen,40.4155421,-3.7002285,,,,CORTES              ,CENTRO              ,1069.0,BAR RESTAURANTE,ramen,,True,https://uniramen.es,False,False,True,False,False,True,292,906,OSM,proximidad,2026-09-18,22508.0
e7340ac65693,Mexcalista,40.4144502,-3.6985937,Calle del León,5,,CORTES              ,CENTRO              ,1068.0,BAR RESTAURANTE,mexican,,True,https://mexcalista.es/,True,False,False,False,False,False,286,706,OSM,proximidad,2026-09-18,27954.0
3ef02df54206,Sushi Sensei Buffet Libre,40.4137855,-3.7070893,Calle de la Concepción Jerónima,28,,SOL                 ,CENTRO              ,1121.0,RESTAURANTE,,,False,,True,False,False,False,False,False,267,833,OSM,proximidad,2026-09-18,20959.0
4ee921f90d83,Eccolo,40.4090951,-3.7056015,Calle de Embajadores,28,,EMBAJADORES         ,CENTRO              ,1033.0,RESTAURANTE,italian_pizza;italian,,True,https://eccolomadrid.com,False,False,False,False,False,False,77,571,OSM,proximidad,2026-09-18,16616.0
442f43591b05,El Gaucho,40.4198218,-3.7072301,,,,SOL                 ,CENTRO              ,1117.0,BAR RESTAURANTE,argentinian,,False,,False,False,False,False,False,False,305,973,OSM,proximidad,2026-09-18,21549.0
bfd566f43939,el chararrito,40.4155112,-3.6988769,,,,CORTES              ,CENTRO              ,1072.0,RESTAURANTE,mexican,,False,,False,False,True,False,False,False,300,776,OSM,proximidad,2026-09-18,31803.0
07d9e36134b8,La Cabaña Argentina,40.4155959,-3.6988716,,,,CORTES              ,CENTRO              ,1072.0,BAR RESTAURANTE,,,False,,False,False,False,False,False,False,301,785,OSM,proximidad,2026-09-18,31803.0
6f46102734da,Bombilla,40.4149758,-3.7010223,,,,CORTES              ,CENTRO              ,1069.0,RESTAURANTE,,,False,,False,False,False,False,False,False,288,926,OSM,proximidad,2026-09-18,22508.0
9271c86ba7bd,Terezza,40.4153126,-3.6989023,,,,CORTES              ,CENTRO              ,1072.0,RESTAURANTE,venezuelan,,False,,False,False,False,False,False,False,296,772,OSM,proximidad,2026-09-18,31803.0
14e02a7b6812,Santanera,40.4149922,-3.7009136,,,,CORTES              ,CENTRO              ,1069.0,BAR RESTAURANTE,,,False,,False,False,False,False,False,False,289,923,OSM,proximidad,2026-09-18,22508.0
82d8b5a44311,Beirut,40.4064699,-3.7016712,,,,EMBAJADORES         ,CENTRO              ,1039.0,RESTAURANTE,lebanese;arab,,False,,False,False,False,False,False,False,62,312,OSM,proximidad,2026-09-18,15843.0
27f433e1a316,Josefita,40.4232395,-3.7014947,,,,UNIVERSIDAD         ,CENTRO              ,1095.0,RESTAURANTE,,,False,,False,False,False,False,False,False,258,862,OSM,proximidad,2026-09-18,22367.0
0aa674b712d1,Case de Diego,40.4142842,-3.6987945,,,,CORTES              ,CENTRO              ,1068.0,BAR RESTAURANTE,,,False,,False,False,False,False,False,False,286,714,OSM,proximidad,2026-09-18,27954.0
3896a1510dc8,Belli di mamma,40.4152077,-3.6991084,Calle de Manuel Fernández y González,17,,CORTES              ,CENTRO              ,1072.0,RESTAURANTE,,,False,,False,False,False,False,False,False,294,784,OSM,proximidad,2026-09-18,31803.0
afea37944fed,Ramen Shifu,40.4103433,-3.6928276,Paseo del Prado,42,28014,CORTES              ,CENTRO              ,1062.0,RESTAURANTE,japanese,,True,https://www.ramenshifu.com,True,True,True,False,False,False,68,275,OSM,proximidad,2026-09-18,22488.0
6138d83486ff,Raymi,40.4241492,-3.7009395,,,,UNIVERSIDAD         ,CENTRO              ,1094.0,BAR RESTAURANTE,peruvian,,False,,False,False,False,False,False,False,236,766,OSM,proximidad,2026-09-18,2422.0
e7b0164ff798,Pizza Hut,40.4150734,-3.7065683,Calle de Gerona,3,,SOL                 ,CENTRO              ,1121.0,RESTAURANTE,pizza,,False,,False,True,False,False,False,True,298,919,OSM,proximidad,2026-09-18,20959.0
df18b6b5f8c9,Pantín Grill,40.4156501,-3.6996476,,,,CORTES              ,CENTRO              ,1069.0,RESTAURANTE,burger,,True,https://pantingrill.com/,True,True,False,False,False,False,305,862,OSM,proximidad,2026-09-18,22508.0
cc48d1161183,Mu! El Placer de la Carne,40.415784,-3.7017531,Calle de la Victoria,12,,SOL                 ,CENTRO              ,1119.0,RESTAURANTE,argentinian;steak_house,,False,,True,True,False,False,False,False,289,994,OSM,proximidad,2026-09-18,16727.0
930d5e99c1f9,K.A,40.4133049,-3.7080796,Calle de Grafal,4,,PALACIO             ,CENTRO              ,1009.0,BAR RESTAURANTE,thai;japanese;vietnamese,,True,https://www.ka-restaurante.com/,True,False,False,False,False,False,275,726,OSM,proximidad,2026-09-18,24639.0
e5490146fec6,Restaurante Persimmons,40.4236415,-3.6939318,Calle de Doña Bárbara de Braganza,2,28004,JUSTICIA            ,CENTRO              ,1073.0,BAR RESTAURANTE,georgian,,True,https://persimmons.com.es,True,False,False,False,False,False,150,404,OSM,proximidad,2026-09-18,36918.0
36878c23870f,Yugo The Bunker,40.4106458,-3.6946511,Calle de San Blas,2,,CORTES              ,CENTRO              ,1061.0,RESTAURANTE,,,False,,False,False,False,False,False,True,96,374,OSM,proximidad,2026-09-18,23012.0
a34ec55dea7b,Zipolite,40.4093179,-3.7116574,Calle de Calatrava,14,,PALACIO             ,CENTRO              ,1021.0,BAR RESTAURANTE,,,False,,False,False,False,False,False,True,116,356,OSM,proximidad,2026-09-18,22574.0
5229ed7f123b,Pasta & Pizza Bar,40.4089745,-3.6935282,Calle de Sánchez Bustillo,5,,EMBAJADORES         ,CENTRO              ,1058.0,RESTAURANTE,,,False,,False,False,True,False,False,True,70,264,OSM,proximidad,2026-09-18,21568.0
372def1738e2,Tako - Away,40.4095644,-3.6936115,Calle de Atocha,112,,EMBAJADORES         ,CENTRO              ,1058.0,BAR RESTAURANTE,,,False,,False,False,False,False,False,True,79,295,OSM,proximidad,2026-09-18,21568.0
4b688b9257cf,Albania,40.4121062,-3.7030965,,,,EMBAJADORES         ,CENTRO              ,1045.0,BAR RESTAURANTE,,,False,,False,False,False,False,False,False,212,801,OSM,proximidad,2026-09-18,20306.0
61193527f56a,About Voodoo,40.4090204,-3.7017107,,,,EMBAJADORES         ,CENTRO              ,1048.0,BAR RESTAURANTE,,,False,,False,False,False,False,False,False,116,557,OSM,proximidad,2026-09-18,15085.0
25200a0511f0,Ginza,40.4159377,-3.6958879,Plaza de las Cortes,3,,CORTES              ,CENTRO              ,1072.0,RESTAURANTE,japanese,,False,,False,False,False,False,False,True,154,651,OSM,proximidad,2026-09-18,31803.0
0fe6c9800601,La Mafia,40.4158182,-3.6955273,Plaza de las Cortes,4,,CORTES              ,CENTRO              ,1072.0,RESTAURANTE,,,False,,False,False,False,False,False,True,138,627,OSM,proximidad,2026-09-18,31803.0
b172f1fac9b9,Masala Darbar,40.4132634,-3.6966921,,,,CORTES              ,CENTRO              ,1064.0,RESTAURANTE,indian,,False,,False,False,False,False,False,True,200,590,OSM,proximidad,2026-09-18,24909.0
9a8f08f71efe,Sol de Beirut,40.4201695,-3.7127179,,,,PALACIO             ,CENTRO              ,1001.0,BAR RESTAURANTE,lebanese,,False,,False,False,False,False,False,True,131,643,OSM,proximidad,2026-09-18,27408.0
3a6fb25b65ff,Restaurante Coreano GaRam,40.4226181,-3.7110885,Calle del Río,4,,PALACIO             ,CENTRO              ,1001.0,BAR RESTAURANTE,korean,,False,,False,True,False,False,False,False,201,619,OSM,proximidad,2026-09-18,27408.0
0cb0d72bc6ca,RedBar,40.424618,-3.71144,,,,UNIVERSIDAD         ,CENTRO              ,1111.0,BAR RESTAURANTE,,,False,,False,False,True,False,False,True,191,517,OSM,proximidad,2026-09-18,22533.0
7f8bfcd71bda,Lelong Asian Club,40.4166641,-3.6998826,Carrera de San Jerónimo,9,,CORTES              ,CENTRO              ,1072.0,RESTAURANTE,,,True,https://www.lelongclub.com/,True,False,False,False,False,False,332,916,OSM,proximidad,2026-09-18,31803.0
a161ae0456fb,Le coq,40.413386,-3.7011176,,,,CORTES              ,CENTRO              ,1067.0,BAR RESTAURANTE,,,False,,False,False,False,False,False,False,279,830,OSM,proximidad,2026-09-18,21874.0
aa710ba81f0d,Gofio,40.4193287,-3.7001659,Calle del Caballero de Gracia,20,,SOL                 ,CENTRO              ,1118.0,BAR RESTAURANTE,,,False,,False,False,False,False,False,True,341,912,OSM,proximidad,2026-09-18,20173.0
7b2c8b6ee5f5,Wacamole,40.4194257,-3.7001595,Calle del Caballero de Gracia,7,,SOL                 ,CENTRO              ,1118.0,RESTAURANTE,,,False,,False,False,False,False,False,True,339,911,OSM,proximidad,2026-09-18,20173.0
a24f8e7edabe,Luxalad,40.4254497,-3.7072483,,,,UNIVERSIDAD         ,CENTRO              ,1099.0,BAR RESTAURANTE,salad,,False,,False,False,False,False,False,False,196,627,OSM,proximidad,2026-09-18,18677.0
0e62f3679322,Scarlett,40.4187565,-3.7105063,,,,PALACIO             ,CENTRO              ,1004.0,BAR RESTAURANTE,,,False,,False,False,False,False,False,False,252,758,OSM,proximidad,2026-09-18,32264.0
80a584a749b5,Ecoasiashop,40.4250523,-3.7072901,,,,UNIVERSIDAD         ,CENTRO              ,1099.0,BAR RESTAURANTE,asian,,False,,False,False,False,False,False,False,219,648,OSM,proximidad,2026-09-18,18677.0
cc375d92490a,BBQ Coreano Hangy,40.428102,-3.706038,,,,UNIVERSIDAD         ,CENTRO              ,1091.0,BAR RESTAURANTE,korean,,False,,False,False,False,False,False,False,114,471,OSM,proximidad,2026-09-18,23173.0
2207f92dc6c8,Taberna Preciados 33,40.4196076,-3.7066746,,,,SOL                 ,CENTRO              ,1117.0,RESTAURANTE,,,False,,False,False,False,False,False,False,296,1023,OSM,proximidad,2026-09-18,21549.0
4841133f1b7e,Konnichiwa,40.4197521,-3.7066749,,,,SOL                 ,CENTRO              ,1117.0,BAR RESTAURANTE,japanese,,False,,False,False,False,False,False,False,296,1025,OSM,proximidad,2026-09-18,21549.0
28644148c32f,Dumpling go,40.4201124,-3.7076255,,,,SOL                 ,CENTRO              ,1117.0,BAR RESTAURANTE,chinese,,False,,False,False,False,False,False,False,299,939,OSM,proximidad,2026-09-18,21549.0
12da06653dbc,Carnes de Martín,40.42011,-3.7073577,,,,SOL                 ,CENTRO              ,1117.0,BAR RESTAURANTE,,,False,,False,False,False,False,False,False,300,962,OSM,proximidad,2026-09-18,21549.0
6e624fd8fe78,Chim Pum Callao,40.420114,-3.7072877,,,,SOL                 ,CENTRO              ,1117.0,RESTAURANTE,peruvian,,False,,False,False,False,False,False,False,299,963,OSM,proximidad,2026-09-18,21549.0
63f8529e94d5,La Arepera,40.4229854,-3.7108976,,,,PALACIO             ,CENTRO              ,1002.0,BAR RESTAURANTE,,,False,,False,False,False,False,False,False,213,603,OSM,proximidad,2026-09-18,20951.0
096c8f0c46b8,Hammer,40.4226235,-3.7108644,,,,PALACIO             ,CENTRO              ,1001.0,BAR RESTAURANTE,asian,,False,,False,False,False,False,False,False,215,631,OSM,proximidad,2026-09-18,27408.0
169284d4365e,Diez minutos mixian,40.4219741,-3.7104213,,,,PALACIO             ,CENTRO              ,1002.0,BAR RESTAURANTE,asian,,False,,False,False,False,False,False,False,240,683,OSM,proximidad,2026-09-18,20951.0
8fdb4e34dbe6,Rāmen obasan,40.4215049,-3.7099166,,,,PALACIO             ,CENTRO              ,1003.0,RESTAURANTE,ramen,,False,,False,False,False,False,False,False,262,719,OSM,proximidad,2026-09-18,21921.0
6eb10d967482,Ha Nok,40.4213325,-3.7097939,,,,PALACIO             ,CENTRO              ,1003.0,RESTAURANTE,korean,,False,,False,False,False,False,False,False,263,734,OSM,proximidad,2026-09-18,21921.0
b8583338e87e,Huang's Bao,40.4212472,-3.7097292,,,,PALACIO             ,CENTRO              ,1003.0,RESTAURANTE,chinese,,False,,False,True,False,False,False,False,262,741,OSM,proximidad,2026-09-18,21921.0
ca1fbcf27bfe,YaNori,40.4211535,-3.7096558,,,,PALACIO             ,CENTRO              ,1003.0,RESTAURANTE,sushi,,False,,False,False,False,False,False,False,262,751,OSM,proximidad,2026-09-18,21921.0
28d8614912ce,Sunset,40.4136381,-3.6987451,Calle de las Huertas,31,,CORTES              ,CENTRO              ,1065.0,BAR RESTAURANTE,,,False,,False,False,False,False,False,False,278,676,OSM,proximidad,2026-09-18,24155.0
028bc125ae55,La Paradita,40.4178395,-3.7108204,,,,PALACIO             ,CENTRO              ,1006.0,RESTAURANTE,,,False,,False,False,False,False,False,False,241,740,OSM,proximidad,2026-09-18,28844.0
4dd417d1ab78,Barganzo,40.4211107,-3.6968205,,,,JUSTICIA            ,CENTRO              ,1074.0,BAR RESTAURANTE,,,False,,False,False,False,False,False,False,231,724,OSM,proximidad,2026-09-18,28826.0
4fac69e4addb,Xiongzai II,40.4194038,-3.7030215,,,,SOL                 ,CENTRO              ,1117.0,BAR RESTAURANTE,chinese,,False,,False,False,False,False,False,False,295,1063,OSM,proximidad,2026-09-18,21549.0
3b3a59916df7,Greek-o Rico,40.4137807,-3.6988756,,,,CORTES              ,CENTRO              ,1065.0,RESTAURANTE,greek,,False,,False,False,False,False,False,False,282,691,OSM,proximidad,2026-09-18,24155.0
0ab94514cf7c,El chino venezolano,40.4286768,-3.7059004,,,,UNIVERSIDAD         ,CENTRO              ,1091.0,RESTAURANTE,,,False,,False,False,False,False,False,False,100,436,OSM,proximidad,2026-09-18,23173.0
fcc1b3087567,Red Dragon Hot Pot,40.4214403,-3.7061006,,,,UNIVERSIDAD         ,CENTRO              ,1115.0,RESTAURANTE,asian,,False,,False,False,False,False,False,False,271,987,OSM,proximidad,2026-09-18,22587.0
070a46c0d039,La cochinita loca,40.4208519,-3.7102322,,,,PALACIO             ,CENTRO              ,1002.0,BAR RESTAURANTE,mexican,,False,,False,False,False,False,False,False,249,729,OSM,proximidad,2026-09-18,20951.0
0d644995bbc5,Souksou - Couscous Bar,40.4079832,-3.6997893,Calle del Salitre,43,,EMBAJADORES         ,CENTRO              ,1054.0,BAR RESTAURANTE,,,True,https://souksouk.es,True,True,False,False,False,False,99,429,OSM,proximidad,2026-09-18,16904.0
aba0f184dafe,bunny Chao,40.411356,-3.6995145,,,,EMBAJADORES         ,CENTRO              ,1046.0,BAR RESTAURANTE,,,False,,False,False,False,False,False,False,229,584,OSM,proximidad,2026-09-18,18432.0
10262c14cc0e,Cacao,40.4124057,-3.6970554,Calle de Moratín,19,28014,CORTES              ,CENTRO              ,1066.0,BAR RESTAURANTE,,,False,,True,False,False,False,False,False,198,551,OSM,proximidad,2026-09-18,19083.0
6eb162189a3e,Amis - bar de vinos,40.4273638,-3.7100652,Calle del Limón,32,28105,UNIVERSIDAD         ,CENTRO              ,1105.0,BAR RESTAURANTE,french;spanish,,False,,True,True,False,False,False,False,131,467,OSM,proximidad,2026-09-18,27175.0
5571f511b25b,Sea Kitchen,40.4205605,-3.7091649,,,,PALACIO             ,CENTRO              ,1003.0,BAR RESTAURANTE,asian,,False,,False,False,False,False,False,False,275,811,OSM,proximidad,2026-09-18,21921.0
6bf8b656f551,Pizzeria Limonzello,40.411354,-3.7071299,Plaza de Cascorro,1,28005,EMBAJADORES         ,CENTRO              ,1028.0,BAR RESTAURANTE,italian_pizza,,False,,True,True,True,False,False,False,208,694,OSM,proximidad,2026-09-18,20183.0
7bf7c38379a9,Chi La,40.4205873,-3.7078397,,,,PALACIO             ,CENTRO              ,1003.0,BAR RESTAURANTE,chinese,,False,,False,False,False,False,False,False,300,914,OSM,proximidad,2026-09-18,21921.0
22ac6d6b4812,Rong Ji,40.4205588,-3.7079326,,,,PALACIO             ,CENTRO              ,1003.0,RESTAURANTE,chinese,,False,,False,False,False,False,False,False,299,905,OSM,proximidad,2026-09-18,21921.0
338b959a5746,Tita de Buenos Aires,40.4230594,-3.6991535,,,,JUSTICIA            ,CENTRO              ,1081.0,BAR RESTAURANTE,,,False,,False,False,False,False,False,False,272,751,OSM,proximidad,2026-09-18,21084.0
5eb50678ac63,Bar gyoza,40.4220951,-3.6998718,,,,JUSTICIA            ,CENTRO              ,1076.0,BAR RESTAURANTE,asian,,False,,False,False,False,False,False,False,289,847,OSM,proximidad,2026-09-18,21521.0
8e9043e1caff,XPecado,40.4218105,-3.6999135,,,,JUSTICIA            ,CENTRO              ,1076.0,RESTAURANTE,burger,,False,,False,False,False,False,False,False,289,856,OSM,proximidad,2026-09-18,21521.0
12fe8ac3c395,Restaurante El Príncipe - Parrilla Argentina,40.4162693,-3.7005117,Pl. de Canalejas,5,28014,CORTES              ,CENTRO              ,1069.0,BAR RESTAURANTE,argentine;argentine_grill,,True,https://restauranteelprincipe.com,True,True,False,False,False,False,308,944,OSM,proximidad,2026-09-18,22508.0
bea5a951ceff,El rey de los tacos,40.421514,-3.7092859,,,,PALACIO             ,CENTRO              ,1003.0,RESTAURANTE,mexican,,False,,False,False,False,False,False,False,263,755,OSM,proximidad,2026-09-18,21921.0
c98c6f06137a,Tian Tian,40.4214447,-3.7092669,,,,PALACIO             ,CENTRO              ,1003.0,RESTAURANTE,chinese,,False,,False,False,False,False,False,False,263,757,OSM,proximidad,2026-09-18,21921.0
805cfaf2a03d,Al Nassim,40.4213716,-3.7092439,,,,PALACIO             ,CENTRO              ,1003.0,RESTAURANTE,lebanese,,False,,False,False,False,False,False,False,266,763,OSM,proximidad,2026-09-18,21921.0
c62b1fd980f8,Shifu,40.421608,-3.7093203,,,,PALACIO             ,CENTRO              ,1003.0,RESTAURANTE,ramen,,False,,False,False,False,False,False,False,260,748,OSM,proximidad,2026-09-18,21921.0
aebc637caae2,La Huerta Funky Castizo,40.4189327,-3.7080038,Calle de las Conchas,8,,SOL                 ,CENTRO              ,1117.0,BAR RESTAURANTE,,,False,,False,False,False,False,False,False,322,940,OSM,proximidad,2026-09-18,21549.0
1d8058118cb4,TGI Fridays,40.4181612,-3.6995748,Calle de la Virgen de los Peligros,1,28013,SOL                 ,CENTRO              ,1119.0,RESTAURANTE,,,False,,False,True,False,False,False,False,343,880,OSM,proximidad,2026-09-18,16727.0
d7e18ad12bf1,La Menina,40.4133374,-3.6957028,,,,CORTES              ,CENTRO              ,1064.0,RESTAURANTE,,,False,,False,False,False,False,False,False,159,564,OSM,proximidad,2026-09-18,24909.0
4826f2558340,Parimita,40.4154156,-3.709078,,,,PALACIO             ,CENTRO              ,1008.0,BAR RESTAURANTE,steak_house,,False,,False,False,False,False,False,False,318,755,OSM,proximidad,2026-09-18,29172.0
d5f47b0dcb72,DIVORARE l Focaccia Madrid,40.4137312,-3.7073673,Calle de Toledo,27,,SOL                 ,CENTRO              ,1121.0,BAR RESTAURANTE,sandwich,,False,,False,True,False,False,False,False,274,810,OSM,proximidad,2026-09-18,20959.0
3267909d4405,Chang An Yi,40.4216752,-3.7046782,,,,UNIVERSIDAD         ,CENTRO              ,1116.0,BAR RESTAURANTE,chinese,,False,,False,True,True,False,False,False,255,1016,OSM,proximidad,2026-09-18,20752.0
5e34e469683d,Achuri,40.4124225,-3.7010463,,21,,EMBAJADORES         ,CENTRO              ,1045.0,BAR RESTAURANTE,tapas,,False,,False,False,False,False,False,False,282,747,OSM,proximidad,2026-09-18,20306.0
875806bdc223,Pecorilo,40.4204929,-3.7081657,,,,PALACIO             ,CENTRO              ,1003.0,RESTAURANTE,italian,,False,,False,False,False,False,False,False,297,896,OSM,proximidad,2026-09-18,21921.0
b220c1e19cf5,Ocote,40.420479,-3.6974523,,,,JUSTICIA            ,CENTRO              ,1074.0,BAR RESTAURANTE,mexican,,False,,False,False,False,False,False,False,234,752,OSM,proximidad,2026-09-18,28826.0
b1eb912f3ec2,Picado Fino,40.4136118,-3.7087304,,,,,,,,local,,False,,False,False,False,False,False,False,289,703,OSM,no_matcheado,2026-09-18,
aa8ec6331943,Ramen Kagura,40.4051914,-3.6973199,Calle de José Antonio Armona,12,28012,,,,,ramen,,True,https://www.ramenkagura.com/es/atocha/,True,False,False,False,False,False,43,213,OSM,no_matcheado,2026-09-18,
50c0c4de953e,Atocha Tandoori,40.4050712,-3.6952969,Paseo de Santa María de la Cabeza,27,28045,,,,,indian,,True,https://atochatandoori.es,True,True,True,False,False,False,39,180,OSM,no_matcheado,2026-09-18,
fa36b78ece1d,El Urogallo,40.4232064,-3.7231611,Paseo de la Florida,16,28008,,,,,spanish,,False,,False,False,False,False,False,False,19,64,OSM,no_matcheado,2026-09-18,
3c314f642d2d,Cáscaras,40.4250934,-3.7138414,,,,,,,,,,False,,False,False,False,False,False,True,129,381,OSM,no_matcheado,2026-09-18,
d599fb93642d,New Bistró,40.4251961,-3.7143347,,,,,,,,,,False,,False,False,False,False,False,False,105,349,OSM,no_matcheado,2026-09-18,
b4c25d38362a,Sabores patagónicos,40.413651,-3.7247707,Glorieta del Puente de Segovia,1,28011,,,,,,,True,https://saborespatagonicos.es/,True,False,True,False,False,False,17,33,OSM,no_matcheado,2026-09-18,
752dc3f27929,La Fogata,40.4136377,-3.7243418,,,,,,,,,,True,http://www.lafogata.es/,True,False,True,False,False,False,17,37,OSM,no_matcheado,2026-09-18,
48b3544f898f,Horno Santa María,40.4205148,-3.7209324,,,,,,,,,,False,,False,False,True,False,False,False,21,102,OSM,no_matcheado,2026-09-18,
91f855550fbb,Florida Norte,40.4206062,-3.7209429,,,,,,,,,,False,,False,False,True,False,False,False,21,105,OSM,no_matcheado,2026-09-18,
93ff3a4990d7,Duduá Palacio,40.4218307,-3.7136481,Cuesta de San Vicente,2,28008,,,,,,,False,,False,False,True,False,False,True,118,513,OSM,no_matcheado,2026-09-18,
053670989dd1,"Restaurante ""El Cartel""",40.4060991,-3.6981652,,,,,,,,,,False,,False,False,False,False,False,False,61,262,OSM,no_matcheado,2026-09-18,
08e84fe5d196,Sushicome,40.4114722,-3.7183105,Ronda de Segovia,2,28005,,,,,japanese,,False,,True,False,False,True,True,False,12,134,OSM,no_matcheado,2026-09-18,
a4e3f058ebcb,Almagro,40.4285807,-3.6944749,Almagro,10,28010,,,,,,,True,http://www.almagrobar.com/,False,False,False,False,False,True,71,296,OSM,no_matcheado,2026-09-18,
37ce304d2215,,40.4263016,-3.6927018,Calle de Génova,,,,,,,,,False,,False,False,False,False,False,False,86,294,OSM,no_matcheado,2026-09-18,
68a2a6a2432f,Fit Food,40.4262427,-3.6925087,,,,,,,,,,False,,False,False,False,False,False,False,87,283,OSM,no_matcheado,2026-09-18,
1a9dc5acb645,Delina's,40.4264901,-3.6930277,,,,,,,,,,False,,False,False,False,False,False,False,91,305,OSM,no_matcheado,2026-09-18,
41a97c7e53c0,Vips,40.4259972,-3.6920004,Calle de Génova,27,28004,,,,,international,,True,https://www.grupovips.com/,False,False,False,False,False,True,88,266,OSM,no_matcheado,2026-09-18,
5aa782915504,Lizarrán,40.4272055,-3.6944365,,,,,,,,spanish,,False,,False,False,False,False,False,False,98,352,OSM,no_matcheado,2026-09-18,
d257e7eaeb6a,Tony Roma's,40.4267037,-3.6934761,,,,,,,,barbecue,,False,,False,False,False,False,False,False,94,330,OSM,no_matcheado,2026-09-18,
86c45b1816e7,La fábrica,40.4264335,-3.6929091,,,,,,,,german,,False,,False,False,False,False,False,False,89,301,OSM,no_matcheado,2026-09-18,
f6bc01282be0,Plaza 66,40.4271017,-3.6942226,,,,,,,,,,False,,False,False,False,False,False,False,96,346,OSM,no_matcheado,2026-09-18,
19649e4c6ef2,BICE,40.4265389,-3.6931302,,,,,,,,,,False,,False,False,False,False,False,False,93,315,OSM,no_matcheado,2026-09-18,
24fc9b15f860,Mallorca,40.4268437,-3.6945063,,,,,,,,,,False,,False,False,False,False,False,False,106,366,OSM,no_matcheado,2026-09-18,
a4b90e855c30,Solofirme,40.4100488,-3.7088348,Calle de López Silva,,,,,,,chinese,,False,,False,False,False,False,False,False,150,491,OSM,no_matcheado,2026-09-18,
0aefa1c7caed,Sagardi,40.4277291,-3.6902887,Paseo de la Castellana,13,28046,,,,,regional,,False,,False,False,False,False,False,True,35,156,OSM,no_matcheado,2026-09-18,
93bd218023c3,El bonito,40.4230872,-3.7043829,Calle del Pez,8,28004,,,,,,,False,,False,False,False,False,False,False,224,939,OSM,no_matcheado,2026-09-18,
7e67bb66a0f2,La Creperie Easycrep,40.4268601,-3.7194291,Paseo del Pintor Rosales,28,28008,,,,,,,True,http://www.lacreperie-easycrep.es/,True,False,False,False,False,False,31,121,OSM,no_matcheado,2026-09-18,
20d5a2fd5da9,Tam Coc,40.4078927,-3.7045348,Calle de Mira el Sol,,,,,,,vietnamese,,False,,False,False,False,False,False,False,69,493,OSM,no_matcheado,2026-09-18,
0ecee00d3dea,Mesón el Chacón,40.413704,-3.7250995,,,,,,,,,,False,,False,True,False,False,False,False,16,32,OSM,no_matcheado,2026-09-18,
f7fa68fe4d16,A Ría de Noia,40.4138754,-3.7250941,,,,,,,,galician,,False,,False,False,False,False,False,False,16,34,OSM,no_matcheado,2026-09-18,
bc193cc01cc0,Vips,40.4250782,-3.7133018,Calle de la Princesa,5,28008,,,,,international,,False,,False,False,True,False,False,False,144,403,OSM,no_matcheado,2026-09-18,
cf13dbe07e7b,Shoo Loong Kan,40.4255522,-3.7134151,Calle de Santa María Micaela,,28008,,,,,chinese,,False,,False,False,True,False,False,False,133,379,OSM,no_matcheado,2026-09-18,
0286f7760ec5,Grosso Napoletano,40.425619,-3.7135233,Calle de Ventura Rodríguez,5,28008,,,,,italian,,False,,False,False,False,False,False,True,133,371,OSM,no_matcheado,2026-09-18,
2a4dc0aa2e06,Han Gang,40.4142469,-3.6902664,Calle Moreto,7,28014,,,,,korean,,False,,False,True,False,False,True,True,9,202,OSM,no_matcheado,2026-09-18,
d07867f3b264,Trattoria SantArcangelo,40.4133189,-3.6902126,Calle Moreto,15,28014,,,,,,,False,,False,False,True,False,False,True,11,179,OSM,no_matcheado,2026-09-18,
e1d31dccd4fb,San Antonio,40.4213633,-3.7216412,,,,,,,,,,False,,False,False,True,False,False,False,18,91,OSM,no_matcheado,2026-09-18,
68498ec37acd,Las Tablas,40.4219357,-3.7136476,,,,,,,,,,False,,False,False,True,False,False,True,122,508,OSM,no_matcheado,2026-09-18,
03d8f687f789,Bioloco,40.4213246,-3.7180187,Paseo del Rey,10,28008,,,,,,,True,https://www.bioloco.es/contacto-madrid/,True,False,False,False,False,True,27,238,OSM,no_matcheado,2026-09-18,
560e8502d1b3,Los Tres Cerditos,40.4204833,-3.7169005,Cuesta de San Vicente,32,28008,,,,,,,True,https://www.3cerditos.com/,True,True,True,False,True,True,21,325,OSM,no_matcheado,2026-09-18,
96bd78f70cb2,Foster's Hollywood,40.4210103,-3.7197439,,,,,,,,american,,False,,False,False,True,False,False,True,22,135,OSM,no_matcheado,2026-09-18,
97d7fc95f014,Portosín,40.4281529,-3.694936,,,,,,,,,,False,,False,False,False,False,False,False,80,335,OSM,no_matcheado,2026-09-18,
8d843716f7b0,Excalibur,40.4257675,-3.7146245,Calle de Martín de los Heros,28,28008,,,,,grill,,False,,False,False,False,False,False,False,90,303,OSM,no_matcheado,2026-09-18,
7737a0aafb2c,Las Marismas,40.4143452,-3.7264511,,,,,,,,,,False,,False,False,False,False,False,False,15,33,OSM,no_matcheado,2026-09-18,
d69adb769b2d,Badila,40.4117997,-3.7037506,Calle de San Pedro Mártir,6,28012,,,,,spanish,,False,,False,False,False,False,False,False,197,772,OSM,no_matcheado,2026-09-18,
b4cf0dcac4af,Enso Sushi,40.4281119,-3.6903528,Paseo de la Castellana,15,,,,,,japanese,,False,,False,False,False,False,False,False,35,153,OSM,no_matcheado,2026-09-18,
fdd4e65bc7b2,Bar La Cueva de Barragan,40.4207498,-3.7156141,,,,,,,,,,False,,False,False,False,False,False,False,30,422,OSM,no_matcheado,2026-09-18,
2ae754563818,La Almendra de la Morería,40.4133992,-3.712782,,,,,,,,,,False,,False,False,False,False,False,False,153,474,OSM,no_matcheado,2026-09-18,
efea43a78436,La Copita Asturiana,40.4107963,-3.7113502,Calle de Tabernillas,13,28005,,,,,,,True,http://www.lacopitaasturiana.com/,True,False,False,False,False,False,151,412,OSM,no_matcheado,2026-09-18,
352aea356610,La Pizpireta,40.4105256,-3.7117029,,,,,,,,,,False,,False,False,False,False,False,False,139,391,OSM,no_matcheado,2026-09-18,
b8e0f37bb150,El Antoju,40.4099286,-3.7129601,Calle del Ángel,16,,,,,,,,False,,False,False,False,False,False,True,99,331,OSM,no_matcheado,2026-09-18,
df47d4cb9e1b,Torayo Antonio,40.4138083,-3.715722,,,,,,,,,,False,,False,False,False,False,False,False,44,345,OSM,no_matcheado,2026-09-18,
59813bd2de16,La Estación,40.4224544,-3.7229346,Paseo de la Florida,31,,,,,,pizza,,False,,False,False,True,False,False,False,19,71,OSM,no_matcheado,2026-09-18,
6a43a37d0cc9,La Carpa,40.4125848,-3.7036451,,,,,,,,,,False,,False,False,False,False,False,True,237,857,OSM,no_matcheado,2026-09-18,
c2d05b32312f,Apolo,40.4125686,-3.7041644,,,,,,,,,,False,,False,False,True,False,False,True,238,856,OSM,no_matcheado,2026-09-18,
027b31283911,,40.4060918,-3.7113974,Glorieta Puerta de Toledo,3,28005,,,,,,,False,,False,False,True,False,False,False,23,192,OSM,no_matcheado,2026-09-18,
50bb5487aa6d,El Botánico,40.4128754,-3.6912761,Calle Ruiz de Alarcón,27,28014,,,,,,,True,http://restaurantebotanico.com/,True,True,True,False,False,True,41,238,OSM,no_matcheado,2026-09-18,
f342272896a6,Hanan,40.4259006,-3.7133788,Calle de Ventura Rodríguez,3,28008,,,,,ethiopian,,True,http://restauranteetiope.es/,True,False,False,False,False,False,130,364,OSM,no_matcheado,2026-09-18,
91eb4e8ad42b,Pez Tortilla,40.4242494,-3.7064905,Calle del Pez,36,28004,,,,,,,True,http://peztortilla.com/,True,False,False,False,False,True,240,729,OSM,no_matcheado,2026-09-18,
671c710ed0d5,La Taquería de Birra,40.4270811,-3.7085252,Plaza de las Comendadoras,2,28015,,,,,mexican,,True,https://www.lastaquerias.com/,True,False,True,False,False,True,124,509,OSM,no_matcheado,2026-09-18,
bbffe5028973,Kai Thai,40.4258151,-3.7130199,Calle de la Princesa,13,28008,,,,,thai,,True,https://kaithaicomidas.com/,True,True,True,False,False,False,141,387,OSM,no_matcheado,2026-09-18,
1c0566f08271,100 Montaditos,40.4254435,-3.712753,Calle de la Princesa,7,28008,,,,,sandwich,,True,https://spain.100montaditos.com/,False,False,True,False,False,True,150,414,OSM,no_matcheado,2026-09-18,
085ca96de994,La Mordida,40.4246501,-3.7129961,Calle de la Princesa,3,28008,,,,,mexican,,True,http://www.lamordida.com/web/sample-page/la-mordida-de-princesa/,True,False,False,False,False,False,155,435,OSM,no_matcheado,2026-09-18,
f7deaf2f5a79,Indalo,40.4249437,-3.7132192,Calle de la Princesa,3,28008,,,,,regional,,True,https://indalotapas.com/,False,False,True,False,False,True,149,411,OSM,no_matcheado,2026-09-18,
cf3375dd5052,Tapa Tapa,40.4253103,-3.7129761,Plaza de los Cubos,,28008,,,,,tapas,,False,,False,False,True,False,False,True,152,402,OSM,no_matcheado,2026-09-18,
cfe547dfb2e7,Ginos,40.4253937,-3.7133451,Calle de la Princesa,5,28008,,,,,italian,,True,https://www.ginos.es/,True,True,True,False,False,True,138,391,OSM,no_matcheado,2026-09-18,
6854db56b49e,El Cisne,40.4258193,-3.7136633,Calle de Ventura Rodríguez,4,28008,,,,,regional,,True,http://www.elcisne-theswan.com/,True,False,False,False,False,False,130,358,OSM,no_matcheado,2026-09-18,
ee21cca9de94,Dantxari,40.4253932,-3.7138709,Calle de Ventura Rodríguez,8,28008,,,,,regional,,True,https://www.dantxari.com/html/index.html,True,False,True,False,False,True,128,373,OSM,no_matcheado,2026-09-18,
258ff6caec00,Rifugio,40.4104042,-3.7102388,Calle del Humilladero,5,28005,,,,,regional,,False,,False,False,False,False,False,True,165,427,OSM,no_matcheado,2026-09-18,
e7788a64f259,Con 2 Fogones,40.4252351,-3.7106702,Calle de San Bernardino,9,28015,,,,,,,True,https://www.condosfogones.com/,True,False,False,False,False,True,190,532,OSM,no_matcheado,2026-09-18,
1a599402929c,Krüger,40.4248581,-3.7134354,Calle de la Princesa,5,28008,,,,,german,,True,https://www.restaurantekruger.com/,True,False,True,False,False,False,142,408,OSM,no_matcheado,2026-09-18,
4e3f4d671ce0,La Caleta,40.4108793,-3.6990942,Calle de los Tres Peces,21,28012,,,,,spanish;regional;fish,,False,,False,False,False,False,False,True,205,536,OSM,no_matcheado,2026-09-18,
418baac66140,La Musa,40.4287881,-3.7043284,Calle de Manuela Malasaña,18,28004,,,,,,,True,https://www.grupolamusa.com/restaurante-lamusa,True,False,False,False,False,False,91,409,OSM,no_matcheado,2026-09-18,
67a2f79ad4b7,La Casita de Patri,40.4269467,-3.7098762,Calle de Cristo,2,28015,,,,,,,False,,False,False,False,False,False,True,144,481,OSM,no_matcheado,2026-09-18,
7a4c49561e31,En Copa de Balón,40.4150254,-3.7070014,Plaza Mayor,2,28012,,,,,,,True,http://www.encopadebalon.com/es/blog/32_Nuevo-restaurante-En-Copa-de-Bal%C3%B3n-Plaza-Mayo,False,False,False,False,False,False,293,894,OSM,no_matcheado,2026-09-18,
4a30c8523aff,La Catrina,40.4252291,-3.7020009,Corredera Alta de San Pablo,13,28004,,,,,mexican,,False,,False,False,False,False,False,True,193,700,OSM,no_matcheado,2026-09-18,
df0cde4ce95e,Eusebios,40.4254639,-3.6992651,Calle de San Mateo,14,28004,,,,,regional,,False,,False,False,False,False,False,False,189,571,OSM,no_matcheado,2026-09-18,
e74a89f14c46,De Elisa,40.4254662,-3.713276,Calle de Santa María Micaela,4,28008,,,,,regional,,False,,False,False,True,False,False,False,139,392,OSM,no_matcheado,2026-09-18,
3069ee4f6a4a,El Café de la Ópera,40.4187837,-3.7101836,Calle de Arrieta,6,28013,,,,,regional,,True,https://www.elcafedelaopera.com/,True,False,False,False,False,False,259,788,OSM,no_matcheado,2026-09-18,
8bd23d194799,El Kiosko,40.4259803,-3.7173111,Calle de Ferraz,9,28008,,,,,,,True,http://www.elkiosko.es/,True,False,False,False,False,True,70,212,OSM,no_matcheado,2026-09-18,
e4c98c999bff,,40.41015,-3.69945,,,,,,,,regional,,False,,False,False,False,False,False,False,167,505,OSM,no_matcheado,2026-09-18,
29f665cbb0dd,Mesón-Restaurante Ferreiro,40.4215494,-3.7218587,,,,,,,,regional,,True,http://ferreirorestaurante.com/,False,False,True,False,False,False,19,89,OSM,no_matcheado,2026-09-18,
dc4314e7011a,El Lagar,40.4286873,-3.7199149,Calle de Ferraz,39,28008,,,,,regional,,False,,False,False,False,False,False,False,26,107,OSM,no_matcheado,2026-09-18,
28e42c8bf3ae,El Brote,40.410602,-3.7082429,,,28005,,,,,fine_dining,,True,https://www.elbrote.es/,True,False,False,False,False,False,180,576,OSM,no_matcheado,2026-09-18,
4e1b371faed7,Mesón Asturies,40.4119928,-3.7266641,Calle de Caramuel,19,,,,,,regional,,False,,False,False,False,False,False,False,14,21,OSM,no_matcheado,2026-09-18,
097cd49c8c74,Yothai,40.4204802,-3.7169691,Cuesta de San Vicente,32,28008,,,,,thai;pizza;tapas,,True,https://yothai.es,True,True,True,False,False,True,21,319,OSM,no_matcheado,2026-09-18,
13f943bcf621,Xamarkanda,40.4075499,-3.6917121,,,,,,,,,,False,,False,False,False,False,False,False,43,150,OSM,no_matcheado,2026-09-18,
07090c120f83,Taberna Úbeda,40.4255385,-3.7153062,Calle Luisa Fernanda,16,28008,,,,,regional,,False,,True,False,False,False,False,False,85,291,OSM,no_matcheado,2026-09-18,
b24b84cb9a36,Restaurante Reina Sofía,40.4074166,-3.6957563,Calle de Argumosa,43,28012,,,,,,,False,,True,False,False,False,False,True,87,278,OSM,no_matcheado,2026-09-18,
b5587180d11d,The Table,40.4269053,-3.698058,Calle de la Beneficencia,,28004,,,,,,,True,http://thetableby.es/,False,False,False,False,False,False,131,483,OSM,no_matcheado,2026-09-18,
aca90f4d65d3,La Dichosa,40.4265217,-3.7098449,Calle de Bernardo López García,11,28015,,,,,regional,,True,https://ladichosa.es/es/default.htm,True,False,False,False,False,True,157,500,OSM,no_matcheado,2026-09-18,
6b4782c243c5,La Mestiza,40.4267849,-3.7089398,Calle de la Palma,73,28015,,,,,,,False,,True,False,False,False,False,False,134,510,OSM,no_matcheado,2026-09-18,
8095c6ff6bb3,Subiendo al Sur,40.4254795,-3.7095929,Calle de Ponciano,5,28015,,,,,international,,True,https://subiendoalsur.org/,True,False,False,False,False,True,180,565,OSM,no_matcheado,2026-09-18,
05d2ee9d5754,Taberna La Bellota,40.4283874,-3.707538,Calle de San Hermenegildo,18,28015,,,,,regional,,False,,False,False,False,False,False,False,98,445,OSM,no_matcheado,2026-09-18,
eb06a7867467,Café Tatiana,40.4273013,-3.7044832,Plaza del Dos de Mayo,4,28004,,,,,,,False,,False,False,False,False,False,True,135,561,OSM,no_matcheado,2026-09-18,
8c072708fa5d,Casa Boni,40.4169467,-3.7098113,Calle del Espejo,,28013,,,,,regional,,False,,False,False,False,False,False,False,316,772,OSM,no_matcheado,2026-09-18,
d8c4cfe00817,Rincón Bruxelles,40.4169042,-3.7095861,Calle del Espejo,,28013,,,,,belgian,,False,,False,False,False,False,False,False,320,788,OSM,no_matcheado,2026-09-18,
67313612a2fc,Blanca 6,40.4288148,-3.6930548,Calle de Blanca de Navarra,6,28010,,,,,,,False,,True,False,False,False,False,False,53,220,OSM,no_matcheado,2026-09-18,
cda2ae223116,Domínguez La Taberna,40.4063003,-3.6930948,Paseo de las Delicias,7,28045,,,,,,,True,https://domingueztaberna.com/,True,False,False,False,False,False,42,170,OSM,no_matcheado,2026-09-18,
18c08fa401d1,Desh,40.4087136,-3.7022259,Calle del Amparo,61,28012,,,,,bangladeshi,,False,,False,False,False,False,False,False,98,557,OSM,no_matcheado,2026-09-18,
8c7e33872310,Punto Vegano,40.4248651,-3.7157166,Calle Luisa Fernanda,27,28008,,,,,,,True,https://restaurantepuntovegano.com/,True,True,False,False,True,False,83,300,OSM,no_matcheado,2026-09-18,
7b703f2fb8c0,La Tradición,40.4222203,-3.7111386,Calle de Fomento,35,28013,,,,,spanish;traditional,,False,,False,False,False,False,False,False,206,637,OSM,no_matcheado,2026-09-18,
8a0ac1a5f0f1,Sotanillo,40.4052925,-3.6950629,Paseo de Santa María de la Cabeza,2,28045,,,,,international,,False,,False,False,False,False,True,False,40,181,OSM,no_matcheado,2026-09-18,
d0d517f372eb,In RistoLab,40.4288097,-3.6993858,Calle de Francisco de Rojas,2,28010,,,,,,,False,,False,False,False,False,False,False,81,422,OSM,no_matcheado,2026-09-18,
581946546000,Mad Mad Vegan,40.4111151,-3.7028759,Calle de Lavapiés,16,28012,,,,,burger;sandwich,,True,https://madmadvegan.com/,True,True,False,False,False,False,160,710,OSM,no_matcheado,2026-09-18,
a8acb391b00f,Foster's Hollywood,40.4052363,-3.7012806,,,,,,,,american,,False,,False,True,True,False,False,True,48,227,OSM,no_matcheado,2026-09-18,
e512e3d0833e,Mercado Provenzal,40.426927,-3.6988537,Calle de Barceló,6,28004,,,,,,,False,,False,False,False,False,False,False,133,515,OSM,no_matcheado,2026-09-18,
36971483b0fa,Taberna de Alfonso,40.4157026,-3.7111725,Calle de Calderón de la Barca,3,28013,,,,,regional,,True,http://www.tabernadealfonso.es/91-025-44-84,True,False,False,False,False,False,261,645,OSM,no_matcheado,2026-09-18,
6dfc3fa9c2d6,Santa y Pura,40.4102015,-3.6972748,Calle de Santa Isabel,27,28012,,,,,burger;pizza;sandwich;spanish,,True,https://santaypura.es/,True,True,False,False,False,False,161,441,OSM,no_matcheado,2026-09-18,
8c3afd34fe22,SAU,40.4116328,-3.6992032,Calle de Santa Isabel,12,28012,,,,,fish;pasta;seafood,,False,,True,True,False,False,False,False,234,589,OSM,no_matcheado,2026-09-18,
d530ad7c5625,Sumo San,40.4241302,-3.7131739,Calle de Martín de los Heros,4,28008,,,,,japanese;sushi,,False,,True,False,False,False,False,False,153,449,OSM,no_matcheado,2026-09-18,
f42336fa8957,Gran Taberna Breogán,40.4242199,-3.71346,Calle de Martín de los Heros,5,28008,,,,,,,False,,True,False,False,False,False,False,146,429,OSM,no_matcheado,2026-09-18,
dca8fd950362,Bar Ebla,40.4242946,-3.7135259,Calle de Martín de los Heros,7,28008,,,,,kebab,,False,,False,False,False,False,False,True,143,426,OSM,no_matcheado,2026-09-18,
aa04dbfe6600,La Sifonería,40.4256682,-3.7147338,Calle de Martín de los Heros,27,28008,,,,,spanish;tapas;local,,False,,True,False,False,False,False,False,90,305,OSM,no_matcheado,2026-09-18,
510dd3f11a72,Sidrería Donosti,40.4254287,-3.7152608,Calle Luisa Fernanda,21,28008,,,,,regional,,True,http://www.sidreriadonosti.com/,True,False,False,False,False,False,86,297,OSM,no_matcheado,2026-09-18,
6a4d7db21ce2,La Charca,40.4238801,-3.7141119,Calle de Juan Álvarez Mendizábal,7,28008,,,,,,,True,http://www.lacharcataberna.com/,True,False,False,False,False,False,119,416,OSM,no_matcheado,2026-09-18,
749931af09f3,Sebas,40.4237585,-3.7138015,Calle de Juan Álvarez Mendizábal,,28008,,,,,,,False,,False,False,False,False,False,False,131,439,OSM,no_matcheado,2026-09-18,
7961847937a3,渝州人家,40.4238273,-3.7138656,Calle de Juan Álvarez Mendizábal,6,28008,,,,,chinese,,False,,True,False,False,False,False,False,129,438,OSM,no_matcheado,2026-09-18,
96ca58051db0,Little Hotpot,40.4253919,-3.7131558,Calle de Santa María Micaela,4,28008,,,,,chinese,,False,,False,False,True,False,False,False,145,395,OSM,no_matcheado,2026-09-18,
2a69e3753f5e,Casa Granada,40.4126561,-3.7038238,Calle del Doctor Cortezo,,,,,,,spanish,,False,,False,False,False,False,False,False,235,867,OSM,no_matcheado,2026-09-18,
36c62d891828,Crucina,40.4279843,-3.7055016,Calle del Divino Pastor,30,28004,,,,,,,True,http://www.crucina.com/,True,False,False,False,False,False,113,497,OSM,no_matcheado,2026-09-18,
610f88fc7854,El Pimiento Verde,40.4287093,-3.7151631,Calle de Quintana,1,28008,,,,,,,True,https://www.elpimientoverde.com/,True,False,False,False,False,False,61,216,OSM,no_matcheado,2026-09-18,
2875faa7fe65,Restaurante Cibeles,40.4204539,-3.6913616,Calle del Marqués del Duero,5,28001,,,,,spanish,,False,,False,False,False,False,False,False,47,347,OSM,no_matcheado,2026-09-18,
b0e34155405a,Pando,40.4071562,-3.6941571,Ronda de Atocha,,,,,,,regional,,False,,False,False,False,False,False,False,64,226,OSM,no_matcheado,2026-09-18,
5d52b4f3ec48,La Indigna,40.4245735,-3.6998156,Calle de Santa Brígida,5,28004,,,,,,,False,,False,False,False,False,False,False,240,649,OSM,no_matcheado,2026-09-18,
b7310c46c948,Plató,40.415917,-3.6922033,,,,,,,,,,True,https://restauranteplato.com,False,False,False,False,False,False,27,405,OSM,no_matcheado,2026-09-18,
da5c32aa8a21,La Tasca de Ventura,40.4247984,-3.7140111,Calle de Ventura Rodríguez,9,28008,,,,,,,True,http://www.latascadeventura.es/es/,True,False,False,False,False,False,122,386,OSM,no_matcheado,2026-09-18,
8cb81b42d1a1,Macuto,40.425621,-3.705116,Calle del Espíritu Santo,40,28004,,,,,,,False,,True,False,False,False,False,True,193,680,OSM,no_matcheado,2026-09-18,
32b1ad8d1df5,WOK,40.4215575,-3.7204026,,,,,,,,,,False,,True,False,True,False,False,False,21,117,OSM,no_matcheado,2026-09-18,
cee2b375da74,Bar Tomate,40.4279586,-3.6905514,,,,,,,,,,False,,False,False,False,False,False,False,38,161,OSM,no_matcheado,2026-09-18,
331a46f546b2,Awtar,40.4211313,-3.7083471,Calle de San Bernardo,5,28013,,,,,,,False,,False,False,False,False,False,False,285,867,OSM,no_matcheado,2026-09-18,
b6921b19a3fc,Tierra,40.4260597,-3.7148794,Calle de Martín de los Heros,34,28008,,,,,mexican,,True,https://www.tierraburritos.com,True,True,False,False,False,False,88,292,OSM,no_matcheado,2026-09-18,
3318814c9d8f,Zest Almagro,40.4281692,-3.6947967,Calle de Fernando El Santo,4,,,,,,,,True,https://www.zestmadrid.com/,True,False,False,False,False,False,80,326,OSM,no_matcheado,2026-09-18,
9a5a4145bb02,Pointer Madrid,40.4251896,-3.692052,Calle del Marqués de la Ensenada,16,28004,,,,,diner,,True,https://www.pointermadrid.com/,True,True,False,False,False,False,99,293,OSM,no_matcheado,2026-09-18,
997cb0380ab3,mama chico,40.4219353,-3.6903548,,,,,,,,,,False,,False,False,False,False,False,False,44,256,OSM,no_matcheado,2026-09-18,
dc74818765e5,Kao Thai,40.4242431,-3.7014441,Calle de Santa Bárbara,,,,,,,thai,,False,,False,False,False,False,False,False,224,777,OSM,no_matcheado,2026-09-18,
c8c9e95aedc5,Lettera Trattoria Moderna,40.4197233,-3.6982155,Calle de la Reina,20,28004,,,,,,,True,https://www.letteramadrid.com,False,True,False,False,False,False,253,794,OSM,no_matcheado,2026-09-18,
46c0dedfb694,Puerta de Atocha,40.4060296,-3.692107,,,,,,,,spanish,,False,,False,False,False,False,False,False,34,129,OSM,no_matcheado,2026-09-18,
e5440ff1bb09,Younique,40.4219958,-3.6959258,Calle de Augusto Figueroa,,,,,,,,,True,http://www.onlyyouhotels.com/dining/younique/,True,False,False,False,False,False,210,634,OSM,no_matcheado,2026-09-18,
60c3b7b6e439,Tapa Arte,40.4113785,-3.6931665,Paseo del Prado,32,,,,,,,,False,,False,False,False,False,False,True,72,313,OSM,no_matcheado,2026-09-18,
6239810d0e4a,Los Hierros,40.4274667,-3.7180696,,,,,,,,spanish,,False,,False,False,False,False,False,False,42,170,OSM,no_matcheado,2026-09-18,
4932adee382b,La Oveja Negra - Taberna Vegana,40.4093101,-3.6998817,Calle de Buenavista,42,28012,,,,,burger,,True,https://ovejanegravegana.com/es/,True,True,False,False,False,False,124,485,OSM,no_matcheado,2026-09-18,
b325809871d6,Taberna Pedraza,40.4221408,-3.6908645,Calle de Recoletos,4,,,,,,,,True,https://www.tabernapedraza.com/,True,False,False,False,False,False,48,280,OSM,no_matcheado,2026-09-18,
d4cffea79391,Al-Mounia,40.4221513,-3.6905695,,,,,,,,arab,,True,https://www.restaurantealmounia.es/,False,False,False,False,False,False,45,268,OSM,no_matcheado,2026-09-18,
b63640237607,Madrí Madre,40.4238426,-3.7148858,Calle de Ferraz,8,28008,,,,,,,True,https://www.madrimadre.com,True,False,False,False,False,False,103,382,OSM,no_matcheado,2026-09-18,
230ef880ac42,Fismuler,40.4281715,-3.6975246,Calle de Sagasta,29,,,,,,,,False,,True,True,False,False,False,True,90,413,OSM,no_matcheado,2026-09-18,
7ed3452e8087,Vips,40.4198163,-3.6915166,Calle de Alcalá,57,28014,,,,,international,,True,https://www.vips.es,True,False,True,False,False,True,44,373,OSM,no_matcheado,2026-09-18,
b801412d0cd5,Diferen-T,40.4197858,-3.6917519,Calle de Alcalá,55,28014,,,,,,,True,http://www.diferen-tmadrid.es/,True,False,True,False,False,False,46,391,OSM,no_matcheado,2026-09-18,
e7fce4f90c4a,Elkano Arroz,40.4289282,-3.7201517,Calle de Ferraz,43,28008,,,,,,,False,,False,False,False,False,False,False,25,99,OSM,no_matcheado,2026-09-18,
87739ca24952,Platos Rotos,40.4286426,-3.7198711,Calle de Ferraz,39,28008,,,,,,,True,http://restauranteplatosrotos.es/,True,False,False,False,False,False,27,110,OSM,no_matcheado,2026-09-18,
d9626ea8f846,Baraka's,40.4285531,-3.7197831,Calle de Ferraz,37,28008,,,,,,,True,https://www.restaurantebarakas.com/,True,True,False,False,False,False,27,110,OSM,no_matcheado,2026-09-18,
4fa81c8efa1c,La Garnacha,40.4278339,-3.7190855,Calle de Ferraz,27,28008,,,,,,,True,http://restaurantelagarnacha.es/,True,False,False,False,False,False,31,129,OSM,no_matcheado,2026-09-18,
9d4c649164c9,Ferrero,40.4276196,-3.7185848,Calle de Ferraz,54,28008,,,,,,,True,http://www.ferreroferraz54.es/,True,False,False,False,False,False,39,146,OSM,no_matcheado,2026-09-18,
7e371739cca7,Fogón & Candela,40.4274405,-3.7187026,Calle de Quintana,26,28008,,,,,regional,,True,http://fogonycandela.com/,True,False,False,False,False,False,39,144,OSM,no_matcheado,2026-09-18,
ea56cb21fb7e,Pituca Peruvian & Parrilla,40.4272076,-3.7191617,Calle de Quintana,30,28008,,,,,peruvian,,True,https://pitucamadrid.es,False,False,False,False,False,False,33,129,OSM,no_matcheado,2026-09-18,
4744b3d3b1d0,Più di Prima,40.4271704,-3.7197299,Paseo del Pintor Rosales,30,28008,,,,,,,False,,False,False,False,False,False,False,27,116,OSM,no_matcheado,2026-09-18,
d480310d7fe0,El Puerto de Vigo,40.4268407,-3.7178265,Calle de Ferraz,44,28008,,,,,regional,,True,http://nuevopuertodevigo.es/,True,False,False,False,False,False,49,185,OSM,no_matcheado,2026-09-18,
429de8946920,Akasaka,40.4267409,-3.718022,Calle de Ferraz,15,28008,,,,,chinese,,False,,False,False,False,False,False,False,47,181,OSM,no_matcheado,2026-09-18,
97f4ca1d495e,La Montaña,40.4262185,-3.718072,Calle del Rey Francisco,28,28008,,,,,,,False,,False,False,False,False,False,False,48,186,OSM,no_matcheado,2026-09-18,
2a5e0ebb8157,Pituca Lounge,40.4265242,-3.7190804,Paseo del Pintor Rosales,24,28008,,,,,,,False,,False,False,False,False,False,True,35,140,OSM,no_matcheado,2026-09-18,
216a819caf92,txirimiri,40.4262421,-3.7172405,Calle de Ferraz,38,28008,,,,,regional,,True,http://www.txirimiri.es/,True,False,False,False,False,True,70,212,OSM,no_matcheado,2026-09-18,
d557e9cf62fd,L'Italy,40.42604,-3.7173385,Calle de Ferraz,9,28008,,,,,italian,,True,https://restaurantelitaly.com/,True,False,False,False,False,True,69,209,OSM,no_matcheado,2026-09-18,
8d90b70a42d9,Entrevinos,40.4261012,-3.7171041,Calle de Ferraz,36,28008,,,,,,,True,https://entrevinos.net,True,True,False,False,False,True,74,216,OSM,no_matcheado,2026-09-18,
561f5967b302,El Arca,40.425802,-3.7171391,Calle de Ferraz,5,28008,,,,,,,False,,False,False,False,False,False,True,73,221,OSM,no_matcheado,2026-09-18,
c41d163f733e,Cuenllas,40.4257435,-3.7170734,Calle de Ferraz,5,28008,,,,,regional,,True,https://www.cuenllas.es/,True,False,False,False,False,True,74,223,OSM,no_matcheado,2026-09-18,
2374484af0ca,Toma Jamón,40.4254288,-3.7171074,Paseo del Pintor Rosales,2,28008,,,,,regional,,False,,False,False,False,False,False,True,73,224,OSM,no_matcheado,2026-09-18,
48bcae2cea6f,La Esquina de Nabuco,40.4256349,-3.7181231,Paseo del Pintor Rosales,12,28008,,,,,,,False,,False,False,False,False,False,True,49,189,OSM,no_matcheado,2026-09-18,
d4726a7968f5,El Club Allard,40.4232409,-3.7142894,Calle de Ferraz,2,28008,,,,,,,True,https://elcluballard.com/,True,False,False,False,False,False,109,431,OSM,no_matcheado,2026-09-18,
6b1a72f09fd1,Palacio de Cibeles,40.418899,-3.6921856,Plaza de la Cibeles,1,28014,,,,,,,False,,True,False,False,False,False,False,45,439,OSM,no_matcheado,2026-09-18,
1f3491c9cc51,Saisho,40.4257077,-3.7165143,Calle de Evaristo San Miguel,21,28008,,,,,sushi,,True,http://www.restaurantesaisho.com/,True,True,False,False,False,False,78,240,OSM,no_matcheado,2026-09-18,
785121a62de3,Las Delicias del Jamón,40.421385,-3.7143337,Cuesta de San Vicente,10,28008,,,,,regional,,True,http://lasdeliciasdeljamon.com/,True,False,True,False,False,True,81,495,OSM,no_matcheado,2026-09-18,
f8f75454fb68,La Ermita,40.4214908,-3.7217798,Paseo de la Florida,,28008,,,,,,,False,,False,False,True,False,False,False,18,89,OSM,no_matcheado,2026-09-18,
b782126c652c,Florida,40.423347,-3.7233583,Paseo de la Florida,,28008,,,,,,,False,,False,False,False,False,False,False,19,62,OSM,no_matcheado,2026-09-18,
4305105fe78a,El Piornal,40.4244607,-3.7253509,Paseo de la Florida,59,28008,,,,,regional,,True,https://www.restauranteelpiornalmadrid.com/es/,True,False,False,False,False,False,9,48,OSM,no_matcheado,2026-09-18,
15096c00b3fd,Bar La Terraza,40.4069145,-3.7230398,Avenida del Manzanares,,,,,,,,,False,,False,False,False,False,False,False,0,26,OSM,no_matcheado,2026-09-18,
550ce24a70c2,El Jardín de Orfila,40.4272674,-3.6932173,Calle de Orfila,6,28010,,,,,,,False,,True,False,False,False,False,False,82,291,OSM,no_matcheado,2026-09-18,
b54726e9f732,Canela,40.4218512,-3.7222083,Paseo de la Florida,21,28008,,,,,,,False,,True,False,True,False,False,False,20,85,OSM,no_matcheado,2026-09-18,
9a1974932f18,La Tasca,40.421888,-3.722252,Paseo de la Florida,,28008,,,,,,,False,,False,False,True,False,False,False,20,83,OSM,no_matcheado,2026-09-18,
6d1c1f2d8c98,Las Cubas,40.4221017,-3.7225575,Paseo de la Florida,27,28008,,,,,,,True,http://www.lascubas.es/,True,False,True,False,False,False,19,83,OSM,no_matcheado,2026-09-18,
03a3ea8b51b3,El Rincón de Sancho,40.4262058,-3.7145742,Calle Luisa Fernanda,9,28008,,,,,,,True,http://www.elrincondesancho.es/,True,False,False,False,False,False,91,292,OSM,no_matcheado,2026-09-18,
e2414de3f0a9,La Mucca,40.4283158,-3.6952621,Calle de Almagro,3,28010,,,,,,,True,http://lamuccacompany.com/lamucca-de-almagro/,True,False,False,False,False,True,80,342,OSM,no_matcheado,2026-09-18,
0476abbcf18d,La Buganvilla,40.4287526,-3.6943068,Calle de Almagro,12,28010,,,,,,,True,http://almagro.labuganvilla.es/restaurante/,True,False,False,False,False,False,65,278,OSM,no_matcheado,2026-09-18,
d2f99f3194e1,La Carbonera,40.4265808,-3.7098251,Calle de Bernardo López García,11,28015,,,,,,,False,,True,False,False,False,False,True,159,496,OSM,no_matcheado,2026-09-18,
9db2b03d212d,El Rincón,40.4151811,-3.6979464,Calle del Prado,25,28014,,,,,,,True,https://www.elrincondelprado.com/,True,False,False,False,False,False,265,707,OSM,no_matcheado,2026-09-18,
bc5d73a12a58,La Ribera,40.413592,-3.7208223,Paseo de la Virgen del Puerto,5,28005,,,,,regional,,True,http://www.caferestaurantelaribera.es/,True,True,False,False,False,True,13,74,OSM,no_matcheado,2026-09-18,
352e5465b96f,Josemi,40.419262,-3.6969854,Calle del Marqués de Valdeiglesias,2,28004,,,,,,,False,,True,False,False,False,False,True,232,733,OSM,no_matcheado,2026-09-18,
a1dca838bd65,Pasacalles,40.420286,-3.6911899,Calle del Marqués del Duero,6,28001,,,,,,,False,,False,False,False,False,False,False,44,327,OSM,no_matcheado,2026-09-18,
fe50a354c240,a.n.E.l,40.4206689,-3.6902133,Calle de Villalar,1,28001,,,,,regional,,True,http://aneltapas.com/,True,False,False,False,False,False,35,252,OSM,no_matcheado,2026-09-18,
92b9f1abc1e0,La Chuequita,40.4228471,-3.6977054,Plaza de Chueca,6,28004,,,,,,,False,,True,False,False,False,False,False,251,698,OSM,no_matcheado,2026-09-18,
6bc36c9fd2f8,New York Burger,40.4220813,-3.6907483,Calle de Recoletos,4,28001,,,,,burger,,True,https://newyorkburger.es,True,False,False,False,False,False,46,277,OSM,no_matcheado,2026-09-18,
f4ec850f5204,Shibari,40.406913,-3.7086481,,,,,,,,sushi,,False,,False,False,False,False,False,True,38,313,OSM,no_matcheado,2026-09-18,
845e57e78a61,Bismillah,40.4092906,-3.7028751,Calle del Amparo,36,28012,,,,,,,False,,False,False,False,False,False,False,100,606,OSM,no_matcheado,2026-09-18,
41f9348e793f,Prep' La Crêp,40.4263183,-3.6926728,Calle de Génova,25,28004,,,,,crepe,,True,https://preplacrepe.com/,True,True,False,False,False,False,85,290,OSM,no_matcheado,2026-09-18,
55ed7c2619be,La Cazuelita,40.411405,-3.6967132,Costanilla de los Desamparados,21,28014,,,,,spanish;regional;local,,True,http://www.lacazuelita.es,False,False,False,False,False,False,163,487,OSM,no_matcheado,2026-09-18,
47f70d6fcb83,Mesón O'Grove,40.4135861,-3.7250688,Calle de Saavedra Fajardo,16,28011,,,,,,,False,,True,True,False,False,False,False,16,32,OSM,no_matcheado,2026-09-18,
a14f3721c492,Cafetería Lily,40.4232275,-3.7091456,,,,,,,,peruvian,,False,,False,False,False,False,False,False,239,697,OSM,no_matcheado,2026-09-18,
9e626a8c19dc,Pura Vida Vegan Bar,40.4101456,-3.7090497,Calle de López Silva,4,,,,,,,,True,https://www.santaypura.es,True,False,False,False,False,False,158,482,OSM,no_matcheado,2026-09-18,
d19aa4fa9a76,Puerta al sol by Chicote,40.4170232,-3.7043301,,,,,,,,,,False,,False,False,False,False,False,True,324,1092,OSM,no_matcheado,2026-09-18,
a26f87cfad11,Origen Taberna Madrid,40.4265674,-3.7163351,Calle de Juan Álvarez Mendizábal,44,28008,,,,,,,True,http://www.origentaberna.com,True,True,False,False,False,False,78,234,OSM,no_matcheado,2026-09-18,
e1e1a0a06267,El Mono de la Pila,40.4118168,-3.698648,,,,,,,,peruvian,,False,,False,True,False,False,False,False,232,583,OSM,no_matcheado,2026-09-18,
4d761f4b3049,Running Sushi Akihabara,40.4250243,-3.7132488,,,,,,,,japanese,,False,,False,False,True,False,False,True,146,407,OSM,no_matcheado,2026-09-18,
4a0c84b05dd8,Saddle,40.427537,-3.6911125,,,,,,,,,,False,,False,False,False,False,False,False,44,184,OSM,no_matcheado,2026-09-18,
1c3c01ce0abf,The Place To Be,40.4264346,-3.6963628,Plaza de Santa Bárbara,10,28004,,,,,,,False,,False,True,False,False,False,False,132,459,OSM,no_matcheado,2026-09-18,
4910d6636c86,Cebo,40.4164051,-3.6985954,Carrera de San Jerónimo,34,28014,,,,,,,True,https://www.cebomadrid.com/en,True,True,False,False,False,False,318,791,OSM,no_matcheado,2026-09-18,
434275737144,Ana la Santa,40.4144948,-3.7014729,,,,,,,,,,False,,False,False,False,False,False,False,277,920,OSM,no_matcheado,2026-09-18,
10ede2558e57,,40.4267878,-3.7022828,Calle de Velarde,8,28004,,,,,kebab,,False,,False,False,False,False,False,True,149,619,OSM,no_matcheado,2026-09-18,
8d646fa1322a,El Barril de las Cortes,40.4166656,-3.6988101,Carrera de San Jerónimo,17,,,,,,,,True,http://barrildelascortes.com/,True,True,False,False,False,True,323,818,OSM,no_matcheado,2026-09-18,
f49fe4e2c001,Casa Wang,40.4127809,-3.7176542,Ronda de Segovia,2,28005,,,,,chinese,,True,https://pizzeriamayor.com/pizzerias/pizzeria-mayor-ronda-de-segovia/,True,False,False,False,False,True,17,194,OSM,no_matcheado,2026-09-18,
bf5589635e91,El Ducado,40.4132887,-3.7195403,Calle de Juan Duque,10,28005,,,,,,,True,http://www.elducadorestaurante.com/,True,False,False,False,False,False,6,107,OSM,no_matcheado,2026-09-18,
f2362717505e,Terraza del Palacio de Correos,40.4190716,-3.691959,,,,,,,,,,False,,False,False,False,False,False,False,41,418,OSM,no_matcheado,2026-09-18,
83c9bc6921a7,,40.4204712,-3.7209692,Glorieta de San Vicente,1,28008,,,,,,,False,,False,False,True,False,False,False,21,102,OSM,no_matcheado,2026-09-18,
f2c5766dafe4,Bengol India,40.4063011,-3.6946606,,,,,,,,indian,,False,,False,False,False,False,False,False,55,210,OSM,no_matcheado,2026-09-18,
3817098dff02,Expressio Café Restaurante,40.4129125,-3.6900263,Calle Espalter,9,28014,,,,,,,True,https://expressiocafe.com/,False,False,False,False,False,False,11,154,OSM,no_matcheado,2026-09-18,
afc4c5778fb1,Rodizio Brasileño,40.4121397,-3.7206309,Calle de Linneo,18,28005,,,,,,,False,,False,False,False,False,False,False,9,68,OSM,no_matcheado,2026-09-18,
a96c2f8a8851,100 Montaditos,40.4136624,-3.7244527,,,,,,,,sandwich,,False,,False,False,True,False,False,False,17,37,OSM,no_matcheado,2026-09-18,
6b7f7fa10d70,Colonial Norte,40.4216058,-3.7204519,,,,,,,,,,False,,False,False,True,False,False,False,21,116,OSM,no_matcheado,2026-09-18,
bf3f5aeab249,La chula de chamberí,40.428237,-3.6930478,Calle de Fernando El Santo,11,28010,,,,,,,False,,True,False,False,False,False,False,61,246,OSM,no_matcheado,2026-09-18,
ea81a920c92c,La manon,40.4289633,-3.7012387,Calle de Sagasta,5,28004,,,,,french;sandwich,,False,,True,False,False,False,False,False,91,420,OSM,no_matcheado,2026-09-18,
e90bdac99918,La Pilla,40.4283371,-3.6952257,3 Calle de Almagro,,28010,,,,,,,True,https://www.privateaser.es/local/38161-la-pilla,True,False,False,False,False,False,77,342,OSM,no_matcheado,2026-09-18,
6178518788f7,Petit Appetit Monte Esquinza,40.4262994,-3.6924711,,,,,,,,,,False,,False,False,False,False,False,False,87,280,OSM,no_matcheado,2026-09-18,
8ed1b4a91e6f,Nice To Meet You,40.4233567,-3.7104243,Gran Vía,80,28013,,,,,regional,,True,http://www.nicetomeetyoumadrid.com,False,True,False,False,False,True,222,622,OSM,no_matcheado,2026-09-18,
e07b519450e5,Taberna Valdepeñas,40.4121095,-3.7247096,,,,,,,,traditional;manchega;regional,,False,,False,False,True,False,False,False,17,22,OSM,no_matcheado,2026-09-18,
3a764fead438,Terraza del Casino,40.4179556,-3.7004476,,,,,,,,,,True,https://web.casinodemadrid.es/,False,False,False,False,False,False,344,945,OSM,no_matcheado,2026-09-18,
940665373058,The Hat Rooftop Bar,40.4142716,-3.7071308,,,,,,,,,,True,https://thehatmadrid.com/,False,False,False,False,False,False,267,851,OSM,no_matcheado,2026-09-18,
399c3b01f717,Frida,40.4239946,-3.6970414,,,,,,,,,,False,,False,True,False,False,False,False,224,587,OSM,no_matcheado,2026-09-18,
7d1d89f294cb,La Pilla,40.4284947,-3.6950858,Calle de Almagro,3,,,,,,,,False,,False,False,False,False,False,False,74,325,OSM,no_matcheado,2026-09-18,
f364ac171cbf,Nakama,40.4284534,-3.6987416,Calle de Sagasta,23,28004,,,,,sushi,,True,https://www.nakamasushibar.com/,True,False,False,False,False,False,82,427,OSM,no_matcheado,2026-09-18,
43735204a94f,Pelotari,40.422211,-3.6907019,,,,,,,,,,True,http://pelotari-asador.com/,True,False,False,False,False,False,48,274,OSM,no_matcheado,2026-09-18,
ac31c95f85e8,La Casa de las Torrijas,40.4152377,-3.7042458,,,,,,,,spanish,,False,,False,False,False,False,False,False,290,1011,OSM,no_matcheado,2026-09-18,
99df3ffb8873,El Pelotari,40.4222351,-3.6907431,,,,,,,,,,False,,False,False,False,False,False,False,48,275,OSM,no_matcheado,2026-09-18,
715dff5b3a57,Las Reses,40.4274405,-3.692978,Calle de Orfila,3,,,,,,,,False,,False,False,False,False,False,False,73,268,OSM,no_matcheado,2026-09-18,
ce4601305ddf,El Caribe,40.4244129,-3.7252756,,,,,,,,,,False,,False,False,False,False,False,False,10,48,OSM,no_matcheado,2026-09-18,
a0d294b71510,Oktoberfest Biergarten,40.4217435,-3.7201198,,,,,,,,,,True,http://www.oktoberfest-biergarten.com,True,False,True,False,False,True,22,121,OSM,no_matcheado,2026-09-18,
cd058dcaae16,La rebelión de los mandiles,40.4152211,-3.71317,,,,,,,,,,False,,False,False,False,False,False,False,118,512,OSM,no_matcheado,2026-09-18,
da08a6e00fbf,Habesha,40.4060838,-3.6949468,Paseo de Santa María de la Cabeza,16,28045,,,,,,,False,,False,False,False,False,False,False,54,208,OSM,no_matcheado,2026-09-18,
3803c94f889c,La Vaquería Montañesa,40.4287956,-3.6927809,Calle de Blanca de Navarra,8,28010,,,,,,,True,https://lavaqueriamontanesa.es/,False,False,False,False,False,False,51,201,OSM,no_matcheado,2026-09-18,
2bb10ba41cd5,Raimunda,40.4202504,-3.6919982,Paseo de Recoletos,2,,,,,,,,False,,False,False,False,False,False,False,52,403,OSM,no_matcheado,2026-09-18,
cb88550ab531,Mandela 100,40.4093227,-3.7038934,Calle del Mesón de Paredes,52,,,,,,senegalese,,False,,True,False,True,False,False,True,92,612,OSM,no_matcheado,2026-09-18,
f50890901b41,Azura Bar,40.4117395,-3.7066306,,,,,,,,,,False,,False,False,False,False,False,False,219,743,OSM,no_matcheado,2026-09-18,
1ed3f8ad5b78,L'Art Crêperie,40.4242027,-3.7134475,Calle de Martín de los Heros,5,28008,,,,,crepe,,False,,False,False,False,False,False,False,146,430,OSM,no_matcheado,2026-09-18,
21592bd4368c,Shangyuan,40.4069704,-3.6950056,,,,,,,,chinese,,False,,False,False,True,False,False,True,70,235,OSM,no_matcheado,2026-09-18,
64a9789c0319,Asador El Molinón,40.4217156,-3.7220873,,,,,,,,,,False,,False,False,True,False,False,False,20,86,OSM,no_matcheado,2026-09-18,
521c0c97474e,El Capricho Extremeño,40.4071978,-3.7083221,Calle de Carlos Arniches,30,28005,,,,,,,False,,False,True,False,False,False,False,46,338,OSM,no_matcheado,2026-09-18,
4c8c6ebcffd3,Pupuseria Madrid Rio Grande Atocha,40.406033,-3.6949685,Paseo de Santa María de la Cabeza,16,28045,,,,,,,False,,False,True,False,False,False,False,53,207,OSM,no_matcheado,2026-09-18,
8439239c6ad2,Kausa Madrid by Gonzáles Bastidas,40.4127896,-3.6983066,Calle Amor de Dios,9,28014,,,,,peruvian,,True,https://kausamadrid.es/,False,True,False,False,False,False,245,620,OSM,no_matcheado,2026-09-18,
923c43eec08a,La Terraza del Santo Domingo,40.4206617,-3.7085187,,,,,,,,,,True,https://laterrazadelsantodomingo.es/es,True,False,False,False,False,False,291,859,OSM,no_matcheado,2026-09-18,
a652d1718250,Restaurante Dos Cielos,40.4196872,-3.7101408,Cuesta de Santo Domingo,5,,,,,,,,True,https://www.restaurantedoscielos.com/,True,False,False,False,False,False,259,750,OSM,no_matcheado,2026-09-18,
fe044e7216d4,Dai,40.4208006,-3.6918537,Paseo de Recoletos,6,,,,,,,,False,,False,False,False,False,False,False,56,371,OSM,no_matcheado,2026-09-18,
81625db4e666,NOI,40.4220139,-3.6906004,Calle de Recoletos,6,28001,,,,,italian,,True,https://restaurantenoi.com/,True,False,False,False,False,False,45,269,OSM,no_matcheado,2026-09-18,
a8858e8bb1f2,Ronda,40.4083058,-3.7162104,,,,,,,,,,False,,False,False,False,False,False,False,17,147,OSM,no_matcheado,2026-09-18,
e080f033e051,Taquería María Bonita,40.4081098,-3.715742,,,,,,,,mexican,,False,,False,False,False,False,False,False,22,163,OSM,no_matcheado,2026-09-18,
f5460e99088c,Bar Retaurante Estoril,40.4080038,-3.7154805,,,,,,,,,,False,,False,False,False,False,False,False,23,166,OSM,no_matcheado,2026-09-18,
bad7a7ce9164,La Cueva de Barragan II,40.4233935,-3.7156638,Calle de Arriaza,18,,,,,,,,False,,False,False,False,False,False,False,79,350,OSM,no_matcheado,2026-09-18,
df43a26bc4c9,Fayer Madrid,40.4273732,-3.6926755,Calle de Orfila,7,28010,,,,,israeli;argentinian;middle_eastern,,True,https://fayer.com/madrid.html,True,True,False,True,False,False,71,255,OSM,no_matcheado,2026-09-18,
babf7df4f18b,Patio Siete,40.4287454,-3.6911892,Calle de Fortuny,7,28010,,,,,regional;international,,True,https://www.patiosiete.com/,True,True,False,False,False,False,40,164,OSM,no_matcheado,2026-09-18,
4d43d2bedf1e,Sabor Sichuan,40.425759,-3.7134516,Calle de Ventura Rodríguez,5,28008,,,,,chinese;sichuan;hot_pot,,False,,True,False,False,False,False,False,132,367,OSM,no_matcheado,2026-09-18,
571131f58be1,Brutal Burrito,40.409165,-3.7011392,,,,,,,,,,False,,False,False,False,False,False,False,123,544,OSM,no_matcheado,2026-09-18,
3e65fdbc2351,La Teranga,40.4089219,-3.7029907,,,,,,,,senegalese,,False,,False,False,False,False,False,False,95,594,OSM,no_matcheado,2026-09-18,
64263ebaa9c6,Taberna La Cata,40.4256209,-3.7146938,Calle de Martín de los Heros,25,28008,,,,,spanish;local,,False,,True,False,False,False,False,False,89,310,OSM,no_matcheado,2026-09-18,
0a7154446ea8,Casa Pipi,40.4149401,-3.7119694,Calle del Sacramento,10,,,,,,,,False,,False,False,False,False,False,False,226,542,OSM,no_matcheado,2026-09-18,
04d9406564cd,Las Viñas,40.4072632,-3.7165501,Calle de Gil Imón,10,28005,,,,,,,False,,False,False,False,False,False,True,7,119,OSM,no_matcheado,2026-09-18,
ac717931529f,,40.4070698,-3.7167897,,,,,,,,,,False,,False,False,False,False,False,True,5,105,OSM,no_matcheado,2026-09-18,
3d7d5dd8d7e5,La Fonda Lironda,40.426087,-3.6922322,Calle de Génova,27,,,,,,,,True,https://grupocarbon.es/restaurantes/fonda-lironda/,True,True,False,False,False,True,89,273,OSM,no_matcheado,2026-09-18,
40dd41816554,Sanissimo Principe Pío,40.4227242,-3.7232986,Paseo de la Florida,37,28008,,,,,,,True,https://sanissimo.eu/,True,False,True,False,False,False,19,61,OSM,no_matcheado,2026-09-18,
76373f83ded9,Davvero,40.417215,-3.700878,Calle de Alcalá,12,28014,,,,,italian,,True,https://davverorestaurante.com,True,False,False,False,False,False,318,970,OSM,no_matcheado,2026-09-18,
c8ae948706d9,Sky Sushi & Ramen,40.4219768,-3.6901268,,,,,,,,sushi,,False,,False,False,False,False,False,False,44,248,OSM,no_matcheado,2026-09-18,
b5494a3c2e95,El Barril del Recoletos,40.4220452,-3.6902931,,,,,,,,fish,,False,,False,False,False,False,False,False,45,254,OSM,no_matcheado,2026-09-18,
15cce8f70aa1,El Edén Gastrobar,40.4239135,-3.7109427,Calle del Maestro Guerrero,,28013,,,,,brunch;spanish;international;pizza;japanese;dessert;salad,,True,https://www.riu360rooftopbar.com,True,False,True,False,True,True,202,571,OSM,no_matcheado,2026-09-18,
a655ac895531,Juana La Loca,40.4218737,-3.6902566,Calle de Recoletos,10,28001,,,,,,,True,http://juanalaloca.com.es/,True,True,False,False,False,False,44,254,OSM,no_matcheado,2026-09-18,
2efe9bb599b3,Tiki Taco,40.427622,-3.7144824,Calle de Evaristo San Miguel,2,28008,,,,,mexican,,False,,False,False,True,False,False,False,88,258,OSM,no_matcheado,2026-09-18,
4fda4f731c39,Kausa Madrid,40.4128349,-3.6983002,,,28014,,,,,peruvian,,False,,False,False,False,False,False,False,248,622,OSM,no_matcheado,2026-09-18,
fc1ffc05981e,Pupusería Madrid Rio Grande Atocha,40.4061276,-3.694906,Paseo de Santa María de la Cabeza,16,28045,,,,,,,False,,False,False,False,False,False,False,54,208,OSM,no_matcheado,2026-09-18,
56658d795185,Tiki Taco,40.4275876,-3.7144896,Calle de Evaristo San Miguel,,,,,,,mexican,,False,,False,False,True,False,False,True,89,258,OSM,no_matcheado,2026-09-18,
1de38a01767b,Tang Chu,40.4221362,-3.7139479,Plaza de España,11,28008,,,,,japanese;asian,,True,https://tangchu.es/,True,True,True,False,False,True,105,481,OSM,no_matcheado,2026-09-18,
4816449dbb7c,Vegicano,40.4128781,-3.7258513,,,,,,,,,,False,,False,False,False,False,False,False,15,22,OSM,no_matcheado,2026-09-18,
fe1f01b53f7d,El comedor de La TraMoya,40.4129396,-3.7259141,,,,,,,,,,False,,False,False,False,False,False,False,15,22,OSM,no_matcheado,2026-09-18,
5f170c0f718d,Ciento Ochenta° de La TraMoya,40.4129719,-3.7259117,,,,,,,,,,False,,False,False,False,False,False,False,15,23,OSM,no_matcheado,2026-09-18,
2b086a80ed42,Vicio,40.4273882,-3.7027553,Calle del Divino Pastor,9,,,,,,,,False,,False,False,False,False,False,False,130,577,OSM,no_matcheado,2026-09-18,
1b1e4849e26e,Be Banh Mi - Es Vietnam,40.4228859,-3.7076798,,,,,,,,,,False,,False,True,False,False,False,False,275,786,OSM,no_matcheado,2026-09-18,
b185829d5496,Sandó,40.4206147,-3.7087109,,,,,,,,,,False,,False,False,False,False,False,False,286,849,OSM,no_matcheado,2026-09-18,
9da0c9288cb2,Level,40.4207781,-3.7081664,,,,,,,,,,False,,False,False,False,False,False,True,292,888,OSM,no_matcheado,2026-09-18,
509c0bb42c29,La Falda,40.4074255,-3.7008554,,,,,,,,,,True,https://www.lafalda.es/,True,False,False,False,False,False,86,419,OSM,no_matcheado,2026-09-18,
b4291cd517e8,Ablanedo,40.4288618,-3.7178653,Calle del Buen Suceso,14,28008,,,,,,,True,https://restauranteablanedo.eatbu.com/,True,True,False,False,False,False,39,148,OSM,no_matcheado,2026-09-18,
13a896949957,Tabernícola,40.4286536,-3.7183439,Calle del Buen Suceso,20,28008,,,,,spanish,,True,http://restaurantetabernicola.com/,True,False,False,False,False,False,35,142,OSM,no_matcheado,2026-09-18,
74150351d765,Nippon,40.4284577,-3.7188028,Calle del Buen Suceso,24,28008,,,,,japanese,,False,,False,False,False,False,False,False,31,131,OSM,no_matcheado,2026-09-18,
16d6f524ba74,La Casona,40.4062675,-3.6928504,,,,,,,,,,False,,False,False,False,False,False,False,36,163,OSM,no_matcheado,2026-09-18,
72a6aff76e5f,La Matriarca,40.4062385,-3.6923209,,,,,,,,,,True,https://www.lamatriarca.es/,False,False,False,False,False,False,35,144,OSM,no_matcheado,2026-09-18,
ab7eff13446b,Bistró,40.4062359,-3.6924084,,,,,,,,,,True,https://bistroatocha.es/,False,False,False,False,False,False,35,146,OSM,no_matcheado,2026-09-18,
9016c25cc241,Sonko Gastro Bar,40.4135908,-3.726237,,,,,,,,,,False,,False,False,False,False,False,False,15,25,OSM,no_matcheado,2026-09-18,
64948402308e,Tagomago,40.4204147,-3.6901565,,,,,,,,,,False,,False,False,False,False,False,False,33,249,OSM,no_matcheado,2026-09-18,
260c6f84e9fb,Ático Restaurante & Terraza,40.419255,-3.6972007,Calle del Marqués de Valdeiglesias,1,28004,,,,,,,True,https://www.theprincipalmadridhotel.com/es/restaurantes/atico/,True,True,True,False,False,True,243,749,OSM,no_matcheado,2026-09-18,
33d09ddedaac,La Terraza Restaurante,40.4193547,-3.6971737,,,,,,,,,,True,https://www.theprincipalmadridhotel.com/es/restaurantes/rooftop-madrid/,True,True,True,False,True,True,239,744,OSM,no_matcheado,2026-09-18,
9d977b79eb23,Portuquesa,40.4262844,-3.7150794,,,,,,,,portuguese,,False,,False,True,False,False,False,False,84,279,OSM,no_matcheado,2026-09-18,
13cf20281358,Casa Ecuador,40.4054324,-3.6944481,,,,,,,,,,False,,False,False,False,False,False,False,41,176,OSM,no_matcheado,2026-09-18,
9270f16846bb,La Casina III,40.4054136,-3.6941738,,,,,,,,spanish,,False,,False,False,False,False,False,False,38,171,OSM,no_matcheado,2026-09-18,
460e5ecbe6b9,Didedas,40.4071031,-3.6991847,Calle del Doctor Fourquet,28,,,,,,georgian,,True,https://didedasrestaurante.es/,True,True,False,False,False,False,87,357,OSM,no_matcheado,2026-09-18,
a1893e427b58,Asador Castellano,40.4092051,-3.7099576,Calle de Toledo,103,,,,,,,,False,,False,False,False,False,False,True,129,394,OSM,no_matcheado,2026-09-18,
a7ff7f861f43,Oso Rojo,40.4098953,-3.6935823,Calle de Atocha,123,,,,,,,,False,,False,False,False,False,False,True,79,302,OSM,no_matcheado,2026-09-18,
b6db6dc465c1,Un sabor excepcional,40.4134972,-3.6906501,,,,,,,,,,False,,False,False,True,False,False,False,15,213,OSM,no_matcheado,2026-09-18,
d961c4b8c277,Sana Vegetariana,40.4141431,-3.72544,,,,,,,,,,False,,False,True,True,False,False,True,15,37,OSM,no_matcheado,2026-09-18,
a7b60caa66d6,Shangai Sehngjan,40.4233829,-3.7094332,,,,,,,,chinese,,False,,True,True,False,False,False,False,239,674,OSM,no_matcheado,2026-09-18,
58ee49de2c36,Valdivieso,40.4051639,-3.6988226,Calle Fray Luis de León,7,,,,,,spanish,,False,,False,False,False,False,False,False,48,230,OSM,no_matcheado,2026-09-18,
c3167c303b6c,Café del Rio,40.4162629,-3.7238413,,,,,,,,,,False,,False,False,False,False,False,False,14,46,OSM,no_matcheado,2026-09-18,
34342fc313da,Busan Go!,40.4050698,-3.6979959,Calle de Sebastián Elcano,23,28012,,,,,korean,,False,,False,False,False,False,False,False,46,216,OSM,no_matcheado,2026-09-18,
50e5e9bedf05,Pocket Ramen,40.421469,-3.7074826,Gran Vía,56,28004,,,,,chinese,,False,,False,False,False,False,False,False,287,891,OSM,no_matcheado,2026-09-18,
47245fd6ae04,López & López,40.409469,-3.7042749,Calle de los Cabestreros,4,28012,,,,,italian_pizza,,True,https://lopezylopezpizzeria.es,True,True,False,False,False,False,88,615,OSM,no_matcheado,2026-09-18,
362c41587ee5,Cafetería Casa America,40.4203128,-3.6917641,Calle del Marqués del Duero,0,28001,,,,,breakfast;coffee_shop;spanish,,False,,True,True,False,False,False,False,51,384,OSM,no_matcheado,2026-09-18,
63788ef036cf,La Vaca y La Hurta,40.422087,-3.6903816,Calle de Recoletos,7,28001,,,,,spanish,,True,https://lavacaylahuerta.com/,True,True,False,False,False,False,45,256,OSM,no_matcheado,2026-09-18,
881279c3579e,La Moñona,40.4126191,-3.7267744,,,,,,,,,,False,,False,False,True,False,False,False,14,20,OSM,no_matcheado,2026-09-18,
89deede6ad6c,Campiello,40.4057618,-3.712444,,,,,,,,spanish,,False,,True,True,False,False,False,False,19,168,OSM,no_matcheado,2026-09-18,
95f04746450c,La tapa de amistad,40.4194522,-3.7095807,Cuesta de Santo Domingo,10,28013,,,,,filipino;spanish,,False,,True,True,False,False,False,False,275,807,OSM,no_matcheado,2026-09-18,
7f58c1be3bb2,La Santamaría,40.4241441,-3.7124806,,,,,,,,spanish,,False,,False,False,True,False,False,False,165,481,OSM,no_matcheado,2026-09-18,
8709eddd2e61,Darov Salam,40.4079559,-3.7022164,Calle de Tribulete,10,28012,,,,,senegalese,,False,,False,False,False,False,False,False,82,518,OSM,no_matcheado,2026-09-18,
7ac852e1734f,Beata Pasta - Gran Vía,40.4201195,-3.700246,Gran Vía,22,28013,,,,,italian,,True,https://beata-pasta.com/gran-via,True,True,False,False,False,False,306,913,OSM,no_matcheado,2026-09-18,
368344024fa9,La flor de la canela,40.4230791,-3.709172,Calle de Ricardo León,2,28015,,,,,peruvian,,False,,True,False,False,False,False,False,245,700,OSM,no_matcheado,2026-09-18,
449b5e72951a,Asturias,40.4067104,-3.6926393,,,,,,,,spanish,,False,,False,False,True,False,False,False,40,164,OSM,no_matcheado,2026-09-18,
ebbbc12df0f6,Asian house,40.405486,-3.7068106,,,,,,,,asian,,False,,False,False,False,False,False,False,8,235,OSM,no_matcheado,2026-09-18,
8ff921623a42,#Porneats,40.4053694,-3.7072192,Ribera de Curtidores,25,,,,,,burger,,False,,False,False,False,False,False,False,9,225,OSM,no_matcheado,2026-09-18,
149e8eb0d1b8,Beata pasta,40.4255881,-3.7128551,,,,,,,,italian,,False,,False,False,False,False,False,False,150,402,OSM,no_matcheado,2026-09-18,
624f6179cf6d,Kōte,40.4257351,-3.7129683,,,,,,,,asian,,False,,False,False,False,False,False,False,142,393,OSM,no_matcheado,2026-09-18,
b1cdd5479cab,La Chalana,40.4267838,-3.6990228,Calle de Barceló,6,,,,,,,,True,https://www.lachalana.com/madrid-barcelo/,True,False,False,False,False,False,139,527,OSM,no_matcheado,2026-09-18,
c5e1b85c8d3d,Musgo,40.4142907,-3.6981961,Calle Cervantes,8,,,,,,,,False,,False,False,False,False,False,False,272,682,OSM,no_matcheado,2026-09-18,
7c67c94a2c5d,Pury,40.4231255,-3.70925,,,,,,,,,,False,,False,False,False,False,False,False,244,699,OSM,no_matcheado,2026-09-18,
dc7b80cd229a,Benares,40.4276489,-3.6938919,Calle de Zurbano,5,28010,,,,,indian,,True,https://benaresmadrid.com/,False,False,False,False,False,False,83,310,OSM,no_matcheado,2026-09-18,
17a46d7059e8,Alto Bardero,40.4113418,-3.7111181,,,,,,,,,,True,https://bardero.es/altobardero/,True,False,False,False,False,False,182,439,OSM,no_matcheado,2026-09-18,
4e12fcdbfc3a,RA-MEN Kagura,40.4051695,-3.697402,,,,,,,,,,False,,False,False,False,False,False,False,45,213,OSM,no_matcheado,2026-09-18,
ce84c5af0230,Bar Granadilla,40.405031,-3.6971871,,,,,,,,,,False,,False,False,False,False,False,False,41,203,OSM,no_matcheado,2026-09-18,
9a65b5c3d276,El Pimiento Verde,40.4168615,-3.6963798,,,,,,,,mediterranean,,True,https://elpimientoverde.com/zorrilla/,True,True,False,False,False,True,203,687,OSM,no_matcheado,2026-09-18,
6c6102d32416,Yothai Pizzería,40.4204826,-3.7170636,Cuesta de San Vicente,34,28008,,,,,pizza;thai;italian,,False,,False,True,True,False,False,True,19,309,OSM,no_matcheado,2026-09-18,
aa3ab5428f5f,viet nam foot,40.413641,-3.7092738,Calle de Segovia,1,,,,,,,,False,,False,True,False,False,False,False,295,664,OSM,no_matcheado,2026-09-18,
44c78bbbdad9,Quilombo Pizzeria,40.4076046,-3.7012428,Calle del Amparo,81,28012,,,,,argentinian;pizza,,True,http://quilombopizza.com,True,True,False,False,False,False,82,443,OSM,no_matcheado,2026-09-18,
