Municipios;Distritos;Secciones;Indicadores de renta media y mediana;Periodo;Total
28001 Acebeda, La;2800101 Acebeda, La distrito 01;2800101001 Acebeda, La sección 01001;Renta neta media por persona;2023;16.893
28002 Ajalvir;2800201 Ajalvir distrito 01;2800201001 Ajalvir sección 01001;Renta neta media por persona;2023;16.906
28002 Ajalvir;2800201 Ajalvir distrito 01;2800201002 Ajalvir sección 01002;Renta neta media por persona;2023;15.345
28003 Alameda del Valle;2800301 Alameda del Valle distrito 01;2800301001 Alameda del Valle sección 01001;Renta neta media por persona;2023;19.327
28004 Álamo, El;2800401 Álamo, El distrito 01;2800401001 Álamo, El sección 01001;Renta neta media por persona;2023;12.003
28004 Álamo, El;2800401 Álamo, El distrito 01;2800401002 Álamo, El sección 01002;Renta neta media por persona;2023;13.156
28004 Álamo, El;2800401 Álamo, El distrito 01;2800401003 Álamo, El sección 01003;Renta neta media por persona;2023;11.831
28004 Álamo, El;2800401 Álamo, El distrito 01;2800401004 Álamo, El sección 01004;Renta neta media por persona;2023;13.571
28005 Alcalá de Henares;2800501 Alcalá de Henares distrito 01;2800501001 Alcalá de Henares sección 01001;Renta neta media por persona;2023;17.674
28005 Alcalá de Henares;2800501 Alcalá de Henares distrito 01;2800501002 Alcalá de Henares sección 01002;Renta neta media por persona;2023;16.133
28005 Alcalá de Henares;2800501 Alcalá de Henares distrito 01;2800501003 Alcalá de Henares sección 01003;Renta neta media por persona;2023;17.448
28005 Alcalá de Henares;2800501 Alcalá de Henares distrito 01;2800501004 Alcalá de Henares sección 01004;Renta neta media por persona;2023;17.057
28005 Alcalá de Henares;2800501 Alcalá de Henares distrito 01;2800501005 Alcalá de Henares sección 01005;Renta neta media por persona;2023;19.350
28005 Alcalá de Henares;2800501 Alcalá de Henares distrito 01;2800501006 Alcalá de Henares sección 01006;Renta neta media por persona;2023;17.192
28005 Alcalá de Henares;2800501 Alcalá de Henares distrito 01;2800501007 Alcalá de Henares sección 01007;Renta neta media por persona;2023;13.181
28005 Alcalá de Henares;2800501 Alcalá de Henares distrito 01;2800501008 Alcalá de Henares sección 01008;Renta neta media por persona;2023;12.948
28005 Alcalá de Henares;2800501 Alcalá de Henares distrito 01;2800501009 Alcalá de Henares sección 01009;Renta neta media por persona;2023;13.071
28005 Alcalá de Henares;2800501 Alcalá de Henares distrito 01;2800501010 Alcalá de Henares sección 01010;Renta neta media por persona;2023;15.761
28005 Alcalá de Henares;2800501 Alcalá de Henares distrito 01;2800501011 Alcalá de Henares sección 01011;Renta neta media por persona;2023;14.855
28005 Alcalá de Henares;2800501 Alcalá de Henares distrito 01;2800501012 Alcalá de Henares sección 01012;Renta neta media por persona;2023;15.591
28005 Alcalá de Henares;2800501 Alcalá de Henares distrito 01;2800501013 Alcalá de Henares sección 01013;Renta neta media por persona;2023;17.562
28005 Alcalá de Henares;2800501 Alcalá de Henares distrito 01;2800501014 Alcalá de Henares sección 01014;Renta neta media por persona;2023;19.757
28005 Alcalá de Henares;2800501 Alcalá de Henares distrito 01;2800501015 Alcalá de Henares sección 01015;Renta neta media por persona;2023;15.955
28005 Alcalá de Henares;2800501 Alcalá de Henares distrito 01;2800501016 Alcalá de Henares sección 01016;Renta neta media por persona;2023;14.611
28005 Alcalá de Henares;2800501 Alcalá de Henares distrito 01;2800501017 Alcalá de Henares sección 01017;Renta neta media por persona;2023;13.359
28005 Alcalá de Henares;2800501 Alcalá de Henares distrito 01;2800501018 Alcalá de Henares sección 01018;Renta neta media por persona;2023;12.087
28005 Alcalá de Henares;2800501 Alcalá de Henares distrito 01;2800501020 Alcalá de Henares sección 01020;Renta neta media por persona;2023;12.480
28005 Alcalá de Henares;2800501 Alcalá de Henares distrito 01;2800501021 Alcalá de Henares sección 01021;Renta neta media por persona;2023;18.268
28005 Alcalá de Henares;2800501 Alcalá de Henares distrito 01;2800501022 Alcalá de Henares sección 01022;Renta neta media por persona;2023;15.093
28005 Alcalá de Henares;2800501 Alcalá de Henares distrito 01;2800501023 Alcalá de Henares sección 01023;Renta neta media por persona;2023;18.964
28005 Alcalá de Henares;2800501 Alcalá de Henares distrito 01;2800501024 Alcalá de Henares sección 01024;Renta neta media por persona;2023;19.549
28005 Alcalá de Henares;2800502 Alcalá de Henares distrito 02;2800502001 Alcalá de Henares sección 02001;Renta neta media por persona;2023;12.192
28005 Alcalá de Henares;2800502 Alcalá de Henares distrito 02;2800502002 Alcalá de Henares sección 02002;Renta neta media por persona;2023;12.654
28005 Alcalá de Henares;2800502 Alcalá de Henares distrito 02;2800502003 Alcalá de Henares sección 02003;Renta neta media por persona;2023;12.723
28005 Alcalá de Henares;2800502 Alcalá de Henares distrito 02;2800502004 Alcalá de Henares sección 02004;Renta neta media por persona;2023;10.588
28005 Alcalá de Henares;2800502 Alcalá de Henares distrito 02;2800502005 Alcalá de Henares sección 02005;Renta neta media por persona;2023;10.112
28005 Alcalá de Henares;2800502 Alcalá de Henares distrito 02;2800502006 Alcalá de Henares sección 02006;Renta neta media por persona;2023;10.255
28005 Alcalá de Henares;2800502 Alcalá de Henares distrito 02;2800502007 Alcalá de Henares sección 02007;Renta neta media por persona;2023;10.466
28005 Alcalá de Henares;2800502 Alcalá de Henares distrito 02;2800502008 Alcalá de Henares sección 02008;Renta neta media por persona;2023;11.975
28005 Alcalá de Henares;2800502 Alcalá de Henares distrito 02;2800502009 Alcalá de Henares sección 02009;Renta neta media por persona;2023;""
28005 Alcalá de Henares;2800502 Alcalá de Henares distrito 02;2800502010 Alcalá de Henares sección 02010;Renta neta media por persona;2023;10.131
28005 Alcalá de Henares;2800502 Alcalá de Henares distrito 02;2800502011 Alcalá de Henares sección 02011;Renta neta media por persona;2023;8.105
28005 Alcalá de Henares;2800502 Alcalá de Henares distrito 02;2800502012 Alcalá de Henares sección 02012;Renta neta media por persona;2023;9.131
28005 Alcalá de Henares;2800502 Alcalá de Henares distrito 02;2800502013 Alcalá de Henares sección 02013;Renta neta media por persona;2023;9.945
28005 Alcalá de Henares;2800502 Alcalá de Henares distrito 02;2800502014 Alcalá de Henares sección 02014;Renta neta media por persona;2023;12.227
28005 Alcalá de Henares;2800502 Alcalá de Henares distrito 02;2800502015 Alcalá de Henares sección 02015;Renta neta media por persona;2023;10.142
28005 Alcalá de Henares;2800502 Alcalá de Henares distrito 02;2800502016 Alcalá de Henares sección 02016;Renta neta media por persona;2023;12.470
28005 Alcalá de Henares;2800502 Alcalá de Henares distrito 02;2800502017 Alcalá de Henares sección 02017;Renta neta media por persona;2023;11.446
28005 Alcalá de Henares;2800502 Alcalá de Henares distrito 02;2800502018 Alcalá de Henares sección 02018;Renta neta media por persona;2023;13.681
28005 Alcalá de Henares;2800502 Alcalá de Henares distrito 02;2800502019 Alcalá de Henares sección 02019;Renta neta media por persona;2023;12.013
28005 Alcalá de Henares;2800502 Alcalá de Henares distrito 02;2800502020 Alcalá de Henares sección 02020;Renta neta media por persona;2023;12.591
28005 Alcalá de Henares;2800502 Alcalá de Henares distrito 02;2800502021 Alcalá de Henares sección 02021;Renta neta media por persona;2023;11.769
28005 Alcalá de Henares;2800502 Alcalá de Henares distrito 02;2800502022 Alcalá de Henares sección 02022;Renta neta media por persona;2023;11.929
28005 Alcalá de Henares;2800502 Alcalá de Henares distrito 02;2800502023 Alcalá de Henares sección 02023;Renta neta media por persona;2023;11.294
28005 Alcalá de Henares;2800502 Alcalá de Henares distrito 02;2800502024 Alcalá de Henares sección 02024;Renta neta media por persona;2023;11.074
28005 Alcalá de Henares;2800502 Alcalá de Henares distrito 02;2800502025 Alcalá de Henares sección 02025;Renta neta media por persona;2023;11.475
28005 Alcalá de Henares;2800502 Alcalá de Henares distrito 02;2800502026 Alcalá de Henares sección 02026;Renta neta media por persona;2023;14.201
28005 Alcalá de Henares;2800502 Alcalá de Henares distrito 02;2800502027 Alcalá de Henares sección 02027;Renta neta media por persona;2023;12.137
28005 Alcalá de Henares;2800502 Alcalá de Henares distrito 02;2800502028 Alcalá de Henares sección 02028;Renta neta media por persona;2023;16.480
28005 Alcalá de Henares;2800502 Alcalá de Henares distrito 02;2800502029 Alcalá de Henares sección 02029;Renta neta media por persona;2023;20.512
28005 Alcalá de Henares;2800502 Alcalá de Henares distrito 02;2800502030 Alcalá de Henares sección 02030;Renta neta media por persona;2023;11.999
28005 Alcalá de Henares;2800502 Alcalá de Henares distrito 02;2800502031 Alcalá de Henares sección 02031;Renta neta media por persona;2023;19.378
28005 Alcalá de Henares;2800502 Alcalá de Henares distrito 02;2800502032 Alcalá de Henares sección 02032;Renta neta media por persona;2023;13.849
28005 Alcalá de Henares;2800502 Alcalá de Henares distrito 02;2800502033 Alcalá de Henares sección 02033;Renta neta media por persona;2023;13.638
28005 Alcalá de Henares;2800502 Alcalá de Henares distrito 02;2800502034 Alcalá de Henares sección 02034;Renta neta media por persona;2023;14.372
28005 Alcalá de Henares;2800502 Alcalá de Henares distrito 02;2800502035 Alcalá de Henares sección 02035;Renta neta media por persona;2023;14.223
28005 Alcalá de Henares;2800502 Alcalá de Henares distrito 02;2800502036 Alcalá de Henares sección 02036;Renta neta media por persona;2023;14.210
28005 Alcalá de Henares;2800502 Alcalá de Henares distrito 02;2800502037 Alcalá de Henares sección 02037;Renta neta media por persona;2023;13.523
28005 Alcalá de Henares;2800502 Alcalá de Henares distrito 02;2800502038 Alcalá de Henares sección 02038;Renta neta media por persona;2023;22.495
28005 Alcalá de Henares;2800503 Alcalá de Henares distrito 03;2800503001 Alcalá de Henares sección 03001;Renta neta media por persona;2023;12.345
28005 Alcalá de Henares;2800503 Alcalá de Henares distrito 03;2800503002 Alcalá de Henares sección 03002;Renta neta media por persona;2023;11.469
28005 Alcalá de Henares;2800503 Alcalá de Henares distrito 03;2800503003 Alcalá de Henares sección 03003;Renta neta media por persona;2023;10.527
28005 Alcalá de Henares;2800503 Alcalá de Henares distrito 03;2800503004 Alcalá de Henares sección 03004;Renta neta media por persona;2023;15.896
28005 Alcalá de Henares;2800503 Alcalá de Henares distrito 03;2800503005 Alcalá de Henares sección 03005;Renta neta media por persona;2023;11.179
28005 Alcalá de Henares;2800503 Alcalá de Henares distrito 03;2800503006 Alcalá de Henares sección 03006;Renta neta media por persona;2023;12.515
28005 Alcalá de Henares;2800503 Alcalá de Henares distrito 03;2800503007 Alcalá de Henares sección 03007;Renta neta media por persona;2023;14.123
28005 Alcalá de Henares;2800503 Alcalá de Henares distrito 03;2800503008 Alcalá de Henares sección 03008;Renta neta media por persona;2023;13.720
28005 Alcalá de Henares;2800503 Alcalá de Henares distrito 03;2800503009 Alcalá de Henares sección 03009;Renta neta media por persona;2023;10.690
28005 Alcalá de Henares;2800503 Alcalá de Henares distrito 03;2800503011 Alcalá de Henares sección 03011;Renta neta media por persona;2023;15.765
28005 Alcalá de Henares;2800503 Alcalá de Henares distrito 03;2800503012 Alcalá de Henares sección 03012;Renta neta media por persona;2023;12.409
28005 Alcalá de Henares;2800503 Alcalá de Henares distrito 03;2800503013 Alcalá de Henares sección 03013;Renta neta media por persona;2023;20.830
28005 Alcalá de Henares;2800503 Alcalá de Henares distrito 03;2800503014 Alcalá de Henares sección 03014;Renta neta media por persona;2023;15.705
28005 Alcalá de Henares;2800503 Alcalá de Henares distrito 03;2800503015 Alcalá de Henares sección 03015;Renta neta media por persona;2023;17.525
28005 Alcalá de Henares;2800503 Alcalá de Henares distrito 03;2800503016 Alcalá de Henares sección 03016;Renta neta media por persona;2023;21.109
28005 Alcalá de Henares;2800503 Alcalá de Henares distrito 03;2800503017 Alcalá de Henares sección 03017;Renta neta media por persona;2023;20.287
28005 Alcalá de Henares;2800503 Alcalá de Henares distrito 03;2800503018 Alcalá de Henares sección 03018;Renta neta media por persona;2023;18.701
28005 Alcalá de Henares;2800504 Alcalá de Henares distrito 04;2800504001 Alcalá de Henares sección 04001;Renta neta media por persona;2023;20.339
28005 Alcalá de Henares;2800504 Alcalá de Henares distrito 04;2800504002 Alcalá de Henares sección 04002;Renta neta media por persona;2023;21.513
28005 Alcalá de Henares;2800504 Alcalá de Henares distrito 04;2800504003 Alcalá de Henares sección 04003;Renta neta media por persona;2023;21.759
28005 Alcalá de Henares;2800504 Alcalá de Henares distrito 04;2800504004 Alcalá de Henares sección 04004;Renta neta media por persona;2023;21.470
28005 Alcalá de Henares;2800504 Alcalá de Henares distrito 04;2800504005 Alcalá de Henares sección 04005;Renta neta media por persona;2023;14.973
28005 Alcalá de Henares;2800504 Alcalá de Henares distrito 04;2800504006 Alcalá de Henares sección 04006;Renta neta media por persona;2023;14.252
28005 Alcalá de Henares;2800504 Alcalá de Henares distrito 04;2800504007 Alcalá de Henares sección 04007;Renta neta media por persona;2023;20.641
28005 Alcalá de Henares;2800504 Alcalá de Henares distrito 04;2800504008 Alcalá de Henares sección 04008;Renta neta media por persona;2023;18.958
28005 Alcalá de Henares;2800504 Alcalá de Henares distrito 04;2800504009 Alcalá de Henares sección 04009;Renta neta media por persona;2023;14.931
28005 Alcalá de Henares;2800504 Alcalá de Henares distrito 04;2800504010 Alcalá de Henares sección 04010;Renta neta media por persona;2023;20.420
28005 Alcalá de Henares;2800504 Alcalá de Henares distrito 04;2800504011 Alcalá de Henares sección 04011;Renta neta media por persona;2023;18.901
28005 Alcalá de Henares;2800504 Alcalá de Henares distrito 04;2800504012 Alcalá de Henares sección 04012;Renta neta media por persona;2023;12.262
28005 Alcalá de Henares;2800504 Alcalá de Henares distrito 04;2800504013 Alcalá de Henares sección 04013;Renta neta media por persona;2023;19.849
28005 Alcalá de Henares;2800504 Alcalá de Henares distrito 04;2800504014 Alcalá de Henares sección 04014;Renta neta media por persona;2023;18.670
28005 Alcalá de Henares;2800504 Alcalá de Henares distrito 04;2800504015 Alcalá de Henares sección 04015;Renta neta media por persona;2023;12.033
28005 Alcalá de Henares;2800504 Alcalá de Henares distrito 04;2800504016 Alcalá de Henares sección 04016;Renta neta media por persona;2023;18.452
28005 Alcalá de Henares;2800504 Alcalá de Henares distrito 04;2800504017 Alcalá de Henares sección 04017;Renta neta media por persona;2023;18.647
28005 Alcalá de Henares;2800504 Alcalá de Henares distrito 04;2800504018 Alcalá de Henares sección 04018;Renta neta media por persona;2023;17.554
28005 Alcalá de Henares;2800504 Alcalá de Henares distrito 04;2800504019 Alcalá de Henares sección 04019;Renta neta media por persona;2023;22.322
28005 Alcalá de Henares;2800504 Alcalá de Henares distrito 04;2800504020 Alcalá de Henares sección 04020;Renta neta media por persona;2023;18.015
28005 Alcalá de Henares;2800504 Alcalá de Henares distrito 04;2800504021 Alcalá de Henares sección 04021;Renta neta media por persona;2023;20.095
28005 Alcalá de Henares;2800505 Alcalá de Henares distrito 05;2800505001 Alcalá de Henares sección 05001;Renta neta media por persona;2023;12.151
28005 Alcalá de Henares;2800505 Alcalá de Henares distrito 05;2800505002 Alcalá de Henares sección 05002;Renta neta media por persona;2023;15.406
28005 Alcalá de Henares;2800505 Alcalá de Henares distrito 05;2800505003 Alcalá de Henares sección 05003;Renta neta media por persona;2023;13.559
28005 Alcalá de Henares;2800505 Alcalá de Henares distrito 05;2800505004 Alcalá de Henares sección 05004;Renta neta media por persona;2023;13.318
28005 Alcalá de Henares;2800505 Alcalá de Henares distrito 05;2800505005 Alcalá de Henares sección 05005;Renta neta media por persona;2023;14.473
28005 Alcalá de Henares;2800505 Alcalá de Henares distrito 05;2800505006 Alcalá de Henares sección 05006;Renta neta media por persona;2023;18.039
28005 Alcalá de Henares;2800505 Alcalá de Henares distrito 05;2800505007 Alcalá de Henares sección 05007;Renta neta media por persona;2023;16.996
28005 Alcalá de Henares;2800505 Alcalá de Henares distrito 05;2800505008 Alcalá de Henares sección 05008;Renta neta media por persona;2023;16.223
28005 Alcalá de Henares;2800505 Alcalá de Henares distrito 05;2800505009 Alcalá de Henares sección 05009;Renta neta media por persona;2023;10.625
28005 Alcalá de Henares;2800505 Alcalá de Henares distrito 05;2800505010 Alcalá de Henares sección 05010;Renta neta media por persona;2023;13.554
28005 Alcalá de Henares;2800505 Alcalá de Henares distrito 05;2800505011 Alcalá de Henares sección 05011;Renta neta media por persona;2023;14.059
28005 Alcalá de Henares;2800505 Alcalá de Henares distrito 05;2800505012 Alcalá de Henares sección 05012;Renta neta media por persona;2023;11.886
28005 Alcalá de Henares;2800505 Alcalá de Henares distrito 05;2800505013 Alcalá de Henares sección 05013;Renta neta media por persona;2023;26.915
28005 Alcalá de Henares;2800505 Alcalá de Henares distrito 05;2800505014 Alcalá de Henares sección 05014;Renta neta media por persona;2023;14.752
28005 Alcalá de Henares;2800505 Alcalá de Henares distrito 05;2800505015 Alcalá de Henares sección 05015;Renta neta media por persona;2023;22.304
28005 Alcalá de Henares;2800505 Alcalá de Henares distrito 05;2800505016 Alcalá de Henares sección 05016;Renta neta media por persona;2023;24.068
28005 Alcalá de Henares;2800505 Alcalá de Henares distrito 05;2800505017 Alcalá de Henares sección 05017;Renta neta media por persona;2023;12.105
28005 Alcalá de Henares;2800505 Alcalá de Henares distrito 05;2800505018 Alcalá de Henares sección 05018;Renta neta media por persona;2023;15.018
28005 Alcalá de Henares;2800505 Alcalá de Henares distrito 05;2800505019 Alcalá de Henares sección 05019;Renta neta media por persona;2023;""
28005 Alcalá de Henares;2800505 Alcalá de Henares distrito 05;2800505020 Alcalá de Henares sección 05020;Renta neta media por persona;2023;12.270
28005 Alcalá de Henares;2800505 Alcalá de Henares distrito 05;2800505021 Alcalá de Henares sección 05021;Renta neta media por persona;2023;13.464
28005 Alcalá de Henares;2800505 Alcalá de Henares distrito 05;2800505022 Alcalá de Henares sección 05022;Renta neta media por persona;2023;20.447
28005 Alcalá de Henares;2800505 Alcalá de Henares distrito 05;2800505023 Alcalá de Henares sección 05023;Renta neta media por persona;2023;13.728
28005 Alcalá de Henares;2800505 Alcalá de Henares distrito 05;2800505024 Alcalá de Henares sección 05024;Renta neta media por persona;2023;12.826
28005 Alcalá de Henares;2800505 Alcalá de Henares distrito 05;2800505025 Alcalá de Henares sección 05025;Renta neta media por persona;2023;13.570
28005 Alcalá de Henares;2800505 Alcalá de Henares distrito 05;2800505026 Alcalá de Henares sección 05026;Renta neta media por persona;2023;12.374
28005 Alcalá de Henares;2800505 Alcalá de Henares distrito 05;2800505027 Alcalá de Henares sección 05027;Renta neta media por persona;2023;12.754
28005 Alcalá de Henares;2800505 Alcalá de Henares distrito 05;2800505028 Alcalá de Henares sección 05028;Renta neta media por persona;2023;18.721
28005 Alcalá de Henares;2800505 Alcalá de Henares distrito 05;2800505029 Alcalá de Henares sección 05029;Renta neta media por persona;2023;18.372
28005 Alcalá de Henares;2800505 Alcalá de Henares distrito 05;2800505030 Alcalá de Henares sección 05030;Renta neta media por persona;2023;18.618
28005 Alcalá de Henares;2800505 Alcalá de Henares distrito 05;2800505031 Alcalá de Henares sección 05031;Renta neta media por persona;2023;24.202
28005 Alcalá de Henares;2800505 Alcalá de Henares distrito 05;2800505032 Alcalá de Henares sección 05032;Renta neta media por persona;2023;25.152
28006 Alcobendas;2800601 Alcobendas distrito 01;2800601001 Alcobendas sección 01001;Renta neta media por persona;2023;12.814
28006 Alcobendas;2800601 Alcobendas distrito 01;2800601002 Alcobendas sección 01002;Renta neta media por persona;2023;11.785
28006 Alcobendas;2800601 Alcobendas distrito 01;2800601003 Alcobendas sección 01003;Renta neta media por persona;2023;10.473
28006 Alcobendas;2800601 Alcobendas distrito 01;2800601004 Alcobendas sección 01004;Renta neta media por persona;2023;12.443
28006 Alcobendas;2800601 Alcobendas distrito 01;2800601005 Alcobendas sección 01005;Renta neta media por persona;2023;11.676
28006 Alcobendas;2800601 Alcobendas distrito 01;2800601006 Alcobendas sección 01006;Renta neta media por persona;2023;11.778
28006 Alcobendas;2800601 Alcobendas distrito 01;2800601007 Alcobendas sección 01007;Renta neta media por persona;2023;11.546
28006 Alcobendas;2800601 Alcobendas distrito 01;2800601008 Alcobendas sección 01008;Renta neta media por persona;2023;11.384
28006 Alcobendas;2800601 Alcobendas distrito 01;2800601009 Alcobendas sección 01009;Renta neta media por persona;2023;10.926
28006 Alcobendas;2800601 Alcobendas distrito 01;2800601011 Alcobendas sección 01011;Renta neta media por persona;2023;10.749
28006 Alcobendas;2800601 Alcobendas distrito 01;2800601012 Alcobendas sección 01012;Renta neta media por persona;2023;11.328
28006 Alcobendas;2800601 Alcobendas distrito 01;2800601013 Alcobendas sección 01013;Renta neta media por persona;2023;12.518
28006 Alcobendas;2800601 Alcobendas distrito 01;2800601014 Alcobendas sección 01014;Renta neta media por persona;2023;11.219
28006 Alcobendas;2800601 Alcobendas distrito 01;2800601015 Alcobendas sección 01015;Renta neta media por persona;2023;13.856
28006 Alcobendas;2800601 Alcobendas distrito 01;2800601016 Alcobendas sección 01016;Renta neta media por persona;2023;12.314
28006 Alcobendas;2800601 Alcobendas distrito 01;2800601017 Alcobendas sección 01017;Renta neta media por persona;2023;10.110
28006 Alcobendas;2800601 Alcobendas distrito 01;2800601018 Alcobendas sección 01018;Renta neta media por persona;2023;11.411
28006 Alcobendas;2800601 Alcobendas distrito 01;2800601019 Alcobendas sección 01019;Renta neta media por persona;2023;11.965
28006 Alcobendas;2800601 Alcobendas distrito 01;2800601020 Alcobendas sección 01020;Renta neta media por persona;2023;""
28006 Alcobendas;2800601 Alcobendas distrito 01;2800601021 Alcobendas sección 01021;Renta neta media por persona;2023;13.361
28006 Alcobendas;2800601 Alcobendas distrito 01;2800601022 Alcobendas sección 01022;Renta neta media por persona;2023;13.070
28006 Alcobendas;2800601 Alcobendas distrito 01;2800601023 Alcobendas sección 01023;Renta neta media por persona;2023;15.869
28006 Alcobendas;2800601 Alcobendas distrito 01;2800601024 Alcobendas sección 01024;Renta neta media por persona;2023;13.925
28006 Alcobendas;2800601 Alcobendas distrito 01;2800601025 Alcobendas sección 01025;Renta neta media por persona;2023;14.720
28006 Alcobendas;2800601 Alcobendas distrito 01;2800601026 Alcobendas sección 01026;Renta neta media por persona;2023;16.789
28006 Alcobendas;2800601 Alcobendas distrito 01;2800601027 Alcobendas sección 01027;Renta neta media por persona;2023;14.527
28006 Alcobendas;2800601 Alcobendas distrito 01;2800601028 Alcobendas sección 01028;Renta neta media por persona;2023;15.693
28006 Alcobendas;2800601 Alcobendas distrito 01;2800601029 Alcobendas sección 01029;Renta neta media por persona;2023;14.524
28006 Alcobendas;2800601 Alcobendas distrito 01;2800601030 Alcobendas sección 01030;Renta neta media por persona;2023;20.984
28006 Alcobendas;2800601 Alcobendas distrito 01;2800601031 Alcobendas sección 01031;Renta neta media por persona;2023;17.329
28006 Alcobendas;2800601 Alcobendas distrito 01;2800601032 Alcobendas sección 01032;Renta neta media por persona;2023;15.933
28006 Alcobendas;2800601 Alcobendas distrito 01;2800601033 Alcobendas sección 01033;Renta neta media por persona;2023;36.918
28006 Alcobendas;2800601 Alcobendas distrito 01;2800601034 Alcobendas sección 01034;Renta neta media por persona;2023;36.918
28006 Alcobendas;2800601 Alcobendas distrito 01;2800601035 Alcobendas sección 01035;Renta neta media por persona;2023;36.918
28006 Alcobendas;2800601 Alcobendas distrito 01;2800601036 Alcobendas sección 01036;Renta neta media por persona;2023;36.918
28006 Alcobendas;2800601 Alcobendas distrito 01;2800601037 Alcobendas sección 01037;Renta neta media por persona;2023;24.784
28006 Alcobendas;2800601 Alcobendas distrito 01;2800601038 Alcobendas sección 01038;Renta neta media por persona;2023;17.095
28006 Alcobendas;2800601 Alcobendas distrito 01;2800601039 Alcobendas sección 01039;Renta neta media por persona;2023;34.696
28006 Alcobendas;2800601 Alcobendas distrito 01;2800601040 Alcobendas sección 01040;Renta neta media por persona;2023;36.918
28006 Alcobendas;2800601 Alcobendas distrito 01;2800601041 Alcobendas sección 01041;Renta neta media por persona;2023;36.918
28006 Alcobendas;2800601 Alcobendas distrito 01;2800601042 Alcobendas sección 01042;Renta neta media por persona;2023;12.525
28006 Alcobendas;2800601 Alcobendas distrito 01;2800601043 Alcobendas sección 01043;Renta neta media por persona;2023;10.948
28006 Alcobendas;2800601 Alcobendas distrito 01;2800601044 Alcobendas sección 01044;Renta neta media por persona;2023;21.023
28006 Alcobendas;2800601 Alcobendas distrito 01;2800601045 Alcobendas sección 01045;Renta neta media por persona;2023;16.361
28006 Alcobendas;2800601 Alcobendas distrito 01;2800601046 Alcobendas sección 01046;Renta neta media por persona;2023;16.029
28006 Alcobendas;2800601 Alcobendas distrito 01;2800601047 Alcobendas sección 01047;Renta neta media por persona;2023;21.536
28006 Alcobendas;2800601 Alcobendas distrito 01;2800601048 Alcobendas sección 01048;Renta neta media por persona;2023;36.918
28006 Alcobendas;2800601 Alcobendas distrito 01;2800601049 Alcobendas sección 01049;Renta neta media por persona;2023;18.960
28006 Alcobendas;2800601 Alcobendas distrito 01;2800601050 Alcobendas sección 01050;Renta neta media por persona;2023;27.766
28006 Alcobendas;2800601 Alcobendas distrito 01;2800601051 Alcobendas sección 01051;Renta neta media por persona;2023;21.523
28006 Alcobendas;2800601 Alcobendas distrito 01;2800601052 Alcobendas sección 01052;Renta neta media por persona;2023;26.660
28006 Alcobendas;2800601 Alcobendas distrito 01;2800601053 Alcobendas sección 01053;Renta neta media por persona;2023;27.393
28006 Alcobendas;2800601 Alcobendas distrito 01;2800601054 Alcobendas sección 01054;Renta neta media por persona;2023;16.217
28006 Alcobendas;2800601 Alcobendas distrito 01;2800601055 Alcobendas sección 01055;Renta neta media por persona;2023;18.833
28006 Alcobendas;2800601 Alcobendas distrito 01;2800601056 Alcobendas sección 01056;Renta neta media por persona;2023;16.339
28006 Alcobendas;2800601 Alcobendas distrito 01;2800601057 Alcobendas sección 01057;Renta neta media por persona;2023;23.465
28006 Alcobendas;2800601 Alcobendas distrito 01;2800601058 Alcobendas sección 01058;Renta neta media por persona;2023;15.095
28006 Alcobendas;2800601 Alcobendas distrito 01;2800601059 Alcobendas sección 01059;Renta neta media por persona;2023;36.918
28006 Alcobendas;2800601 Alcobendas distrito 01;2800601060 Alcobendas sección 01060;Renta neta media por persona;2023;24.357
28006 Alcobendas;2800601 Alcobendas distrito 01;2800601061 Alcobendas sección 01061;Renta neta media por persona;2023;14.227
28006 Alcobendas;2800601 Alcobendas distrito 01;2800601062 Alcobendas sección 01062;Renta neta media por persona;2023;18.062
28006 Alcobendas;2800601 Alcobendas distrito 01;2800601063 Alcobendas sección 01063;Renta neta media por persona;2023;22.811
28006 Alcobendas;2800601 Alcobendas distrito 01;2800601064 Alcobendas sección 01064;Renta neta media por persona;2023;17.873
28006 Alcobendas;2800601 Alcobendas distrito 01;2800601065 Alcobendas sección 01065;Renta neta media por persona;2023;20.258
28006 Alcobendas;2800601 Alcobendas distrito 01;2800601066 Alcobendas sección 01066;Renta neta media por persona;2023;21.931
28006 Alcobendas;2800601 Alcobendas distrito 01;2800601067 Alcobendas sección 01067;Renta neta media por persona;2023;35.444
28006 Alcobendas;2800601 Alcobendas distrito 01;2800601068 Alcobendas sección 01068;Renta neta media por persona;2023;33.629
28007 Alcorcón;2800701 Alcorcón distrito 01;2800701001 Alcorcón sección 01001;Renta neta media por persona;2023;17.093
28007 Alcorcón;2800701 Alcorcón distrito 01;2800701002 Alcorcón sección 01002;Renta neta media por persona;2023;10.856
28007 Alcorcón;2800701 Alcorcón distrito 01;2800701003 Alcorcón sección 01003;Renta neta media por persona;2023;13.878
28007 Alcorcón;2800701 Alcorcón distrito 01;2800701004 Alcorcón sección 01004;Renta neta media por persona;2023;11.805
28007 Alcorcón;2800701 Alcorcón distrito 01;2800701005 Alcorcón sección 01005;Renta neta media por persona;2023;13.639
28007 Alcorcón;2800701 Alcorcón distrito 01;2800701006 Alcorcón sección 01006;Renta neta media por persona;2023;13.098
28007 Alcorcón;2800701 Alcorcón distrito 01;2800701007 Alcorcón sección 01007;Renta neta media por persona;2023;11.683
28007 Alcorcón;2800701 Alcorcón distrito 01;2800701008 Alcorcón sección 01008;Renta neta media por persona;2023;11.750
28007 Alcorcón;2800701 Alcorcón distrito 01;2800701010 Alcorcón sección 01010;Renta neta media por persona;2023;10.971
28007 Alcorcón;2800701 Alcorcón distrito 01;2800701011 Alcorcón sección 01011;Renta neta media por persona;2023;10.456
28007 Alcorcón;2800701 Alcorcón distrito 01;2800701012 Alcorcón sección 01012;Renta neta media por persona;2023;11.504
28007 Alcorcón;2800701 Alcorcón distrito 01;2800701013 Alcorcón sección 01013;Renta neta media por persona;2023;10.810
28007 Alcorcón;2800701 Alcorcón distrito 01;2800701014 Alcorcón sección 01014;Renta neta media por persona;2023;13.155
28007 Alcorcón;2800701 Alcorcón distrito 01;2800701015 Alcorcón sección 01015;Renta neta media por persona;2023;20.035
28007 Alcorcón;2800701 Alcorcón distrito 01;2800701016 Alcorcón sección 01016;Renta neta media por persona;2023;15.295
28007 Alcorcón;2800701 Alcorcón distrito 01;2800701017 Alcorcón sección 01017;Renta neta media por persona;2023;21.957
28007 Alcorcón;2800701 Alcorcón distrito 01;2800701018 Alcorcón sección 01018;Renta neta media por persona;2023;23.427
28007 Alcorcón;2800701 Alcorcón distrito 01;2800701019 Alcorcón sección 01019;Renta neta media por persona;2023;18.069
28007 Alcorcón;2800701 Alcorcón distrito 01;2800701020 Alcorcón sección 01020;Renta neta media por persona;2023;18.488
28007 Alcorcón;2800702 Alcorcón distrito 02;2800702001 Alcorcón sección 02001;Renta neta media por persona;2023;16.697
28007 Alcorcón;2800702 Alcorcón distrito 02;2800702002 Alcorcón sección 02002;Renta neta media por persona;2023;17.702
28007 Alcorcón;2800702 Alcorcón distrito 02;2800702003 Alcorcón sección 02003;Renta neta media por persona;2023;16.930
28007 Alcorcón;2800702 Alcorcón distrito 02;2800702004 Alcorcón sección 02004;Renta neta media por persona;2023;18.713
28007 Alcorcón;2800702 Alcorcón distrito 02;2800702005 Alcorcón sección 02005;Renta neta media por persona;2023;16.809
28007 Alcorcón;2800702 Alcorcón distrito 02;2800702006 Alcorcón sección 02006;Renta neta media por persona;2023;18.518
28007 Alcorcón;2800702 Alcorcón distrito 02;2800702007 Alcorcón sección 02007;Renta neta media por persona;2023;18.183
28007 Alcorcón;2800702 Alcorcón distrito 02;2800702008 Alcorcón sección 02008;Renta neta media por persona;2023;18.580
28007 Alcorcón;2800702 Alcorcón distrito 02;2800702009 Alcorcón sección 02009;Renta neta media por persona;2023;16.612
28007 Alcorcón;2800702 Alcorcón distrito 02;2800702010 Alcorcón sección 02010;Renta neta media por persona;2023;15.655
28007 Alcorcón;2800702 Alcorcón distrito 02;2800702011 Alcorcón sección 02011;Renta neta media por persona;2023;14.456
28007 Alcorcón;2800702 Alcorcón distrito 02;2800702012 Alcorcón sección 02012;Renta neta media por persona;2023;13.282
28007 Alcorcón;2800702 Alcorcón distrito 02;2800702013 Alcorcón sección 02013;Renta neta media por persona;2023;14.197
28007 Alcorcón;2800702 Alcorcón distrito 02;2800702014 Alcorcón sección 02014;Renta neta media por persona;2023;14.534
28007 Alcorcón;2800702 Alcorcón distrito 02;2800702015 Alcorcón sección 02015;Renta neta media por persona;2023;16.794
28007 Alcorcón;2800702 Alcorcón distrito 02;2800702016 Alcorcón sección 02016;Renta neta media por persona;2023;17.015
28007 Alcorcón;2800702 Alcorcón distrito 02;2800702017 Alcorcón sección 02017;Renta neta media por persona;2023;16.291
28007 Alcorcón;2800702 Alcorcón distrito 02;2800702019 Alcorcón sección 02019;Renta neta media por persona;2023;17.946
28007 Alcorcón;2800702 Alcorcón distrito 02;2800702020 Alcorcón sección 02020;Renta neta media por persona;2023;19.029
28007 Alcorcón;2800702 Alcorcón distrito 02;2800702021 Alcorcón sección 02021;Renta neta media por persona;2023;19.302
28007 Alcorcón;2800702 Alcorcón distrito 02;2800702022 Alcorcón sección 02022;Renta neta media por persona;2023;13.542
28007 Alcorcón;2800702 Alcorcón distrito 02;2800702023 Alcorcón sección 02023;Renta neta media por persona;2023;16.666
28007 Alcorcón;2800702 Alcorcón distrito 02;2800702024 Alcorcón sección 02024;Renta neta media por persona;2023;16.948
28007 Alcorcón;2800702 Alcorcón distrito 02;2800702025 Alcorcón sección 02025;Renta neta media por persona;2023;17.405
28007 Alcorcón;2800702 Alcorcón distrito 02;2800702026 Alcorcón sección 02026;Renta neta media por persona;2023;""
28007 Alcorcón;2800702 Alcorcón distrito 02;2800702027 Alcorcón sección 02027;Renta neta media por persona;2023;17.225
28007 Alcorcón;2800702 Alcorcón distrito 02;2800702028 Alcorcón sección 02028;Renta neta media por persona;2023;15.636
28007 Alcorcón;2800702 Alcorcón distrito 02;2800702029 Alcorcón sección 02029;Renta neta media por persona;2023;13.837
28007 Alcorcón;2800702 Alcorcón distrito 02;2800702030 Alcorcón sección 02030;Renta neta media por persona;2023;21.457
28007 Alcorcón;2800702 Alcorcón distrito 02;2800702031 Alcorcón sección 02031;Renta neta media por persona;2023;17.063
28007 Alcorcón;2800702 Alcorcón distrito 02;2800702032 Alcorcón sección 02032;Renta neta media por persona;2023;20.656
28007 Alcorcón;2800702 Alcorcón distrito 02;2800702033 Alcorcón sección 02033;Renta neta media por persona;2023;13.765
28007 Alcorcón;2800702 Alcorcón distrito 02;2800702034 Alcorcón sección 02034;Renta neta media por persona;2023;18.710
28007 Alcorcón;2800702 Alcorcón distrito 02;2800702035 Alcorcón sección 02035;Renta neta media por persona;2023;19.859
28007 Alcorcón;2800702 Alcorcón distrito 02;2800702036 Alcorcón sección 02036;Renta neta media por persona;2023;18.626
28007 Alcorcón;2800702 Alcorcón distrito 02;2800702037 Alcorcón sección 02037;Renta neta media por persona;2023;22.173
28007 Alcorcón;2800702 Alcorcón distrito 02;2800702038 Alcorcón sección 02038;Renta neta media por persona;2023;21.633
28007 Alcorcón;2800703 Alcorcón distrito 03;2800703001 Alcorcón sección 03001;Renta neta media por persona;2023;14.010
28007 Alcorcón;2800703 Alcorcón distrito 03;2800703002 Alcorcón sección 03002;Renta neta media por persona;2023;12.002
28007 Alcorcón;2800703 Alcorcón distrito 03;2800703003 Alcorcón sección 03003;Renta neta media por persona;2023;12.805
28007 Alcorcón;2800703 Alcorcón distrito 03;2800703004 Alcorcón sección 03004;Renta neta media por persona;2023;12.769
28007 Alcorcón;2800703 Alcorcón distrito 03;2800703005 Alcorcón sección 03005;Renta neta media por persona;2023;14.043
28007 Alcorcón;2800703 Alcorcón distrito 03;2800703006 Alcorcón sección 03006;Renta neta media por persona;2023;11.083
28007 Alcorcón;2800703 Alcorcón distrito 03;2800703007 Alcorcón sección 03007;Renta neta media por persona;2023;11.741
28007 Alcorcón;2800703 Alcorcón distrito 03;2800703008 Alcorcón sección 03008;Renta neta media por persona;2023;10.338
28007 Alcorcón;2800703 Alcorcón distrito 03;2800703009 Alcorcón sección 03009;Renta neta media por persona;2023;14.794
28007 Alcorcón;2800703 Alcorcón distrito 03;2800703010 Alcorcón sección 03010;Renta neta media por persona;2023;11.185
28007 Alcorcón;2800703 Alcorcón distrito 03;2800703011 Alcorcón sección 03011;Renta neta media por persona;2023;14.966
28007 Alcorcón;2800703 Alcorcón distrito 03;2800703012 Alcorcón sección 03012;Renta neta media por persona;2023;16.291
28007 Alcorcón;2800703 Alcorcón distrito 03;2800703013 Alcorcón sección 03013;Renta neta media por persona;2023;15.716
28007 Alcorcón;2800703 Alcorcón distrito 03;2800703014 Alcorcón sección 03014;Renta neta media por persona;2023;16.434
28007 Alcorcón;2800703 Alcorcón distrito 03;2800703015 Alcorcón sección 03015;Renta neta media por persona;2023;18.300
28007 Alcorcón;2800703 Alcorcón distrito 03;2800703016 Alcorcón sección 03016;Renta neta media por persona;2023;15.638
28007 Alcorcón;2800703 Alcorcón distrito 03;2800703017 Alcorcón sección 03017;Renta neta media por persona;2023;14.645
28007 Alcorcón;2800703 Alcorcón distrito 03;2800703018 Alcorcón sección 03018;Renta neta media por persona;2023;14.555
28007 Alcorcón;2800703 Alcorcón distrito 03;2800703019 Alcorcón sección 03019;Renta neta media por persona;2023;15.041
28007 Alcorcón;2800703 Alcorcón distrito 03;2800703020 Alcorcón sección 03020;Renta neta media por persona;2023;16.221
28007 Alcorcón;2800703 Alcorcón distrito 03;2800703021 Alcorcón sección 03021;Renta neta media por persona;2023;15.989
28007 Alcorcón;2800703 Alcorcón distrito 03;2800703022 Alcorcón sección 03022;Renta neta media por persona;2023;17.390
28007 Alcorcón;2800703 Alcorcón distrito 03;2800703023 Alcorcón sección 03023;Renta neta media por persona;2023;14.208
28007 Alcorcón;2800703 Alcorcón distrito 03;2800703024 Alcorcón sección 03024;Renta neta media por persona;2023;16.041
28007 Alcorcón;2800703 Alcorcón distrito 03;2800703025 Alcorcón sección 03025;Renta neta media por persona;2023;14.030
28007 Alcorcón;2800703 Alcorcón distrito 03;2800703026 Alcorcón sección 03026;Renta neta media por persona;2023;12.722
28007 Alcorcón;2800703 Alcorcón distrito 03;2800703027 Alcorcón sección 03027;Renta neta media por persona;2023;14.588
28007 Alcorcón;2800703 Alcorcón distrito 03;2800703028 Alcorcón sección 03028;Renta neta media por persona;2023;""
28007 Alcorcón;2800703 Alcorcón distrito 03;2800703029 Alcorcón sección 03029;Renta neta media por persona;2023;12.196
28007 Alcorcón;2800704 Alcorcón distrito 04;2800704001 Alcorcón sección 04001;Renta neta media por persona;2023;9.721
28007 Alcorcón;2800704 Alcorcón distrito 04;2800704002 Alcorcón sección 04002;Renta neta media por persona;2023;9.734
28007 Alcorcón;2800704 Alcorcón distrito 04;2800704003 Alcorcón sección 04003;Renta neta media por persona;2023;9.696
28007 Alcorcón;2800704 Alcorcón distrito 04;2800704004 Alcorcón sección 04004;Renta neta media por persona;2023;10.052
28007 Alcorcón;2800704 Alcorcón distrito 04;2800704005 Alcorcón sección 04005;Renta neta media por persona;2023;10.281
28007 Alcorcón;2800704 Alcorcón distrito 04;2800704006 Alcorcón sección 04006;Renta neta media por persona;2023;13.620
28007 Alcorcón;2800704 Alcorcón distrito 04;2800704007 Alcorcón sección 04007;Renta neta media por persona;2023;15.356
28007 Alcorcón;2800704 Alcorcón distrito 04;2800704008 Alcorcón sección 04008;Renta neta media por persona;2023;14.882
28007 Alcorcón;2800704 Alcorcón distrito 04;2800704009 Alcorcón sección 04009;Renta neta media por persona;2023;11.030
28007 Alcorcón;2800704 Alcorcón distrito 04;2800704010 Alcorcón sección 04010;Renta neta media por persona;2023;10.305
28007 Alcorcón;2800704 Alcorcón distrito 04;2800704011 Alcorcón sección 04011;Renta neta media por persona;2023;10.791
28007 Alcorcón;2800704 Alcorcón distrito 04;2800704012 Alcorcón sección 04012;Renta neta media por persona;2023;12.264
28007 Alcorcón;2800704 Alcorcón distrito 04;2800704013 Alcorcón sección 04013;Renta neta media por persona;2023;10.778
28007 Alcorcón;2800704 Alcorcón distrito 04;2800704014 Alcorcón sección 04014;Renta neta media por persona;2023;11.264
28007 Alcorcón;2800704 Alcorcón distrito 04;2800704015 Alcorcón sección 04015;Renta neta media por persona;2023;14.998
28007 Alcorcón;2800704 Alcorcón distrito 04;2800704016 Alcorcón sección 04016;Renta neta media por persona;2023;14.103
28007 Alcorcón;2800704 Alcorcón distrito 04;2800704017 Alcorcón sección 04017;Renta neta media por persona;2023;11.351
28007 Alcorcón;2800704 Alcorcón distrito 04;2800704018 Alcorcón sección 04018;Renta neta media por persona;2023;15.652
28007 Alcorcón;2800704 Alcorcón distrito 04;2800704019 Alcorcón sección 04019;Renta neta media por persona;2023;14.630
28007 Alcorcón;2800704 Alcorcón distrito 04;2800704020 Alcorcón sección 04020;Renta neta media por persona;2023;15.509
28007 Alcorcón;2800704 Alcorcón distrito 04;2800704021 Alcorcón sección 04021;Renta neta media por persona;2023;11.875
28007 Alcorcón;2800704 Alcorcón distrito 04;2800704022 Alcorcón sección 04022;Renta neta media por persona;2023;13.909
28007 Alcorcón;2800704 Alcorcón distrito 04;2800704023 Alcorcón sección 04023;Renta neta media por persona;2023;20.890
28007 Alcorcón;2800704 Alcorcón distrito 04;2800704024 Alcorcón sección 04024;Renta neta media por persona;2023;20.035
28007 Alcorcón;2800704 Alcorcón distrito 04;2800704025 Alcorcón sección 04025;Renta neta media por persona;2023;17.338
28007 Alcorcón;2800704 Alcorcón distrito 04;2800704026 Alcorcón sección 04026;Renta neta media por persona;2023;17.881
28007 Alcorcón;2800704 Alcorcón distrito 04;2800704027 Alcorcón sección 04027;Renta neta media por persona;2023;16.695
28007 Alcorcón;2800704 Alcorcón distrito 04;2800704028 Alcorcón sección 04028;Renta neta media por persona;2023;20.213
28007 Alcorcón;2800704 Alcorcón distrito 04;2800704029 Alcorcón sección 04029;Renta neta media por persona;2023;23.160
28007 Alcorcón;2800704 Alcorcón distrito 04;2800704030 Alcorcón sección 04030;Renta neta media por persona;2023;15.036
28007 Alcorcón;2800704 Alcorcón distrito 04;2800704031 Alcorcón sección 04031;Renta neta media por persona;2023;16.286
28007 Alcorcón;2800704 Alcorcón distrito 04;2800704032 Alcorcón sección 04032;Renta neta media por persona;2023;18.951
28007 Alcorcón;2800704 Alcorcón distrito 04;2800704033 Alcorcón sección 04033;Renta neta media por persona;2023;19.310
28007 Alcorcón;2800704 Alcorcón distrito 04;2800704034 Alcorcón sección 04034;Renta neta media por persona;2023;17.004
28007 Alcorcón;2800704 Alcorcón distrito 04;2800704035 Alcorcón sección 04035;Renta neta media por persona;2023;15.773
28007 Alcorcón;2800704 Alcorcón distrito 04;2800704036 Alcorcón sección 04036;Renta neta media por persona;2023;17.768
28008 Aldea del Fresno;2800801 Aldea del Fresno distrito 01;2800801001 Aldea del Fresno sección 01001;Renta neta media por persona;2023;12.649
28009 Algete;2800901 Algete distrito 01;2800901001 Algete sección 01001;Renta neta media por persona;2023;30.421
28009 Algete;2800901 Algete distrito 01;2800901002 Algete sección 01002;Renta neta media por persona;2023;14.147
28009 Algete;2800901 Algete distrito 01;2800901003 Algete sección 01003;Renta neta media por persona;2023;13.346
28009 Algete;2800901 Algete distrito 01;2800901004 Algete sección 01004;Renta neta media por persona;2023;13.576
28009 Algete;2800901 Algete distrito 01;2800901005 Algete sección 01005;Renta neta media por persona;2023;16.133
28009 Algete;2800901 Algete distrito 01;2800901006 Algete sección 01006;Renta neta media por persona;2023;13.996
28009 Algete;2800901 Algete distrito 01;2800901007 Algete sección 01007;Renta neta media por persona;2023;19.271
28009 Algete;2800901 Algete distrito 01;2800901008 Algete sección 01008;Renta neta media por persona;2023;18.920
28009 Algete;2800901 Algete distrito 01;2800901009 Algete sección 01009;Renta neta media por persona;2023;17.473
28010 Alpedrete;2801001 Alpedrete distrito 01;2801001001 Alpedrete sección 01001;Renta neta media por persona;2023;15.661
28010 Alpedrete;2801001 Alpedrete distrito 01;2801001002 Alpedrete sección 01002;Renta neta media por persona;2023;14.792
28010 Alpedrete;2801001 Alpedrete distrito 01;2801001003 Alpedrete sección 01003;Renta neta media por persona;2023;20.629
28010 Alpedrete;2801001 Alpedrete distrito 01;2801001004 Alpedrete sección 01004;Renta neta media por persona;2023;17.581
28010 Alpedrete;2801001 Alpedrete distrito 01;2801001005 Alpedrete sección 01005;Renta neta media por persona;2023;20.416
28010 Alpedrete;2801001 Alpedrete distrito 01;2801001006 Alpedrete sección 01006;Renta neta media por persona;2023;15.938
28010 Alpedrete;2801001 Alpedrete distrito 01;2801001007 Alpedrete sección 01007;Renta neta media por persona;2023;21.425
28010 Alpedrete;2801001 Alpedrete distrito 01;2801001008 Alpedrete sección 01008;Renta neta media por persona;2023;16.635
28011 Ambite;2801101 Ambite distrito 01;2801101001 Ambite sección 01001;Renta neta media por persona;2023;12.672
28012 Anchuelo;2801201 Anchuelo distrito 01;2801201001 Anchuelo sección 01001;Renta neta media por persona;2023;13.676
28013 Aranjuez;2801301 Aranjuez distrito 01;2801301001 Aranjuez sección 01001;Renta neta media por persona;2023;13.390
28013 Aranjuez;2801301 Aranjuez distrito 01;2801301002 Aranjuez sección 01002;Renta neta media por persona;2023;14.880
28013 Aranjuez;2801301 Aranjuez distrito 01;2801301003 Aranjuez sección 01003;Renta neta media por persona;2023;15.373
28013 Aranjuez;2801301 Aranjuez distrito 01;2801301004 Aranjuez sección 01004;Renta neta media por persona;2023;10.075
28013 Aranjuez;2801301 Aranjuez distrito 01;2801301005 Aranjuez sección 01005;Renta neta media por persona;2023;8.010
28013 Aranjuez;2801301 Aranjuez distrito 01;2801301006 Aranjuez sección 01006;Renta neta media por persona;2023;9.918
28013 Aranjuez;2801301 Aranjuez distrito 01;2801301007 Aranjuez sección 01007;Renta neta media por persona;2023;16.327
28013 Aranjuez;2801301 Aranjuez distrito 01;2801301008 Aranjuez sección 01008;Renta neta media por persona;2023;18.775
28013 Aranjuez;2801301 Aranjuez distrito 01;2801301009 Aranjuez sección 01009;Renta neta media por persona;2023;15.676
28013 Aranjuez;2801302 Aranjuez distrito 02;2801302001 Aranjuez sección 02001;Renta neta media por persona;2023;14.696
28013 Aranjuez;2801302 Aranjuez distrito 02;2801302002 Aranjuez sección 02002;Renta neta media por persona;2023;16.388
28013 Aranjuez;2801302 Aranjuez distrito 02;2801302003 Aranjuez sección 02003;Renta neta media por persona;2023;12.755
28013 Aranjuez;2801302 Aranjuez distrito 02;2801302004 Aranjuez sección 02004;Renta neta media por persona;2023;13.507
28013 Aranjuez;2801302 Aranjuez distrito 02;2801302005 Aranjuez sección 02005;Renta neta media por persona;2023;12.359
28013 Aranjuez;2801302 Aranjuez distrito 02;2801302006 Aranjuez sección 02006;Renta neta media por persona;2023;11.707
28013 Aranjuez;2801302 Aranjuez distrito 02;2801302007 Aranjuez sección 02007;Renta neta media por persona;2023;17.164
28013 Aranjuez;2801302 Aranjuez distrito 02;2801302008 Aranjuez sección 02008;Renta neta media por persona;2023;13.524
28013 Aranjuez;2801303 Aranjuez distrito 03;2801303001 Aranjuez sección 03001;Renta neta media por persona;2023;13.784
28013 Aranjuez;2801303 Aranjuez distrito 03;2801303002 Aranjuez sección 03002;Renta neta media por persona;2023;13.750
28013 Aranjuez;2801303 Aranjuez distrito 03;2801303003 Aranjuez sección 03003;Renta neta media por persona;2023;14.064
28013 Aranjuez;2801303 Aranjuez distrito 03;2801303004 Aranjuez sección 03004;Renta neta media por persona;2023;14.715
28013 Aranjuez;2801303 Aranjuez distrito 03;2801303005 Aranjuez sección 03005;Renta neta media por persona;2023;11.806
28013 Aranjuez;2801303 Aranjuez distrito 03;2801303006 Aranjuez sección 03006;Renta neta media por persona;2023;11.535
28013 Aranjuez;2801303 Aranjuez distrito 03;2801303007 Aranjuez sección 03007;Renta neta media por persona;2023;12.978
28013 Aranjuez;2801303 Aranjuez distrito 03;2801303008 Aranjuez sección 03008;Renta neta media por persona;2023;15.964
28013 Aranjuez;2801303 Aranjuez distrito 03;2801303009 Aranjuez sección 03009;Renta neta media por persona;2023;17.218
28013 Aranjuez;2801303 Aranjuez distrito 03;2801303010 Aranjuez sección 03010;Renta neta media por persona;2023;13.491
28013 Aranjuez;2801304 Aranjuez distrito 04;2801304001 Aranjuez sección 04001;Renta neta media por persona;2023;14.495
28013 Aranjuez;2801304 Aranjuez distrito 04;2801304002 Aranjuez sección 04002;Renta neta media por persona;2023;14.858
28013 Aranjuez;2801304 Aranjuez distrito 04;2801304003 Aranjuez sección 04003;Renta neta media por persona;2023;16.055
28013 Aranjuez;2801304 Aranjuez distrito 04;2801304004 Aranjuez sección 04004;Renta neta media por persona;2023;16.880
28013 Aranjuez;2801304 Aranjuez distrito 04;2801304005 Aranjuez sección 04005;Renta neta media por persona;2023;12.907
28013 Aranjuez;2801304 Aranjuez distrito 04;2801304006 Aranjuez sección 04006;Renta neta media por persona;2023;13.622
28014 Arganda del Rey;2801401 Arganda del Rey distrito 01;2801401001 Arganda del Rey sección 01001;Renta neta media por persona;2023;13.956
28014 Arganda del Rey;2801401 Arganda del Rey distrito 01;2801401002 Arganda del Rey sección 01002;Renta neta media por persona;2023;10.643
28014 Arganda del Rey;2801401 Arganda del Rey distrito 01;2801401003 Arganda del Rey sección 01003;Renta neta media por persona;2023;12.259
28014 Arganda del Rey;2801401 Arganda del Rey distrito 01;2801401004 Arganda del Rey sección 01004;Renta neta media por persona;2023;12.618
28014 Arganda del Rey;2801401 Arganda del Rey distrito 01;2801401005 Arganda del Rey sección 01005;Renta neta media por persona;2023;11.271
28014 Arganda del Rey;2801401 Arganda del Rey distrito 01;2801401006 Arganda del Rey sección 01006;Renta neta media por persona;2023;""
28014 Arganda del Rey;2801401 Arganda del Rey distrito 01;2801401007 Arganda del Rey sección 01007;Renta neta media por persona;2023;11.727
28014 Arganda del Rey;2801401 Arganda del Rey distrito 01;2801401008 Arganda del Rey sección 01008;Renta neta media por persona;2023;13.475
28014 Arganda del Rey;2801401 Arganda del Rey distrito 01;2801401009 Arganda del Rey sección 01009;Renta neta media por persona;2023;12.668
28014 Arganda del Rey;2801401 Arganda del Rey distrito 01;2801401010 Arganda del Rey sección 01010;Renta neta media por persona;2023;14.536
28014 Arganda del Rey;2801401 Arganda del Rey distrito 01;2801401011 Arganda del Rey sección 01011;Renta neta media por persona;2023;14.946
28014 Arganda del Rey;2801401 Arganda del Rey distrito 01;2801401012 Arganda del Rey sección 01012;Renta neta media por persona;2023;13.522
28014 Arganda del Rey;2801401 Arganda del Rey distrito 01;2801401013 Arganda del Rey sección 01013;Renta neta media por persona;2023;12.515
28014 Arganda del Rey;2801401 Arganda del Rey distrito 01;2801401014 Arganda del Rey sección 01014;Renta neta media por persona;2023;15.834
28014 Arganda del Rey;2801401 Arganda del Rey distrito 01;2801401015 Arganda del Rey sección 01015;Renta neta media por persona;2023;13.390
28014 Arganda del Rey;2801401 Arganda del Rey distrito 01;2801401016 Arganda del Rey sección 01016;Renta neta media por persona;2023;12.046
28014 Arganda del Rey;2801401 Arganda del Rey distrito 01;2801401017 Arganda del Rey sección 01017;Renta neta media por persona;2023;13.047
28014 Arganda del Rey;2801401 Arganda del Rey distrito 01;2801401018 Arganda del Rey sección 01018;Renta neta media por persona;2023;13.412
28014 Arganda del Rey;2801401 Arganda del Rey distrito 01;2801401019 Arganda del Rey sección 01019;Renta neta media por persona;2023;14.729
28014 Arganda del Rey;2801401 Arganda del Rey distrito 01;2801401020 Arganda del Rey sección 01020;Renta neta media por persona;2023;17.672
28014 Arganda del Rey;2801401 Arganda del Rey distrito 01;2801401021 Arganda del Rey sección 01021;Renta neta media por persona;2023;19.028
28014 Arganda del Rey;2801401 Arganda del Rey distrito 01;2801401022 Arganda del Rey sección 01022;Renta neta media por persona;2023;13.677
28014 Arganda del Rey;2801401 Arganda del Rey distrito 01;2801401023 Arganda del Rey sección 01023;Renta neta media por persona;2023;11.345
28014 Arganda del Rey;2801401 Arganda del Rey distrito 01;2801401024 Arganda del Rey sección 01024;Renta neta media por persona;2023;16.476
28014 Arganda del Rey;2801401 Arganda del Rey distrito 01;2801401025 Arganda del Rey sección 01025;Renta neta media por persona;2023;15.417
28014 Arganda del Rey;2801401 Arganda del Rey distrito 01;2801401026 Arganda del Rey sección 01026;Renta neta media por persona;2023;15.266
28014 Arganda del Rey;2801401 Arganda del Rey distrito 01;2801401027 Arganda del Rey sección 01027;Renta neta media por persona;2023;12.835
28014 Arganda del Rey;2801401 Arganda del Rey distrito 01;2801401028 Arganda del Rey sección 01028;Renta neta media por persona;2023;14.524
28015 Arroyomolinos;2801501 Arroyomolinos distrito 01;2801501001 Arroyomolinos sección 01001;Renta neta media por persona;2023;17.625
28015 Arroyomolinos;2801501 Arroyomolinos distrito 01;2801501002 Arroyomolinos sección 01002;Renta neta media por persona;2023;16.476
28015 Arroyomolinos;2801501 Arroyomolinos distrito 01;2801501003 Arroyomolinos sección 01003;Renta neta media por persona;2023;17.535
28015 Arroyomolinos;2801501 Arroyomolinos distrito 01;2801501004 Arroyomolinos sección 01004;Renta neta media por persona;2023;18.399
28015 Arroyomolinos;2801501 Arroyomolinos distrito 01;2801501005 Arroyomolinos sección 01005;Renta neta media por persona;2023;17.576
28015 Arroyomolinos;2801501 Arroyomolinos distrito 01;2801501006 Arroyomolinos sección 01006;Renta neta media por persona;2023;17.138
28015 Arroyomolinos;2801501 Arroyomolinos distrito 01;2801501007 Arroyomolinos sección 01007;Renta neta media por persona;2023;18.204
28015 Arroyomolinos;2801501 Arroyomolinos distrito 01;2801501008 Arroyomolinos sección 01008;Renta neta media por persona;2023;17.991
28015 Arroyomolinos;2801501 Arroyomolinos distrito 01;2801501009 Arroyomolinos sección 01009;Renta neta media por persona;2023;19.240
28015 Arroyomolinos;2801501 Arroyomolinos distrito 01;2801501010 Arroyomolinos sección 01010;Renta neta media por persona;2023;18.033
28015 Arroyomolinos;2801501 Arroyomolinos distrito 01;2801501011 Arroyomolinos sección 01011;Renta neta media por persona;2023;18.747
28015 Arroyomolinos;2801501 Arroyomolinos distrito 01;2801501012 Arroyomolinos sección 01012;Renta neta media por persona;2023;17.473
28015 Arroyomolinos;2801501 Arroyomolinos distrito 01;2801501013 Arroyomolinos sección 01013;Renta neta media por persona;2023;10.508
28015 Arroyomolinos;2801501 Arroyomolinos distrito 01;2801501014 Arroyomolinos sección 01014;Renta neta media por persona;2023;17.587
28015 Arroyomolinos;2801501 Arroyomolinos distrito 01;2801501015 Arroyomolinos sección 01015;Renta neta media por persona;2023;17.525
28015 Arroyomolinos;2801501 Arroyomolinos distrito 01;2801501016 Arroyomolinos sección 01016;Renta neta media por persona;2023;15.494
28015 Arroyomolinos;2801501 Arroyomolinos distrito 01;2801501017 Arroyomolinos sección 01017;Renta neta media por persona;2023;17.840
28016 Atazar, El;2801601 Atazar, El distrito 01;2801601001 Atazar, El sección 01001;Renta neta media por persona;2023;13.811
28017 Batres;2801701 Batres distrito 01;2801701001 Batres sección 01001;Renta neta media por persona;2023;16.503
28018 Becerril de la Sierra;2801801 Becerril de la Sierra distrito 01;2801801001 Becerril de la Sierra sección 01001;Renta neta media por persona;2023;16.283
28018 Becerril de la Sierra;2801801 Becerril de la Sierra distrito 01;2801801002 Becerril de la Sierra sección 01002;Renta neta media por persona;2023;18.261
28018 Becerril de la Sierra;2801801 Becerril de la Sierra distrito 01;2801801003 Becerril de la Sierra sección 01003;Renta neta media por persona;2023;19.134
28019 Belmonte de Tajo;2801901 Belmonte de Tajo distrito 01;2801901001 Belmonte de Tajo sección 01001;Renta neta media por persona;2023;13.173
28020 Berzosa del Lozoya;2802001 Berzosa del Lozoya distrito 01;2802001001 Berzosa del Lozoya sección 01001;Renta neta media por persona;2023;19.798
28021 Berrueco, El;2802101 Berrueco, El distrito 01;2802101001 Berrueco, El sección 01001;Renta neta media por persona;2023;15.781
28022 Boadilla del Monte;2802201 Boadilla del Monte distrito 01;2802201001 Boadilla del Monte sección 01001;Renta neta media por persona;2023;12.778
28022 Boadilla del Monte;2802201 Boadilla del Monte distrito 01;2802201002 Boadilla del Monte sección 01002;Renta neta media por persona;2023;36.918
28022 Boadilla del Monte;2802201 Boadilla del Monte distrito 01;2802201003 Boadilla del Monte sección 01003;Renta neta media por persona;2023;36.918
28022 Boadilla del Monte;2802201 Boadilla del Monte distrito 01;2802201004 Boadilla del Monte sección 01004;Renta neta media por persona;2023;34.688
28022 Boadilla del Monte;2802201 Boadilla del Monte distrito 01;2802201005 Boadilla del Monte sección 01005;Renta neta media por persona;2023;30.303
28022 Boadilla del Monte;2802201 Boadilla del Monte distrito 01;2802201006 Boadilla del Monte sección 01006;Renta neta media por persona;2023;18.386
28022 Boadilla del Monte;2802201 Boadilla del Monte distrito 01;2802201007 Boadilla del Monte sección 01007;Renta neta media por persona;2023;34.954
28022 Boadilla del Monte;2802201 Boadilla del Monte distrito 01;2802201008 Boadilla del Monte sección 01008;Renta neta media por persona;2023;14.874
28022 Boadilla del Monte;2802201 Boadilla del Monte distrito 01;2802201009 Boadilla del Monte sección 01009;Renta neta media por persona;2023;32.833
28022 Boadilla del Monte;2802201 Boadilla del Monte distrito 01;2802201010 Boadilla del Monte sección 01010;Renta neta media por persona;2023;29.848
28022 Boadilla del Monte;2802201 Boadilla del Monte distrito 01;2802201011 Boadilla del Monte sección 01011;Renta neta media por persona;2023;19.316
28022 Boadilla del Monte;2802201 Boadilla del Monte distrito 01;2802201012 Boadilla del Monte sección 01012;Renta neta media por persona;2023;22.264
28022 Boadilla del Monte;2802201 Boadilla del Monte distrito 01;2802201013 Boadilla del Monte sección 01013;Renta neta media por persona;2023;23.586
28022 Boadilla del Monte;2802201 Boadilla del Monte distrito 01;2802201014 Boadilla del Monte sección 01014;Renta neta media por persona;2023;23.401
28022 Boadilla del Monte;2802201 Boadilla del Monte distrito 01;2802201015 Boadilla del Monte sección 01015;Renta neta media por persona;2023;22.629
28022 Boadilla del Monte;2802201 Boadilla del Monte distrito 01;2802201016 Boadilla del Monte sección 01016;Renta neta media por persona;2023;23.494
28022 Boadilla del Monte;2802201 Boadilla del Monte distrito 01;2802201017 Boadilla del Monte sección 01017;Renta neta media por persona;2023;24.109
28022 Boadilla del Monte;2802201 Boadilla del Monte distrito 01;2802201018 Boadilla del Monte sección 01018;Renta neta media por persona;2023;22.949
28022 Boadilla del Monte;2802201 Boadilla del Monte distrito 01;2802201019 Boadilla del Monte sección 01019;Renta neta media por persona;2023;25.382
28022 Boadilla del Monte;2802201 Boadilla del Monte distrito 01;2802201020 Boadilla del Monte sección 01020;Renta neta media por persona;2023;28.135
28022 Boadilla del Monte;2802201 Boadilla del Monte distrito 01;2802201021 Boadilla del Monte sección 01021;Renta neta media por persona;2023;25.179
28022 Boadilla del Monte;2802201 Boadilla del Monte distrito 01;2802201022 Boadilla del Monte sección 01022;Renta neta media por persona;2023;31.410
28022 Boadilla del Monte;2802201 Boadilla del Monte distrito 01;2802201023 Boadilla del Monte sección 01023;Renta neta media por persona;2023;22.720
28022 Boadilla del Monte;2802201 Boadilla del Monte distrito 01;2802201024 Boadilla del Monte sección 01024;Renta neta media por persona;2023;20.587
28022 Boadilla del Monte;2802201 Boadilla del Monte distrito 01;2802201025 Boadilla del Monte sección 01025;Renta neta media por persona;2023;28.195
28022 Boadilla del Monte;2802201 Boadilla del Monte distrito 01;2802201026 Boadilla del Monte sección 01026;Renta neta media por persona;2023;23.378
28022 Boadilla del Monte;2802201 Boadilla del Monte distrito 01;2802201027 Boadilla del Monte sección 01027;Renta neta media por persona;2023;24.686
28022 Boadilla del Monte;2802201 Boadilla del Monte distrito 01;2802201028 Boadilla del Monte sección 01028;Renta neta media por persona;2023;31.976
28022 Boadilla del Monte;2802201 Boadilla del Monte distrito 01;2802201029 Boadilla del Monte sección 01029;Renta neta media por persona;2023;29.581
28022 Boadilla del Monte;2802201 Boadilla del Monte distrito 01;2802201030 Boadilla del Monte sección 01030;Renta neta media por persona;2023;27.176
28022 Boadilla del Monte;2802201 Boadilla del Monte distrito 01;2802201031 Boadilla del Monte sección 01031;Renta neta media por persona;2023;23.898
28022 Boadilla del Monte;2802201 Boadilla del Monte distrito 01;2802201032 Boadilla del Monte sección 01032;Renta neta media por persona;2023;29.191
28023 Boalo, El;2802301 Boalo, El distrito 01;2802301001 Boalo, El sección 01001;Renta neta media por persona;2023;18.562
28023 Boalo, El;2802301 Boalo, El distrito 01;2802301002 Boalo, El sección 01002;Renta neta media por persona;2023;18.596
28023 Boalo, El;2802301 Boalo, El distrito 01;2802301003 Boalo, El sección 01003;Renta neta media por persona;2023;18.405
28023 Boalo, El;2802301 Boalo, El distrito 01;2802301004 Boalo, El sección 01004;Renta neta media por persona;2023;15.112
28024 Braojos;2802401 Braojos distrito 01;2802401001 Braojos sección 01001;Renta neta media por persona;2023;17.607
28025 Brea de Tajo;2802501 Brea de Tajo distrito 01;2802501001 Brea de Tajo sección 01001;Renta neta media por persona;2023;12.793
28026 Brunete;2802601 Brunete distrito 01;2802601001 Brunete sección 01001;Renta neta media por persona;2023;12.961
28026 Brunete;2802601 Brunete distrito 01;2802601002 Brunete sección 01002;Renta neta media por persona;2023;14.248
28026 Brunete;2802601 Brunete distrito 01;2802601003 Brunete sección 01003;Renta neta media por persona;2023;18.692
28026 Brunete;2802601 Brunete distrito 01;2802601004 Brunete sección 01004;Renta neta media por persona;2023;17.207
28026 Brunete;2802601 Brunete distrito 01;2802601005 Brunete sección 01005;Renta neta media por persona;2023;14.861
28027 Buitrago del Lozoya;2802701 Buitrago del Lozoya distrito 01;2802701001 Buitrago del Lozoya sección 01001;Renta neta media por persona;2023;14.627
28028 Bustarviejo;2802801 Bustarviejo distrito 01;2802801001 Bustarviejo sección 01001;Renta neta media por persona;2023;16.087
28029 Cabanillas de la Sierra;2802901 Cabanillas de la Sierra distrito 01;2802901001 Cabanillas de la Sierra sección 01001;Renta neta media por persona;2023;17.287
28030 Cabrera, La;2803001 Cabrera, La distrito 01;2803001001 Cabrera, La sección 01001;Renta neta media por persona;2023;15.209
28031 Cadalso de los Vidrios;2803101 Cadalso de los Vidrios distrito 01;2803101001 Cadalso de los Vidrios sección 01001;Renta neta media por persona;2023;12.023
28031 Cadalso de los Vidrios;2803101 Cadalso de los Vidrios distrito 01;2803101002 Cadalso de los Vidrios sección 01002;Renta neta media por persona;2023;12.430
28032 Camarma de Esteruelas;2803201 Camarma de Esteruelas distrito 01;2803201001 Camarma de Esteruelas sección 01001;Renta neta media por persona;2023;14.621
28032 Camarma de Esteruelas;2803201 Camarma de Esteruelas distrito 01;2803201002 Camarma de Esteruelas sección 01002;Renta neta media por persona;2023;14.409
28032 Camarma de Esteruelas;2803201 Camarma de Esteruelas distrito 01;2803201003 Camarma de Esteruelas sección 01003;Renta neta media por persona;2023;17.547
28033 Campo Real;2803301 Campo Real distrito 01;2803301001 Campo Real sección 01001;Renta neta media por persona;2023;13.729
28033 Campo Real;2803301 Campo Real distrito 01;2803301002 Campo Real sección 01002;Renta neta media por persona;2023;14.533
28033 Campo Real;2803301 Campo Real distrito 01;2803301003 Campo Real sección 01003;Renta neta media por persona;2023;13.779
28034 Canencia;2803401 Canencia distrito 01;2803401001 Canencia sección 01001;Renta neta media por persona;2023;15.186
28035 Carabaña;2803501 Carabaña distrito 01;2803501001 Carabaña sección 01001;Renta neta media por persona;2023;12.333
28036 Casarrubuelos;2803601 Casarrubuelos distrito 01;2803601001 Casarrubuelos sección 01001;Renta neta media por persona;2023;13.216
28036 Casarrubuelos;2803601 Casarrubuelos distrito 01;2803601002 Casarrubuelos sección 01002;Renta neta media por persona;2023;14.334
28037 Cenicientos;2803701 Cenicientos distrito 01;2803701001 Cenicientos sección 01001;Renta neta media por persona;2023;11.446
28037 Cenicientos;2803701 Cenicientos distrito 01;2803701002 Cenicientos sección 01002;Renta neta media por persona;2023;11.591
28038 Cercedilla;2803801 Cercedilla distrito 01;2803801001 Cercedilla sección 01001;Renta neta media por persona;2023;14.608
28038 Cercedilla;2803801 Cercedilla distrito 01;2803801002 Cercedilla sección 01002;Renta neta media por persona;2023;16.044
28038 Cercedilla;2803801 Cercedilla distrito 01;2803801003 Cercedilla sección 01003;Renta neta media por persona;2023;16.917
28039 Cervera de Buitrago;2803901 Cervera de Buitrago distrito 01;2803901001 Cervera de Buitrago sección 01001;Renta neta media por persona;2023;18.596
28040 Ciempozuelos;2804001 Ciempozuelos distrito 01;2804001001 Ciempozuelos sección 01001;Renta neta media por persona;2023;14.213
28040 Ciempozuelos;2804001 Ciempozuelos distrito 01;2804001002 Ciempozuelos sección 01002;Renta neta media por persona;2023;12.618
28040 Ciempozuelos;2804001 Ciempozuelos distrito 01;2804001003 Ciempozuelos sección 01003;Renta neta media por persona;2023;13.646
28040 Ciempozuelos;2804002 Ciempozuelos distrito 02;2804002001 Ciempozuelos sección 02001;Renta neta media por persona;2023;11.549
28040 Ciempozuelos;2804002 Ciempozuelos distrito 02;2804002002 Ciempozuelos sección 02002;Renta neta media por persona;2023;11.545
28040 Ciempozuelos;2804002 Ciempozuelos distrito 02;2804002003 Ciempozuelos sección 02003;Renta neta media por persona;2023;12.332
28040 Ciempozuelos;2804002 Ciempozuelos distrito 02;2804002004 Ciempozuelos sección 02004;Renta neta media por persona;2023;14.216
28040 Ciempozuelos;2804002 Ciempozuelos distrito 02;2804002005 Ciempozuelos sección 02005;Renta neta media por persona;2023;13.866
28040 Ciempozuelos;2804002 Ciempozuelos distrito 02;2804002006 Ciempozuelos sección 02006;Renta neta media por persona;2023;13.902
28040 Ciempozuelos;2804003 Ciempozuelos distrito 03;2804003001 Ciempozuelos sección 03001;Renta neta media por persona;2023;12.329
28040 Ciempozuelos;2804003 Ciempozuelos distrito 03;2804003002 Ciempozuelos sección 03002;Renta neta media por persona;2023;12.794
28041 Cobeña;2804101 Cobeña distrito 01;2804101001 Cobeña sección 01001;Renta neta media por persona;2023;19.644
28041 Cobeña;2804101 Cobeña distrito 01;2804101002 Cobeña sección 01002;Renta neta media por persona;2023;21.123
28041 Cobeña;2804101 Cobeña distrito 01;2804101003 Cobeña sección 01003;Renta neta media por persona;2023;18.452
28042 Colmenar del Arroyo;2804201 Colmenar del Arroyo distrito 01;2804201001 Colmenar del Arroyo sección 01001;Renta neta media por persona;2023;15.331
28043 Colmenar de Oreja;2804301 Colmenar de Oreja distrito 01;2804301001 Colmenar de Oreja sección 01001;Renta neta media por persona;2023;11.615
28043 Colmenar de Oreja;2804301 Colmenar de Oreja distrito 01;2804301002 Colmenar de Oreja sección 01002;Renta neta media por persona;2023;12.310
28043 Colmenar de Oreja;2804302 Colmenar de Oreja distrito 02;2804302001 Colmenar de Oreja sección 02001;Renta neta media por persona;2023;11.419
28043 Colmenar de Oreja;2804302 Colmenar de Oreja distrito 02;2804302002 Colmenar de Oreja sección 02002;Renta neta media por persona;2023;12.551
28043 Colmenar de Oreja;2804302 Colmenar de Oreja distrito 02;2804302003 Colmenar de Oreja sección 02003;Renta neta media por persona;2023;13.045
28044 Colmenarejo;2804401 Colmenarejo distrito 01;2804401001 Colmenarejo sección 01001;Renta neta media por persona;2023;14.828
28044 Colmenarejo;2804401 Colmenarejo distrito 01;2804401002 Colmenarejo sección 01002;Renta neta media por persona;2023;15.943
28044 Colmenarejo;2804401 Colmenarejo distrito 01;2804401003 Colmenarejo sección 01003;Renta neta media por persona;2023;16.028
28044 Colmenarejo;2804401 Colmenarejo distrito 01;2804401004 Colmenarejo sección 01004;Renta neta media por persona;2023;19.351
28045 Colmenar Viejo;2804501 Colmenar Viejo distrito 01;2804501001 Colmenar Viejo sección 01001;Renta neta media por persona;2023;15.662
28045 Colmenar Viejo;2804501 Colmenar Viejo distrito 01;2804501002 Colmenar Viejo sección 01002;Renta neta media por persona;2023;15.409
28045 Colmenar Viejo;2804501 Colmenar Viejo distrito 01;2804501003 Colmenar Viejo sección 01003;Renta neta media por persona;2023;12.335
28045 Colmenar Viejo;2804501 Colmenar Viejo distrito 01;2804501004 Colmenar Viejo sección 01004;Renta neta media por persona;2023;13.242
28045 Colmenar Viejo;2804501 Colmenar Viejo distrito 01;2804501005 Colmenar Viejo sección 01005;Renta neta media por persona;2023;14.822
28045 Colmenar Viejo;2804501 Colmenar Viejo distrito 01;2804501006 Colmenar Viejo sección 01006;Renta neta media por persona;2023;13.954
28045 Colmenar Viejo;2804501 Colmenar Viejo distrito 01;2804501007 Colmenar Viejo sección 01007;Renta neta media por persona;2023;11.933
28045 Colmenar Viejo;2804501 Colmenar Viejo distrito 01;2804501008 Colmenar Viejo sección 01008;Renta neta media por persona;2023;18.365
28045 Colmenar Viejo;2804501 Colmenar Viejo distrito 01;2804501009 Colmenar Viejo sección 01009;Renta neta media por persona;2023;12.547
28045 Colmenar Viejo;2804501 Colmenar Viejo distrito 01;2804501010 Colmenar Viejo sección 01010;Renta neta media por persona;2023;11.976
28045 Colmenar Viejo;2804501 Colmenar Viejo distrito 01;2804501011 Colmenar Viejo sección 01011;Renta neta media por persona;2023;22.237
28045 Colmenar Viejo;2804501 Colmenar Viejo distrito 01;2804501012 Colmenar Viejo sección 01012;Renta neta media por persona;2023;18.777
28045 Colmenar Viejo;2804501 Colmenar Viejo distrito 01;2804501013 Colmenar Viejo sección 01013;Renta neta media por persona;2023;18.336
28045 Colmenar Viejo;2804501 Colmenar Viejo distrito 01;2804501014 Colmenar Viejo sección 01014;Renta neta media por persona;2023;12.648
28045 Colmenar Viejo;2804501 Colmenar Viejo distrito 01;2804501015 Colmenar Viejo sección 01015;Renta neta media por persona;2023;16.324
28045 Colmenar Viejo;2804501 Colmenar Viejo distrito 01;2804501016 Colmenar Viejo sección 01016;Renta neta media por persona;2023;24.579
28045 Colmenar Viejo;2804501 Colmenar Viejo distrito 01;2804501017 Colmenar Viejo sección 01017;Renta neta media por persona;2023;16.498
28045 Colmenar Viejo;2804501 Colmenar Viejo distrito 01;2804501018 Colmenar Viejo sección 01018;Renta neta media por persona;2023;19.381
28045 Colmenar Viejo;2804501 Colmenar Viejo distrito 01;2804501019 Colmenar Viejo sección 01019;Renta neta media por persona;2023;19.945
28045 Colmenar Viejo;2804501 Colmenar Viejo distrito 01;2804501020 Colmenar Viejo sección 01020;Renta neta media por persona;2023;20.058
28045 Colmenar Viejo;2804501 Colmenar Viejo distrito 01;2804501021 Colmenar Viejo sección 01021;Renta neta media por persona;2023;27.051
28045 Colmenar Viejo;2804501 Colmenar Viejo distrito 01;2804501022 Colmenar Viejo sección 01022;Renta neta media por persona;2023;22.885
28045 Colmenar Viejo;2804501 Colmenar Viejo distrito 01;2804501023 Colmenar Viejo sección 01023;Renta neta media por persona;2023;21.798
28045 Colmenar Viejo;2804501 Colmenar Viejo distrito 01;2804501024 Colmenar Viejo sección 01024;Renta neta media por persona;2023;16.960
28045 Colmenar Viejo;2804501 Colmenar Viejo distrito 01;2804501025 Colmenar Viejo sección 01025;Renta neta media por persona;2023;18.507
28045 Colmenar Viejo;2804501 Colmenar Viejo distrito 01;2804501026 Colmenar Viejo sección 01026;Renta neta media por persona;2023;21.045
28046 Collado Mediano;2804601 Collado Mediano distrito 01;2804601001 Collado Mediano sección 01001;Renta neta media por persona;2023;20.784
28046 Collado Mediano;2804601 Collado Mediano distrito 01;2804601002 Collado Mediano sección 01002;Renta neta media por persona;2023;16.605
28046 Collado Mediano;2804601 Collado Mediano distrito 01;2804601003 Collado Mediano sección 01003;Renta neta media por persona;2023;16.912
28046 Collado Mediano;2804601 Collado Mediano distrito 01;2804601004 Collado Mediano sección 01004;Renta neta media por persona;2023;19.957
28047 Collado Villalba;2804701 Collado Villalba distrito 01;2804701001 Collado Villalba sección 01001;Renta neta media por persona;2023;15.358
28047 Collado Villalba;2804701 Collado Villalba distrito 01;2804701002 Collado Villalba sección 01002;Renta neta media por persona;2023;9.717
28047 Collado Villalba;2804701 Collado Villalba distrito 01;2804701003 Collado Villalba sección 01003;Renta neta media por persona;2023;18.266
28047 Collado Villalba;2804701 Collado Villalba distrito 01;2804701004 Collado Villalba sección 01004;Renta neta media por persona;2023;13.527
28047 Collado Villalba;2804701 Collado Villalba distrito 01;2804701005 Collado Villalba sección 01005;Renta neta media por persona;2023;13.188
28047 Collado Villalba;2804701 Collado Villalba distrito 01;2804701006 Collado Villalba sección 01006;Renta neta media por persona;2023;9.654
28047 Collado Villalba;2804701 Collado Villalba distrito 01;2804701007 Collado Villalba sección 01007;Renta neta media por persona;2023;14.768
28047 Collado Villalba;2804701 Collado Villalba distrito 01;2804701008 Collado Villalba sección 01008;Renta neta media por persona;2023;15.080
28047 Collado Villalba;2804701 Collado Villalba distrito 01;2804701009 Collado Villalba sección 01009;Renta neta media por persona;2023;14.725
28047 Collado Villalba;2804701 Collado Villalba distrito 01;2804701010 Collado Villalba sección 01010;Renta neta media por persona;2023;11.230
28047 Collado Villalba;2804701 Collado Villalba distrito 01;2804701011 Collado Villalba sección 01011;Renta neta media por persona;2023;13.693
28047 Collado Villalba;2804701 Collado Villalba distrito 01;2804701012 Collado Villalba sección 01012;Renta neta media por persona;2023;9.696
28047 Collado Villalba;2804701 Collado Villalba distrito 01;2804701013 Collado Villalba sección 01013;Renta neta media por persona;2023;13.426
28047 Collado Villalba;2804701 Collado Villalba distrito 01;2804701014 Collado Villalba sección 01014;Renta neta media por persona;2023;13.950
28047 Collado Villalba;2804701 Collado Villalba distrito 01;2804701015 Collado Villalba sección 01015;Renta neta media por persona;2023;9.839
28047 Collado Villalba;2804701 Collado Villalba distrito 01;2804701016 Collado Villalba sección 01016;Renta neta media por persona;2023;14.947
28047 Collado Villalba;2804701 Collado Villalba distrito 01;2804701017 Collado Villalba sección 01017;Renta neta media por persona;2023;16.992
28047 Collado Villalba;2804701 Collado Villalba distrito 01;2804701018 Collado Villalba sección 01018;Renta neta media por persona;2023;14.822
28047 Collado Villalba;2804701 Collado Villalba distrito 01;2804701019 Collado Villalba sección 01019;Renta neta media por persona;2023;17.459
28047 Collado Villalba;2804701 Collado Villalba distrito 01;2804701020 Collado Villalba sección 01020;Renta neta media por persona;2023;19.842
28047 Collado Villalba;2804701 Collado Villalba distrito 01;2804701021 Collado Villalba sección 01021;Renta neta media por persona;2023;15.969
28047 Collado Villalba;2804701 Collado Villalba distrito 01;2804701022 Collado Villalba sección 01022;Renta neta media por persona;2023;16.116
28047 Collado Villalba;2804701 Collado Villalba distrito 01;2804701023 Collado Villalba sección 01023;Renta neta media por persona;2023;13.698
28047 Collado Villalba;2804701 Collado Villalba distrito 01;2804701024 Collado Villalba sección 01024;Renta neta media por persona;2023;17.625
28047 Collado Villalba;2804701 Collado Villalba distrito 01;2804701025 Collado Villalba sección 01025;Renta neta media por persona;2023;15.728
28047 Collado Villalba;2804701 Collado Villalba distrito 01;2804701026 Collado Villalba sección 01026;Renta neta media por persona;2023;15.965
28047 Collado Villalba;2804701 Collado Villalba distrito 01;2804701027 Collado Villalba sección 01027;Renta neta media por persona;2023;19.538
28047 Collado Villalba;2804701 Collado Villalba distrito 01;2804701028 Collado Villalba sección 01028;Renta neta media por persona;2023;17.533
28047 Collado Villalba;2804701 Collado Villalba distrito 01;2804701029 Collado Villalba sección 01029;Renta neta media por persona;2023;10.412
28047 Collado Villalba;2804701 Collado Villalba distrito 01;2804701030 Collado Villalba sección 01030;Renta neta media por persona;2023;11.752
28047 Collado Villalba;2804701 Collado Villalba distrito 01;2804701031 Collado Villalba sección 01031;Renta neta media por persona;2023;22.674
28047 Collado Villalba;2804701 Collado Villalba distrito 01;2804701032 Collado Villalba sección 01032;Renta neta media por persona;2023;12.185
28047 Collado Villalba;2804701 Collado Villalba distrito 01;2804701033 Collado Villalba sección 01033;Renta neta media por persona;2023;13.908
28048 Corpa;2804801 Corpa distrito 01;2804801001 Corpa sección 01001;Renta neta media por persona;2023;13.602
28049 Coslada;2804901 Coslada distrito 01;2804901001 Coslada sección 01001;Renta neta media por persona;2023;""
28049 Coslada;2804901 Coslada distrito 01;2804901002 Coslada sección 01002;Renta neta media por persona;2023;14.725
28049 Coslada;2804901 Coslada distrito 01;2804901003 Coslada sección 01003;Renta neta media por persona;2023;12.412
28049 Coslada;2804901 Coslada distrito 01;2804901004 Coslada sección 01004;Renta neta media por persona;2023;12.929
28049 Coslada;2804901 Coslada distrito 01;2804901005 Coslada sección 01005;Renta neta media por persona;2023;12.932
28049 Coslada;2804901 Coslada distrito 01;2804901006 Coslada sección 01006;Renta neta media por persona;2023;13.690
28049 Coslada;2804901 Coslada distrito 01;2804901007 Coslada sección 01007;Renta neta media por persona;2023;15.135
28049 Coslada;2804901 Coslada distrito 01;2804901008 Coslada sección 01008;Renta neta media por persona;2023;11.304
28049 Coslada;2804901 Coslada distrito 01;2804901009 Coslada sección 01009;Renta neta media por persona;2023;11.657
28049 Coslada;2804901 Coslada distrito 01;2804901010 Coslada sección 01010;Renta neta media por persona;2023;11.581
28049 Coslada;2804901 Coslada distrito 01;2804901011 Coslada sección 01011;Renta neta media por persona;2023;""
28049 Coslada;2804901 Coslada distrito 01;2804901012 Coslada sección 01012;Renta neta media por persona;2023;""
28049 Coslada;2804901 Coslada distrito 01;2804901013 Coslada sección 01013;Renta neta media por persona;2023;12.023
28049 Coslada;2804901 Coslada distrito 01;2804901014 Coslada sección 01014;Renta neta media por persona;2023;12.102
28049 Coslada;2804901 Coslada distrito 01;2804901015 Coslada sección 01015;Renta neta media por persona;2023;12.665
28049 Coslada;2804901 Coslada distrito 01;2804901016 Coslada sección 01016;Renta neta media por persona;2023;13.641
28049 Coslada;2804901 Coslada distrito 01;2804901017 Coslada sección 01017;Renta neta media por persona;2023;17.853
28049 Coslada;2804901 Coslada distrito 01;2804901018 Coslada sección 01018;Renta neta media por persona;2023;25.221
28049 Coslada;2804901 Coslada distrito 01;2804901019 Coslada sección 01019;Renta neta media por persona;2023;18.032
28049 Coslada;2804901 Coslada distrito 01;2804901020 Coslada sección 01020;Renta neta media por persona;2023;15.519
28049 Coslada;2804901 Coslada distrito 01;2804901021 Coslada sección 01021;Renta neta media por persona;2023;18.090
28049 Coslada;2804901 Coslada distrito 01;2804901022 Coslada sección 01022;Renta neta media por persona;2023;23.565
28049 Coslada;2804901 Coslada distrito 01;2804901023 Coslada sección 01023;Renta neta media por persona;2023;15.739
28049 Coslada;2804901 Coslada distrito 01;2804901024 Coslada sección 01024;Renta neta media por persona;2023;18.173
28049 Coslada;2804902 Coslada distrito 02;2804902001 Coslada sección 02001;Renta neta media por persona;2023;16.055
28049 Coslada;2804902 Coslada distrito 02;2804902002 Coslada sección 02002;Renta neta media por persona;2023;14.117
28049 Coslada;2804902 Coslada distrito 02;2804902003 Coslada sección 02003;Renta neta media por persona;2023;13.443
28049 Coslada;2804902 Coslada distrito 02;2804902004 Coslada sección 02004;Renta neta media por persona;2023;14.068
28049 Coslada;2804902 Coslada distrito 02;2804902005 Coslada sección 02005;Renta neta media por persona;2023;17.041
28049 Coslada;2804902 Coslada distrito 02;2804902006 Coslada sección 02006;Renta neta media por persona;2023;17.707
28049 Coslada;2804902 Coslada distrito 02;2804902007 Coslada sección 02007;Renta neta media por persona;2023;""
28049 Coslada;2804902 Coslada distrito 02;2804902008 Coslada sección 02008;Renta neta media por persona;2023;13.237
28049 Coslada;2804902 Coslada distrito 02;2804902009 Coslada sección 02009;Renta neta media por persona;2023;13.249
28049 Coslada;2804902 Coslada distrito 02;2804902010 Coslada sección 02010;Renta neta media por persona;2023;12.246
28049 Coslada;2804902 Coslada distrito 02;2804902011 Coslada sección 02011;Renta neta media por persona;2023;12.573
28049 Coslada;2804902 Coslada distrito 02;2804902012 Coslada sección 02012;Renta neta media por persona;2023;12.115
28049 Coslada;2804902 Coslada distrito 02;2804902013 Coslada sección 02013;Renta neta media por persona;2023;""
28049 Coslada;2804902 Coslada distrito 02;2804902014 Coslada sección 02014;Renta neta media por persona;2023;12.870
28049 Coslada;2804902 Coslada distrito 02;2804902015 Coslada sección 02015;Renta neta media por persona;2023;14.488
28049 Coslada;2804902 Coslada distrito 02;2804902016 Coslada sección 02016;Renta neta media por persona;2023;14.313
28049 Coslada;2804902 Coslada distrito 02;2804902017 Coslada sección 02017;Renta neta media por persona;2023;17.208
28049 Coslada;2804902 Coslada distrito 02;2804902018 Coslada sección 02018;Renta neta media por persona;2023;22.791
28049 Coslada;2804902 Coslada distrito 02;2804902019 Coslada sección 02019;Renta neta media por persona;2023;22.593
28049 Coslada;2804902 Coslada distrito 02;2804902020 Coslada sección 02020;Renta neta media por persona;2023;23.058
28049 Coslada;2804902 Coslada distrito 02;2804902021 Coslada sección 02021;Renta neta media por persona;2023;15.286
28049 Coslada;2804903 Coslada distrito 03;2804903001 Coslada sección 03001;Renta neta media por persona;2023;16.000
28049 Coslada;2804903 Coslada distrito 03;2804903002 Coslada sección 03002;Renta neta media por persona;2023;13.069
28049 Coslada;2804903 Coslada distrito 03;2804903003 Coslada sección 03003;Renta neta media por persona;2023;15.938
28049 Coslada;2804903 Coslada distrito 03;2804903004 Coslada sección 03004;Renta neta media por persona;2023;16.461
28049 Coslada;2804903 Coslada distrito 03;2804903005 Coslada sección 03005;Renta neta media por persona;2023;17.129
28049 Coslada;2804903 Coslada distrito 03;2804903006 Coslada sección 03006;Renta neta media por persona;2023;16.740
28049 Coslada;2804903 Coslada distrito 03;2804903007 Coslada sección 03007;Renta neta media por persona;2023;16.463
28049 Coslada;2804903 Coslada distrito 03;2804903008 Coslada sección 03008;Renta neta media por persona;2023;13.360
28049 Coslada;2804903 Coslada distrito 03;2804903009 Coslada sección 03009;Renta neta media por persona;2023;11.207
28049 Coslada;2804904 Coslada distrito 04;2804904001 Coslada sección 04001;Renta neta media por persona;2023;""
28049 Coslada;2804904 Coslada distrito 04;2804904002 Coslada sección 04002;Renta neta media por persona;2023;13.406
28050 Cubas de la Sagra;2805001 Cubas de la Sagra distrito 01;2805001001 Cubas de la Sagra sección 01001;Renta neta media por persona;2023;15.129
28050 Cubas de la Sagra;2805001 Cubas de la Sagra distrito 01;2805001002 Cubas de la Sagra sección 01002;Renta neta media por persona;2023;14.216
28050 Cubas de la Sagra;2805001 Cubas de la Sagra distrito 01;2805001003 Cubas de la Sagra sección 01003;Renta neta media por persona;2023;15.744
28051 Chapinería;2805101 Chapinería distrito 01;2805101001 Chapinería sección 01001;Renta neta media por persona;2023;14.037
28052 Chinchón;2805201 Chinchón distrito 01;2805201001 Chinchón sección 01001;Renta neta media por persona;2023;12.876
28052 Chinchón;2805201 Chinchón distrito 01;2805201002 Chinchón sección 01002;Renta neta media por persona;2023;13.170
28052 Chinchón;2805201 Chinchón distrito 01;2805201003 Chinchón sección 01003;Renta neta media por persona;2023;13.188
28053 Daganzo de Arriba;2805301 Daganzo de Arriba distrito 01;2805301001 Daganzo de Arriba sección 01001;Renta neta media por persona;2023;15.760
28053 Daganzo de Arriba;2805301 Daganzo de Arriba distrito 01;2805301002 Daganzo de Arriba sección 01002;Renta neta media por persona;2023;18.369
28053 Daganzo de Arriba;2805301 Daganzo de Arriba distrito 01;2805301003 Daganzo de Arriba sección 01003;Renta neta media por persona;2023;18.803
28053 Daganzo de Arriba;2805301 Daganzo de Arriba distrito 01;2805301004 Daganzo de Arriba sección 01004;Renta neta media por persona;2023;16.818
28054 Escorial, El;2805401 Escorial, El distrito 01;2805401001 Escorial, El sección 01001;Renta neta media por persona;2023;14.233
28054 Escorial, El;2805401 Escorial, El distrito 01;2805401002 Escorial, El sección 01002;Renta neta media por persona;2023;13.516
28054 Escorial, El;2805401 Escorial, El distrito 01;2805401003 Escorial, El sección 01003;Renta neta media por persona;2023;17.932
28054 Escorial, El;2805401 Escorial, El distrito 01;2805401004 Escorial, El sección 01004;Renta neta media por persona;2023;20.286
28054 Escorial, El;2805402 Escorial, El distrito 02;2805402001 Escorial, El sección 02001;Renta neta media por persona;2023;18.636
28054 Escorial, El;2805402 Escorial, El distrito 02;2805402002 Escorial, El sección 02002;Renta neta media por persona;2023;18.487
28054 Escorial, El;2805402 Escorial, El distrito 02;2805402003 Escorial, El sección 02003;Renta neta media por persona;2023;20.927
28054 Escorial, El;2805402 Escorial, El distrito 02;2805402004 Escorial, El sección 02004;Renta neta media por persona;2023;19.321
28054 Escorial, El;2805402 Escorial, El distrito 02;2805402005 Escorial, El sección 02005;Renta neta media por persona;2023;18.034
28055 Estremera;2805501 Estremera distrito 01;2805501001 Estremera sección 01001;Renta neta media por persona;2023;12.029
28056 Fresnedillas de la Oliva;2805601 Fresnedillas de la Oliva distrito 01;2805601001 Fresnedillas de la Oliva sección 01001;Renta neta media por persona;2023;12.542
28057 Fresno de Torote;2805701 Fresno de Torote distrito 01;2805701001 Fresno de Torote sección 01001;Renta neta media por persona;2023;15.092
28058 Fuenlabrada;2805801 Fuenlabrada distrito 01;2805801002 Fuenlabrada sección 01002;Renta neta media por persona;2023;11.445
28058 Fuenlabrada;2805801 Fuenlabrada distrito 01;2805801003 Fuenlabrada sección 01003;Renta neta media por persona;2023;11.576
28058 Fuenlabrada;2805801 Fuenlabrada distrito 01;2805801004 Fuenlabrada sección 01004;Renta neta media por persona;2023;12.907
28058 Fuenlabrada;2805801 Fuenlabrada distrito 01;2805801005 Fuenlabrada sección 01005;Renta neta media por persona;2023;12.217
28058 Fuenlabrada;2805801 Fuenlabrada distrito 01;2805801006 Fuenlabrada sección 01006;Renta neta media por persona;2023;11.279
28058 Fuenlabrada;2805801 Fuenlabrada distrito 01;2805801007 Fuenlabrada sección 01007;Renta neta media por persona;2023;11.320
28058 Fuenlabrada;2805802 Fuenlabrada distrito 02;2805802001 Fuenlabrada sección 02001;Renta neta media por persona;2023;12.843
28058 Fuenlabrada;2805802 Fuenlabrada distrito 02;2805802002 Fuenlabrada sección 02002;Renta neta media por persona;2023;13.657
28058 Fuenlabrada;2805802 Fuenlabrada distrito 02;2805802003 Fuenlabrada sección 02003;Renta neta media por persona;2023;12.456
28058 Fuenlabrada;2805802 Fuenlabrada distrito 02;2805802004 Fuenlabrada sección 02004;Renta neta media por persona;2023;15.289
28058 Fuenlabrada;2805802 Fuenlabrada distrito 02;2805802005 Fuenlabrada sección 02005;Renta neta media por persona;2023;12.190
28058 Fuenlabrada;2805802 Fuenlabrada distrito 02;2805802006 Fuenlabrada sección 02006;Renta neta media por persona;2023;12.258
28058 Fuenlabrada;2805802 Fuenlabrada distrito 02;2805802007 Fuenlabrada sección 02007;Renta neta media por persona;2023;11.373
28058 Fuenlabrada;2805802 Fuenlabrada distrito 02;2805802008 Fuenlabrada sección 02008;Renta neta media por persona;2023;11.104
28058 Fuenlabrada;2805802 Fuenlabrada distrito 02;2805802009 Fuenlabrada sección 02009;Renta neta media por persona;2023;13.380
28058 Fuenlabrada;2805802 Fuenlabrada distrito 02;2805802010 Fuenlabrada sección 02010;Renta neta media por persona;2023;13.274
28058 Fuenlabrada;2805802 Fuenlabrada distrito 02;2805802011 Fuenlabrada sección 02011;Renta neta media por persona;2023;12.749
28058 Fuenlabrada;2805802 Fuenlabrada distrito 02;2805802012 Fuenlabrada sección 02012;Renta neta media por persona;2023;12.482
28058 Fuenlabrada;2805802 Fuenlabrada distrito 02;2805802013 Fuenlabrada sección 02013;Renta neta media por persona;2023;14.704
28058 Fuenlabrada;2805802 Fuenlabrada distrito 02;2805802014 Fuenlabrada sección 02014;Renta neta media por persona;2023;14.819
28058 Fuenlabrada;2805802 Fuenlabrada distrito 02;2805802015 Fuenlabrada sección 02015;Renta neta media por persona;2023;16.196
28058 Fuenlabrada;2805802 Fuenlabrada distrito 02;2805802016 Fuenlabrada sección 02016;Renta neta media por persona;2023;12.376
28058 Fuenlabrada;2805802 Fuenlabrada distrito 02;2805802017 Fuenlabrada sección 02017;Renta neta media por persona;2023;13.613
28058 Fuenlabrada;2805803 Fuenlabrada distrito 03;2805803001 Fuenlabrada sección 03001;Renta neta media por persona;2023;12.645
28058 Fuenlabrada;2805803 Fuenlabrada distrito 03;2805803002 Fuenlabrada sección 03002;Renta neta media por persona;2023;13.303
28058 Fuenlabrada;2805803 Fuenlabrada distrito 03;2805803003 Fuenlabrada sección 03003;Renta neta media por persona;2023;10.552
28058 Fuenlabrada;2805803 Fuenlabrada distrito 03;2805803004 Fuenlabrada sección 03004;Renta neta media por persona;2023;11.902
28058 Fuenlabrada;2805803 Fuenlabrada distrito 03;2805803005 Fuenlabrada sección 03005;Renta neta media por persona;2023;12.138
28058 Fuenlabrada;2805803 Fuenlabrada distrito 03;2805803006 Fuenlabrada sección 03006;Renta neta media por persona;2023;12.030
28058 Fuenlabrada;2805803 Fuenlabrada distrito 03;2805803007 Fuenlabrada sección 03007;Renta neta media por persona;2023;11.309
28058 Fuenlabrada;2805803 Fuenlabrada distrito 03;2805803008 Fuenlabrada sección 03008;Renta neta media por persona;2023;14.650
28058 Fuenlabrada;2805803 Fuenlabrada distrito 03;2805803009 Fuenlabrada sección 03009;Renta neta media por persona;2023;14.153
28058 Fuenlabrada;2805803 Fuenlabrada distrito 03;2805803010 Fuenlabrada sección 03010;Renta neta media por persona;2023;13.345
28058 Fuenlabrada;2805804 Fuenlabrada distrito 04;2805804001 Fuenlabrada sección 04001;Renta neta media por persona;2023;10.059
28058 Fuenlabrada;2805804 Fuenlabrada distrito 04;2805804002 Fuenlabrada sección 04002;Renta neta media por persona;2023;12.024
28058 Fuenlabrada;2805804 Fuenlabrada distrito 04;2805804003 Fuenlabrada sección 04003;Renta neta media por persona;2023;12.665
28058 Fuenlabrada;2805804 Fuenlabrada distrito 04;2805804004 Fuenlabrada sección 04004;Renta neta media por persona;2023;11.747
28058 Fuenlabrada;2805804 Fuenlabrada distrito 04;2805804005 Fuenlabrada sección 04005;Renta neta media por persona;2023;12.103
28058 Fuenlabrada;2805804 Fuenlabrada distrito 04;2805804006 Fuenlabrada sección 04006;Renta neta media por persona;2023;12.775
28058 Fuenlabrada;2805804 Fuenlabrada distrito 04;2805804007 Fuenlabrada sección 04007;Renta neta media por persona;2023;14.153
28058 Fuenlabrada;2805804 Fuenlabrada distrito 04;2805804008 Fuenlabrada sección 04008;Renta neta media por persona;2023;13.082
28058 Fuenlabrada;2805804 Fuenlabrada distrito 04;2805804009 Fuenlabrada sección 04009;Renta neta media por persona;2023;11.612
28058 Fuenlabrada;2805804 Fuenlabrada distrito 04;2805804010 Fuenlabrada sección 04010;Renta neta media por persona;2023;11.353
28058 Fuenlabrada;2805804 Fuenlabrada distrito 04;2805804011 Fuenlabrada sección 04011;Renta neta media por persona;2023;11.409
28058 Fuenlabrada;2805804 Fuenlabrada distrito 04;2805804012 Fuenlabrada sección 04012;Renta neta media por persona;2023;9.663
28058 Fuenlabrada;2805804 Fuenlabrada distrito 04;2805804013 Fuenlabrada sección 04013;Renta neta media por persona;2023;12.507
28058 Fuenlabrada;2805804 Fuenlabrada distrito 04;2805804014 Fuenlabrada sección 04014;Renta neta media por persona;2023;13.745
28058 Fuenlabrada;2805804 Fuenlabrada distrito 04;2805804015 Fuenlabrada sección 04015;Renta neta media por persona;2023;14.858
28058 Fuenlabrada;2805804 Fuenlabrada distrito 04;2805804016 Fuenlabrada sección 04016;Renta neta media por persona;2023;14.771
28058 Fuenlabrada;2805805 Fuenlabrada distrito 05;2805805001 Fuenlabrada sección 05001;Renta neta media por persona;2023;13.808
28058 Fuenlabrada;2805805 Fuenlabrada distrito 05;2805805002 Fuenlabrada sección 05002;Renta neta media por persona;2023;13.205
28058 Fuenlabrada;2805805 Fuenlabrada distrito 05;2805805003 Fuenlabrada sección 05003;Renta neta media por persona;2023;12.133
28058 Fuenlabrada;2805805 Fuenlabrada distrito 05;2805805004 Fuenlabrada sección 05004;Renta neta media por persona;2023;14.430
28058 Fuenlabrada;2805805 Fuenlabrada distrito 05;2805805005 Fuenlabrada sección 05005;Renta neta media por persona;2023;10.860
28058 Fuenlabrada;2805805 Fuenlabrada distrito 05;2805805006 Fuenlabrada sección 05006;Renta neta media por persona;2023;12.166
28058 Fuenlabrada;2805806 Fuenlabrada distrito 06;2805806001 Fuenlabrada sección 06001;Renta neta media por persona;2023;14.310
28058 Fuenlabrada;2805806 Fuenlabrada distrito 06;2805806002 Fuenlabrada sección 06002;Renta neta media por persona;2023;14.417
28058 Fuenlabrada;2805806 Fuenlabrada distrito 06;2805806003 Fuenlabrada sección 06003;Renta neta media por persona;2023;13.565
28058 Fuenlabrada;2805806 Fuenlabrada distrito 06;2805806004 Fuenlabrada sección 06004;Renta neta media por persona;2023;14.294
28058 Fuenlabrada;2805806 Fuenlabrada distrito 06;2805806005 Fuenlabrada sección 06005;Renta neta media por persona;2023;13.455
28058 Fuenlabrada;2805806 Fuenlabrada distrito 06;2805806006 Fuenlabrada sección 06006;Renta neta media por persona;2023;14.547
28058 Fuenlabrada;2805806 Fuenlabrada distrito 06;2805806007 Fuenlabrada sección 06007;Renta neta media por persona;2023;13.383
28058 Fuenlabrada;2805806 Fuenlabrada distrito 06;2805806008 Fuenlabrada sección 06008;Renta neta media por persona;2023;13.866
28058 Fuenlabrada;2805806 Fuenlabrada distrito 06;2805806009 Fuenlabrada sección 06009;Renta neta media por persona;2023;13.207
28058 Fuenlabrada;2805806 Fuenlabrada distrito 06;2805806010 Fuenlabrada sección 06010;Renta neta media por persona;2023;12.730
28058 Fuenlabrada;2805806 Fuenlabrada distrito 06;2805806011 Fuenlabrada sección 06011;Renta neta media por persona;2023;12.686
28058 Fuenlabrada;2805806 Fuenlabrada distrito 06;2805806012 Fuenlabrada sección 06012;Renta neta media por persona;2023;12.182
28058 Fuenlabrada;2805806 Fuenlabrada distrito 06;2805806013 Fuenlabrada sección 06013;Renta neta media por persona;2023;11.986
28058 Fuenlabrada;2805806 Fuenlabrada distrito 06;2805806014 Fuenlabrada sección 06014;Renta neta media por persona;2023;16.077
28058 Fuenlabrada;2805806 Fuenlabrada distrito 06;2805806015 Fuenlabrada sección 06015;Renta neta media por persona;2023;15.312
28058 Fuenlabrada;2805806 Fuenlabrada distrito 06;2805806016 Fuenlabrada sección 06016;Renta neta media por persona;2023;16.962
28058 Fuenlabrada;2805806 Fuenlabrada distrito 06;2805806017 Fuenlabrada sección 06017;Renta neta media por persona;2023;13.902
28058 Fuenlabrada;2805806 Fuenlabrada distrito 06;2805806018 Fuenlabrada sección 06018;Renta neta media por persona;2023;15.196
28058 Fuenlabrada;2805806 Fuenlabrada distrito 06;2805806019 Fuenlabrada sección 06019;Renta neta media por persona;2023;16.355
28058 Fuenlabrada;2805807 Fuenlabrada distrito 07;2805807001 Fuenlabrada sección 07001;Renta neta media por persona;2023;11.178
28058 Fuenlabrada;2805807 Fuenlabrada distrito 07;2805807002 Fuenlabrada sección 07002;Renta neta media por persona;2023;13.149
28058 Fuenlabrada;2805807 Fuenlabrada distrito 07;2805807003 Fuenlabrada sección 07003;Renta neta media por persona;2023;13.455
28058 Fuenlabrada;2805807 Fuenlabrada distrito 07;2805807004 Fuenlabrada sección 07004;Renta neta media por persona;2023;12.653
28058 Fuenlabrada;2805807 Fuenlabrada distrito 07;2805807005 Fuenlabrada sección 07005;Renta neta media por persona;2023;13.000
28058 Fuenlabrada;2805807 Fuenlabrada distrito 07;2805807006 Fuenlabrada sección 07006;Renta neta media por persona;2023;13.688
28058 Fuenlabrada;2805807 Fuenlabrada distrito 07;2805807007 Fuenlabrada sección 07007;Renta neta media por persona;2023;19.191
28058 Fuenlabrada;2805807 Fuenlabrada distrito 07;2805807008 Fuenlabrada sección 07008;Renta neta media por persona;2023;13.477
28058 Fuenlabrada;2805807 Fuenlabrada distrito 07;2805807009 Fuenlabrada sección 07009;Renta neta media por persona;2023;13.144
28058 Fuenlabrada;2805807 Fuenlabrada distrito 07;2805807010 Fuenlabrada sección 07010;Renta neta media por persona;2023;13.738
28058 Fuenlabrada;2805807 Fuenlabrada distrito 07;2805807011 Fuenlabrada sección 07011;Renta neta media por persona;2023;13.682
28058 Fuenlabrada;2805807 Fuenlabrada distrito 07;2805807012 Fuenlabrada sección 07012;Renta neta media por persona;2023;13.129
28058 Fuenlabrada;2805807 Fuenlabrada distrito 07;2805807013 Fuenlabrada sección 07013;Renta neta media por persona;2023;12.250
28058 Fuenlabrada;2805807 Fuenlabrada distrito 07;2805807014 Fuenlabrada sección 07014;Renta neta media por persona;2023;15.408
28058 Fuenlabrada;2805807 Fuenlabrada distrito 07;2805807015 Fuenlabrada sección 07015;Renta neta media por persona;2023;17.584
28058 Fuenlabrada;2805807 Fuenlabrada distrito 07;2805807016 Fuenlabrada sección 07016;Renta neta media por persona;2023;17.040
28058 Fuenlabrada;2805807 Fuenlabrada distrito 07;2805807017 Fuenlabrada sección 07017;Renta neta media por persona;2023;16.673
28058 Fuenlabrada;2805808 Fuenlabrada distrito 08;2805808001 Fuenlabrada sección 08001;Renta neta media por persona;2023;15.698
28058 Fuenlabrada;2805808 Fuenlabrada distrito 08;2805808002 Fuenlabrada sección 08002;Renta neta media por persona;2023;13.703
28058 Fuenlabrada;2805808 Fuenlabrada distrito 08;2805808003 Fuenlabrada sección 08003;Renta neta media por persona;2023;12.333
28058 Fuenlabrada;2805808 Fuenlabrada distrito 08;2805808004 Fuenlabrada sección 08004;Renta neta media por persona;2023;13.438
28058 Fuenlabrada;2805808 Fuenlabrada distrito 08;2805808005 Fuenlabrada sección 08005;Renta neta media por persona;2023;12.118
28058 Fuenlabrada;2805808 Fuenlabrada distrito 08;2805808006 Fuenlabrada sección 08006;Renta neta media por persona;2023;12.797
28058 Fuenlabrada;2805808 Fuenlabrada distrito 08;2805808007 Fuenlabrada sección 08007;Renta neta media por persona;2023;13.480
28058 Fuenlabrada;2805808 Fuenlabrada distrito 08;2805808008 Fuenlabrada sección 08008;Renta neta media por persona;2023;13.219
28058 Fuenlabrada;2805808 Fuenlabrada distrito 08;2805808009 Fuenlabrada sección 08009;Renta neta media por persona;2023;12.339
28058 Fuenlabrada;2805808 Fuenlabrada distrito 08;2805808010 Fuenlabrada sección 08010;Renta neta media por persona;2023;12.284
28058 Fuenlabrada;2805808 Fuenlabrada distrito 08;2805808011 Fuenlabrada sección 08011;Renta neta media por persona;2023;12.704
28058 Fuenlabrada;2805808 Fuenlabrada distrito 08;2805808012 Fuenlabrada sección 08012;Renta neta media por persona;2023;13.136
28058 Fuenlabrada;2805808 Fuenlabrada distrito 08;2805808013 Fuenlabrada sección 08013;Renta neta media por persona;2023;12.882
28058 Fuenlabrada;2805808 Fuenlabrada distrito 08;2805808014 Fuenlabrada sección 08014;Renta neta media por persona;2023;12.173
28058 Fuenlabrada;2805808 Fuenlabrada distrito 08;2805808015 Fuenlabrada sección 08015;Renta neta media por persona;2023;14.559
28058 Fuenlabrada;2805808 Fuenlabrada distrito 08;2805808016 Fuenlabrada sección 08016;Renta neta media por persona;2023;18.004
28058 Fuenlabrada;2805809 Fuenlabrada distrito 09;2805809001 Fuenlabrada sección 09001;Renta neta media por persona;2023;12.425
28058 Fuenlabrada;2805809 Fuenlabrada distrito 09;2805809002 Fuenlabrada sección 09002;Renta neta media por persona;2023;13.589
28058 Fuenlabrada;2805809 Fuenlabrada distrito 09;2805809003 Fuenlabrada sección 09003;Renta neta media por persona;2023;12.929
28058 Fuenlabrada;2805809 Fuenlabrada distrito 09;2805809004 Fuenlabrada sección 09004;Renta neta media por persona;2023;14.128
28058 Fuenlabrada;2805809 Fuenlabrada distrito 09;2805809005 Fuenlabrada sección 09005;Renta neta media por persona;2023;14.427
28058 Fuenlabrada;2805809 Fuenlabrada distrito 09;2805809006 Fuenlabrada sección 09006;Renta neta media por persona;2023;15.981
28058 Fuenlabrada;2805809 Fuenlabrada distrito 09;2805809007 Fuenlabrada sección 09007;Renta neta media por persona;2023;12.711
28058 Fuenlabrada;2805809 Fuenlabrada distrito 09;2805809008 Fuenlabrada sección 09008;Renta neta media por persona;2023;13.448
28058 Fuenlabrada;2805809 Fuenlabrada distrito 09;2805809009 Fuenlabrada sección 09009;Renta neta media por persona;2023;12.742
28058 Fuenlabrada;2805809 Fuenlabrada distrito 09;2805809010 Fuenlabrada sección 09010;Renta neta media por persona;2023;13.732
28058 Fuenlabrada;2805809 Fuenlabrada distrito 09;2805809011 Fuenlabrada sección 09011;Renta neta media por persona;2023;13.824
28058 Fuenlabrada;2805809 Fuenlabrada distrito 09;2805809012 Fuenlabrada sección 09012;Renta neta media por persona;2023;15.833
28059 Fuente el Saz de Jarama;2805901 Fuente el Saz de Jarama distrito 01;2805901001 Fuente el Saz de Jarama sección 01001;Renta neta media por persona;2023;13.300
28059 Fuente el Saz de Jarama;2805901 Fuente el Saz de Jarama distrito 01;2805901002 Fuente el Saz de Jarama sección 01002;Renta neta media por persona;2023;17.954
28059 Fuente el Saz de Jarama;2805901 Fuente el Saz de Jarama distrito 01;2805901003 Fuente el Saz de Jarama sección 01003;Renta neta media por persona;2023;13.466
28060 Fuentidueña de Tajo;2806001 Fuentidueña de Tajo distrito 01;2806001001 Fuentidueña de Tajo sección 01001;Renta neta media por persona;2023;12.553
28061 Galapagar;2806101 Galapagar distrito 01;2806101001 Galapagar sección 01001;Renta neta media por persona;2023;14.931
28061 Galapagar;2806101 Galapagar distrito 01;2806101002 Galapagar sección 01002;Renta neta media por persona;2023;13.583
28061 Galapagar;2806101 Galapagar distrito 01;2806101003 Galapagar sección 01003;Renta neta media por persona;2023;14.035
28061 Galapagar;2806101 Galapagar distrito 01;2806101004 Galapagar sección 01004;Renta neta media por persona;2023;12.216
28061 Galapagar;2806101 Galapagar distrito 01;2806101005 Galapagar sección 01005;Renta neta media por persona;2023;18.730
28061 Galapagar;2806101 Galapagar distrito 01;2806101006 Galapagar sección 01006;Renta neta media por persona;2023;22.085
28061 Galapagar;2806101 Galapagar distrito 01;2806101007 Galapagar sección 01007;Renta neta media por persona;2023;20.857
28061 Galapagar;2806101 Galapagar distrito 01;2806101008 Galapagar sección 01008;Renta neta media por persona;2023;24.850
28061 Galapagar;2806101 Galapagar distrito 01;2806101009 Galapagar sección 01009;Renta neta media por persona;2023;18.958
28061 Galapagar;2806101 Galapagar distrito 01;2806101010 Galapagar sección 01010;Renta neta media por persona;2023;21.371
28061 Galapagar;2806101 Galapagar distrito 01;2806101011 Galapagar sección 01011;Renta neta media por persona;2023;11.638
28061 Galapagar;2806101 Galapagar distrito 01;2806101012 Galapagar sección 01012;Renta neta media por persona;2023;18.386
28061 Galapagar;2806101 Galapagar distrito 01;2806101013 Galapagar sección 01013;Renta neta media por persona;2023;18.906
28062 Garganta de los Montes;2806201 Garganta de los Montes distrito 01;2806201001 Garganta de los Montes sección 01001;Renta neta media por persona;2023;17.957
28063 Gargantilla del Lozoya y Pinilla de Buitrago;2806301 Gargantilla del Lozoya y Pinilla de Buitrago distrito 01;2806301001 Gargantilla del Lozoya y Pinilla de Buitrago sección 01001;Renta neta media por persona;2023;15.573
28064 Gascones;2806401 Gascones distrito 01;2806401001 Gascones sección 01001;Renta neta media por persona;2023;17.107
28065 Getafe;2806501 Getafe distrito 01;2806501002 Getafe sección 01002;Renta neta media por persona;2023;13.555
28065 Getafe;2806501 Getafe distrito 01;2806501003 Getafe sección 01003;Renta neta media por persona;2023;15.775
28065 Getafe;2806501 Getafe distrito 01;2806501004 Getafe sección 01004;Renta neta media por persona;2023;15.430
28065 Getafe;2806501 Getafe distrito 01;2806501005 Getafe sección 01005;Renta neta media por persona;2023;15.213
28065 Getafe;2806501 Getafe distrito 01;2806501006 Getafe sección 01006;Renta neta media por persona;2023;16.117
28065 Getafe;2806501 Getafe distrito 01;2806501007 Getafe sección 01007;Renta neta media por persona;2023;13.923
28065 Getafe;2806501 Getafe distrito 01;2806501008 Getafe sección 01008;Renta neta media por persona;2023;12.065
28065 Getafe;2806501 Getafe distrito 01;2806501009 Getafe sección 01009;Renta neta media por persona;2023;16.944
28065 Getafe;2806501 Getafe distrito 01;2806501010 Getafe sección 01010;Renta neta media por persona;2023;14.222
28065 Getafe;2806501 Getafe distrito 01;2806501011 Getafe sección 01011;Renta neta media por persona;2023;15.005
28065 Getafe;2806501 Getafe distrito 01;2806501012 Getafe sección 01012;Renta neta media por persona;2023;11.277
28065 Getafe;2806501 Getafe distrito 01;2806501013 Getafe sección 01013;Renta neta media por persona;2023;16.052
28065 Getafe;2806501 Getafe distrito 01;2806501014 Getafe sección 01014;Renta neta media por persona;2023;11.770
28065 Getafe;2806501 Getafe distrito 01;2806501015 Getafe sección 01015;Renta neta media por persona;2023;12.366
28065 Getafe;2806501 Getafe distrito 01;2806501016 Getafe sección 01016;Renta neta media por persona;2023;14.194
28065 Getafe;2806501 Getafe distrito 01;2806501017 Getafe sección 01017;Renta neta media por persona;2023;14.466
28065 Getafe;2806501 Getafe distrito 01;2806501018 Getafe sección 01018;Renta neta media por persona;2023;13.490
28065 Getafe;2806501 Getafe distrito 01;2806501019 Getafe sección 01019;Renta neta media por persona;2023;15.733
28065 Getafe;2806502 Getafe distrito 02;2806502001 Getafe sección 02001;Renta neta media por persona;2023;14.458
28065 Getafe;2806502 Getafe distrito 02;2806502002 Getafe sección 02002;Renta neta media por persona;2023;13.663
28065 Getafe;2806502 Getafe distrito 02;2806502003 Getafe sección 02003;Renta neta media por persona;2023;12.219
28065 Getafe;2806502 Getafe distrito 02;2806502004 Getafe sección 02004;Renta neta media por persona;2023;10.388
28065 Getafe;2806502 Getafe distrito 02;2806502005 Getafe sección 02005;Renta neta media por persona;2023;10.241
28065 Getafe;2806502 Getafe distrito 02;2806502006 Getafe sección 02006;Renta neta media por persona;2023;9.812
28065 Getafe;2806502 Getafe distrito 02;2806502007 Getafe sección 02007;Renta neta media por persona;2023;9.980
28065 Getafe;2806502 Getafe distrito 02;2806502009 Getafe sección 02009;Renta neta media por persona;2023;13.939
28065 Getafe;2806502 Getafe distrito 02;2806502010 Getafe sección 02010;Renta neta media por persona;2023;15.553
28065 Getafe;2806502 Getafe distrito 02;2806502011 Getafe sección 02011;Renta neta media por persona;2023;14.672
28065 Getafe;2806502 Getafe distrito 02;2806502012 Getafe sección 02012;Renta neta media por persona;2023;15.120
28065 Getafe;2806502 Getafe distrito 02;2806502013 Getafe sección 02013;Renta neta media por persona;2023;20.806
28065 Getafe;2806502 Getafe distrito 02;2806502014 Getafe sección 02014;Renta neta media por persona;2023;12.965
28065 Getafe;2806502 Getafe distrito 02;2806502015 Getafe sección 02015;Renta neta media por persona;2023;15.171
28065 Getafe;2806502 Getafe distrito 02;2806502016 Getafe sección 02016;Renta neta media por persona;2023;16.994
28065 Getafe;2806502 Getafe distrito 02;2806502017 Getafe sección 02017;Renta neta media por persona;2023;24.914
28065 Getafe;2806502 Getafe distrito 02;2806502018 Getafe sección 02018;Renta neta media por persona;2023;15.062
28065 Getafe;2806502 Getafe distrito 02;2806502019 Getafe sección 02019;Renta neta media por persona;2023;15.328
28065 Getafe;2806502 Getafe distrito 02;2806502020 Getafe sección 02020;Renta neta media por persona;2023;16.345
28065 Getafe;2806502 Getafe distrito 02;2806502021 Getafe sección 02021;Renta neta media por persona;2023;16.396
28065 Getafe;2806502 Getafe distrito 02;2806502022 Getafe sección 02022;Renta neta media por persona;2023;22.770
28065 Getafe;2806503 Getafe distrito 03;2806503001 Getafe sección 03001;Renta neta media por persona;2023;12.302
28065 Getafe;2806503 Getafe distrito 03;2806503002 Getafe sección 03002;Renta neta media por persona;2023;12.252
28065 Getafe;2806503 Getafe distrito 03;2806503003 Getafe sección 03003;Renta neta media por persona;2023;11.262
28065 Getafe;2806503 Getafe distrito 03;2806503004 Getafe sección 03004;Renta neta media por persona;2023;11.557
28065 Getafe;2806503 Getafe distrito 03;2806503005 Getafe sección 03005;Renta neta media por persona;2023;13.661
28065 Getafe;2806503 Getafe distrito 03;2806503006 Getafe sección 03006;Renta neta media por persona;2023;12.115
28065 Getafe;2806503 Getafe distrito 03;2806503007 Getafe sección 03007;Renta neta media por persona;2023;13.065
28065 Getafe;2806503 Getafe distrito 03;2806503008 Getafe sección 03008;Renta neta media por persona;2023;14.205
28065 Getafe;2806503 Getafe distrito 03;2806503009 Getafe sección 03009;Renta neta media por persona;2023;12.613
28065 Getafe;2806503 Getafe distrito 03;2806503010 Getafe sección 03010;Renta neta media por persona;2023;11.723
28065 Getafe;2806503 Getafe distrito 03;2806503011 Getafe sección 03011;Renta neta media por persona;2023;11.705
28065 Getafe;2806503 Getafe distrito 03;2806503012 Getafe sección 03012;Renta neta media por persona;2023;11.918
28065 Getafe;2806503 Getafe distrito 03;2806503013 Getafe sección 03013;Renta neta media por persona;2023;12.350
28065 Getafe;2806503 Getafe distrito 03;2806503014 Getafe sección 03014;Renta neta media por persona;2023;12.598
28065 Getafe;2806503 Getafe distrito 03;2806503015 Getafe sección 03015;Renta neta media por persona;2023;12.135
28065 Getafe;2806503 Getafe distrito 03;2806503016 Getafe sección 03016;Renta neta media por persona;2023;14.392
28065 Getafe;2806503 Getafe distrito 03;2806503017 Getafe sección 03017;Renta neta media por persona;2023;18.443
28065 Getafe;2806503 Getafe distrito 03;2806503018 Getafe sección 03018;Renta neta media por persona;2023;18.701
28065 Getafe;2806503 Getafe distrito 03;2806503019 Getafe sección 03019;Renta neta media por persona;2023;19.246
28065 Getafe;2806503 Getafe distrito 03;2806503020 Getafe sección 03020;Renta neta media por persona;2023;18.784
28065 Getafe;2806503 Getafe distrito 03;2806503021 Getafe sección 03021;Renta neta media por persona;2023;21.528
28065 Getafe;2806503 Getafe distrito 03;2806503022 Getafe sección 03022;Renta neta media por persona;2023;20.719
28065 Getafe;2806503 Getafe distrito 03;2806503023 Getafe sección 03023;Renta neta media por persona;2023;22.140
28065 Getafe;2806503 Getafe distrito 03;2806503024 Getafe sección 03024;Renta neta media por persona;2023;18.987
28065 Getafe;2806503 Getafe distrito 03;2806503025 Getafe sección 03025;Renta neta media por persona;2023;19.611
28065 Getafe;2806503 Getafe distrito 03;2806503026 Getafe sección 03026;Renta neta media por persona;2023;18.818
28065 Getafe;2806503 Getafe distrito 03;2806503027 Getafe sección 03027;Renta neta media por persona;2023;21.270
28065 Getafe;2806503 Getafe distrito 03;2806503028 Getafe sección 03028;Renta neta media por persona;2023;18.041
28065 Getafe;2806503 Getafe distrito 03;2806503029 Getafe sección 03029;Renta neta media por persona;2023;21.748
28065 Getafe;2806503 Getafe distrito 03;2806503030 Getafe sección 03030;Renta neta media por persona;2023;20.159
28065 Getafe;2806503 Getafe distrito 03;2806503031 Getafe sección 03031;Renta neta media por persona;2023;20.890
28065 Getafe;2806503 Getafe distrito 03;2806503032 Getafe sección 03032;Renta neta media por persona;2023;21.762
28065 Getafe;2806503 Getafe distrito 03;2806503033 Getafe sección 03033;Renta neta media por persona;2023;19.888
28065 Getafe;2806503 Getafe distrito 03;2806503034 Getafe sección 03034;Renta neta media por persona;2023;18.876
28065 Getafe;2806503 Getafe distrito 03;2806503035 Getafe sección 03035;Renta neta media por persona;2023;16.887
28065 Getafe;2806503 Getafe distrito 03;2806503036 Getafe sección 03036;Renta neta media por persona;2023;17.952
28065 Getafe;2806503 Getafe distrito 03;2806503037 Getafe sección 03037;Renta neta media por persona;2023;17.269
28065 Getafe;2806503 Getafe distrito 03;2806503038 Getafe sección 03038;Renta neta media por persona;2023;17.628
28065 Getafe;2806503 Getafe distrito 03;2806503039 Getafe sección 03039;Renta neta media por persona;2023;22.633
28065 Getafe;2806503 Getafe distrito 03;2806503040 Getafe sección 03040;Renta neta media por persona;2023;14.967
28065 Getafe;2806503 Getafe distrito 03;2806503041 Getafe sección 03041;Renta neta media por persona;2023;23.764
28065 Getafe;2806503 Getafe distrito 03;2806503042 Getafe sección 03042;Renta neta media por persona;2023;18.055
28065 Getafe;2806503 Getafe distrito 03;2806503043 Getafe sección 03043;Renta neta media por persona;2023;17.730
28065 Getafe;2806503 Getafe distrito 03;2806503044 Getafe sección 03044;Renta neta media por persona;2023;22.644
28065 Getafe;2806503 Getafe distrito 03;2806503045 Getafe sección 03045;Renta neta media por persona;2023;19.093
28065 Getafe;2806503 Getafe distrito 03;2806503046 Getafe sección 03046;Renta neta media por persona;2023;18.241
28065 Getafe;2806503 Getafe distrito 03;2806503047 Getafe sección 03047;Renta neta media por persona;2023;19.240
28065 Getafe;2806504 Getafe distrito 04;2806504001 Getafe sección 04001;Renta neta media por persona;2023;12.852
28065 Getafe;2806504 Getafe distrito 04;2806504002 Getafe sección 04002;Renta neta media por persona;2023;12.679
28065 Getafe;2806504 Getafe distrito 04;2806504003 Getafe sección 04003;Renta neta media por persona;2023;12.616
28065 Getafe;2806504 Getafe distrito 04;2806504004 Getafe sección 04004;Renta neta media por persona;2023;10.117
28065 Getafe;2806504 Getafe distrito 04;2806504005 Getafe sección 04005;Renta neta media por persona;2023;12.903
28065 Getafe;2806504 Getafe distrito 04;2806504006 Getafe sección 04006;Renta neta media por persona;2023;12.370
28065 Getafe;2806504 Getafe distrito 04;2806504007 Getafe sección 04007;Renta neta media por persona;2023;12.292
28065 Getafe;2806504 Getafe distrito 04;2806504008 Getafe sección 04008;Renta neta media por persona;2023;11.999
28065 Getafe;2806504 Getafe distrito 04;2806504009 Getafe sección 04009;Renta neta media por persona;2023;11.132
28065 Getafe;2806504 Getafe distrito 04;2806504010 Getafe sección 04010;Renta neta media por persona;2023;12.492
28065 Getafe;2806504 Getafe distrito 04;2806504011 Getafe sección 04011;Renta neta media por persona;2023;13.854
28065 Getafe;2806504 Getafe distrito 04;2806504012 Getafe sección 04012;Renta neta media por persona;2023;15.619
28065 Getafe;2806504 Getafe distrito 04;2806504013 Getafe sección 04013;Renta neta media por persona;2023;11.282
28065 Getafe;2806504 Getafe distrito 04;2806504014 Getafe sección 04014;Renta neta media por persona;2023;12.394
28065 Getafe;2806504 Getafe distrito 04;2806504015 Getafe sección 04015;Renta neta media por persona;2023;11.881
28065 Getafe;2806504 Getafe distrito 04;2806504016 Getafe sección 04016;Renta neta media por persona;2023;10.758
28065 Getafe;2806504 Getafe distrito 04;2806504017 Getafe sección 04017;Renta neta media por persona;2023;10.958
28065 Getafe;2806504 Getafe distrito 04;2806504018 Getafe sección 04018;Renta neta media por persona;2023;11.432
28065 Getafe;2806504 Getafe distrito 04;2806504021 Getafe sección 04021;Renta neta media por persona;2023;13.982
28065 Getafe;2806504 Getafe distrito 04;2806504023 Getafe sección 04023;Renta neta media por persona;2023;12.712
28065 Getafe;2806504 Getafe distrito 04;2806504024 Getafe sección 04024;Renta neta media por persona;2023;11.660
28065 Getafe;2806504 Getafe distrito 04;2806504025 Getafe sección 04025;Renta neta media por persona;2023;11.776
28065 Getafe;2806504 Getafe distrito 04;2806504026 Getafe sección 04026;Renta neta media por persona;2023;11.336
28065 Getafe;2806504 Getafe distrito 04;2806504027 Getafe sección 04027;Renta neta media por persona;2023;14.910
28065 Getafe;2806504 Getafe distrito 04;2806504028 Getafe sección 04028;Renta neta media por persona;2023;15.659
28065 Getafe;2806504 Getafe distrito 04;2806504029 Getafe sección 04029;Renta neta media por persona;2023;16.718
28065 Getafe;2806504 Getafe distrito 04;2806504030 Getafe sección 04030;Renta neta media por persona;2023;17.466
28065 Getafe;2806504 Getafe distrito 04;2806504031 Getafe sección 04031;Renta neta media por persona;2023;14.857
28065 Getafe;2806504 Getafe distrito 04;2806504032 Getafe sección 04032;Renta neta media por persona;2023;15.952
28065 Getafe;2806504 Getafe distrito 04;2806504033 Getafe sección 04033;Renta neta media por persona;2023;16.561
28065 Getafe;2806504 Getafe distrito 04;2806504034 Getafe sección 04034;Renta neta media por persona;2023;19.696
28065 Getafe;2806504 Getafe distrito 04;2806504035 Getafe sección 04035;Renta neta media por persona;2023;17.160
28065 Getafe;2806504 Getafe distrito 04;2806504036 Getafe sección 04036;Renta neta media por persona;2023;18.688
28065 Getafe;2806504 Getafe distrito 04;2806504037 Getafe sección 04037;Renta neta media por persona;2023;18.639
28065 Getafe;2806504 Getafe distrito 04;2806504038 Getafe sección 04038;Renta neta media por persona;2023;17.557
28065 Getafe;2806504 Getafe distrito 04;2806504039 Getafe sección 04039;Renta neta media por persona;2023;19.736
28066 Griñón;2806601 Griñón distrito 01;2806601001 Griñón sección 01001;Renta neta media por persona;2023;17.658
28066 Griñón;2806601 Griñón distrito 01;2806601002 Griñón sección 01002;Renta neta media por persona;2023;14.887
28066 Griñón;2806601 Griñón distrito 01;2806601003 Griñón sección 01003;Renta neta media por persona;2023;16.638
28066 Griñón;2806601 Griñón distrito 01;2806601004 Griñón sección 01004;Renta neta media por persona;2023;16.482
28066 Griñón;2806601 Griñón distrito 01;2806601005 Griñón sección 01005;Renta neta media por persona;2023;17.945
28067 Guadalix de la Sierra;2806701 Guadalix de la Sierra distrito 01;2806701001 Guadalix de la Sierra sección 01001;Renta neta media por persona;2023;13.328
28067 Guadalix de la Sierra;2806701 Guadalix de la Sierra distrito 01;2806701002 Guadalix de la Sierra sección 01002;Renta neta media por persona;2023;16.494
28067 Guadalix de la Sierra;2806701 Guadalix de la Sierra distrito 01;2806701003 Guadalix de la Sierra sección 01003;Renta neta media por persona;2023;16.262
28068 Guadarrama;2806801 Guadarrama distrito 01;2806801001 Guadarrama sección 01001;Renta neta media por persona;2023;13.802
28068 Guadarrama;2806801 Guadarrama distrito 01;2806801002 Guadarrama sección 01002;Renta neta media por persona;2023;16.133
28068 Guadarrama;2806801 Guadarrama distrito 01;2806801003 Guadarrama sección 01003;Renta neta media por persona;2023;14.083
28068 Guadarrama;2806801 Guadarrama distrito 01;2806801004 Guadarrama sección 01004;Renta neta media por persona;2023;17.532
28068 Guadarrama;2806801 Guadarrama distrito 01;2806801005 Guadarrama sección 01005;Renta neta media por persona;2023;16.046
28068 Guadarrama;2806801 Guadarrama distrito 01;2806801006 Guadarrama sección 01006;Renta neta media por persona;2023;15.713
28068 Guadarrama;2806801 Guadarrama distrito 01;2806801007 Guadarrama sección 01007;Renta neta media por persona;2023;20.539
28068 Guadarrama;2806801 Guadarrama distrito 01;2806801008 Guadarrama sección 01008;Renta neta media por persona;2023;16.823
28069 Hiruela, La;2806901 Hiruela, La distrito 01;2806901001 Hiruela, La sección 01001;Renta neta media por persona;2023;16.893
28070 Horcajo de la Sierra-Aoslos;2807001 Horcajo de la Sierra-Aoslos distrito 01;2807001001 Horcajo de la Sierra-Aoslos sección 01001;Renta neta media por persona;2023;17.763
28071 Horcajuelo de la Sierra;2807101 Horcajuelo de la Sierra distrito 01;2807101001 Horcajuelo de la Sierra sección 01001;Renta neta media por persona;2023;15.223
28072 Hoyo de Manzanares;2807201 Hoyo de Manzanares distrito 01;2807201001 Hoyo de Manzanares sección 01001;Renta neta media por persona;2023;17.292
28072 Hoyo de Manzanares;2807201 Hoyo de Manzanares distrito 01;2807201002 Hoyo de Manzanares sección 01002;Renta neta media por persona;2023;17.745
28072 Hoyo de Manzanares;2807201 Hoyo de Manzanares distrito 01;2807201003 Hoyo de Manzanares sección 01003;Renta neta media por persona;2023;24.652
28073 Humanes de Madrid;2807301 Humanes de Madrid distrito 01;2807301001 Humanes de Madrid sección 01001;Renta neta media por persona;2023;14.463
28073 Humanes de Madrid;2807301 Humanes de Madrid distrito 01;2807301002 Humanes de Madrid sección 01002;Renta neta media por persona;2023;10.005
28073 Humanes de Madrid;2807301 Humanes de Madrid distrito 01;2807301003 Humanes de Madrid sección 01003;Renta neta media por persona;2023;10.673
28073 Humanes de Madrid;2807301 Humanes de Madrid distrito 01;2807301004 Humanes de Madrid sección 01004;Renta neta media por persona;2023;12.028
28073 Humanes de Madrid;2807301 Humanes de Madrid distrito 01;2807301005 Humanes de Madrid sección 01005;Renta neta media por persona;2023;11.602
28073 Humanes de Madrid;2807301 Humanes de Madrid distrito 01;2807301006 Humanes de Madrid sección 01006;Renta neta media por persona;2023;13.527
28073 Humanes de Madrid;2807301 Humanes de Madrid distrito 01;2807301007 Humanes de Madrid sección 01007;Renta neta media por persona;2023;13.337
28073 Humanes de Madrid;2807301 Humanes de Madrid distrito 01;2807301008 Humanes de Madrid sección 01008;Renta neta media por persona;2023;13.463
28074 Leganés;2807401 Leganés distrito 01;2807401001 Leganés sección 01001;Renta neta media por persona;2023;15.054
28074 Leganés;2807401 Leganés distrito 01;2807401002 Leganés sección 01002;Renta neta media por persona;2023;13.135
28074 Leganés;2807401 Leganés distrito 01;2807401003 Leganés sección 01003;Renta neta media por persona;2023;11.963
28074 Leganés;2807401 Leganés distrito 01;2807401004 Leganés sección 01004;Renta neta media por persona;2023;17.604
28074 Leganés;2807401 Leganés distrito 01;2807401005 Leganés sección 01005;Renta neta media por persona;2023;14.437
28074 Leganés;2807401 Leganés distrito 01;2807401006 Leganés sección 01006;Renta neta media por persona;2023;13.674
28074 Leganés;2807401 Leganés distrito 01;2807401007 Leganés sección 01007;Renta neta media por persona;2023;12.209
28074 Leganés;2807401 Leganés distrito 01;2807401008 Leganés sección 01008;Renta neta media por persona;2023;12.530
28074 Leganés;2807401 Leganés distrito 01;2807401009 Leganés sección 01009;Renta neta media por persona;2023;12.850
28074 Leganés;2807401 Leganés distrito 01;2807401010 Leganés sección 01010;Renta neta media por persona;2023;14.886
28074 Leganés;2807401 Leganés distrito 01;2807401011 Leganés sección 01011;Renta neta media por persona;2023;13.427
28074 Leganés;2807401 Leganés distrito 01;2807401012 Leganés sección 01012;Renta neta media por persona;2023;13.735
28074 Leganés;2807401 Leganés distrito 01;2807401013 Leganés sección 01013;Renta neta media por persona;2023;13.618
28074 Leganés;2807401 Leganés distrito 01;2807401014 Leganés sección 01014;Renta neta media por persona;2023;12.275
28074 Leganés;2807401 Leganés distrito 01;2807401015 Leganés sección 01015;Renta neta media por persona;2023;12.768
28074 Leganés;2807401 Leganés distrito 01;2807401016 Leganés sección 01016;Renta neta media por persona;2023;12.911
28074 Leganés;2807401 Leganés distrito 01;2807401017 Leganés sección 01017;Renta neta media por persona;2023;12.773
28074 Leganés;2807401 Leganés distrito 01;2807401018 Leganés sección 01018;Renta neta media por persona;2023;15.338
28074 Leganés;2807401 Leganés distrito 01;2807401019 Leganés sección 01019;Renta neta media por persona;2023;12.040
28074 Leganés;2807401 Leganés distrito 01;2807401020 Leganés sección 01020;Renta neta media por persona;2023;17.083
28074 Leganés;2807401 Leganés distrito 01;2807401021 Leganés sección 01021;Renta neta media por persona;2023;11.034
28074 Leganés;2807401 Leganés distrito 01;2807401022 Leganés sección 01022;Renta neta media por persona;2023;10.838
28074 Leganés;2807401 Leganés distrito 01;2807401023 Leganés sección 01023;Renta neta media por persona;2023;11.152
28074 Leganés;2807401 Leganés distrito 01;2807401024 Leganés sección 01024;Renta neta media por persona;2023;15.024
28074 Leganés;2807401 Leganés distrito 01;2807401025 Leganés sección 01025;Renta neta media por persona;2023;14.920
28074 Leganés;2807401 Leganés distrito 01;2807401026 Leganés sección 01026;Renta neta media por persona;2023;17.296
28074 Leganés;2807402 Leganés distrito 02;2807402001 Leganés sección 02001;Renta neta media por persona;2023;10.987
28074 Leganés;2807402 Leganés distrito 02;2807402002 Leganés sección 02002;Renta neta media por persona;2023;11.816
28074 Leganés;2807402 Leganés distrito 02;2807402003 Leganés sección 02003;Renta neta media por persona;2023;11.997
28074 Leganés;2807402 Leganés distrito 02;2807402004 Leganés sección 02004;Renta neta media por persona;2023;11.425
28074 Leganés;2807402 Leganés distrito 02;2807402005 Leganés sección 02005;Renta neta media por persona;2023;11.536
28074 Leganés;2807402 Leganés distrito 02;2807402006 Leganés sección 02006;Renta neta media por persona;2023;11.295
28074 Leganés;2807402 Leganés distrito 02;2807402008 Leganés sección 02008;Renta neta media por persona;2023;10.924
28074 Leganés;2807402 Leganés distrito 02;2807402009 Leganés sección 02009;Renta neta media por persona;2023;11.159
28074 Leganés;2807402 Leganés distrito 02;2807402010 Leganés sección 02010;Renta neta media por persona;2023;11.519
28074 Leganés;2807402 Leganés distrito 02;2807402011 Leganés sección 02011;Renta neta media por persona;2023;13.134
28074 Leganés;2807402 Leganés distrito 02;2807402012 Leganés sección 02012;Renta neta media por persona;2023;""
28074 Leganés;2807402 Leganés distrito 02;2807402013 Leganés sección 02013;Renta neta media por persona;2023;10.829
28074 Leganés;2807402 Leganés distrito 02;2807402014 Leganés sección 02014;Renta neta media por persona;2023;14.535
28074 Leganés;2807402 Leganés distrito 02;2807402015 Leganés sección 02015;Renta neta media por persona;2023;11.266
28074 Leganés;2807402 Leganés distrito 02;2807402016 Leganés sección 02016;Renta neta media por persona;2023;11.797
28074 Leganés;2807402 Leganés distrito 02;2807402017 Leganés sección 02017;Renta neta media por persona;2023;11.720
28074 Leganés;2807402 Leganés distrito 02;2807402019 Leganés sección 02019;Renta neta media por persona;2023;12.780
28074 Leganés;2807402 Leganés distrito 02;2807402020 Leganés sección 02020;Renta neta media por persona;2023;14.889
28074 Leganés;2807402 Leganés distrito 02;2807402021 Leganés sección 02021;Renta neta media por persona;2023;13.500
28074 Leganés;2807402 Leganés distrito 02;2807402022 Leganés sección 02022;Renta neta media por persona;2023;18.442
28074 Leganés;2807403 Leganés distrito 03;2807403001 Leganés sección 03001;Renta neta media por persona;2023;12.570
28074 Leganés;2807403 Leganés distrito 03;2807403002 Leganés sección 03002;Renta neta media por persona;2023;11.992
28074 Leganés;2807403 Leganés distrito 03;2807403003 Leganés sección 03003;Renta neta media por persona;2023;11.228
28074 Leganés;2807403 Leganés distrito 03;2807403004 Leganés sección 03004;Renta neta media por persona;2023;10.701
28074 Leganés;2807403 Leganés distrito 03;2807403005 Leganés sección 03005;Renta neta media por persona;2023;""
28074 Leganés;2807403 Leganés distrito 03;2807403006 Leganés sección 03006;Renta neta media por persona;2023;11.022
28074 Leganés;2807403 Leganés distrito 03;2807403007 Leganés sección 03007;Renta neta media por persona;2023;12.497
28074 Leganés;2807403 Leganés distrito 03;2807403008 Leganés sección 03008;Renta neta media por persona;2023;10.987
28074 Leganés;2807403 Leganés distrito 03;2807403012 Leganés sección 03012;Renta neta media por persona;2023;11.274
28074 Leganés;2807403 Leganés distrito 03;2807403013 Leganés sección 03013;Renta neta media por persona;2023;11.371
28074 Leganés;2807403 Leganés distrito 03;2807403014 Leganés sección 03014;Renta neta media por persona;2023;15.195
28074 Leganés;2807403 Leganés distrito 03;2807403015 Leganés sección 03015;Renta neta media por persona;2023;17.561
28074 Leganés;2807403 Leganés distrito 03;2807403016 Leganés sección 03016;Renta neta media por persona;2023;17.362
28074 Leganés;2807403 Leganés distrito 03;2807403017 Leganés sección 03017;Renta neta media por persona;2023;15.745
28074 Leganés;2807403 Leganés distrito 03;2807403018 Leganés sección 03018;Renta neta media por persona;2023;12.329
28074 Leganés;2807403 Leganés distrito 03;2807403019 Leganés sección 03019;Renta neta media por persona;2023;21.605
28074 Leganés;2807403 Leganés distrito 03;2807403020 Leganés sección 03020;Renta neta media por persona;2023;19.321
28074 Leganés;2807403 Leganés distrito 03;2807403021 Leganés sección 03021;Renta neta media por persona;2023;17.396
28074 Leganés;2807403 Leganés distrito 03;2807403022 Leganés sección 03022;Renta neta media por persona;2023;16.703
28074 Leganés;2807403 Leganés distrito 03;2807403023 Leganés sección 03023;Renta neta media por persona;2023;20.879
28074 Leganés;2807403 Leganés distrito 03;2807403024 Leganés sección 03024;Renta neta media por persona;2023;18.209
28074 Leganés;2807404 Leganés distrito 04;2807404001 Leganés sección 04001;Renta neta media por persona;2023;12.976
28074 Leganés;2807404 Leganés distrito 04;2807404002 Leganés sección 04002;Renta neta media por persona;2023;13.610
28074 Leganés;2807404 Leganés distrito 04;2807404003 Leganés sección 04003;Renta neta media por persona;2023;13.931
28074 Leganés;2807404 Leganés distrito 04;2807404004 Leganés sección 04004;Renta neta media por persona;2023;13.254
28074 Leganés;2807404 Leganés distrito 04;2807404005 Leganés sección 04005;Renta neta media por persona;2023;14.069
28074 Leganés;2807404 Leganés distrito 04;2807404006 Leganés sección 04006;Renta neta media por persona;2023;13.626
28074 Leganés;2807404 Leganés distrito 04;2807404007 Leganés sección 04007;Renta neta media por persona;2023;15.244
28074 Leganés;2807404 Leganés distrito 04;2807404008 Leganés sección 04008;Renta neta media por persona;2023;13.155
28074 Leganés;2807404 Leganés distrito 04;2807404009 Leganés sección 04009;Renta neta media por persona;2023;12.843
28074 Leganés;2807404 Leganés distrito 04;2807404010 Leganés sección 04010;Renta neta media por persona;2023;13.508
28074 Leganés;2807404 Leganés distrito 04;2807404011 Leganés sección 04011;Renta neta media por persona;2023;13.257
28074 Leganés;2807404 Leganés distrito 04;2807404012 Leganés sección 04012;Renta neta media por persona;2023;12.419
28074 Leganés;2807404 Leganés distrito 04;2807404013 Leganés sección 04013;Renta neta media por persona;2023;14.320
28074 Leganés;2807404 Leganés distrito 04;2807404014 Leganés sección 04014;Renta neta media por persona;2023;13.615
28074 Leganés;2807404 Leganés distrito 04;2807404015 Leganés sección 04015;Renta neta media por persona;2023;13.971
28074 Leganés;2807404 Leganés distrito 04;2807404016 Leganés sección 04016;Renta neta media por persona;2023;14.954
28074 Leganés;2807404 Leganés distrito 04;2807404017 Leganés sección 04017;Renta neta media por persona;2023;14.720
28074 Leganés;2807404 Leganés distrito 04;2807404018 Leganés sección 04018;Renta neta media por persona;2023;12.899
28074 Leganés;2807404 Leganés distrito 04;2807404019 Leganés sección 04019;Renta neta media por persona;2023;13.932
28074 Leganés;2807404 Leganés distrito 04;2807404020 Leganés sección 04020;Renta neta media por persona;2023;12.995
28074 Leganés;2807404 Leganés distrito 04;2807404021 Leganés sección 04021;Renta neta media por persona;2023;14.391
28074 Leganés;2807404 Leganés distrito 04;2807404022 Leganés sección 04022;Renta neta media por persona;2023;13.205
28074 Leganés;2807404 Leganés distrito 04;2807404023 Leganés sección 04023;Renta neta media por persona;2023;13.176
28074 Leganés;2807404 Leganés distrito 04;2807404024 Leganés sección 04024;Renta neta media por persona;2023;14.551
28074 Leganés;2807404 Leganés distrito 04;2807404025 Leganés sección 04025;Renta neta media por persona;2023;12.783
28074 Leganés;2807404 Leganés distrito 04;2807404026 Leganés sección 04026;Renta neta media por persona;2023;13.827
28074 Leganés;2807404 Leganés distrito 04;2807404027 Leganés sección 04027;Renta neta media por persona;2023;13.248
28074 Leganés;2807404 Leganés distrito 04;2807404028 Leganés sección 04028;Renta neta media por persona;2023;13.381
28074 Leganés;2807404 Leganés distrito 04;2807404029 Leganés sección 04029;Renta neta media por persona;2023;13.677
28074 Leganés;2807404 Leganés distrito 04;2807404030 Leganés sección 04030;Renta neta media por persona;2023;14.338
28074 Leganés;2807404 Leganés distrito 04;2807404031 Leganés sección 04031;Renta neta media por persona;2023;12.613
28074 Leganés;2807404 Leganés distrito 04;2807404032 Leganés sección 04032;Renta neta media por persona;2023;13.336
28074 Leganés;2807404 Leganés distrito 04;2807404033 Leganés sección 04033;Renta neta media por persona;2023;13.324
28074 Leganés;2807404 Leganés distrito 04;2807404034 Leganés sección 04034;Renta neta media por persona;2023;13.024
28074 Leganés;2807404 Leganés distrito 04;2807404035 Leganés sección 04035;Renta neta media por persona;2023;12.864
28074 Leganés;2807404 Leganés distrito 04;2807404036 Leganés sección 04036;Renta neta media por persona;2023;13.463
28074 Leganés;2807404 Leganés distrito 04;2807404037 Leganés sección 04037;Renta neta media por persona;2023;16.073
28074 Leganés;2807404 Leganés distrito 04;2807404038 Leganés sección 04038;Renta neta media por persona;2023;13.013
28074 Leganés;2807404 Leganés distrito 04;2807404039 Leganés sección 04039;Renta neta media por persona;2023;13.019
28074 Leganés;2807404 Leganés distrito 04;2807404040 Leganés sección 04040;Renta neta media por persona;2023;13.921
28074 Leganés;2807404 Leganés distrito 04;2807404041 Leganés sección 04041;Renta neta media por persona;2023;14.183
28074 Leganés;2807405 Leganés distrito 05;2807405001 Leganés sección 05001;Renta neta media por persona;2023;17.190
28074 Leganés;2807405 Leganés distrito 05;2807405002 Leganés sección 05002;Renta neta media por persona;2023;17.871
28074 Leganés;2807405 Leganés distrito 05;2807405003 Leganés sección 05003;Renta neta media por persona;2023;17.034
28074 Leganés;2807405 Leganés distrito 05;2807405004 Leganés sección 05004;Renta neta media por persona;2023;19.305
28074 Leganés;2807405 Leganés distrito 05;2807405005 Leganés sección 05005;Renta neta media por persona;2023;18.792
28074 Leganés;2807405 Leganés distrito 05;2807405006 Leganés sección 05006;Renta neta media por persona;2023;18.074
28074 Leganés;2807405 Leganés distrito 05;2807405007 Leganés sección 05007;Renta neta media por persona;2023;14.260
28074 Leganés;2807405 Leganés distrito 05;2807405008 Leganés sección 05008;Renta neta media por persona;2023;18.937
28074 Leganés;2807405 Leganés distrito 05;2807405009 Leganés sección 05009;Renta neta media por persona;2023;15.118
28074 Leganés;2807405 Leganés distrito 05;2807405010 Leganés sección 05010;Renta neta media por persona;2023;19.077
28074 Leganés;2807405 Leganés distrito 05;2807405011 Leganés sección 05011;Renta neta media por persona;2023;12.686
28074 Leganés;2807405 Leganés distrito 05;2807405012 Leganés sección 05012;Renta neta media por persona;2023;15.340
28074 Leganés;2807405 Leganés distrito 05;2807405013 Leganés sección 05013;Renta neta media por persona;2023;19.595
28074 Leganés;2807405 Leganés distrito 05;2807405014 Leganés sección 05014;Renta neta media por persona;2023;18.808
28074 Leganés;2807405 Leganés distrito 05;2807405015 Leganés sección 05015;Renta neta media por persona;2023;18.433
28074 Leganés;2807405 Leganés distrito 05;2807405016 Leganés sección 05016;Renta neta media por persona;2023;15.260
28074 Leganés;2807405 Leganés distrito 05;2807405017 Leganés sección 05017;Renta neta media por persona;2023;16.055
28074 Leganés;2807405 Leganés distrito 05;2807405018 Leganés sección 05018;Renta neta media por persona;2023;14.839
28074 Leganés;2807405 Leganés distrito 05;2807405019 Leganés sección 05019;Renta neta media por persona;2023;17.316
28074 Leganés;2807405 Leganés distrito 05;2807405020 Leganés sección 05020;Renta neta media por persona;2023;14.146
28074 Leganés;2807405 Leganés distrito 05;2807405021 Leganés sección 05021;Renta neta media por persona;2023;15.160
28074 Leganés;2807406 Leganés distrito 06;2807406001 Leganés sección 06001;Renta neta media por persona;2023;11.329
28074 Leganés;2807406 Leganés distrito 06;2807406002 Leganés sección 06002;Renta neta media por persona;2023;10.764
28074 Leganés;2807406 Leganés distrito 06;2807406003 Leganés sección 06003;Renta neta media por persona;2023;13.509
28074 Leganés;2807406 Leganés distrito 06;2807406004 Leganés sección 06004;Renta neta media por persona;2023;10.476
28074 Leganés;2807406 Leganés distrito 06;2807406005 Leganés sección 06005;Renta neta media por persona;2023;9.891
28074 Leganés;2807406 Leganés distrito 06;2807406006 Leganés sección 06006;Renta neta media por persona;2023;10.449
28074 Leganés;2807406 Leganés distrito 06;2807406008 Leganés sección 06008;Renta neta media por persona;2023;10.531
28074 Leganés;2807406 Leganés distrito 06;2807406009 Leganés sección 06009;Renta neta media por persona;2023;""
28074 Leganés;2807406 Leganés distrito 06;2807406010 Leganés sección 06010;Renta neta media por persona;2023;14.037
28074 Leganés;2807407 Leganés distrito 07;2807407001 Leganés sección 07001;Renta neta media por persona;2023;22.597
28074 Leganés;2807407 Leganés distrito 07;2807407002 Leganés sección 07002;Renta neta media por persona;2023;20.173
28074 Leganés;2807407 Leganés distrito 07;2807407003 Leganés sección 07003;Renta neta media por persona;2023;19.266
28074 Leganés;2807407 Leganés distrito 07;2807407004 Leganés sección 07004;Renta neta media por persona;2023;18.986
28074 Leganés;2807407 Leganés distrito 07;2807407005 Leganés sección 07005;Renta neta media por persona;2023;18.827
28074 Leganés;2807407 Leganés distrito 07;2807407006 Leganés sección 07006;Renta neta media por persona;2023;16.043
28074 Leganés;2807407 Leganés distrito 07;2807407007 Leganés sección 07007;Renta neta media por persona;2023;15.424
28075 Loeches;2807501 Loeches distrito 01;2807501001 Loeches sección 01001;Renta neta media por persona;2023;13.458
28075 Loeches;2807501 Loeches distrito 01;2807501002 Loeches sección 01002;Renta neta media por persona;2023;14.262
28075 Loeches;2807501 Loeches distrito 01;2807501003 Loeches sección 01003;Renta neta media por persona;2023;14.937
28075 Loeches;2807501 Loeches distrito 01;2807501004 Loeches sección 01004;Renta neta media por persona;2023;16.391
28075 Loeches;2807501 Loeches distrito 01;2807501005 Loeches sección 01005;Renta neta media por persona;2023;15.287
28076 Lozoya;2807601 Lozoya distrito 01;2807601001 Lozoya sección 01001;Renta neta media por persona;2023;17.234
28078 Madarcos;2807801 Madarcos distrito 01;2807801001 Madarcos sección 01001;Renta neta media por persona;2023;16.893
28079 Madrid;2807901 Madrid distrito 01;2807901001 Madrid sección 01001;Renta neta media por persona;2023;27.408
28079 Madrid;2807901 Madrid distrito 01;2807901002 Madrid sección 01002;Renta neta media por persona;2023;20.951
28079 Madrid;2807901 Madrid distrito 01;2807901003 Madrid sección 01003;Renta neta media por persona;2023;21.921
28079 Madrid;2807901 Madrid distrito 01;2807901004 Madrid sección 01004;Renta neta media por persona;2023;32.264
28079 Madrid;2807901 Madrid distrito 01;2807901006 Madrid sección 01006;Renta neta media por persona;2023;28.844
28079 Madrid;2807901 Madrid distrito 01;2807901007 Madrid sección 01007;Renta neta media por persona;2023;25.414
28079 Madrid;2807901 Madrid distrito 01;2807901008 Madrid sección 01008;Renta neta media por persona;2023;29.172
28079 Madrid;2807901 Madrid distrito 01;2807901009 Madrid sección 01009;Renta neta media por persona;2023;24.639
28079 Madrid;2807901 Madrid distrito 01;2807901011 Madrid sección 01011;Renta neta media por persona;2023;22.651
28079 Madrid;2807901 Madrid distrito 01;2807901012 Madrid sección 01012;Renta neta media por persona;2023;19.722
28079 Madrid;2807901 Madrid distrito 01;2807901013 Madrid sección 01013;Renta neta media por persona;2023;18.695
28079 Madrid;2807901 Madrid distrito 01;2807901014 Madrid sección 01014;Renta neta media por persona;2023;22.182
28079 Madrid;2807901 Madrid distrito 01;2807901015 Madrid sección 01015;Renta neta media por persona;2023;22.803
28079 Madrid;2807901 Madrid distrito 01;2807901016 Madrid sección 01016;Renta neta media por persona;2023;22.152
28079 Madrid;2807901 Madrid distrito 01;2807901018 Madrid sección 01018;Renta neta media por persona;2023;23.133
28079 Madrid;2807901 Madrid distrito 01;2807901019 Madrid sección 01019;Renta neta media por persona;2023;23.608
28079 Madrid;2807901 Madrid distrito 01;2807901020 Madrid sección 01020;Renta neta media por persona;2023;19.828
28079 Madrid;2807901 Madrid distrito 01;2807901021 Madrid sección 01021;Renta neta media por persona;2023;22.574
28079 Madrid;2807901 Madrid distrito 01;2807901022 Madrid sección 01022;Renta neta media por persona;2023;20.127
28079 Madrid;2807901 Madrid distrito 01;2807901023 Madrid sección 01023;Renta neta media por persona;2023;17.762
28079 Madrid;2807901 Madrid distrito 01;2807901024 Madrid sección 01024;Renta neta media por persona;2023;20.177
28079 Madrid;2807901 Madrid distrito 01;2807901025 Madrid sección 01025;Renta neta media por persona;2023;23.511
28079 Madrid;2807901 Madrid distrito 01;2807901026 Madrid sección 01026;Renta neta media por persona;2023;25.825
28079 Madrid;2807901 Madrid distrito 01;2807901027 Madrid sección 01027;Renta neta media por persona;2023;24.472
28079 Madrid;2807901 Madrid distrito 01;2807901028 Madrid sección 01028;Renta neta media por persona;2023;20.183
28079 Madrid;2807901 Madrid distrito 01;2807901029 Madrid sección 01029;Renta neta media por persona;2023;17.822
28079 Madrid;2807901 Madrid distrito 01;2807901030 Madrid sección 01030;Renta neta media por persona;2023;15.093
28079 Madrid;2807901 Madrid distrito 01;2807901031 Madrid sección 01031;Renta neta media por persona;2023;14.509
28079 Madrid;2807901 Madrid distrito 01;2807901032 Madrid sección 01032;Renta neta media por persona;2023;21.018
28079 Madrid;2807901 Madrid distrito 01;2807901033 Madrid sección 01033;Renta neta media por persona;2023;16.616
28079 Madrid;2807901 Madrid distrito 01;2807901034 Madrid sección 01034;Renta neta media por persona;2023;13.443
28079 Madrid;2807901 Madrid distrito 01;2807901035 Madrid sección 01035;Renta neta media por persona;2023;15.044
28079 Madrid;2807901 Madrid distrito 01;2807901036 Madrid sección 01036;Renta neta media por persona;2023;16.232
28079 Madrid;2807901 Madrid distrito 01;2807901037 Madrid sección 01037;Renta neta media por persona;2023;16.731
28079 Madrid;2807901 Madrid distrito 01;2807901038 Madrid sección 01038;Renta neta media por persona;2023;14.374
28079 Madrid;2807901 Madrid distrito 01;2807901039 Madrid sección 01039;Renta neta media por persona;2023;15.843
28079 Madrid;2807901 Madrid distrito 01;2807901040 Madrid sección 01040;Renta neta media por persona;2023;16.968
28079 Madrid;2807901 Madrid distrito 01;2807901041 Madrid sección 01041;Renta neta media por persona;2023;18.326
28079 Madrid;2807901 Madrid distrito 01;2807901042 Madrid sección 01042;Renta neta media por persona;2023;17.525
28079 Madrid;2807901 Madrid distrito 01;2807901043 Madrid sección 01043;Renta neta media por persona;2023;14.527
28079 Madrid;2807901 Madrid distrito 01;2807901045 Madrid sección 01045;Renta neta media por persona;2023;20.306
28079 Madrid;2807901 Madrid distrito 01;2807901046 Madrid sección 01046;Renta neta media por persona;2023;18.432
28079 Madrid;2807901 Madrid distrito 01;2807901047 Madrid sección 01047;Renta neta media por persona;2023;16.362
28079 Madrid;2807901 Madrid distrito 01;2807901048 Madrid sección 01048;Renta neta media por persona;2023;15.085
28079 Madrid;2807901 Madrid distrito 01;2807901049 Madrid sección 01049;Renta neta media por persona;2023;15.765
28079 Madrid;2807901 Madrid distrito 01;2807901050 Madrid sección 01050;Renta neta media por persona;2023;15.556
28079 Madrid;2807901 Madrid distrito 01;2807901051 Madrid sección 01051;Renta neta media por persona;2023;15.102
28079 Madrid;2807901 Madrid distrito 01;2807901053 Madrid sección 01053;Renta neta media por persona;2023;19.864
28079 Madrid;2807901 Madrid distrito 01;2807901054 Madrid sección 01054;Renta neta media por persona;2023;16.904
28079 Madrid;2807901 Madrid distrito 01;2807901055 Madrid sección 01055;Renta neta media por persona;2023;20.623
28079 Madrid;2807901 Madrid distrito 01;2807901056 Madrid sección 01056;Renta neta media por persona;2023;19.564
28079 Madrid;2807901 Madrid distrito 01;2807901057 Madrid sección 01057;Renta neta media por persona;2023;22.480
28079 Madrid;2807901 Madrid distrito 01;2807901058 Madrid sección 01058;Renta neta media por persona;2023;21.568
28079 Madrid;2807901 Madrid distrito 01;2807901059 Madrid sección 01059;Renta neta media por persona;2023;20.439
28079 Madrid;2807901 Madrid distrito 01;2807901061 Madrid sección 01061;Renta neta media por persona;2023;23.012
28079 Madrid;2807901 Madrid distrito 01;2807901062 Madrid sección 01062;Renta neta media por persona;2023;22.488
28079 Madrid;2807901 Madrid distrito 01;2807901063 Madrid sección 01063;Renta neta media por persona;2023;22.437
28079 Madrid;2807901 Madrid distrito 01;2807901064 Madrid sección 01064;Renta neta media por persona;2023;24.909
28079 Madrid;2807901 Madrid distrito 01;2807901065 Madrid sección 01065;Renta neta media por persona;2023;24.155
28079 Madrid;2807901 Madrid distrito 01;2807901066 Madrid sección 01066;Renta neta media por persona;2023;19.083
28079 Madrid;2807901 Madrid distrito 01;2807901067 Madrid sección 01067;Renta neta media por persona;2023;21.874
28079 Madrid;2807901 Madrid distrito 01;2807901068 Madrid sección 01068;Renta neta media por persona;2023;27.954
28079 Madrid;2807901 Madrid distrito 01;2807901069 Madrid sección 01069;Renta neta media por persona;2023;22.508
28079 Madrid;2807901 Madrid distrito 01;2807901071 Madrid sección 01071;Renta neta media por persona;2023;30.695
28079 Madrid;2807901 Madrid distrito 01;2807901072 Madrid sección 01072;Renta neta media por persona;2023;31.803
28079 Madrid;2807901 Madrid distrito 01;2807901073 Madrid sección 01073;Renta neta media por persona;2023;36.918
28079 Madrid;2807901 Madrid distrito 01;2807901074 Madrid sección 01074;Renta neta media por persona;2023;28.826
28079 Madrid;2807901 Madrid distrito 01;2807901075 Madrid sección 01075;Renta neta media por persona;2023;19.790
28079 Madrid;2807901 Madrid distrito 01;2807901076 Madrid sección 01076;Renta neta media por persona;2023;21.521
28079 Madrid;2807901 Madrid distrito 01;2807901077 Madrid sección 01077;Renta neta media por persona;2023;27.740
28079 Madrid;2807901 Madrid distrito 01;2807901079 Madrid sección 01079;Renta neta media por persona;2023;27.616
28079 Madrid;2807901 Madrid distrito 01;2807901081 Madrid sección 01081;Renta neta media por persona;2023;21.084
28079 Madrid;2807901 Madrid distrito 01;2807901082 Madrid sección 01082;Renta neta media por persona;2023;23.494
28079 Madrid;2807901 Madrid distrito 01;2807901084 Madrid sección 01084;Renta neta media por persona;2023;34.311
28079 Madrid;2807901 Madrid distrito 01;2807901087 Madrid sección 01087;Renta neta media por persona;2023;35.441
28079 Madrid;2807901 Madrid distrito 01;2807901088 Madrid sección 01088;Renta neta media por persona;2023;31.845
28079 Madrid;2807901 Madrid distrito 01;2807901089 Madrid sección 01089;Renta neta media por persona;2023;27.528
28079 Madrid;2807901 Madrid distrito 01;2807901090 Madrid sección 01090;Renta neta media por persona;2023;24.702
28079 Madrid;2807901 Madrid distrito 01;2807901091 Madrid sección 01091;Renta neta media por persona;2023;23.173
28079 Madrid;2807901 Madrid distrito 01;2807901092 Madrid sección 01092;Renta neta media por persona;2023;21.920
28079 Madrid;2807901 Madrid distrito 01;2807901093 Madrid sección 01093;Renta neta media por persona;2023;20.706
28079 Madrid;2807901 Madrid distrito 01;2807901094 Madrid sección 01094;Renta neta media por persona;2023;24.220
28079 Madrid;2807901 Madrid distrito 01;2807901095 Madrid sección 01095;Renta neta media por persona;2023;22.367
28079 Madrid;2807901 Madrid distrito 01;2807901096 Madrid sección 01096;Renta neta media por persona;2023;19.209
28079 Madrid;2807901 Madrid distrito 01;2807901097 Madrid sección 01097;Renta neta media por persona;2023;20.242
28079 Madrid;2807901 Madrid distrito 01;2807901098 Madrid sección 01098;Renta neta media por persona;2023;19.401
28079 Madrid;2807901 Madrid distrito 01;2807901099 Madrid sección 01099;Renta neta media por persona;2023;18.677
28079 Madrid;2807901 Madrid distrito 01;2807901100 Madrid sección 01100;Renta neta media por persona;2023;21.103
28079 Madrid;2807901 Madrid distrito 01;2807901101 Madrid sección 01101;Renta neta media por persona;2023;18.919
28079 Madrid;2807901 Madrid distrito 01;2807901102 Madrid sección 01102;Renta neta media por persona;2023;20.399
28079 Madrid;2807901 Madrid distrito 01;2807901103 Madrid sección 01103;Renta neta media por persona;2023;30.158
28079 Madrid;2807901 Madrid distrito 01;2807901104 Madrid sección 01104;Renta neta media por persona;2023;21.363
28079 Madrid;2807901 Madrid distrito 01;2807901105 Madrid sección 01105;Renta neta media por persona;2023;27.175
28079 Madrid;2807901 Madrid distrito 01;2807901106 Madrid sección 01106;Renta neta media por persona;2023;29.154
28079 Madrid;2807901 Madrid distrito 01;2807901107 Madrid sección 01107;Renta neta media por persona;2023;29.697
28079 Madrid;2807901 Madrid distrito 01;2807901108 Madrid sección 01108;Renta neta media por persona;2023;24.873
28079 Madrid;2807901 Madrid distrito 01;2807901109 Madrid sección 01109;Renta neta media por persona;2023;20.515
28079 Madrid;2807901 Madrid distrito 01;2807901110 Madrid sección 01110;Renta neta media por persona;2023;19.648
28079 Madrid;2807901 Madrid distrito 01;2807901111 Madrid sección 01111;Renta neta media por persona;2023;22.533
28079 Madrid;2807901 Madrid distrito 01;2807901112 Madrid sección 01112;Renta neta media por persona;2023;22.104
28079 Madrid;2807901 Madrid distrito 01;2807901113 Madrid sección 01113;Renta neta media por persona;2023;21.896
28079 Madrid;2807901 Madrid distrito 01;2807901114 Madrid sección 01114;Renta neta media por persona;2023;23.812
28079 Madrid;2807901 Madrid distrito 01;2807901115 Madrid sección 01115;Renta neta media por persona;2023;22.587
28079 Madrid;2807901 Madrid distrito 01;2807901116 Madrid sección 01116;Renta neta media por persona;2023;20.752
28079 Madrid;2807901 Madrid distrito 01;2807901117 Madrid sección 01117;Renta neta media por persona;2023;21.549
28079 Madrid;2807901 Madrid distrito 01;2807901118 Madrid sección 01118;Renta neta media por persona;2023;20.173
28079 Madrid;2807901 Madrid distrito 01;2807901119 Madrid sección 01119;Renta neta media por persona;2023;16.727
28079 Madrid;2807901 Madrid distrito 01;2807901120 Madrid sección 01120;Renta neta media por persona;2023;21.838
28079 Madrid;2807901 Madrid distrito 01;2807901121 Madrid sección 01121;Renta neta media por persona;2023;20.959
28079 Madrid;2807901 Madrid distrito 01;2807901123 Madrid sección 01123;Renta neta media por persona;2023;21.721
28079 Madrid;2807901 Madrid distrito 01;2807901124 Madrid sección 01124;Renta neta media por persona;2023;25.639
28079 Madrid;2807902 Madrid distrito 02;2807902001 Madrid sección 02001;Renta neta media por persona;2023;23.066
28079 Madrid;2807902 Madrid distrito 02;2807902002 Madrid sección 02002;Renta neta media por persona;2023;20.553
28079 Madrid;2807902 Madrid distrito 02;2807902003 Madrid sección 02003;Renta neta media por persona;2023;23.424
28079 Madrid;2807902 Madrid distrito 02;2807902004 Madrid sección 02004;Renta neta media por persona;2023;21.730
28079 Madrid;2807902 Madrid distrito 02;2807902005 Madrid sección 02005;Renta neta media por persona;2023;22.075
28079 Madrid;2807902 Madrid distrito 02;2807902006 Madrid sección 02006;Renta neta media por persona;2023;22.701
28079 Madrid;2807902 Madrid distrito 02;2807902007 Madrid sección 02007;Renta neta media por persona;2023;22.594
28079 Madrid;2807902 Madrid distrito 02;2807902008 Madrid sección 02008;Renta neta media por persona;2023;20.805
28079 Madrid;2807902 Madrid distrito 02;2807902009 Madrid sección 02009;Renta neta media por persona;2023;27.771
28079 Madrid;2807902 Madrid distrito 02;2807902010 Madrid sección 02010;Renta neta media por persona;2023;21.254
28079 Madrid;2807902 Madrid distrito 02;2807902011 Madrid sección 02011;Renta neta media por persona;2023;25.059
28079 Madrid;2807902 Madrid distrito 02;2807902013 Madrid sección 02013;Renta neta media por persona;2023;24.706
28079 Madrid;2807902 Madrid distrito 02;2807902014 Madrid sección 02014;Renta neta media por persona;2023;20.339
28079 Madrid;2807902 Madrid distrito 02;2807902015 Madrid sección 02015;Renta neta media por persona;2023;22.034
28079 Madrid;2807902 Madrid distrito 02;2807902016 Madrid sección 02016;Renta neta media por persona;2023;27.315
28079 Madrid;2807902 Madrid distrito 02;2807902017 Madrid sección 02017;Renta neta media por persona;2023;24.012
28079 Madrid;2807902 Madrid distrito 02;2807902018 Madrid sección 02018;Renta neta media por persona;2023;28.590
28079 Madrid;2807902 Madrid distrito 02;2807902019 Madrid sección 02019;Renta neta media por persona;2023;28.215
28079 Madrid;2807902 Madrid distrito 02;2807902020 Madrid sección 02020;Renta neta media por persona;2023;25.116
28079 Madrid;2807902 Madrid distrito 02;2807902021 Madrid sección 02021;Renta neta media por persona;2023;21.215
28079 Madrid;2807902 Madrid distrito 02;2807902022 Madrid sección 02022;Renta neta media por persona;2023;17.749
28079 Madrid;2807902 Madrid distrito 02;2807902023 Madrid sección 02023;Renta neta media por persona;2023;20.151
28079 Madrid;2807902 Madrid distrito 02;2807902024 Madrid sección 02024;Renta neta media por persona;2023;22.492
28079 Madrid;2807902 Madrid distrito 02;2807902025 Madrid sección 02025;Renta neta media por persona;2023;19.468
28079 Madrid;2807902 Madrid distrito 02;2807902026 Madrid sección 02026;Renta neta media por persona;2023;21.960
28079 Madrid;2807902 Madrid distrito 02;2807902027 Madrid sección 02027;Renta neta media por persona;2023;21.950
28079 Madrid;2807902 Madrid distrito 02;2807902028 Madrid sección 02028;Renta neta media por persona;2023;16.275
28079 Madrid;2807902 Madrid distrito 02;2807902029 Madrid sección 02029;Renta neta media por persona;2023;16.042
28079 Madrid;2807902 Madrid distrito 02;2807902030 Madrid sección 02030;Renta neta media por persona;2023;21.387
28079 Madrid;2807902 Madrid distrito 02;2807902031 Madrid sección 02031;Renta neta media por persona;2023;23.548
28079 Madrid;2807902 Madrid distrito 02;2807902032 Madrid sección 02032;Renta neta media por persona;2023;22.620
28079 Madrid;2807902 Madrid distrito 02;2807902033 Madrid sección 02033;Renta neta media por persona;2023;21.575
28079 Madrid;2807902 Madrid distrito 02;2807902034 Madrid sección 02034;Renta neta media por persona;2023;22.171
28079 Madrid;2807902 Madrid distrito 02;2807902035 Madrid sección 02035;Renta neta media por persona;2023;18.649
28079 Madrid;2807902 Madrid distrito 02;2807902036 Madrid sección 02036;Renta neta media por persona;2023;20.514
28079 Madrid;2807902 Madrid distrito 02;2807902037 Madrid sección 02037;Renta neta media por persona;2023;22.135
28079 Madrid;2807902 Madrid distrito 02;2807902038 Madrid sección 02038;Renta neta media por persona;2023;19.129
28079 Madrid;2807902 Madrid distrito 02;2807902039 Madrid sección 02039;Renta neta media por persona;2023;21.275
28079 Madrid;2807902 Madrid distrito 02;2807902040 Madrid sección 02040;Renta neta media por persona;2023;20.107
28079 Madrid;2807902 Madrid distrito 02;2807902041 Madrid sección 02041;Renta neta media por persona;2023;18.788
28079 Madrid;2807902 Madrid distrito 02;2807902042 Madrid sección 02042;Renta neta media por persona;2023;19.052
28079 Madrid;2807902 Madrid distrito 02;2807902043 Madrid sección 02043;Renta neta media por persona;2023;18.078
28079 Madrid;2807902 Madrid distrito 02;2807902044 Madrid sección 02044;Renta neta media por persona;2023;16.905
28079 Madrid;2807902 Madrid distrito 02;2807902045 Madrid sección 02045;Renta neta media por persona;2023;16.671
28079 Madrid;2807902 Madrid distrito 02;2807902046 Madrid sección 02046;Renta neta media por persona;2023;14.821
28079 Madrid;2807902 Madrid distrito 02;2807902047 Madrid sección 02047;Renta neta media por persona;2023;14.339
28079 Madrid;2807902 Madrid distrito 02;2807902048 Madrid sección 02048;Renta neta media por persona;2023;17.265
28079 Madrid;2807902 Madrid distrito 02;2807902049 Madrid sección 02049;Renta neta media por persona;2023;24.049
28079 Madrid;2807902 Madrid distrito 02;2807902050 Madrid sección 02050;Renta neta media por persona;2023;16.226
28079 Madrid;2807902 Madrid distrito 02;2807902051 Madrid sección 02051;Renta neta media por persona;2023;22.860
28079 Madrid;2807902 Madrid distrito 02;2807902052 Madrid sección 02052;Renta neta media por persona;2023;24.970
28079 Madrid;2807902 Madrid distrito 02;2807902053 Madrid sección 02053;Renta neta media por persona;2023;23.416
28079 Madrid;2807902 Madrid distrito 02;2807902054 Madrid sección 02054;Renta neta media por persona;2023;19.935
28079 Madrid;2807902 Madrid distrito 02;2807902055 Madrid sección 02055;Renta neta media por persona;2023;19.751
28079 Madrid;2807902 Madrid distrito 02;2807902056 Madrid sección 02056;Renta neta media por persona;2023;20.070
28079 Madrid;2807902 Madrid distrito 02;2807902057 Madrid sección 02057;Renta neta media por persona;2023;17.133
28079 Madrid;2807902 Madrid distrito 02;2807902058 Madrid sección 02058;Renta neta media por persona;2023;18.653
28079 Madrid;2807902 Madrid distrito 02;2807902059 Madrid sección 02059;Renta neta media por persona;2023;19.284
28079 Madrid;2807902 Madrid distrito 02;2807902060 Madrid sección 02060;Renta neta media por persona;2023;22.281
28079 Madrid;2807902 Madrid distrito 02;2807902061 Madrid sección 02061;Renta neta media por persona;2023;20.077
28079 Madrid;2807902 Madrid distrito 02;2807902062 Madrid sección 02062;Renta neta media por persona;2023;18.171
28079 Madrid;2807902 Madrid distrito 02;2807902063 Madrid sección 02063;Renta neta media por persona;2023;20.091
28079 Madrid;2807902 Madrid distrito 02;2807902064 Madrid sección 02064;Renta neta media por persona;2023;20.874
28079 Madrid;2807902 Madrid distrito 02;2807902065 Madrid sección 02065;Renta neta media por persona;2023;22.960
28079 Madrid;2807902 Madrid distrito 02;2807902066 Madrid sección 02066;Renta neta media por persona;2023;24.490
28079 Madrid;2807902 Madrid distrito 02;2807902067 Madrid sección 02067;Renta neta media por persona;2023;16.855
28079 Madrid;2807902 Madrid distrito 02;2807902068 Madrid sección 02068;Renta neta media por persona;2023;16.802
28079 Madrid;2807902 Madrid distrito 02;2807902069 Madrid sección 02069;Renta neta media por persona;2023;21.401
28079 Madrid;2807902 Madrid distrito 02;2807902070 Madrid sección 02070;Renta neta media por persona;2023;21.018
28079 Madrid;2807902 Madrid distrito 02;2807902071 Madrid sección 02071;Renta neta media por persona;2023;22.799
28079 Madrid;2807902 Madrid distrito 02;2807902072 Madrid sección 02072;Renta neta media por persona;2023;22.008
28079 Madrid;2807902 Madrid distrito 02;2807902073 Madrid sección 02073;Renta neta media por persona;2023;23.358
28079 Madrid;2807902 Madrid distrito 02;2807902074 Madrid sección 02074;Renta neta media por persona;2023;21.279
28079 Madrid;2807902 Madrid distrito 02;2807902075 Madrid sección 02075;Renta neta media por persona;2023;19.945
28079 Madrid;2807902 Madrid distrito 02;2807902077 Madrid sección 02077;Renta neta media por persona;2023;19.628
28079 Madrid;2807902 Madrid distrito 02;2807902078 Madrid sección 02078;Renta neta media por persona;2023;20.563
28079 Madrid;2807902 Madrid distrito 02;2807902079 Madrid sección 02079;Renta neta media por persona;2023;20.730
28079 Madrid;2807902 Madrid distrito 02;2807902080 Madrid sección 02080;Renta neta media por persona;2023;21.777
28079 Madrid;2807902 Madrid distrito 02;2807902081 Madrid sección 02081;Renta neta media por persona;2023;21.944
28079 Madrid;2807902 Madrid distrito 02;2807902082 Madrid sección 02082;Renta neta media por persona;2023;18.205
28079 Madrid;2807902 Madrid distrito 02;2807902083 Madrid sección 02083;Renta neta media por persona;2023;21.254
28079 Madrid;2807902 Madrid distrito 02;2807902085 Madrid sección 02085;Renta neta media por persona;2023;25.589
28079 Madrid;2807902 Madrid distrito 02;2807902086 Madrid sección 02086;Renta neta media por persona;2023;22.928
28079 Madrid;2807902 Madrid distrito 02;2807902087 Madrid sección 02087;Renta neta media por persona;2023;28.439
28079 Madrid;2807902 Madrid distrito 02;2807902088 Madrid sección 02088;Renta neta media por persona;2023;20.471
28079 Madrid;2807902 Madrid distrito 02;2807902089 Madrid sección 02089;Renta neta media por persona;2023;23.921
28079 Madrid;2807902 Madrid distrito 02;2807902090 Madrid sección 02090;Renta neta media por persona;2023;21.556
28079 Madrid;2807902 Madrid distrito 02;2807902091 Madrid sección 02091;Renta neta media por persona;2023;23.530
28079 Madrid;2807902 Madrid distrito 02;2807902092 Madrid sección 02092;Renta neta media por persona;2023;23.892
28079 Madrid;2807902 Madrid distrito 02;2807902093 Madrid sección 02093;Renta neta media por persona;2023;20.673
28079 Madrid;2807902 Madrid distrito 02;2807902094 Madrid sección 02094;Renta neta media por persona;2023;29.997
28079 Madrid;2807902 Madrid distrito 02;2807902095 Madrid sección 02095;Renta neta media por persona;2023;27.279
28079 Madrid;2807902 Madrid distrito 02;2807902096 Madrid sección 02096;Renta neta media por persona;2023;30.305
28079 Madrid;2807902 Madrid distrito 02;2807902097 Madrid sección 02097;Renta neta media por persona;2023;24.677
28079 Madrid;2807902 Madrid distrito 02;2807902098 Madrid sección 02098;Renta neta media por persona;2023;25.956
28079 Madrid;2807902 Madrid distrito 02;2807902099 Madrid sección 02099;Renta neta media por persona;2023;23.269
28079 Madrid;2807902 Madrid distrito 02;2807902100 Madrid sección 02100;Renta neta media por persona;2023;24.648
28079 Madrid;2807902 Madrid distrito 02;2807902101 Madrid sección 02101;Renta neta media por persona;2023;27.627
28079 Madrid;2807902 Madrid distrito 02;2807902102 Madrid sección 02102;Renta neta media por persona;2023;25.075
28079 Madrid;2807902 Madrid distrito 02;2807902103 Madrid sección 02103;Renta neta media por persona;2023;29.224
28079 Madrid;2807902 Madrid distrito 02;2807902104 Madrid sección 02104;Renta neta media por persona;2023;26.870
28079 Madrid;2807902 Madrid distrito 02;2807902105 Madrid sección 02105;Renta neta media por persona;2023;23.954
28079 Madrid;2807902 Madrid distrito 02;2807902106 Madrid sección 02106;Renta neta media por persona;2023;26.243
28079 Madrid;2807902 Madrid distrito 02;2807902107 Madrid sección 02107;Renta neta media por persona;2023;29.169
28079 Madrid;2807902 Madrid distrito 02;2807902108 Madrid sección 02108;Renta neta media por persona;2023;31.359
28079 Madrid;2807902 Madrid distrito 02;2807902109 Madrid sección 02109;Renta neta media por persona;2023;26.730
28079 Madrid;2807902 Madrid distrito 02;2807902110 Madrid sección 02110;Renta neta media por persona;2023;29.059
28079 Madrid;2807902 Madrid distrito 02;2807902111 Madrid sección 02111;Renta neta media por persona;2023;25.492
28079 Madrid;2807902 Madrid distrito 02;2807902112 Madrid sección 02112;Renta neta media por persona;2023;25.716
28079 Madrid;2807902 Madrid distrito 02;2807902113 Madrid sección 02113;Renta neta media por persona;2023;28.685
28079 Madrid;2807902 Madrid distrito 02;2807902114 Madrid sección 02114;Renta neta media por persona;2023;28.042
28079 Madrid;2807903 Madrid distrito 03;2807903001 Madrid sección 03001;Renta neta media por persona;2023;30.934
28079 Madrid;2807903 Madrid distrito 03;2807903002 Madrid sección 03002;Renta neta media por persona;2023;21.490
28079 Madrid;2807903 Madrid distrito 03;2807903003 Madrid sección 03003;Renta neta media por persona;2023;24.185
28079 Madrid;2807903 Madrid distrito 03;2807903004 Madrid sección 03004;Renta neta media por persona;2023;21.945
28079 Madrid;2807903 Madrid distrito 03;2807903005 Madrid sección 03005;Renta neta media por persona;2023;20.161
28079 Madrid;2807903 Madrid distrito 03;2807903006 Madrid sección 03006;Renta neta media por persona;2023;24.301
28079 Madrid;2807903 Madrid distrito 03;2807903007 Madrid sección 03007;Renta neta media por persona;2023;16.951
28079 Madrid;2807903 Madrid distrito 03;2807903008 Madrid sección 03008;Renta neta media por persona;2023;22.925
28079 Madrid;2807903 Madrid distrito 03;2807903009 Madrid sección 03009;Renta neta media por persona;2023;23.088
28079 Madrid;2807903 Madrid distrito 03;2807903010 Madrid sección 03010;Renta neta media por persona;2023;25.737
28079 Madrid;2807903 Madrid distrito 03;2807903011 Madrid sección 03011;Renta neta media por persona;2023;21.999
28079 Madrid;2807903 Madrid distrito 03;2807903012 Madrid sección 03012;Renta neta media por persona;2023;24.202
28079 Madrid;2807903 Madrid distrito 03;2807903013 Madrid sección 03013;Renta neta media por persona;2023;22.359
28079 Madrid;2807903 Madrid distrito 03;2807903014 Madrid sección 03014;Renta neta media por persona;2023;23.160
28079 Madrid;2807903 Madrid distrito 03;2807903015 Madrid sección 03015;Renta neta media por persona;2023;19.429
28079 Madrid;2807903 Madrid distrito 03;2807903016 Madrid sección 03016;Renta neta media por persona;2023;16.352
28079 Madrid;2807903 Madrid distrito 03;2807903017 Madrid sección 03017;Renta neta media por persona;2023;23.438
28079 Madrid;2807903 Madrid distrito 03;2807903018 Madrid sección 03018;Renta neta media por persona;2023;20.904
28079 Madrid;2807903 Madrid distrito 03;2807903019 Madrid sección 03019;Renta neta media por persona;2023;25.720
28079 Madrid;2807903 Madrid distrito 03;2807903020 Madrid sección 03020;Renta neta media por persona;2023;20.127
28079 Madrid;2807903 Madrid distrito 03;2807903021 Madrid sección 03021;Renta neta media por persona;2023;22.107
28079 Madrid;2807903 Madrid distrito 03;2807903022 Madrid sección 03022;Renta neta media por persona;2023;17.099
28079 Madrid;2807903 Madrid distrito 03;2807903023 Madrid sección 03023;Renta neta media por persona;2023;21.908
28079 Madrid;2807903 Madrid distrito 03;2807903024 Madrid sección 03024;Renta neta media por persona;2023;21.690
28079 Madrid;2807903 Madrid distrito 03;2807903025 Madrid sección 03025;Renta neta media por persona;2023;22.349
28079 Madrid;2807903 Madrid distrito 03;2807903026 Madrid sección 03026;Renta neta media por persona;2023;22.153
28079 Madrid;2807903 Madrid distrito 03;2807903027 Madrid sección 03027;Renta neta media por persona;2023;18.781
28079 Madrid;2807903 Madrid distrito 03;2807903028 Madrid sección 03028;Renta neta media por persona;2023;23.907
28079 Madrid;2807903 Madrid distrito 03;2807903029 Madrid sección 03029;Renta neta media por persona;2023;27.392
28079 Madrid;2807903 Madrid distrito 03;2807903030 Madrid sección 03030;Renta neta media por persona;2023;30.402
28079 Madrid;2807903 Madrid distrito 03;2807903031 Madrid sección 03031;Renta neta media por persona;2023;23.872
28079 Madrid;2807903 Madrid distrito 03;2807903032 Madrid sección 03032;Renta neta media por persona;2023;26.521
28079 Madrid;2807903 Madrid distrito 03;2807903033 Madrid sección 03033;Renta neta media por persona;2023;23.170
28079 Madrid;2807903 Madrid distrito 03;2807903034 Madrid sección 03034;Renta neta media por persona;2023;26.537
28079 Madrid;2807903 Madrid distrito 03;2807903035 Madrid sección 03035;Renta neta media por persona;2023;26.598
28079 Madrid;2807903 Madrid distrito 03;2807903036 Madrid sección 03036;Renta neta media por persona;2023;28.003
28079 Madrid;2807903 Madrid distrito 03;2807903037 Madrid sección 03037;Renta neta media por persona;2023;29.357
28079 Madrid;2807903 Madrid distrito 03;2807903038 Madrid sección 03038;Renta neta media por persona;2023;28.522
28079 Madrid;2807903 Madrid distrito 03;2807903039 Madrid sección 03039;Renta neta media por persona;2023;30.085
28079 Madrid;2807903 Madrid distrito 03;2807903040 Madrid sección 03040;Renta neta media por persona;2023;30.328
28079 Madrid;2807903 Madrid distrito 03;2807903041 Madrid sección 03041;Renta neta media por persona;2023;27.019
28079 Madrid;2807903 Madrid distrito 03;2807903042 Madrid sección 03042;Renta neta media por persona;2023;26.395
28079 Madrid;2807903 Madrid distrito 03;2807903044 Madrid sección 03044;Renta neta media por persona;2023;25.496
28079 Madrid;2807903 Madrid distrito 03;2807903045 Madrid sección 03045;Renta neta media por persona;2023;28.714
28079 Madrid;2807903 Madrid distrito 03;2807903046 Madrid sección 03046;Renta neta media por persona;2023;31.315
28079 Madrid;2807903 Madrid distrito 03;2807903047 Madrid sección 03047;Renta neta media por persona;2023;24.408
28079 Madrid;2807903 Madrid distrito 03;2807903048 Madrid sección 03048;Renta neta media por persona;2023;25.943
28079 Madrid;2807903 Madrid distrito 03;2807903049 Madrid sección 03049;Renta neta media por persona;2023;26.246
28079 Madrid;2807903 Madrid distrito 03;2807903050 Madrid sección 03050;Renta neta media por persona;2023;25.908
28079 Madrid;2807903 Madrid distrito 03;2807903051 Madrid sección 03051;Renta neta media por persona;2023;26.821
28079 Madrid;2807903 Madrid distrito 03;2807903052 Madrid sección 03052;Renta neta media por persona;2023;24.518
28079 Madrid;2807903 Madrid distrito 03;2807903053 Madrid sección 03053;Renta neta media por persona;2023;21.013
28079 Madrid;2807903 Madrid distrito 03;2807903054 Madrid sección 03054;Renta neta media por persona;2023;29.602
28079 Madrid;2807903 Madrid distrito 03;2807903055 Madrid sección 03055;Renta neta media por persona;2023;20.001
28079 Madrid;2807903 Madrid distrito 03;2807903056 Madrid sección 03056;Renta neta media por persona;2023;26.759
28079 Madrid;2807903 Madrid distrito 03;2807903057 Madrid sección 03057;Renta neta media por persona;2023;27.650
28079 Madrid;2807903 Madrid distrito 03;2807903058 Madrid sección 03058;Renta neta media por persona;2023;24.050
28079 Madrid;2807903 Madrid distrito 03;2807903059 Madrid sección 03059;Renta neta media por persona;2023;24.604
28079 Madrid;2807903 Madrid distrito 03;2807903060 Madrid sección 03060;Renta neta media por persona;2023;31.831
28079 Madrid;2807903 Madrid distrito 03;2807903061 Madrid sección 03061;Renta neta media por persona;2023;21.798
28079 Madrid;2807903 Madrid distrito 03;2807903062 Madrid sección 03062;Renta neta media por persona;2023;""
28079 Madrid;2807903 Madrid distrito 03;2807903063 Madrid sección 03063;Renta neta media por persona;2023;29.697
28079 Madrid;2807903 Madrid distrito 03;2807903064 Madrid sección 03064;Renta neta media por persona;2023;29.026
28079 Madrid;2807903 Madrid distrito 03;2807903065 Madrid sección 03065;Renta neta media por persona;2023;29.794
28079 Madrid;2807903 Madrid distrito 03;2807903066 Madrid sección 03066;Renta neta media por persona;2023;30.327
28079 Madrid;2807903 Madrid distrito 03;2807903067 Madrid sección 03067;Renta neta media por persona;2023;34.238
28079 Madrid;2807903 Madrid distrito 03;2807903069 Madrid sección 03069;Renta neta media por persona;2023;36.918
28079 Madrid;2807903 Madrid distrito 03;2807903070 Madrid sección 03070;Renta neta media por persona;2023;36.918
28079 Madrid;2807903 Madrid distrito 03;2807903071 Madrid sección 03071;Renta neta media por persona;2023;36.918
28079 Madrid;2807903 Madrid distrito 03;2807903073 Madrid sección 03073;Renta neta media por persona;2023;26.067
28079 Madrid;2807903 Madrid distrito 03;2807903074 Madrid sección 03074;Renta neta media por persona;2023;28.153
28079 Madrid;2807903 Madrid distrito 03;2807903076 Madrid sección 03076;Renta neta media por persona;2023;30.691
28079 Madrid;2807903 Madrid distrito 03;2807903077 Madrid sección 03077;Renta neta media por persona;2023;35.116
28079 Madrid;2807903 Madrid distrito 03;2807903078 Madrid sección 03078;Renta neta media por persona;2023;30.459
28079 Madrid;2807903 Madrid distrito 03;2807903079 Madrid sección 03079;Renta neta media por persona;2023;23.975
28079 Madrid;2807903 Madrid distrito 03;2807903080 Madrid sección 03080;Renta neta media por persona;2023;32.051
28079 Madrid;2807903 Madrid distrito 03;2807903081 Madrid sección 03081;Renta neta media por persona;2023;36.918
28079 Madrid;2807903 Madrid distrito 03;2807903082 Madrid sección 03082;Renta neta media por persona;2023;36.918
28079 Madrid;2807903 Madrid distrito 03;2807903084 Madrid sección 03084;Renta neta media por persona;2023;29.874
28079 Madrid;2807903 Madrid distrito 03;2807903085 Madrid sección 03085;Renta neta media por persona;2023;35.474
28079 Madrid;2807903 Madrid distrito 03;2807903086 Madrid sección 03086;Renta neta media por persona;2023;27.400
28079 Madrid;2807903 Madrid distrito 03;2807903087 Madrid sección 03087;Renta neta media por persona;2023;32.831
28079 Madrid;2807903 Madrid distrito 03;2807903088 Madrid sección 03088;Renta neta media por persona;2023;23.426
28079 Madrid;2807903 Madrid distrito 03;2807903089 Madrid sección 03089;Renta neta media por persona;2023;27.986
28079 Madrid;2807903 Madrid distrito 03;2807903090 Madrid sección 03090;Renta neta media por persona;2023;29.715
28079 Madrid;2807903 Madrid distrito 03;2807903091 Madrid sección 03091;Renta neta media por persona;2023;30.834
28079 Madrid;2807903 Madrid distrito 03;2807903092 Madrid sección 03092;Renta neta media por persona;2023;30.269
28079 Madrid;2807903 Madrid distrito 03;2807903093 Madrid sección 03093;Renta neta media por persona;2023;30.660
28079 Madrid;2807903 Madrid distrito 03;2807903094 Madrid sección 03094;Renta neta media por persona;2023;28.094
28079 Madrid;2807903 Madrid distrito 03;2807903095 Madrid sección 03095;Renta neta media por persona;2023;27.600
28079 Madrid;2807903 Madrid distrito 03;2807903096 Madrid sección 03096;Renta neta media por persona;2023;28.084
28079 Madrid;2807903 Madrid distrito 03;2807903097 Madrid sección 03097;Renta neta media por persona;2023;21.537
28079 Madrid;2807903 Madrid distrito 03;2807903098 Madrid sección 03098;Renta neta media por persona;2023;22.374
28079 Madrid;2807903 Madrid distrito 03;2807903099 Madrid sección 03099;Renta neta media por persona;2023;23.296
28079 Madrid;2807903 Madrid distrito 03;2807903100 Madrid sección 03100;Renta neta media por persona;2023;26.328
28079 Madrid;2807903 Madrid distrito 03;2807903101 Madrid sección 03101;Renta neta media por persona;2023;27.739
28079 Madrid;2807904 Madrid distrito 04;2807904001 Madrid sección 04001;Renta neta media por persona;2023;36.918
28079 Madrid;2807904 Madrid distrito 04;2807904002 Madrid sección 04002;Renta neta media por persona;2023;36.918
28079 Madrid;2807904 Madrid distrito 04;2807904003 Madrid sección 04003;Renta neta media por persona;2023;36.918
28079 Madrid;2807904 Madrid distrito 04;2807904004 Madrid sección 04004;Renta neta media por persona;2023;36.918
28079 Madrid;2807904 Madrid distrito 04;2807904005 Madrid sección 04005;Renta neta media por persona;2023;36.918
28079 Madrid;2807904 Madrid distrito 04;2807904006 Madrid sección 04006;Renta neta media por persona;2023;36.918
28079 Madrid;2807904 Madrid distrito 04;2807904007 Madrid sección 04007;Renta neta media por persona;2023;36.918
28079 Madrid;2807904 Madrid distrito 04;2807904008 Madrid sección 04008;Renta neta media por persona;2023;29.700
28079 Madrid;2807904 Madrid distrito 04;2807904009 Madrid sección 04009;Renta neta media por persona;2023;36.918
28079 Madrid;2807904 Madrid distrito 04;2807904010 Madrid sección 04010;Renta neta media por persona;2023;36.918
28079 Madrid;2807904 Madrid distrito 04;2807904011 Madrid sección 04011;Renta neta media por persona;2023;36.918
28079 Madrid;2807904 Madrid distrito 04;2807904012 Madrid sección 04012;Renta neta media por persona;2023;36.918
28079 Madrid;2807904 Madrid distrito 04;2807904013 Madrid sección 04013;Renta neta media por persona;2023;36.918
28079 Madrid;2807904 Madrid distrito 04;2807904014 Madrid sección 04014;Renta neta media por persona;2023;36.918
28079 Madrid;2807904 Madrid distrito 04;2807904015 Madrid sección 04015;Renta neta media por persona;2023;34.988
28079 Madrid;2807904 Madrid distrito 04;2807904016 Madrid sección 04016;Renta neta media por persona;2023;31.138
28079 Madrid;2807904 Madrid distrito 04;2807904017 Madrid sección 04017;Renta neta media por persona;2023;29.841
28079 Madrid;2807904 Madrid distrito 04;2807904018 Madrid sección 04018;Renta neta media por persona;2023;29.168
28079 Madrid;2807904 Madrid distrito 04;2807904019 Madrid sección 04019;Renta neta media por persona;2023;30.324
28079 Madrid;2807904 Madrid distrito 04;2807904020 Madrid sección 04020;Renta neta media por persona;2023;28.776
28079 Madrid;2807904 Madrid distrito 04;2807904021 Madrid sección 04021;Renta neta media por persona;2023;27.436
28079 Madrid;2807904 Madrid distrito 04;2807904023 Madrid sección 04023;Renta neta media por persona;2023;31.927
28079 Madrid;2807904 Madrid distrito 04;2807904024 Madrid sección 04024;Renta neta media por persona;2023;22.050
28079 Madrid;2807904 Madrid distrito 04;2807904025 Madrid sección 04025;Renta neta media por persona;2023;25.402
28079 Madrid;2807904 Madrid distrito 04;2807904026 Madrid sección 04026;Renta neta media por persona;2023;27.685
28079 Madrid;2807904 Madrid distrito 04;2807904027 Madrid sección 04027;Renta neta media por persona;2023;23.163
28079 Madrid;2807904 Madrid distrito 04;2807904028 Madrid sección 04028;Renta neta media por persona;2023;26.948
28079 Madrid;2807904 Madrid distrito 04;2807904029 Madrid sección 04029;Renta neta media por persona;2023;31.177
28079 Madrid;2807904 Madrid distrito 04;2807904030 Madrid sección 04030;Renta neta media por persona;2023;31.775
28079 Madrid;2807904 Madrid distrito 04;2807904031 Madrid sección 04031;Renta neta media por persona;2023;34.078
28079 Madrid;2807904 Madrid distrito 04;2807904032 Madrid sección 04032;Renta neta media por persona;2023;22.858
28079 Madrid;2807904 Madrid distrito 04;2807904033 Madrid sección 04033;Renta neta media por persona;2023;25.562
28079 Madrid;2807904 Madrid distrito 04;2807904034 Madrid sección 04034;Renta neta media por persona;2023;26.439
28079 Madrid;2807904 Madrid distrito 04;2807904035 Madrid sección 04035;Renta neta media por persona;2023;27.988
28079 Madrid;2807904 Madrid distrito 04;2807904036 Madrid sección 04036;Renta neta media por persona;2023;30.226
28079 Madrid;2807904 Madrid distrito 04;2807904037 Madrid sección 04037;Renta neta media por persona;2023;27.098
28079 Madrid;2807904 Madrid distrito 04;2807904038 Madrid sección 04038;Renta neta media por persona;2023;27.140
28079 Madrid;2807904 Madrid distrito 04;2807904039 Madrid sección 04039;Renta neta media por persona;2023;31.072
28079 Madrid;2807904 Madrid distrito 04;2807904040 Madrid sección 04040;Renta neta media por persona;2023;31.250
28079 Madrid;2807904 Madrid distrito 04;2807904041 Madrid sección 04041;Renta neta media por persona;2023;26.733
28079 Madrid;2807904 Madrid distrito 04;2807904042 Madrid sección 04042;Renta neta media por persona;2023;36.918
28079 Madrid;2807904 Madrid distrito 04;2807904043 Madrid sección 04043;Renta neta media por persona;2023;28.762
28079 Madrid;2807904 Madrid distrito 04;2807904044 Madrid sección 04044;Renta neta media por persona;2023;28.187
28079 Madrid;2807904 Madrid distrito 04;2807904045 Madrid sección 04045;Renta neta media por persona;2023;22.499
28079 Madrid;2807904 Madrid distrito 04;2807904046 Madrid sección 04046;Renta neta media por persona;2023;25.731
28079 Madrid;2807904 Madrid distrito 04;2807904047 Madrid sección 04047;Renta neta media por persona;2023;23.630
28079 Madrid;2807904 Madrid distrito 04;2807904048 Madrid sección 04048;Renta neta media por persona;2023;22.158
28079 Madrid;2807904 Madrid distrito 04;2807904049 Madrid sección 04049;Renta neta media por persona;2023;22.962
28079 Madrid;2807904 Madrid distrito 04;2807904050 Madrid sección 04050;Renta neta media por persona;2023;21.510
28079 Madrid;2807904 Madrid distrito 04;2807904051 Madrid sección 04051;Renta neta media por persona;2023;20.791
28079 Madrid;2807904 Madrid distrito 04;2807904052 Madrid sección 04052;Renta neta media por persona;2023;23.729
28079 Madrid;2807904 Madrid distrito 04;2807904053 Madrid sección 04053;Renta neta media por persona;2023;21.319
28079 Madrid;2807904 Madrid distrito 04;2807904054 Madrid sección 04054;Renta neta media por persona;2023;23.405
28079 Madrid;2807904 Madrid distrito 04;2807904055 Madrid sección 04055;Renta neta media por persona;2023;24.673
28079 Madrid;2807904 Madrid distrito 04;2807904056 Madrid sección 04056;Renta neta media por persona;2023;25.746
28079 Madrid;2807904 Madrid distrito 04;2807904057 Madrid sección 04057;Renta neta media por persona;2023;23.291
28079 Madrid;2807904 Madrid distrito 04;2807904058 Madrid sección 04058;Renta neta media por persona;2023;24.033
28079 Madrid;2807904 Madrid distrito 04;2807904060 Madrid sección 04060;Renta neta media por persona;2023;22.006
28079 Madrid;2807904 Madrid distrito 04;2807904061 Madrid sección 04061;Renta neta media por persona;2023;28.658
28079 Madrid;2807904 Madrid distrito 04;2807904062 Madrid sección 04062;Renta neta media por persona;2023;24.237
28079 Madrid;2807904 Madrid distrito 04;2807904063 Madrid sección 04063;Renta neta media por persona;2023;23.100
28079 Madrid;2807904 Madrid distrito 04;2807904064 Madrid sección 04064;Renta neta media por persona;2023;25.582
28079 Madrid;2807904 Madrid distrito 04;2807904065 Madrid sección 04065;Renta neta media por persona;2023;24.753
28079 Madrid;2807904 Madrid distrito 04;2807904067 Madrid sección 04067;Renta neta media por persona;2023;25.805
28079 Madrid;2807904 Madrid distrito 04;2807904068 Madrid sección 04068;Renta neta media por persona;2023;25.483
28079 Madrid;2807904 Madrid distrito 04;2807904069 Madrid sección 04069;Renta neta media por persona;2023;24.259
28079 Madrid;2807904 Madrid distrito 04;2807904070 Madrid sección 04070;Renta neta media por persona;2023;21.750
28079 Madrid;2807904 Madrid distrito 04;2807904071 Madrid sección 04071;Renta neta media por persona;2023;24.181
28079 Madrid;2807904 Madrid distrito 04;2807904072 Madrid sección 04072;Renta neta media por persona;2023;23.683
28079 Madrid;2807904 Madrid distrito 04;2807904073 Madrid sección 04073;Renta neta media por persona;2023;27.538
28079 Madrid;2807904 Madrid distrito 04;2807904074 Madrid sección 04074;Renta neta media por persona;2023;23.845
28079 Madrid;2807904 Madrid distrito 04;2807904075 Madrid sección 04075;Renta neta media por persona;2023;29.481
28079 Madrid;2807904 Madrid distrito 04;2807904076 Madrid sección 04076;Renta neta media por persona;2023;28.708
28079 Madrid;2807904 Madrid distrito 04;2807904077 Madrid sección 04077;Renta neta media por persona;2023;30.702
28079 Madrid;2807904 Madrid distrito 04;2807904078 Madrid sección 04078;Renta neta media por persona;2023;29.743
28079 Madrid;2807904 Madrid distrito 04;2807904079 Madrid sección 04079;Renta neta media por persona;2023;27.934
28079 Madrid;2807904 Madrid distrito 04;2807904080 Madrid sección 04080;Renta neta media por persona;2023;29.662
28079 Madrid;2807904 Madrid distrito 04;2807904081 Madrid sección 04081;Renta neta media por persona;2023;32.064
28079 Madrid;2807904 Madrid distrito 04;2807904082 Madrid sección 04082;Renta neta media por persona;2023;27.397
28079 Madrid;2807904 Madrid distrito 04;2807904083 Madrid sección 04083;Renta neta media por persona;2023;23.272
28079 Madrid;2807904 Madrid distrito 04;2807904084 Madrid sección 04084;Renta neta media por persona;2023;25.219
28079 Madrid;2807904 Madrid distrito 04;2807904085 Madrid sección 04085;Renta neta media por persona;2023;25.548
28079 Madrid;2807904 Madrid distrito 04;2807904086 Madrid sección 04086;Renta neta media por persona;2023;25.632
28079 Madrid;2807904 Madrid distrito 04;2807904087 Madrid sección 04087;Renta neta media por persona;2023;24.662
28079 Madrid;2807904 Madrid distrito 04;2807904088 Madrid sección 04088;Renta neta media por persona;2023;24.758
28079 Madrid;2807904 Madrid distrito 04;2807904089 Madrid sección 04089;Renta neta media por persona;2023;22.221
28079 Madrid;2807904 Madrid distrito 04;2807904090 Madrid sección 04090;Renta neta media por persona;2023;23.694
28079 Madrid;2807904 Madrid distrito 04;2807904091 Madrid sección 04091;Renta neta media por persona;2023;21.569
28079 Madrid;2807904 Madrid distrito 04;2807904092 Madrid sección 04092;Renta neta media por persona;2023;24.854
28079 Madrid;2807904 Madrid distrito 04;2807904093 Madrid sección 04093;Renta neta media por persona;2023;23.051
28079 Madrid;2807904 Madrid distrito 04;2807904094 Madrid sección 04094;Renta neta media por persona;2023;26.352
28079 Madrid;2807904 Madrid distrito 04;2807904095 Madrid sección 04095;Renta neta media por persona;2023;""
28079 Madrid;2807904 Madrid distrito 04;2807904096 Madrid sección 04096;Renta neta media por persona;2023;26.580
28079 Madrid;2807904 Madrid distrito 04;2807904097 Madrid sección 04097;Renta neta media por persona;2023;36.918
28079 Madrid;2807904 Madrid distrito 04;2807904098 Madrid sección 04098;Renta neta media por persona;2023;33.730
28079 Madrid;2807904 Madrid distrito 04;2807904099 Madrid sección 04099;Renta neta media por persona;2023;26.865
28079 Madrid;2807904 Madrid distrito 04;2807904100 Madrid sección 04100;Renta neta media por persona;2023;32.075
28079 Madrid;2807904 Madrid distrito 04;2807904101 Madrid sección 04101;Renta neta media por persona;2023;22.082
28079 Madrid;2807904 Madrid distrito 04;2807904102 Madrid sección 04102;Renta neta media por persona;2023;24.251
28079 Madrid;2807904 Madrid distrito 04;2807904103 Madrid sección 04103;Renta neta media por persona;2023;27.747
28079 Madrid;2807904 Madrid distrito 04;2807904104 Madrid sección 04104;Renta neta media por persona;2023;23.931
28079 Madrid;2807904 Madrid distrito 04;2807904105 Madrid sección 04105;Renta neta media por persona;2023;29.745
28079 Madrid;2807904 Madrid distrito 04;2807904106 Madrid sección 04106;Renta neta media por persona;2023;23.338
28079 Madrid;2807904 Madrid distrito 04;2807904107 Madrid sección 04107;Renta neta media por persona;2023;32.743
28079 Madrid;2807904 Madrid distrito 04;2807904108 Madrid sección 04108;Renta neta media por persona;2023;27.015
28079 Madrid;2807904 Madrid distrito 04;2807904109 Madrid sección 04109;Renta neta media por persona;2023;30.030
28079 Madrid;2807904 Madrid distrito 04;2807904110 Madrid sección 04110;Renta neta media por persona;2023;27.597
28079 Madrid;2807904 Madrid distrito 04;2807904111 Madrid sección 04111;Renta neta media por persona;2023;29.887
28079 Madrid;2807904 Madrid distrito 04;2807904112 Madrid sección 04112;Renta neta media por persona;2023;32.546
28079 Madrid;2807904 Madrid distrito 04;2807904113 Madrid sección 04113;Renta neta media por persona;2023;33.827
28079 Madrid;2807904 Madrid distrito 04;2807904114 Madrid sección 04114;Renta neta media por persona;2023;36.918
28079 Madrid;2807904 Madrid distrito 04;2807904115 Madrid sección 04115;Renta neta media por persona;2023;36.918
28079 Madrid;2807904 Madrid distrito 04;2807904116 Madrid sección 04116;Renta neta media por persona;2023;36.918
28079 Madrid;2807904 Madrid distrito 04;2807904117 Madrid sección 04117;Renta neta media por persona;2023;36.918
28079 Madrid;2807904 Madrid distrito 04;2807904118 Madrid sección 04118;Renta neta media por persona;2023;36.918
28079 Madrid;2807904 Madrid distrito 04;2807904119 Madrid sección 04119;Renta neta media por persona;2023;36.918
28079 Madrid;2807904 Madrid distrito 04;2807904120 Madrid sección 04120;Renta neta media por persona;2023;36.918
28079 Madrid;2807904 Madrid distrito 04;2807904121 Madrid sección 04121;Renta neta media por persona;2023;33.733
28079 Madrid;2807904 Madrid distrito 04;2807904123 Madrid sección 04123;Renta neta media por persona;2023;35.916
28079 Madrid;2807904 Madrid distrito 04;2807904124 Madrid sección 04124;Renta neta media por persona;2023;32.226
28079 Madrid;2807904 Madrid distrito 04;2807904126 Madrid sección 04126;Renta neta media por persona;2023;31.637
28079 Madrid;2807904 Madrid distrito 04;2807904127 Madrid sección 04127;Renta neta media por persona;2023;33.244
28079 Madrid;2807904 Madrid distrito 04;2807904128 Madrid sección 04128;Renta neta media por persona;2023;29.770
28079 Madrid;2807904 Madrid distrito 04;2807904129 Madrid sección 04129;Renta neta media por persona;2023;""
28079 Madrid;2807904 Madrid distrito 04;2807904130 Madrid sección 04130;Renta neta media por persona;2023;36.918
28079 Madrid;2807904 Madrid distrito 04;2807904131 Madrid sección 04131;Renta neta media por persona;2023;26.823
28079 Madrid;2807905 Madrid distrito 05;2807905001 Madrid sección 05001;Renta neta media por persona;2023;36.918
28079 Madrid;2807905 Madrid distrito 05;2807905002 Madrid sección 05002;Renta neta media por persona;2023;36.918
28079 Madrid;2807905 Madrid distrito 05;2807905003 Madrid sección 05003;Renta neta media por persona;2023;36.918
28079 Madrid;2807905 Madrid distrito 05;2807905004 Madrid sección 05004;Renta neta media por persona;2023;36.918
28079 Madrid;2807905 Madrid distrito 05;2807905005 Madrid sección 05005;Renta neta media por persona;2023;36.918
28079 Madrid;2807905 Madrid distrito 05;2807905006 Madrid sección 05006;Renta neta media por persona;2023;36.918
28079 Madrid;2807905 Madrid distrito 05;2807905007 Madrid sección 05007;Renta neta media por persona;2023;36.918
28079 Madrid;2807905 Madrid distrito 05;2807905008 Madrid sección 05008;Renta neta media por persona;2023;36.918
28079 Madrid;2807905 Madrid distrito 05;2807905009 Madrid sección 05009;Renta neta media por persona;2023;36.918
28079 Madrid;2807905 Madrid distrito 05;2807905010 Madrid sección 05010;Renta neta media por persona;2023;31.825
28079 Madrid;2807905 Madrid distrito 05;2807905011 Madrid sección 05011;Renta neta media por persona;2023;29.690
28079 Madrid;2807905 Madrid distrito 05;2807905012 Madrid sección 05012;Renta neta media por persona;2023;31.773
28079 Madrid;2807905 Madrid distrito 05;2807905013 Madrid sección 05013;Renta neta media por persona;2023;34.180
28079 Madrid;2807905 Madrid distrito 05;2807905014 Madrid sección 05014;Renta neta media por persona;2023;25.183
28079 Madrid;2807905 Madrid distrito 05;2807905015 Madrid sección 05015;Renta neta media por persona;2023;27.719
28079 Madrid;2807905 Madrid distrito 05;2807905016 Madrid sección 05016;Renta neta media por persona;2023;23.983
28079 Madrid;2807905 Madrid distrito 05;2807905017 Madrid sección 05017;Renta neta media por persona;2023;21.117
28079 Madrid;2807905 Madrid distrito 05;2807905018 Madrid sección 05018;Renta neta media por persona;2023;20.449
28079 Madrid;2807905 Madrid distrito 05;2807905019 Madrid sección 05019;Renta neta media por persona;2023;22.830
28079 Madrid;2807905 Madrid distrito 05;2807905020 Madrid sección 05020;Renta neta media por persona;2023;23.107
28079 Madrid;2807905 Madrid distrito 05;2807905021 Madrid sección 05021;Renta neta media por persona;2023;18.606
28079 Madrid;2807905 Madrid distrito 05;2807905022 Madrid sección 05022;Renta neta media por persona;2023;21.177
28079 Madrid;2807905 Madrid distrito 05;2807905023 Madrid sección 05023;Renta neta media por persona;2023;26.345
28079 Madrid;2807905 Madrid distrito 05;2807905024 Madrid sección 05024;Renta neta media por persona;2023;23.762
28079 Madrid;2807905 Madrid distrito 05;2807905025 Madrid sección 05025;Renta neta media por persona;2023;24.246
28079 Madrid;2807905 Madrid distrito 05;2807905026 Madrid sección 05026;Renta neta media por persona;2023;25.067
28079 Madrid;2807905 Madrid distrito 05;2807905027 Madrid sección 05027;Renta neta media por persona;2023;22.862
28079 Madrid;2807905 Madrid distrito 05;2807905028 Madrid sección 05028;Renta neta media por persona;2023;19.955
28079 Madrid;2807905 Madrid distrito 05;2807905029 Madrid sección 05029;Renta neta media por persona;2023;19.574
28079 Madrid;2807905 Madrid distrito 05;2807905030 Madrid sección 05030;Renta neta media por persona;2023;21.229
28079 Madrid;2807905 Madrid distrito 05;2807905031 Madrid sección 05031;Renta neta media por persona;2023;23.293
28079 Madrid;2807905 Madrid distrito 05;2807905032 Madrid sección 05032;Renta neta media por persona;2023;21.321
28079 Madrid;2807905 Madrid distrito 05;2807905033 Madrid sección 05033;Renta neta media por persona;2023;28.244
28079 Madrid;2807905 Madrid distrito 05;2807905034 Madrid sección 05034;Renta neta media por persona;2023;29.016
28079 Madrid;2807905 Madrid distrito 05;2807905035 Madrid sección 05035;Renta neta media por persona;2023;26.511
28079 Madrid;2807905 Madrid distrito 05;2807905036 Madrid sección 05036;Renta neta media por persona;2023;27.642
28079 Madrid;2807905 Madrid distrito 05;2807905037 Madrid sección 05037;Renta neta media por persona;2023;33.542
28079 Madrid;2807905 Madrid distrito 05;2807905038 Madrid sección 05038;Renta neta media por persona;2023;33.546
28079 Madrid;2807905 Madrid distrito 05;2807905039 Madrid sección 05039;Renta neta media por persona;2023;29.822
28079 Madrid;2807905 Madrid distrito 05;2807905040 Madrid sección 05040;Renta neta media por persona;2023;22.297
28079 Madrid;2807905 Madrid distrito 05;2807905041 Madrid sección 05041;Renta neta media por persona;2023;17.904
28079 Madrid;2807905 Madrid distrito 05;2807905042 Madrid sección 05042;Renta neta media por persona;2023;21.211
28079 Madrid;2807905 Madrid distrito 05;2807905043 Madrid sección 05043;Renta neta media por persona;2023;30.159
28079 Madrid;2807905 Madrid distrito 05;2807905044 Madrid sección 05044;Renta neta media por persona;2023;21.667
28079 Madrid;2807905 Madrid distrito 05;2807905045 Madrid sección 05045;Renta neta media por persona;2023;20.273
28079 Madrid;2807905 Madrid distrito 05;2807905046 Madrid sección 05046;Renta neta media por persona;2023;21.873
28079 Madrid;2807905 Madrid distrito 05;2807905047 Madrid sección 05047;Renta neta media por persona;2023;22.161
28079 Madrid;2807905 Madrid distrito 05;2807905048 Madrid sección 05048;Renta neta media por persona;2023;23.576
28079 Madrid;2807905 Madrid distrito 05;2807905049 Madrid sección 05049;Renta neta media por persona;2023;29.900
28079 Madrid;2807905 Madrid distrito 05;2807905051 Madrid sección 05051;Renta neta media por persona;2023;27.976
28079 Madrid;2807905 Madrid distrito 05;2807905052 Madrid sección 05052;Renta neta media por persona;2023;30.678
28079 Madrid;2807905 Madrid distrito 05;2807905053 Madrid sección 05053;Renta neta media por persona;2023;36.918
28079 Madrid;2807905 Madrid distrito 05;2807905054 Madrid sección 05054;Renta neta media por persona;2023;33.007
28079 Madrid;2807905 Madrid distrito 05;2807905055 Madrid sección 05055;Renta neta media por persona;2023;28.574
28079 Madrid;2807905 Madrid distrito 05;2807905056 Madrid sección 05056;Renta neta media por persona;2023;24.009
28079 Madrid;2807905 Madrid distrito 05;2807905057 Madrid sección 05057;Renta neta media por persona;2023;24.741
28079 Madrid;2807905 Madrid distrito 05;2807905058 Madrid sección 05058;Renta neta media por persona;2023;26.408
28079 Madrid;2807905 Madrid distrito 05;2807905059 Madrid sección 05059;Renta neta media por persona;2023;23.071
28079 Madrid;2807905 Madrid distrito 05;2807905060 Madrid sección 05060;Renta neta media por persona;2023;26.313
28079 Madrid;2807905 Madrid distrito 05;2807905061 Madrid sección 05061;Renta neta media por persona;2023;34.701
28079 Madrid;2807905 Madrid distrito 05;2807905062 Madrid sección 05062;Renta neta media por persona;2023;36.419
28079 Madrid;2807905 Madrid distrito 05;2807905063 Madrid sección 05063;Renta neta media por persona;2023;32.276
28079 Madrid;2807905 Madrid distrito 05;2807905064 Madrid sección 05064;Renta neta media por persona;2023;36.918
28079 Madrid;2807905 Madrid distrito 05;2807905065 Madrid sección 05065;Renta neta media por persona;2023;28.062
28079 Madrid;2807905 Madrid distrito 05;2807905066 Madrid sección 05066;Renta neta media por persona;2023;36.918
28079 Madrid;2807905 Madrid distrito 05;2807905067 Madrid sección 05067;Renta neta media por persona;2023;36.918
28079 Madrid;2807905 Madrid distrito 05;2807905068 Madrid sección 05068;Renta neta media por persona;2023;36.918
28079 Madrid;2807905 Madrid distrito 05;2807905069 Madrid sección 05069;Renta neta media por persona;2023;33.037
28079 Madrid;2807905 Madrid distrito 05;2807905070 Madrid sección 05070;Renta neta media por persona;2023;36.918
28079 Madrid;2807905 Madrid distrito 05;2807905072 Madrid sección 05072;Renta neta media por persona;2023;36.918
28079 Madrid;2807905 Madrid distrito 05;2807905073 Madrid sección 05073;Renta neta media por persona;2023;36.918
28079 Madrid;2807905 Madrid distrito 05;2807905074 Madrid sección 05074;Renta neta media por persona;2023;36.918
28079 Madrid;2807905 Madrid distrito 05;2807905075 Madrid sección 05075;Renta neta media por persona;2023;36.918
28079 Madrid;2807905 Madrid distrito 05;2807905076 Madrid sección 05076;Renta neta media por persona;2023;36.918
28079 Madrid;2807905 Madrid distrito 05;2807905077 Madrid sección 05077;Renta neta media por persona;2023;36.918
28079 Madrid;2807905 Madrid distrito 05;2807905078 Madrid sección 05078;Renta neta media por persona;2023;36.918
28079 Madrid;2807905 Madrid distrito 05;2807905079 Madrid sección 05079;Renta neta media por persona;2023;26.488
28079 Madrid;2807905 Madrid distrito 05;2807905080 Madrid sección 05080;Renta neta media por persona;2023;25.408
28079 Madrid;2807905 Madrid distrito 05;2807905081 Madrid sección 05081;Renta neta media por persona;2023;34.753
28079 Madrid;2807905 Madrid distrito 05;2807905082 Madrid sección 05082;Renta neta media por persona;2023;36.918
28079 Madrid;2807905 Madrid distrito 05;2807905083 Madrid sección 05083;Renta neta media por persona;2023;27.182
28079 Madrid;2807905 Madrid distrito 05;2807905084 Madrid sección 05084;Renta neta media por persona;2023;33.035
28079 Madrid;2807905 Madrid distrito 05;2807905085 Madrid sección 05085;Renta neta media por persona;2023;31.899
28079 Madrid;2807905 Madrid distrito 05;2807905086 Madrid sección 05086;Renta neta media por persona;2023;26.558
28079 Madrid;2807905 Madrid distrito 05;2807905087 Madrid sección 05087;Renta neta media por persona;2023;27.283
28079 Madrid;2807905 Madrid distrito 05;2807905088 Madrid sección 05088;Renta neta media por persona;2023;28.254
28079 Madrid;2807905 Madrid distrito 05;2807905089 Madrid sección 05089;Renta neta media por persona;2023;28.602
28079 Madrid;2807905 Madrid distrito 05;2807905090 Madrid sección 05090;Renta neta media por persona;2023;24.313
28079 Madrid;2807905 Madrid distrito 05;2807905091 Madrid sección 05091;Renta neta media por persona;2023;23.000
28079 Madrid;2807905 Madrid distrito 05;2807905092 Madrid sección 05092;Renta neta media por persona;2023;17.175
28079 Madrid;2807905 Madrid distrito 05;2807905094 Madrid sección 05094;Renta neta media por persona;2023;26.373
28079 Madrid;2807905 Madrid distrito 05;2807905095 Madrid sección 05095;Renta neta media por persona;2023;32.766
28079 Madrid;2807905 Madrid distrito 05;2807905096 Madrid sección 05096;Renta neta media por persona;2023;23.827
28079 Madrid;2807905 Madrid distrito 05;2807905097 Madrid sección 05097;Renta neta media por persona;2023;36.153
28079 Madrid;2807905 Madrid distrito 05;2807905098 Madrid sección 05098;Renta neta media por persona;2023;23.289
28079 Madrid;2807905 Madrid distrito 05;2807905099 Madrid sección 05099;Renta neta media por persona;2023;26.096
28079 Madrid;2807905 Madrid distrito 05;2807905100 Madrid sección 05100;Renta neta media por persona;2023;36.412
28079 Madrid;2807905 Madrid distrito 05;2807905101 Madrid sección 05101;Renta neta media por persona;2023;27.635
28079 Madrid;2807905 Madrid distrito 05;2807905102 Madrid sección 05102;Renta neta media por persona;2023;31.377
28079 Madrid;2807905 Madrid distrito 05;2807905103 Madrid sección 05103;Renta neta media por persona;2023;28.906
28079 Madrid;2807905 Madrid distrito 05;2807905104 Madrid sección 05104;Renta neta media por persona;2023;31.819
28079 Madrid;2807906 Madrid distrito 06;2807906001 Madrid sección 06001;Renta neta media por persona;2023;18.400
28079 Madrid;2807906 Madrid distrito 06;2807906002 Madrid sección 06002;Renta neta media por persona;2023;19.792
28079 Madrid;2807906 Madrid distrito 06;2807906003 Madrid sección 06003;Renta neta media por persona;2023;17.643
28079 Madrid;2807906 Madrid distrito 06;2807906004 Madrid sección 06004;Renta neta media por persona;2023;15.202
28079 Madrid;2807906 Madrid distrito 06;2807906005 Madrid sección 06005;Renta neta media por persona;2023;13.952
28079 Madrid;2807906 Madrid distrito 06;2807906006 Madrid sección 06006;Renta neta media por persona;2023;14.259
28079 Madrid;2807906 Madrid distrito 06;2807906007 Madrid sección 06007;Renta neta media por persona;2023;16.021
28079 Madrid;2807906 Madrid distrito 06;2807906008 Madrid sección 06008;Renta neta media por persona;2023;15.424
28079 Madrid;2807906 Madrid distrito 06;2807906009 Madrid sección 06009;Renta neta media por persona;2023;18.464
28079 Madrid;2807906 Madrid distrito 06;2807906010 Madrid sección 06010;Renta neta media por persona;2023;23.023
28079 Madrid;2807906 Madrid distrito 06;2807906011 Madrid sección 06011;Renta neta media por persona;2023;16.056
28079 Madrid;2807906 Madrid distrito 06;2807906012 Madrid sección 06012;Renta neta media por persona;2023;14.864
28079 Madrid;2807906 Madrid distrito 06;2807906013 Madrid sección 06013;Renta neta media por persona;2023;14.245
28079 Madrid;2807906 Madrid distrito 06;2807906014 Madrid sección 06014;Renta neta media por persona;2023;16.786
28079 Madrid;2807906 Madrid distrito 06;2807906015 Madrid sección 06015;Renta neta media por persona;2023;14.530
28079 Madrid;2807906 Madrid distrito 06;2807906016 Madrid sección 06016;Renta neta media por persona;2023;14.505
28079 Madrid;2807906 Madrid distrito 06;2807906017 Madrid sección 06017;Renta neta media por persona;2023;13.904
28079 Madrid;2807906 Madrid distrito 06;2807906018 Madrid sección 06018;Renta neta media por persona;2023;15.738
28079 Madrid;2807906 Madrid distrito 06;2807906019 Madrid sección 06019;Renta neta media por persona;2023;13.080
28079 Madrid;2807906 Madrid distrito 06;2807906021 Madrid sección 06021;Renta neta media por persona;2023;14.124
28079 Madrid;2807906 Madrid distrito 06;2807906023 Madrid sección 06023;Renta neta media por persona;2023;20.921
28079 Madrid;2807906 Madrid distrito 06;2807906024 Madrid sección 06024;Renta neta media por persona;2023;23.474
28079 Madrid;2807906 Madrid distrito 06;2807906025 Madrid sección 06025;Renta neta media por persona;2023;16.232
28079 Madrid;2807906 Madrid distrito 06;2807906026 Madrid sección 06026;Renta neta media por persona;2023;20.674
28079 Madrid;2807906 Madrid distrito 06;2807906027 Madrid sección 06027;Renta neta media por persona;2023;28.185
28079 Madrid;2807906 Madrid distrito 06;2807906028 Madrid sección 06028;Renta neta media por persona;2023;34.359
28079 Madrid;2807906 Madrid distrito 06;2807906029 Madrid sección 06029;Renta neta media por persona;2023;32.509
28079 Madrid;2807906 Madrid distrito 06;2807906031 Madrid sección 06031;Renta neta media por persona;2023;28.164
28079 Madrid;2807906 Madrid distrito 06;2807906032 Madrid sección 06032;Renta neta media por persona;2023;18.452
28079 Madrid;2807906 Madrid distrito 06;2807906033 Madrid sección 06033;Renta neta media por persona;2023;16.744
28079 Madrid;2807906 Madrid distrito 06;2807906034 Madrid sección 06034;Renta neta media por persona;2023;18.793
28079 Madrid;2807906 Madrid distrito 06;2807906035 Madrid sección 06035;Renta neta media por persona;2023;16.391
28079 Madrid;2807906 Madrid distrito 06;2807906036 Madrid sección 06036;Renta neta media por persona;2023;18.777
28079 Madrid;2807906 Madrid distrito 06;2807906037 Madrid sección 06037;Renta neta media por persona;2023;19.628
28079 Madrid;2807906 Madrid distrito 06;2807906038 Madrid sección 06038;Renta neta media por persona;2023;30.114
28079 Madrid;2807906 Madrid distrito 06;2807906039 Madrid sección 06039;Renta neta media por persona;2023;30.639
28079 Madrid;2807906 Madrid distrito 06;2807906040 Madrid sección 06040;Renta neta media por persona;2023;32.461
28079 Madrid;2807906 Madrid distrito 06;2807906041 Madrid sección 06041;Renta neta media por persona;2023;23.265
28079 Madrid;2807906 Madrid distrito 06;2807906042 Madrid sección 06042;Renta neta media por persona;2023;19.505
28079 Madrid;2807906 Madrid distrito 06;2807906043 Madrid sección 06043;Renta neta media por persona;2023;21.860
28079 Madrid;2807906 Madrid distrito 06;2807906044 Madrid sección 06044;Renta neta media por persona;2023;28.121
28079 Madrid;2807906 Madrid distrito 06;2807906045 Madrid sección 06045;Renta neta media por persona;2023;26.971
28079 Madrid;2807906 Madrid distrito 06;2807906046 Madrid sección 06046;Renta neta media por persona;2023;35.091
28079 Madrid;2807906 Madrid distrito 06;2807906048 Madrid sección 06048;Renta neta media por persona;2023;31.161
28079 Madrid;2807906 Madrid distrito 06;2807906049 Madrid sección 06049;Renta neta media por persona;2023;26.255
28079 Madrid;2807906 Madrid distrito 06;2807906050 Madrid sección 06050;Renta neta media por persona;2023;24.526
28079 Madrid;2807906 Madrid distrito 06;2807906051 Madrid sección 06051;Renta neta media por persona;2023;26.541
28079 Madrid;2807906 Madrid distrito 06;2807906052 Madrid sección 06052;Renta neta media por persona;2023;22.221
28079 Madrid;2807906 Madrid distrito 06;2807906053 Madrid sección 06053;Renta neta media por persona;2023;20.012
28079 Madrid;2807906 Madrid distrito 06;2807906054 Madrid sección 06054;Renta neta media por persona;2023;23.496
28079 Madrid;2807906 Madrid distrito 06;2807906056 Madrid sección 06056;Renta neta media por persona;2023;16.647
28079 Madrid;2807906 Madrid distrito 06;2807906057 Madrid sección 06057;Renta neta media por persona;2023;21.768
28079 Madrid;2807906 Madrid distrito 06;2807906058 Madrid sección 06058;Renta neta media por persona;2023;25.874
28079 Madrid;2807906 Madrid distrito 06;2807906059 Madrid sección 06059;Renta neta media por persona;2023;34.232
28079 Madrid;2807906 Madrid distrito 06;2807906060 Madrid sección 06060;Renta neta media por persona;2023;22.853
28079 Madrid;2807906 Madrid distrito 06;2807906061 Madrid sección 06061;Renta neta media por persona;2023;25.587
28079 Madrid;2807906 Madrid distrito 06;2807906062 Madrid sección 06062;Renta neta media por persona;2023;36.015
28079 Madrid;2807906 Madrid distrito 06;2807906063 Madrid sección 06063;Renta neta media por persona;2023;36.918
28079 Madrid;2807906 Madrid distrito 06;2807906064 Madrid sección 06064;Renta neta media por persona;2023;36.918
28079 Madrid;2807906 Madrid distrito 06;2807906065 Madrid sección 06065;Renta neta media por persona;2023;36.196
28079 Madrid;2807906 Madrid distrito 06;2807906066 Madrid sección 06066;Renta neta media por persona;2023;25.749
28079 Madrid;2807906 Madrid distrito 06;2807906067 Madrid sección 06067;Renta neta media por persona;2023;21.614
28079 Madrid;2807906 Madrid distrito 06;2807906068 Madrid sección 06068;Renta neta media por persona;2023;18.260
28079 Madrid;2807906 Madrid distrito 06;2807906069 Madrid sección 06069;Renta neta media por persona;2023;19.183
28079 Madrid;2807906 Madrid distrito 06;2807906070 Madrid sección 06070;Renta neta media por persona;2023;27.075
28079 Madrid;2807906 Madrid distrito 06;2807906071 Madrid sección 06071;Renta neta media por persona;2023;31.214
28079 Madrid;2807906 Madrid distrito 06;2807906072 Madrid sección 06072;Renta neta media por persona;2023;21.458
28079 Madrid;2807906 Madrid distrito 06;2807906073 Madrid sección 06073;Renta neta media por persona;2023;14.583
28079 Madrid;2807906 Madrid distrito 06;2807906074 Madrid sección 06074;Renta neta media por persona;2023;15.020
28079 Madrid;2807906 Madrid distrito 06;2807906075 Madrid sección 06075;Renta neta media por persona;2023;14.454
28079 Madrid;2807906 Madrid distrito 06;2807906076 Madrid sección 06076;Renta neta media por persona;2023;21.819
28079 Madrid;2807906 Madrid distrito 06;2807906077 Madrid sección 06077;Renta neta media por persona;2023;21.631
28079 Madrid;2807906 Madrid distrito 06;2807906078 Madrid sección 06078;Renta neta media por persona;2023;17.649
28079 Madrid;2807906 Madrid distrito 06;2807906079 Madrid sección 06079;Renta neta media por persona;2023;23.799
28079 Madrid;2807906 Madrid distrito 06;2807906080 Madrid sección 06080;Renta neta media por persona;2023;17.851
28079 Madrid;2807906 Madrid distrito 06;2807906081 Madrid sección 06081;Renta neta media por persona;2023;13.646
28079 Madrid;2807906 Madrid distrito 06;2807906084 Madrid sección 06084;Renta neta media por persona;2023;14.002
28079 Madrid;2807906 Madrid distrito 06;2807906085 Madrid sección 06085;Renta neta media por persona;2023;13.936
28079 Madrid;2807906 Madrid distrito 06;2807906089 Madrid sección 06089;Renta neta media por persona;2023;13.189
28079 Madrid;2807906 Madrid distrito 06;2807906090 Madrid sección 06090;Renta neta media por persona;2023;14.283
28079 Madrid;2807906 Madrid distrito 06;2807906091 Madrid sección 06091;Renta neta media por persona;2023;16.286
28079 Madrid;2807906 Madrid distrito 06;2807906092 Madrid sección 06092;Renta neta media por persona;2023;17.318
28079 Madrid;2807906 Madrid distrito 06;2807906093 Madrid sección 06093;Renta neta media por persona;2023;13.996
28079 Madrid;2807906 Madrid distrito 06;2807906094 Madrid sección 06094;Renta neta media por persona;2023;15.875
28079 Madrid;2807906 Madrid distrito 06;2807906095 Madrid sección 06095;Renta neta media por persona;2023;14.696
28079 Madrid;2807906 Madrid distrito 06;2807906096 Madrid sección 06096;Renta neta media por persona;2023;13.459
28079 Madrid;2807906 Madrid distrito 06;2807906097 Madrid sección 06097;Renta neta media por persona;2023;14.259
28079 Madrid;2807906 Madrid distrito 06;2807906098 Madrid sección 06098;Renta neta media por persona;2023;""
28079 Madrid;2807906 Madrid distrito 06;2807906099 Madrid sección 06099;Renta neta media por persona;2023;14.573
28079 Madrid;2807906 Madrid distrito 06;2807906101 Madrid sección 06101;Renta neta media por persona;2023;14.781
28079 Madrid;2807906 Madrid distrito 06;2807906102 Madrid sección 06102;Renta neta media por persona;2023;15.418
28079 Madrid;2807906 Madrid distrito 06;2807906103 Madrid sección 06103;Renta neta media por persona;2023;16.171
28079 Madrid;2807906 Madrid distrito 06;2807906104 Madrid sección 06104;Renta neta media por persona;2023;14.546
28079 Madrid;2807906 Madrid distrito 06;2807906105 Madrid sección 06105;Renta neta media por persona;2023;15.926
28079 Madrid;2807906 Madrid distrito 06;2807906106 Madrid sección 06106;Renta neta media por persona;2023;15.805
28079 Madrid;2807906 Madrid distrito 06;2807906107 Madrid sección 06107;Renta neta media por persona;2023;17.488
28079 Madrid;2807906 Madrid distrito 06;2807906108 Madrid sección 06108;Renta neta media por persona;2023;15.550
28079 Madrid;2807906 Madrid distrito 06;2807906109 Madrid sección 06109;Renta neta media por persona;2023;14.583
28079 Madrid;2807906 Madrid distrito 06;2807906110 Madrid sección 06110;Renta neta media por persona;2023;16.157
28079 Madrid;2807906 Madrid distrito 06;2807906111 Madrid sección 06111;Renta neta media por persona;2023;17.164
28079 Madrid;2807906 Madrid distrito 06;2807906112 Madrid sección 06112;Renta neta media por persona;2023;14.277
28079 Madrid;2807906 Madrid distrito 06;2807906113 Madrid sección 06113;Renta neta media por persona;2023;17.264
28079 Madrid;2807906 Madrid distrito 06;2807906114 Madrid sección 06114;Renta neta media por persona;2023;16.234
28079 Madrid;2807906 Madrid distrito 06;2807906115 Madrid sección 06115;Renta neta media por persona;2023;12.782
28079 Madrid;2807906 Madrid distrito 06;2807906116 Madrid sección 06116;Renta neta media por persona;2023;15.479
28079 Madrid;2807906 Madrid distrito 06;2807906117 Madrid sección 06117;Renta neta media por persona;2023;17.535
28079 Madrid;2807906 Madrid distrito 06;2807906118 Madrid sección 06118;Renta neta media por persona;2023;16.443
28079 Madrid;2807906 Madrid distrito 06;2807906119 Madrid sección 06119;Renta neta media por persona;2023;15.848
28079 Madrid;2807906 Madrid distrito 06;2807906120 Madrid sección 06120;Renta neta media por persona;2023;13.635
28079 Madrid;2807906 Madrid distrito 06;2807906121 Madrid sección 06121;Renta neta media por persona;2023;15.254
28079 Madrid;2807906 Madrid distrito 06;2807906122 Madrid sección 06122;Renta neta media por persona;2023;16.117
28079 Madrid;2807906 Madrid distrito 06;2807906123 Madrid sección 06123;Renta neta media por persona;2023;15.087
28079 Madrid;2807906 Madrid distrito 06;2807906124 Madrid sección 06124;Renta neta media por persona;2023;15.593
28079 Madrid;2807906 Madrid distrito 06;2807906125 Madrid sección 06125;Renta neta media por persona;2023;26.023
28079 Madrid;2807906 Madrid distrito 06;2807906126 Madrid sección 06126;Renta neta media por persona;2023;16.273
28079 Madrid;2807906 Madrid distrito 06;2807906127 Madrid sección 06127;Renta neta media por persona;2023;15.490
28079 Madrid;2807906 Madrid distrito 06;2807906128 Madrid sección 06128;Renta neta media por persona;2023;14.751
28079 Madrid;2807906 Madrid distrito 06;2807906129 Madrid sección 06129;Renta neta media por persona;2023;15.127
28079 Madrid;2807907 Madrid distrito 07;2807907001 Madrid sección 07001;Renta neta media por persona;2023;25.045
28079 Madrid;2807907 Madrid distrito 07;2807907002 Madrid sección 07002;Renta neta media por persona;2023;24.092
28079 Madrid;2807907 Madrid distrito 07;2807907003 Madrid sección 07003;Renta neta media por persona;2023;22.255
28079 Madrid;2807907 Madrid distrito 07;2807907004 Madrid sección 07004;Renta neta media por persona;2023;24.854
28079 Madrid;2807907 Madrid distrito 07;2807907005 Madrid sección 07005;Renta neta media por persona;2023;""
28079 Madrid;2807907 Madrid distrito 07;2807907006 Madrid sección 07006;Renta neta media por persona;2023;27.644
28079 Madrid;2807907 Madrid distrito 07;2807907007 Madrid sección 07007;Renta neta media por persona;2023;26.349
28079 Madrid;2807907 Madrid distrito 07;2807907008 Madrid sección 07008;Renta neta media por persona;2023;32.453
28079 Madrid;2807907 Madrid distrito 07;2807907009 Madrid sección 07009;Renta neta media por persona;2023;21.915
28079 Madrid;2807907 Madrid distrito 07;2807907010 Madrid sección 07010;Renta neta media por persona;2023;24.898
28079 Madrid;2807907 Madrid distrito 07;2807907011 Madrid sección 07011;Renta neta media por persona;2023;22.179
28079 Madrid;2807907 Madrid distrito 07;2807907012 Madrid sección 07012;Renta neta media por persona;2023;23.142
28079 Madrid;2807907 Madrid distrito 07;2807907013 Madrid sección 07013;Renta neta media por persona;2023;27.761
28079 Madrid;2807907 Madrid distrito 07;2807907014 Madrid sección 07014;Renta neta media por persona;2023;25.082
28079 Madrid;2807907 Madrid distrito 07;2807907016 Madrid sección 07016;Renta neta media por persona;2023;20.730
28079 Madrid;2807907 Madrid distrito 07;2807907017 Madrid sección 07017;Renta neta media por persona;2023;25.126
28079 Madrid;2807907 Madrid distrito 07;2807907018 Madrid sección 07018;Renta neta media por persona;2023;26.880
28079 Madrid;2807907 Madrid distrito 07;2807907019 Madrid sección 07019;Renta neta media por persona;2023;28.172
28079 Madrid;2807907 Madrid distrito 07;2807907021 Madrid sección 07021;Renta neta media por persona;2023;32.030
28079 Madrid;2807907 Madrid distrito 07;2807907023 Madrid sección 07023;Renta neta media por persona;2023;31.597
28079 Madrid;2807907 Madrid distrito 07;2807907024 Madrid sección 07024;Renta neta media por persona;2023;24.221
28079 Madrid;2807907 Madrid distrito 07;2807907025 Madrid sección 07025;Renta neta media por persona;2023;22.415
28079 Madrid;2807907 Madrid distrito 07;2807907026 Madrid sección 07026;Renta neta media por persona;2023;24.631
28079 Madrid;2807907 Madrid distrito 07;2807907028 Madrid sección 07028;Renta neta media por persona;2023;25.428
28079 Madrid;2807907 Madrid distrito 07;2807907030 Madrid sección 07030;Renta neta media por persona;2023;22.783
28079 Madrid;2807907 Madrid distrito 07;2807907031 Madrid sección 07031;Renta neta media por persona;2023;23.887
28079 Madrid;2807907 Madrid distrito 07;2807907032 Madrid sección 07032;Renta neta media por persona;2023;22.799
28079 Madrid;2807907 Madrid distrito 07;2807907034 Madrid sección 07034;Renta neta media por persona;2023;20.476
28079 Madrid;2807907 Madrid distrito 07;2807907035 Madrid sección 07035;Renta neta media por persona;2023;23.951
28079 Madrid;2807907 Madrid distrito 07;2807907036 Madrid sección 07036;Renta neta media por persona;2023;25.627
28079 Madrid;2807907 Madrid distrito 07;2807907038 Madrid sección 07038;Renta neta media por persona;2023;22.946
28079 Madrid;2807907 Madrid distrito 07;2807907039 Madrid sección 07039;Renta neta media por persona;2023;24.262
28079 Madrid;2807907 Madrid distrito 07;2807907040 Madrid sección 07040;Renta neta media por persona;2023;24.416
28079 Madrid;2807907 Madrid distrito 07;2807907041 Madrid sección 07041;Renta neta media por persona;2023;23.373
28079 Madrid;2807907 Madrid distrito 07;2807907042 Madrid sección 07042;Renta neta media por persona;2023;36.095
28079 Madrid;2807907 Madrid distrito 07;2807907043 Madrid sección 07043;Renta neta media por persona;2023;29.973
28079 Madrid;2807907 Madrid distrito 07;2807907044 Madrid sección 07044;Renta neta media por persona;2023;35.758
28079 Madrid;2807907 Madrid distrito 07;2807907045 Madrid sección 07045;Renta neta media por persona;2023;22.253
28079 Madrid;2807907 Madrid distrito 07;2807907046 Madrid sección 07046;Renta neta media por persona;2023;23.948
28079 Madrid;2807907 Madrid distrito 07;2807907047 Madrid sección 07047;Renta neta media por persona;2023;28.921
28079 Madrid;2807907 Madrid distrito 07;2807907048 Madrid sección 07048;Renta neta media por persona;2023;30.932
28079 Madrid;2807907 Madrid distrito 07;2807907049 Madrid sección 07049;Renta neta media por persona;2023;32.204
28079 Madrid;2807907 Madrid distrito 07;2807907050 Madrid sección 07050;Renta neta media por persona;2023;26.966
28079 Madrid;2807907 Madrid distrito 07;2807907051 Madrid sección 07051;Renta neta media por persona;2023;23.658
28079 Madrid;2807907 Madrid distrito 07;2807907052 Madrid sección 07052;Renta neta media por persona;2023;24.334
28079 Madrid;2807907 Madrid distrito 07;2807907053 Madrid sección 07053;Renta neta media por persona;2023;23.796
28079 Madrid;2807907 Madrid distrito 07;2807907055 Madrid sección 07055;Renta neta media por persona;2023;28.005
28079 Madrid;2807907 Madrid distrito 07;2807907056 Madrid sección 07056;Renta neta media por persona;2023;24.287
28079 Madrid;2807907 Madrid distrito 07;2807907057 Madrid sección 07057;Renta neta media por persona;2023;27.849
28079 Madrid;2807907 Madrid distrito 07;2807907058 Madrid sección 07058;Renta neta media por persona;2023;27.344
28079 Madrid;2807907 Madrid distrito 07;2807907059 Madrid sección 07059;Renta neta media por persona;2023;26.591
28079 Madrid;2807907 Madrid distrito 07;2807907060 Madrid sección 07060;Renta neta media por persona;2023;26.968
28079 Madrid;2807907 Madrid distrito 07;2807907061 Madrid sección 07061;Renta neta media por persona;2023;26.310
28079 Madrid;2807907 Madrid distrito 07;2807907062 Madrid sección 07062;Renta neta media por persona;2023;23.043
28079 Madrid;2807907 Madrid distrito 07;2807907063 Madrid sección 07063;Renta neta media por persona;2023;28.121
28079 Madrid;2807907 Madrid distrito 07;2807907064 Madrid sección 07064;Renta neta media por persona;2023;26.997
28079 Madrid;2807907 Madrid distrito 07;2807907065 Madrid sección 07065;Renta neta media por persona;2023;22.211
28079 Madrid;2807907 Madrid distrito 07;2807907066 Madrid sección 07066;Renta neta media por persona;2023;25.120
28079 Madrid;2807907 Madrid distrito 07;2807907067 Madrid sección 07067;Renta neta media por persona;2023;26.108
28079 Madrid;2807907 Madrid distrito 07;2807907068 Madrid sección 07068;Renta neta media por persona;2023;27.525
28079 Madrid;2807907 Madrid distrito 07;2807907069 Madrid sección 07069;Renta neta media por persona;2023;26.367
28079 Madrid;2807907 Madrid distrito 07;2807907070 Madrid sección 07070;Renta neta media por persona;2023;25.921
28079 Madrid;2807907 Madrid distrito 07;2807907071 Madrid sección 07071;Renta neta media por persona;2023;28.218
28079 Madrid;2807907 Madrid distrito 07;2807907072 Madrid sección 07072;Renta neta media por persona;2023;30.230
28079 Madrid;2807907 Madrid distrito 07;2807907073 Madrid sección 07073;Renta neta media por persona;2023;29.558
28079 Madrid;2807907 Madrid distrito 07;2807907075 Madrid sección 07075;Renta neta media por persona;2023;36.918
28079 Madrid;2807907 Madrid distrito 07;2807907076 Madrid sección 07076;Renta neta media por persona;2023;36.918
28079 Madrid;2807907 Madrid distrito 07;2807907078 Madrid sección 07078;Renta neta media por persona;2023;36.918
28079 Madrid;2807907 Madrid distrito 07;2807907079 Madrid sección 07079;Renta neta media por persona;2023;29.379
28079 Madrid;2807907 Madrid distrito 07;2807907080 Madrid sección 07080;Renta neta media por persona;2023;36.918
28079 Madrid;2807907 Madrid distrito 07;2807907081 Madrid sección 07081;Renta neta media por persona;2023;36.918
28079 Madrid;2807907 Madrid distrito 07;2807907082 Madrid sección 07082;Renta neta media por persona;2023;35.206
28079 Madrid;2807907 Madrid distrito 07;2807907083 Madrid sección 07083;Renta neta media por persona;2023;36.918
28079 Madrid;2807907 Madrid distrito 07;2807907084 Madrid sección 07084;Renta neta media por persona;2023;36.918
28079 Madrid;2807907 Madrid distrito 07;2807907085 Madrid sección 07085;Renta neta media por persona;2023;31.913
28079 Madrid;2807907 Madrid distrito 07;2807907086 Madrid sección 07086;Renta neta media por persona;2023;36.918
28079 Madrid;2807907 Madrid distrito 07;2807907087 Madrid sección 07087;Renta neta media por persona;2023;34.684
28079 Madrid;2807907 Madrid distrito 07;2807907088 Madrid sección 07088;Renta neta media por persona;2023;29.627
28079 Madrid;2807907 Madrid distrito 07;2807907089 Madrid sección 07089;Renta neta media por persona;2023;25.960
28079 Madrid;2807907 Madrid distrito 07;2807907090 Madrid sección 07090;Renta neta media por persona;2023;21.444
28079 Madrid;2807907 Madrid distrito 07;2807907091 Madrid sección 07091;Renta neta media por persona;2023;22.505
28079 Madrid;2807907 Madrid distrito 07;2807907092 Madrid sección 07092;Renta neta media por persona;2023;36.918
28079 Madrid;2807907 Madrid distrito 07;2807907093 Madrid sección 07093;Renta neta media por persona;2023;36.918
28079 Madrid;2807907 Madrid distrito 07;2807907094 Madrid sección 07094;Renta neta media por persona;2023;35.800
28079 Madrid;2807907 Madrid distrito 07;2807907095 Madrid sección 07095;Renta neta media por persona;2023;36.138
28079 Madrid;2807907 Madrid distrito 07;2807907096 Madrid sección 07096;Renta neta media por persona;2023;36.017
28079 Madrid;2807907 Madrid distrito 07;2807907097 Madrid sección 07097;Renta neta media por persona;2023;27.764
28079 Madrid;2807907 Madrid distrito 07;2807907098 Madrid sección 07098;Renta neta media por persona;2023;30.278
28079 Madrid;2807907 Madrid distrito 07;2807907099 Madrid sección 07099;Renta neta media por persona;2023;27.431
28079 Madrid;2807907 Madrid distrito 07;2807907100 Madrid sección 07100;Renta neta media por persona;2023;27.717
28079 Madrid;2807907 Madrid distrito 07;2807907101 Madrid sección 07101;Renta neta media por persona;2023;24.117
28079 Madrid;2807907 Madrid distrito 07;2807907102 Madrid sección 07102;Renta neta media por persona;2023;25.991
28079 Madrid;2807907 Madrid distrito 07;2807907103 Madrid sección 07103;Renta neta media por persona;2023;27.192
28079 Madrid;2807907 Madrid distrito 07;2807907105 Madrid sección 07105;Renta neta media por persona;2023;27.921
28079 Madrid;2807907 Madrid distrito 07;2807907106 Madrid sección 07106;Renta neta media por persona;2023;26.439
28079 Madrid;2807907 Madrid distrito 07;2807907107 Madrid sección 07107;Renta neta media por persona;2023;36.918
28079 Madrid;2807907 Madrid distrito 07;2807907108 Madrid sección 07108;Renta neta media por persona;2023;26.944
28079 Madrid;2807907 Madrid distrito 07;2807907109 Madrid sección 07109;Renta neta media por persona;2023;26.967
28079 Madrid;2807907 Madrid distrito 07;2807907110 Madrid sección 07110;Renta neta media por persona;2023;18.664
28079 Madrid;2807907 Madrid distrito 07;2807907111 Madrid sección 07111;Renta neta media por persona;2023;28.443
28079 Madrid;2807907 Madrid distrito 07;2807907112 Madrid sección 07112;Renta neta media por persona;2023;""
28079 Madrid;2807907 Madrid distrito 07;2807907113 Madrid sección 07113;Renta neta media por persona;2023;36.918
28079 Madrid;2807907 Madrid distrito 07;2807907114 Madrid sección 07114;Renta neta media por persona;2023;26.467
28079 Madrid;2807907 Madrid distrito 07;2807907115 Madrid sección 07115;Renta neta media por persona;2023;33.104
28079 Madrid;2807907 Madrid distrito 07;2807907116 Madrid sección 07116;Renta neta media por persona;2023;29.009
28079 Madrid;2807907 Madrid distrito 07;2807907117 Madrid sección 07117;Renta neta media por persona;2023;21.788
28079 Madrid;2807907 Madrid distrito 07;2807907118 Madrid sección 07118;Renta neta media por persona;2023;24.598
28079 Madrid;2807907 Madrid distrito 07;2807907119 Madrid sección 07119;Renta neta media por persona;2023;24.659
28079 Madrid;2807907 Madrid distrito 07;2807907120 Madrid sección 07120;Renta neta media por persona;2023;27.409
28079 Madrid;2807907 Madrid distrito 07;2807907121 Madrid sección 07121;Renta neta media por persona;2023;34.332
28079 Madrid;2807907 Madrid distrito 07;2807907122 Madrid sección 07122;Renta neta media por persona;2023;27.739
28079 Madrid;2807907 Madrid distrito 07;2807907123 Madrid sección 07123;Renta neta media por persona;2023;29.052
28079 Madrid;2807907 Madrid distrito 07;2807907124 Madrid sección 07124;Renta neta media por persona;2023;27.575
28079 Madrid;2807907 Madrid distrito 07;2807907125 Madrid sección 07125;Renta neta media por persona;2023;35.107
28079 Madrid;2807907 Madrid distrito 07;2807907126 Madrid sección 07126;Renta neta media por persona;2023;29.083
28079 Madrid;2807907 Madrid distrito 07;2807907127 Madrid sección 07127;Renta neta media por persona;2023;27.403
28079 Madrid;2807907 Madrid distrito 07;2807907128 Madrid sección 07128;Renta neta media por persona;2023;36.873
28079 Madrid;2807907 Madrid distrito 07;2807907129 Madrid sección 07129;Renta neta media por persona;2023;30.176
28079 Madrid;2807907 Madrid distrito 07;2807907130 Madrid sección 07130;Renta neta media por persona;2023;36.918
28079 Madrid;2807907 Madrid distrito 07;2807907131 Madrid sección 07131;Renta neta media por persona;2023;34.346
28079 Madrid;2807907 Madrid distrito 07;2807907132 Madrid sección 07132;Renta neta media por persona;2023;36.477
28079 Madrid;2807907 Madrid distrito 07;2807907133 Madrid sección 07133;Renta neta media por persona;2023;36.918
28079 Madrid;2807907 Madrid distrito 07;2807907134 Madrid sección 07134;Renta neta media por persona;2023;""
28079 Madrid;2807907 Madrid distrito 07;2807907135 Madrid sección 07135;Renta neta media por persona;2023;27.963
28079 Madrid;2807908 Madrid distrito 08;2807908001 Madrid sección 08001;Renta neta media por persona;2023;20.061
28079 Madrid;2807908 Madrid distrito 08;2807908002 Madrid sección 08002;Renta neta media por persona;2023;17.770
28079 Madrid;2807908 Madrid distrito 08;2807908003 Madrid sección 08003;Renta neta media por persona;2023;17.392
28079 Madrid;2807908 Madrid distrito 08;2807908004 Madrid sección 08004;Renta neta media por persona;2023;17.948
28079 Madrid;2807908 Madrid distrito 08;2807908005 Madrid sección 08005;Renta neta media por persona;2023;36.918
28079 Madrid;2807908 Madrid distrito 08;2807908006 Madrid sección 08006;Renta neta media por persona;2023;34.573
28079 Madrid;2807908 Madrid distrito 08;2807908007 Madrid sección 08007;Renta neta media por persona;2023;36.918
28079 Madrid;2807908 Madrid distrito 08;2807908008 Madrid sección 08008;Renta neta media por persona;2023;30.937
28079 Madrid;2807908 Madrid distrito 08;2807908009 Madrid sección 08009;Renta neta media por persona;2023;22.460
28079 Madrid;2807908 Madrid distrito 08;2807908010 Madrid sección 08010;Renta neta media por persona;2023;25.758
28079 Madrid;2807908 Madrid distrito 08;2807908011 Madrid sección 08011;Renta neta media por persona;2023;16.574
28079 Madrid;2807908 Madrid distrito 08;2807908012 Madrid sección 08012;Renta neta media por persona;2023;30.478
28079 Madrid;2807908 Madrid distrito 08;2807908013 Madrid sección 08013;Renta neta media por persona;2023;29.087
28079 Madrid;2807908 Madrid distrito 08;2807908014 Madrid sección 08014;Renta neta media por persona;2023;22.509
28079 Madrid;2807908 Madrid distrito 08;2807908015 Madrid sección 08015;Renta neta media por persona;2023;20.193
28079 Madrid;2807908 Madrid distrito 08;2807908016 Madrid sección 08016;Renta neta media por persona;2023;12.065
28079 Madrid;2807908 Madrid distrito 08;2807908017 Madrid sección 08017;Renta neta media por persona;2023;19.507
28079 Madrid;2807908 Madrid distrito 08;2807908018 Madrid sección 08018;Renta neta media por persona;2023;13.348
28079 Madrid;2807908 Madrid distrito 08;2807908019 Madrid sección 08019;Renta neta media por persona;2023;13.144
28079 Madrid;2807908 Madrid distrito 08;2807908020 Madrid sección 08020;Renta neta media por persona;2023;18.218
28079 Madrid;2807908 Madrid distrito 08;2807908021 Madrid sección 08021;Renta neta media por persona;2023;15.310
28079 Madrid;2807908 Madrid distrito 08;2807908022 Madrid sección 08022;Renta neta media por persona;2023;17.777
28079 Madrid;2807908 Madrid distrito 08;2807908023 Madrid sección 08023;Renta neta media por persona;2023;17.304
28079 Madrid;2807908 Madrid distrito 08;2807908024 Madrid sección 08024;Renta neta media por persona;2023;22.380
28079 Madrid;2807908 Madrid distrito 08;2807908025 Madrid sección 08025;Renta neta media por persona;2023;16.589
28079 Madrid;2807908 Madrid distrito 08;2807908026 Madrid sección 08026;Renta neta media por persona;2023;17.680
28079 Madrid;2807908 Madrid distrito 08;2807908027 Madrid sección 08027;Renta neta media por persona;2023;17.521
28079 Madrid;2807908 Madrid distrito 08;2807908028 Madrid sección 08028;Renta neta media por persona;2023;17.952
28079 Madrid;2807908 Madrid distrito 08;2807908029 Madrid sección 08029;Renta neta media por persona;2023;21.315
28079 Madrid;2807908 Madrid distrito 08;2807908030 Madrid sección 08030;Renta neta media por persona;2023;21.010
28079 Madrid;2807908 Madrid distrito 08;2807908031 Madrid sección 08031;Renta neta media por persona;2023;25.256
28079 Madrid;2807908 Madrid distrito 08;2807908032 Madrid sección 08032;Renta neta media por persona;2023;17.771
28079 Madrid;2807908 Madrid distrito 08;2807908033 Madrid sección 08033;Renta neta media por persona;2023;27.252
28079 Madrid;2807908 Madrid distrito 08;2807908034 Madrid sección 08034;Renta neta media por persona;2023;27.900
28079 Madrid;2807908 Madrid distrito 08;2807908035 Madrid sección 08035;Renta neta media por persona;2023;29.629
28079 Madrid;2807908 Madrid distrito 08;2807908036 Madrid sección 08036;Renta neta media por persona;2023;23.957
28079 Madrid;2807908 Madrid distrito 08;2807908037 Madrid sección 08037;Renta neta media por persona;2023;25.574
28079 Madrid;2807908 Madrid distrito 08;2807908038 Madrid sección 08038;Renta neta media por persona;2023;24.942
28079 Madrid;2807908 Madrid distrito 08;2807908039 Madrid sección 08039;Renta neta media por persona;2023;24.515
28079 Madrid;2807908 Madrid distrito 08;2807908040 Madrid sección 08040;Renta neta media por persona;2023;27.138
28079 Madrid;2807908 Madrid distrito 08;2807908041 Madrid sección 08041;Renta neta media por persona;2023;19.557
28079 Madrid;2807908 Madrid distrito 08;2807908042 Madrid sección 08042;Renta neta media por persona;2023;19.652
28079 Madrid;2807908 Madrid distrito 08;2807908043 Madrid sección 08043;Renta neta media por persona;2023;27.077
28079 Madrid;2807908 Madrid distrito 08;2807908044 Madrid sección 08044;Renta neta media por persona;2023;23.768
28079 Madrid;2807908 Madrid distrito 08;2807908045 Madrid sección 08045;Renta neta media por persona;2023;19.120
28079 Madrid;2807908 Madrid distrito 08;2807908046 Madrid sección 08046;Renta neta media por persona;2023;16.263
28079 Madrid;2807908 Madrid distrito 08;2807908047 Madrid sección 08047;Renta neta media por persona;2023;16.225
28079 Madrid;2807908 Madrid distrito 08;2807908048 Madrid sección 08048;Renta neta media por persona;2023;16.553
28079 Madrid;2807908 Madrid distrito 08;2807908049 Madrid sección 08049;Renta neta media por persona;2023;29.082
28079 Madrid;2807908 Madrid distrito 08;2807908050 Madrid sección 08050;Renta neta media por persona;2023;19.361
28079 Madrid;2807908 Madrid distrito 08;2807908051 Madrid sección 08051;Renta neta media por persona;2023;22.244
28079 Madrid;2807908 Madrid distrito 08;2807908052 Madrid sección 08052;Renta neta media por persona;2023;25.141
28079 Madrid;2807908 Madrid distrito 08;2807908053 Madrid sección 08053;Renta neta media por persona;2023;13.870
28079 Madrid;2807908 Madrid distrito 08;2807908054 Madrid sección 08054;Renta neta media por persona;2023;21.712
28079 Madrid;2807908 Madrid distrito 08;2807908055 Madrid sección 08055;Renta neta media por persona;2023;22.430
28079 Madrid;2807908 Madrid distrito 08;2807908056 Madrid sección 08056;Renta neta media por persona;2023;24.382
28079 Madrid;2807908 Madrid distrito 08;2807908057 Madrid sección 08057;Renta neta media por persona;2023;24.404
28079 Madrid;2807908 Madrid distrito 08;2807908058 Madrid sección 08058;Renta neta media por persona;2023;24.480
28079 Madrid;2807908 Madrid distrito 08;2807908059 Madrid sección 08059;Renta neta media por persona;2023;24.912
28079 Madrid;2807908 Madrid distrito 08;2807908060 Madrid sección 08060;Renta neta media por persona;2023;25.665
28079 Madrid;2807908 Madrid distrito 08;2807908061 Madrid sección 08061;Renta neta media por persona;2023;15.756
28079 Madrid;2807908 Madrid distrito 08;2807908062 Madrid sección 08062;Renta neta media por persona;2023;15.267
28079 Madrid;2807908 Madrid distrito 08;2807908063 Madrid sección 08063;Renta neta media por persona;2023;13.655
28079 Madrid;2807908 Madrid distrito 08;2807908064 Madrid sección 08064;Renta neta media por persona;2023;13.582
28079 Madrid;2807908 Madrid distrito 08;2807908065 Madrid sección 08065;Renta neta media por persona;2023;13.666
28079 Madrid;2807908 Madrid distrito 08;2807908066 Madrid sección 08066;Renta neta media por persona;2023;13.565
28079 Madrid;2807908 Madrid distrito 08;2807908067 Madrid sección 08067;Renta neta media por persona;2023;13.945
28079 Madrid;2807908 Madrid distrito 08;2807908068 Madrid sección 08068;Renta neta media por persona;2023;14.901
28079 Madrid;2807908 Madrid distrito 08;2807908069 Madrid sección 08069;Renta neta media por persona;2023;12.965
28079 Madrid;2807908 Madrid distrito 08;2807908071 Madrid sección 08071;Renta neta media por persona;2023;14.913
28079 Madrid;2807908 Madrid distrito 08;2807908072 Madrid sección 08072;Renta neta media por persona;2023;16.206
28079 Madrid;2807908 Madrid distrito 08;2807908073 Madrid sección 08073;Renta neta media por persona;2023;15.575
28079 Madrid;2807908 Madrid distrito 08;2807908074 Madrid sección 08074;Renta neta media por persona;2023;15.551
28079 Madrid;2807908 Madrid distrito 08;2807908075 Madrid sección 08075;Renta neta media por persona;2023;15.556
28079 Madrid;2807908 Madrid distrito 08;2807908076 Madrid sección 08076;Renta neta media por persona;2023;14.796
28079 Madrid;2807908 Madrid distrito 08;2807908077 Madrid sección 08077;Renta neta media por persona;2023;14.104
28079 Madrid;2807908 Madrid distrito 08;2807908078 Madrid sección 08078;Renta neta media por persona;2023;15.459
28079 Madrid;2807908 Madrid distrito 08;2807908079 Madrid sección 08079;Renta neta media por persona;2023;16.133
28079 Madrid;2807908 Madrid distrito 08;2807908080 Madrid sección 08080;Renta neta media por persona;2023;15.180
28079 Madrid;2807908 Madrid distrito 08;2807908081 Madrid sección 08081;Renta neta media por persona;2023;16.302
28079 Madrid;2807908 Madrid distrito 08;2807908082 Madrid sección 08082;Renta neta media por persona;2023;14.594
28079 Madrid;2807908 Madrid distrito 08;2807908083 Madrid sección 08083;Renta neta media por persona;2023;14.333
28079 Madrid;2807908 Madrid distrito 08;2807908084 Madrid sección 08084;Renta neta media por persona;2023;14.075
28079 Madrid;2807908 Madrid distrito 08;2807908085 Madrid sección 08085;Renta neta media por persona;2023;14.862
28079 Madrid;2807908 Madrid distrito 08;2807908086 Madrid sección 08086;Renta neta media por persona;2023;14.320
28079 Madrid;2807908 Madrid distrito 08;2807908087 Madrid sección 08087;Renta neta media por persona;2023;13.763
28079 Madrid;2807908 Madrid distrito 08;2807908088 Madrid sección 08088;Renta neta media por persona;2023;15.244
28079 Madrid;2807908 Madrid distrito 08;2807908089 Madrid sección 08089;Renta neta media por persona;2023;16.088
28079 Madrid;2807908 Madrid distrito 08;2807908090 Madrid sección 08090;Renta neta media por persona;2023;24.386
28079 Madrid;2807908 Madrid distrito 08;2807908091 Madrid sección 08091;Renta neta media por persona;2023;16.973
28079 Madrid;2807908 Madrid distrito 08;2807908092 Madrid sección 08092;Renta neta media por persona;2023;17.488
28079 Madrid;2807908 Madrid distrito 08;2807908093 Madrid sección 08093;Renta neta media por persona;2023;19.996
28079 Madrid;2807908 Madrid distrito 08;2807908094 Madrid sección 08094;Renta neta media por persona;2023;19.790
28079 Madrid;2807908 Madrid distrito 08;2807908095 Madrid sección 08095;Renta neta media por persona;2023;27.523
28079 Madrid;2807908 Madrid distrito 08;2807908096 Madrid sección 08096;Renta neta media por persona;2023;26.760
28079 Madrid;2807908 Madrid distrito 08;2807908097 Madrid sección 08097;Renta neta media por persona;2023;27.108
28079 Madrid;2807908 Madrid distrito 08;2807908098 Madrid sección 08098;Renta neta media por persona;2023;27.705
28079 Madrid;2807908 Madrid distrito 08;2807908099 Madrid sección 08099;Renta neta media por persona;2023;27.862
28079 Madrid;2807908 Madrid distrito 08;2807908100 Madrid sección 08100;Renta neta media por persona;2023;31.818
28079 Madrid;2807908 Madrid distrito 08;2807908102 Madrid sección 08102;Renta neta media por persona;2023;30.770
28079 Madrid;2807908 Madrid distrito 08;2807908103 Madrid sección 08103;Renta neta media por persona;2023;35.474
28079 Madrid;2807908 Madrid distrito 08;2807908104 Madrid sección 08104;Renta neta media por persona;2023;12.605
28079 Madrid;2807908 Madrid distrito 08;2807908105 Madrid sección 08105;Renta neta media por persona;2023;12.490
28079 Madrid;2807908 Madrid distrito 08;2807908106 Madrid sección 08106;Renta neta media por persona;2023;11.820
28079 Madrid;2807908 Madrid distrito 08;2807908107 Madrid sección 08107;Renta neta media por persona;2023;12.531
28079 Madrid;2807908 Madrid distrito 08;2807908108 Madrid sección 08108;Renta neta media por persona;2023;13.925
28079 Madrid;2807908 Madrid distrito 08;2807908109 Madrid sección 08109;Renta neta media por persona;2023;13.413
28079 Madrid;2807908 Madrid distrito 08;2807908110 Madrid sección 08110;Renta neta media por persona;2023;17.710
28079 Madrid;2807908 Madrid distrito 08;2807908111 Madrid sección 08111;Renta neta media por persona;2023;20.440
28079 Madrid;2807908 Madrid distrito 08;2807908112 Madrid sección 08112;Renta neta media por persona;2023;11.843
28079 Madrid;2807908 Madrid distrito 08;2807908113 Madrid sección 08113;Renta neta media por persona;2023;15.455
28079 Madrid;2807908 Madrid distrito 08;2807908114 Madrid sección 08114;Renta neta media por persona;2023;11.349
28079 Madrid;2807908 Madrid distrito 08;2807908115 Madrid sección 08115;Renta neta media por persona;2023;10.817
28079 Madrid;2807908 Madrid distrito 08;2807908116 Madrid sección 08116;Renta neta media por persona;2023;12.294
28079 Madrid;2807908 Madrid distrito 08;2807908117 Madrid sección 08117;Renta neta media por persona;2023;13.125
28079 Madrid;2807908 Madrid distrito 08;2807908119 Madrid sección 08119;Renta neta media por persona;2023;13.878
28079 Madrid;2807908 Madrid distrito 08;2807908120 Madrid sección 08120;Renta neta media por persona;2023;13.507
28079 Madrid;2807908 Madrid distrito 08;2807908121 Madrid sección 08121;Renta neta media por persona;2023;12.680
28079 Madrid;2807908 Madrid distrito 08;2807908122 Madrid sección 08122;Renta neta media por persona;2023;12.803
28079 Madrid;2807908 Madrid distrito 08;2807908123 Madrid sección 08123;Renta neta media por persona;2023;14.118
28079 Madrid;2807908 Madrid distrito 08;2807908124 Madrid sección 08124;Renta neta media por persona;2023;13.756
28079 Madrid;2807908 Madrid distrito 08;2807908125 Madrid sección 08125;Renta neta media por persona;2023;16.097
28079 Madrid;2807908 Madrid distrito 08;2807908126 Madrid sección 08126;Renta neta media por persona;2023;15.203
28079 Madrid;2807908 Madrid distrito 08;2807908128 Madrid sección 08128;Renta neta media por persona;2023;23.402
28079 Madrid;2807908 Madrid distrito 08;2807908129 Madrid sección 08129;Renta neta media por persona;2023;16.359
28079 Madrid;2807908 Madrid distrito 08;2807908130 Madrid sección 08130;Renta neta media por persona;2023;""
28079 Madrid;2807908 Madrid distrito 08;2807908131 Madrid sección 08131;Renta neta media por persona;2023;26.040
28079 Madrid;2807908 Madrid distrito 08;2807908132 Madrid sección 08132;Renta neta media por persona;2023;36.918
28079 Madrid;2807908 Madrid distrito 08;2807908133 Madrid sección 08133;Renta neta media por persona;2023;23.700
28079 Madrid;2807908 Madrid distrito 08;2807908134 Madrid sección 08134;Renta neta media por persona;2023;36.918
28079 Madrid;2807908 Madrid distrito 08;2807908135 Madrid sección 08135;Renta neta media por persona;2023;30.472
28079 Madrid;2807908 Madrid distrito 08;2807908136 Madrid sección 08136;Renta neta media por persona;2023;25.252
28079 Madrid;2807908 Madrid distrito 08;2807908137 Madrid sección 08137;Renta neta media por persona;2023;36.918
28079 Madrid;2807908 Madrid distrito 08;2807908138 Madrid sección 08138;Renta neta media por persona;2023;36.918
28079 Madrid;2807908 Madrid distrito 08;2807908139 Madrid sección 08139;Renta neta media por persona;2023;22.791
28079 Madrid;2807908 Madrid distrito 08;2807908140 Madrid sección 08140;Renta neta media por persona;2023;19.672
28079 Madrid;2807908 Madrid distrito 08;2807908141 Madrid sección 08141;Renta neta media por persona;2023;23.374
28079 Madrid;2807908 Madrid distrito 08;2807908142 Madrid sección 08142;Renta neta media por persona;2023;21.955
28079 Madrid;2807908 Madrid distrito 08;2807908143 Madrid sección 08143;Renta neta media por persona;2023;34.655
28079 Madrid;2807908 Madrid distrito 08;2807908144 Madrid sección 08144;Renta neta media por persona;2023;28.614
28079 Madrid;2807908 Madrid distrito 08;2807908145 Madrid sección 08145;Renta neta media por persona;2023;27.593
28079 Madrid;2807908 Madrid distrito 08;2807908146 Madrid sección 08146;Renta neta media por persona;2023;28.918
28079 Madrid;2807908 Madrid distrito 08;2807908147 Madrid sección 08147;Renta neta media por persona;2023;32.821
28079 Madrid;2807908 Madrid distrito 08;2807908148 Madrid sección 08148;Renta neta media por persona;2023;25.069
28079 Madrid;2807908 Madrid distrito 08;2807908149 Madrid sección 08149;Renta neta media por persona;2023;19.947
28079 Madrid;2807908 Madrid distrito 08;2807908150 Madrid sección 08150;Renta neta media por persona;2023;35.735
28079 Madrid;2807908 Madrid distrito 08;2807908151 Madrid sección 08151;Renta neta media por persona;2023;22.484
28079 Madrid;2807908 Madrid distrito 08;2807908152 Madrid sección 08152;Renta neta media por persona;2023;36.918
28079 Madrid;2807908 Madrid distrito 08;2807908153 Madrid sección 08153;Renta neta media por persona;2023;23.096
28079 Madrid;2807908 Madrid distrito 08;2807908154 Madrid sección 08154;Renta neta media por persona;2023;29.743
28079 Madrid;2807908 Madrid distrito 08;2807908155 Madrid sección 08155;Renta neta media por persona;2023;24.215
28079 Madrid;2807908 Madrid distrito 08;2807908156 Madrid sección 08156;Renta neta media por persona;2023;26.627
28079 Madrid;2807908 Madrid distrito 08;2807908157 Madrid sección 08157;Renta neta media por persona;2023;21.489
28079 Madrid;2807908 Madrid distrito 08;2807908158 Madrid sección 08158;Renta neta media por persona;2023;33.798
28079 Madrid;2807908 Madrid distrito 08;2807908159 Madrid sección 08159;Renta neta media por persona;2023;30.969
28079 Madrid;2807908 Madrid distrito 08;2807908160 Madrid sección 08160;Renta neta media por persona;2023;26.528
28079 Madrid;2807908 Madrid distrito 08;2807908161 Madrid sección 08161;Renta neta media por persona;2023;28.022
28079 Madrid;2807908 Madrid distrito 08;2807908162 Madrid sección 08162;Renta neta media por persona;2023;26.144
28079 Madrid;2807908 Madrid distrito 08;2807908163 Madrid sección 08163;Renta neta media por persona;2023;27.970
28079 Madrid;2807908 Madrid distrito 08;2807908164 Madrid sección 08164;Renta neta media por persona;2023;25.560
28079 Madrid;2807908 Madrid distrito 08;2807908165 Madrid sección 08165;Renta neta media por persona;2023;28.637
28079 Madrid;2807908 Madrid distrito 08;2807908166 Madrid sección 08166;Renta neta media por persona;2023;21.618
28079 Madrid;2807908 Madrid distrito 08;2807908167 Madrid sección 08167;Renta neta media por persona;2023;26.692
28079 Madrid;2807908 Madrid distrito 08;2807908168 Madrid sección 08168;Renta neta media por persona;2023;18.046
28079 Madrid;2807908 Madrid distrito 08;2807908169 Madrid sección 08169;Renta neta media por persona;2023;24.475
28079 Madrid;2807908 Madrid distrito 08;2807908170 Madrid sección 08170;Renta neta media por persona;2023;22.855
28079 Madrid;2807908 Madrid distrito 08;2807908171 Madrid sección 08171;Renta neta media por persona;2023;23.215
28079 Madrid;2807908 Madrid distrito 08;2807908172 Madrid sección 08172;Renta neta media por persona;2023;20.769
28079 Madrid;2807908 Madrid distrito 08;2807908173 Madrid sección 08173;Renta neta media por persona;2023;29.201
28079 Madrid;2807908 Madrid distrito 08;2807908174 Madrid sección 08174;Renta neta media por persona;2023;23.134
28079 Madrid;2807908 Madrid distrito 08;2807908175 Madrid sección 08175;Renta neta media por persona;2023;36.918
28079 Madrid;2807908 Madrid distrito 08;2807908176 Madrid sección 08176;Renta neta media por persona;2023;31.037
28079 Madrid;2807908 Madrid distrito 08;2807908177 Madrid sección 08177;Renta neta media por persona;2023;21.059
28079 Madrid;2807908 Madrid distrito 08;2807908178 Madrid sección 08178;Renta neta media por persona;2023;26.024
28079 Madrid;2807908 Madrid distrito 08;2807908179 Madrid sección 08179;Renta neta media por persona;2023;20.153
28079 Madrid;2807908 Madrid distrito 08;2807908180 Madrid sección 08180;Renta neta media por persona;2023;22.666
28079 Madrid;2807908 Madrid distrito 08;2807908181 Madrid sección 08181;Renta neta media por persona;2023;27.428
28079 Madrid;2807908 Madrid distrito 08;2807908182 Madrid sección 08182;Renta neta media por persona;2023;32.498
28079 Madrid;2807908 Madrid distrito 08;2807908183 Madrid sección 08183;Renta neta media por persona;2023;27.505
28079 Madrid;2807908 Madrid distrito 08;2807908184 Madrid sección 08184;Renta neta media por persona;2023;26.603
28079 Madrid;2807908 Madrid distrito 08;2807908185 Madrid sección 08185;Renta neta media por persona;2023;22.770
28079 Madrid;2807908 Madrid distrito 08;2807908186 Madrid sección 08186;Renta neta media por persona;2023;21.684
28079 Madrid;2807908 Madrid distrito 08;2807908187 Madrid sección 08187;Renta neta media por persona;2023;24.694
28079 Madrid;2807908 Madrid distrito 08;2807908188 Madrid sección 08188;Renta neta media por persona;2023;19.443
28079 Madrid;2807908 Madrid distrito 08;2807908189 Madrid sección 08189;Renta neta media por persona;2023;28.792
28079 Madrid;2807908 Madrid distrito 08;2807908190 Madrid sección 08190;Renta neta media por persona;2023;30.695
28079 Madrid;2807908 Madrid distrito 08;2807908191 Madrid sección 08191;Renta neta media por persona;2023;27.895
28079 Madrid;2807909 Madrid distrito 09;2807909001 Madrid sección 09001;Renta neta media por persona;2023;21.377
28079 Madrid;2807909 Madrid distrito 09;2807909002 Madrid sección 09002;Renta neta media por persona;2023;20.734
28079 Madrid;2807909 Madrid distrito 09;2807909004 Madrid sección 09004;Renta neta media por persona;2023;19.928
28079 Madrid;2807909 Madrid distrito 09;2807909005 Madrid sección 09005;Renta neta media por persona;2023;18.148
28079 Madrid;2807909 Madrid distrito 09;2807909006 Madrid sección 09006;Renta neta media por persona;2023;22.654
28079 Madrid;2807909 Madrid distrito 09;2807909007 Madrid sección 09007;Renta neta media por persona;2023;21.922
28079 Madrid;2807909 Madrid distrito 09;2807909008 Madrid sección 09008;Renta neta media por persona;2023;26.946
28079 Madrid;2807909 Madrid distrito 09;2807909009 Madrid sección 09009;Renta neta media por persona;2023;21.181
28079 Madrid;2807909 Madrid distrito 09;2807909010 Madrid sección 09010;Renta neta media por persona;2023;29.528
28079 Madrid;2807909 Madrid distrito 09;2807909011 Madrid sección 09011;Renta neta media por persona;2023;26.463
28079 Madrid;2807909 Madrid distrito 09;2807909012 Madrid sección 09012;Renta neta media por persona;2023;23.638
28079 Madrid;2807909 Madrid distrito 09;2807909013 Madrid sección 09013;Renta neta media por persona;2023;20.856
28079 Madrid;2807909 Madrid distrito 09;2807909014 Madrid sección 09014;Renta neta media por persona;2023;31.156
28079 Madrid;2807909 Madrid distrito 09;2807909015 Madrid sección 09015;Renta neta media por persona;2023;27.568
28079 Madrid;2807909 Madrid distrito 09;2807909016 Madrid sección 09016;Renta neta media por persona;2023;23.294
28079 Madrid;2807909 Madrid distrito 09;2807909017 Madrid sección 09017;Renta neta media por persona;2023;27.315
28079 Madrid;2807909 Madrid distrito 09;2807909018 Madrid sección 09018;Renta neta media por persona;2023;36.918
28079 Madrid;2807909 Madrid distrito 09;2807909019 Madrid sección 09019;Renta neta media por persona;2023;35.967
28079 Madrid;2807909 Madrid distrito 09;2807909020 Madrid sección 09020;Renta neta media por persona;2023;36.699
28079 Madrid;2807909 Madrid distrito 09;2807909021 Madrid sección 09021;Renta neta media por persona;2023;33.848
28079 Madrid;2807909 Madrid distrito 09;2807909022 Madrid sección 09022;Renta neta media por persona;2023;28.415
28079 Madrid;2807909 Madrid distrito 09;2807909023 Madrid sección 09023;Renta neta media por persona;2023;23.831
28079 Madrid;2807909 Madrid distrito 09;2807909024 Madrid sección 09024;Renta neta media por persona;2023;31.130
28079 Madrid;2807909 Madrid distrito 09;2807909025 Madrid sección 09025;Renta neta media por persona;2023;28.946
28079 Madrid;2807909 Madrid distrito 09;2807909026 Madrid sección 09026;Renta neta media por persona;2023;20.186
28079 Madrid;2807909 Madrid distrito 09;2807909028 Madrid sección 09028;Renta neta media por persona;2023;26.784
28079 Madrid;2807909 Madrid distrito 09;2807909029 Madrid sección 09029;Renta neta media por persona;2023;26.484
28079 Madrid;2807909 Madrid distrito 09;2807909030 Madrid sección 09030;Renta neta media por persona;2023;36.631
28079 Madrid;2807909 Madrid distrito 09;2807909031 Madrid sección 09031;Renta neta media por persona;2023;25.071
28079 Madrid;2807909 Madrid distrito 09;2807909033 Madrid sección 09033;Renta neta media por persona;2023;29.407
28079 Madrid;2807909 Madrid distrito 09;2807909034 Madrid sección 09034;Renta neta media por persona;2023;34.536
28079 Madrid;2807909 Madrid distrito 09;2807909035 Madrid sección 09035;Renta neta media por persona;2023;29.921
28079 Madrid;2807909 Madrid distrito 09;2807909036 Madrid sección 09036;Renta neta media por persona;2023;22.063
28079 Madrid;2807909 Madrid distrito 09;2807909037 Madrid sección 09037;Renta neta media por persona;2023;31.607
28079 Madrid;2807909 Madrid distrito 09;2807909038 Madrid sección 09038;Renta neta media por persona;2023;25.633
28079 Madrid;2807909 Madrid distrito 09;2807909039 Madrid sección 09039;Renta neta media por persona;2023;23.816
28079 Madrid;2807909 Madrid distrito 09;2807909040 Madrid sección 09040;Renta neta media por persona;2023;21.693
28079 Madrid;2807909 Madrid distrito 09;2807909041 Madrid sección 09041;Renta neta media por persona;2023;34.930
28079 Madrid;2807909 Madrid distrito 09;2807909043 Madrid sección 09043;Renta neta media por persona;2023;36.918
28079 Madrid;2807909 Madrid distrito 09;2807909044 Madrid sección 09044;Renta neta media por persona;2023;28.353
28079 Madrid;2807909 Madrid distrito 09;2807909045 Madrid sección 09045;Renta neta media por persona;2023;32.749
28079 Madrid;2807909 Madrid distrito 09;2807909046 Madrid sección 09046;Renta neta media por persona;2023;26.295
28079 Madrid;2807909 Madrid distrito 09;2807909047 Madrid sección 09047;Renta neta media por persona;2023;20.773
28079 Madrid;2807909 Madrid distrito 09;2807909049 Madrid sección 09049;Renta neta media por persona;2023;17.659
28079 Madrid;2807909 Madrid distrito 09;2807909050 Madrid sección 09050;Renta neta media por persona;2023;17.122
28079 Madrid;2807909 Madrid distrito 09;2807909051 Madrid sección 09051;Renta neta media por persona;2023;20.505
28079 Madrid;2807909 Madrid distrito 09;2807909052 Madrid sección 09052;Renta neta media por persona;2023;19.018
28079 Madrid;2807909 Madrid distrito 09;2807909053 Madrid sección 09053;Renta neta media por persona;2023;24.308
28079 Madrid;2807909 Madrid distrito 09;2807909054 Madrid sección 09054;Renta neta media por persona;2023;14.018
28079 Madrid;2807909 Madrid distrito 09;2807909055 Madrid sección 09055;Renta neta media por persona;2023;20.344
28079 Madrid;2807909 Madrid distrito 09;2807909056 Madrid sección 09056;Renta neta media por persona;2023;23.156
28079 Madrid;2807909 Madrid distrito 09;2807909057 Madrid sección 09057;Renta neta media por persona;2023;15.556
28079 Madrid;2807909 Madrid distrito 09;2807909058 Madrid sección 09058;Renta neta media por persona;2023;13.893
28079 Madrid;2807909 Madrid distrito 09;2807909060 Madrid sección 09060;Renta neta media por persona;2023;14.410
28079 Madrid;2807909 Madrid distrito 09;2807909061 Madrid sección 09061;Renta neta media por persona;2023;13.105
28079 Madrid;2807909 Madrid distrito 09;2807909063 Madrid sección 09063;Renta neta media por persona;2023;18.189
28079 Madrid;2807909 Madrid distrito 09;2807909064 Madrid sección 09064;Renta neta media por persona;2023;13.203
28079 Madrid;2807909 Madrid distrito 09;2807909065 Madrid sección 09065;Renta neta media por persona;2023;12.722
28079 Madrid;2807909 Madrid distrito 09;2807909066 Madrid sección 09066;Renta neta media por persona;2023;14.274
28079 Madrid;2807909 Madrid distrito 09;2807909067 Madrid sección 09067;Renta neta media por persona;2023;12.786
28079 Madrid;2807909 Madrid distrito 09;2807909068 Madrid sección 09068;Renta neta media por persona;2023;15.123
28079 Madrid;2807909 Madrid distrito 09;2807909069 Madrid sección 09069;Renta neta media por persona;2023;17.447
28079 Madrid;2807909 Madrid distrito 09;2807909070 Madrid sección 09070;Renta neta media por persona;2023;23.417
28079 Madrid;2807909 Madrid distrito 09;2807909071 Madrid sección 09071;Renta neta media por persona;2023;36.918
28079 Madrid;2807909 Madrid distrito 09;2807909072 Madrid sección 09072;Renta neta media por persona;2023;16.672
28079 Madrid;2807909 Madrid distrito 09;2807909073 Madrid sección 09073;Renta neta media por persona;2023;36.918
28079 Madrid;2807909 Madrid distrito 09;2807909074 Madrid sección 09074;Renta neta media por persona;2023;19.481
28079 Madrid;2807909 Madrid distrito 09;2807909075 Madrid sección 09075;Renta neta media por persona;2023;33.056
28079 Madrid;2807909 Madrid distrito 09;2807909076 Madrid sección 09076;Renta neta media por persona;2023;13.144
28079 Madrid;2807909 Madrid distrito 09;2807909077 Madrid sección 09077;Renta neta media por persona;2023;18.578
28079 Madrid;2807909 Madrid distrito 09;2807909078 Madrid sección 09078;Renta neta media por persona;2023;36.918
28079 Madrid;2807909 Madrid distrito 09;2807909079 Madrid sección 09079;Renta neta media por persona;2023;25.887
28079 Madrid;2807909 Madrid distrito 09;2807909080 Madrid sección 09080;Renta neta media por persona;2023;28.417
28079 Madrid;2807909 Madrid distrito 09;2807909081 Madrid sección 09081;Renta neta media por persona;2023;27.751
28079 Madrid;2807909 Madrid distrito 09;2807909082 Madrid sección 09082;Renta neta media por persona;2023;18.808
28079 Madrid;2807909 Madrid distrito 09;2807909083 Madrid sección 09083;Renta neta media por persona;2023;30.524
28079 Madrid;2807909 Madrid distrito 09;2807909084 Madrid sección 09084;Renta neta media por persona;2023;23.799
28079 Madrid;2807909 Madrid distrito 09;2807909085 Madrid sección 09085;Renta neta media por persona;2023;30.530
28079 Madrid;2807909 Madrid distrito 09;2807909086 Madrid sección 09086;Renta neta media por persona;2023;36.918
28079 Madrid;2807909 Madrid distrito 09;2807909087 Madrid sección 09087;Renta neta media por persona;2023;36.918
28079 Madrid;2807909 Madrid distrito 09;2807909088 Madrid sección 09088;Renta neta media por persona;2023;26.532
28079 Madrid;2807909 Madrid distrito 09;2807909089 Madrid sección 09089;Renta neta media por persona;2023;36.918
28079 Madrid;2807909 Madrid distrito 09;2807909090 Madrid sección 09090;Renta neta media por persona;2023;22.174
28079 Madrid;2807909 Madrid distrito 09;2807909091 Madrid sección 09091;Renta neta media por persona;2023;36.918
28079 Madrid;2807909 Madrid distrito 09;2807909092 Madrid sección 09092;Renta neta media por persona;2023;29.241
28079 Madrid;2807909 Madrid distrito 09;2807909093 Madrid sección 09093;Renta neta media por persona;2023;34.825
28079 Madrid;2807909 Madrid distrito 09;2807909094 Madrid sección 09094;Renta neta media por persona;2023;28.498
28079 Madrid;2807909 Madrid distrito 09;2807909095 Madrid sección 09095;Renta neta media por persona;2023;29.366
28079 Madrid;2807909 Madrid distrito 09;2807909096 Madrid sección 09096;Renta neta media por persona;2023;36.918
28079 Madrid;2807909 Madrid distrito 09;2807909097 Madrid sección 09097;Renta neta media por persona;2023;36.918
28079 Madrid;2807910 Madrid distrito 10;2807910001 Madrid sección 10001;Renta neta media por persona;2023;12.622
28079 Madrid;2807910 Madrid distrito 10;2807910002 Madrid sección 10002;Renta neta media por persona;2023;8.628
28079 Madrid;2807910 Madrid distrito 10;2807910003 Madrid sección 10003;Renta neta media por persona;2023;7.963
28079 Madrid;2807910 Madrid distrito 10;2807910004 Madrid sección 10004;Renta neta media por persona;2023;10.861
28079 Madrid;2807910 Madrid distrito 10;2807910005 Madrid sección 10005;Renta neta media por persona;2023;11.411
28079 Madrid;2807910 Madrid distrito 10;2807910006 Madrid sección 10006;Renta neta media por persona;2023;16.281
28079 Madrid;2807910 Madrid distrito 10;2807910007 Madrid sección 10007;Renta neta media por persona;2023;11.735
28079 Madrid;2807910 Madrid distrito 10;2807910008 Madrid sección 10008;Renta neta media por persona;2023;12.229
28079 Madrid;2807910 Madrid distrito 10;2807910009 Madrid sección 10009;Renta neta media por persona;2023;12.287
28079 Madrid;2807910 Madrid distrito 10;2807910010 Madrid sección 10010;Renta neta media por persona;2023;12.388
28079 Madrid;2807910 Madrid distrito 10;2807910011 Madrid sección 10011;Renta neta media por persona;2023;19.695
28079 Madrid;2807910 Madrid distrito 10;2807910012 Madrid sección 10012;Renta neta media por persona;2023;19.118
28079 Madrid;2807910 Madrid distrito 10;2807910013 Madrid sección 10013;Renta neta media por persona;2023;21.541
28079 Madrid;2807910 Madrid distrito 10;2807910014 Madrid sección 10014;Renta neta media por persona;2023;24.225
28079 Madrid;2807910 Madrid distrito 10;2807910015 Madrid sección 10015;Renta neta media por persona;2023;14.170
28079 Madrid;2807910 Madrid distrito 10;2807910016 Madrid sección 10016;Renta neta media por persona;2023;19.985
28079 Madrid;2807910 Madrid distrito 10;2807910017 Madrid sección 10017;Renta neta media por persona;2023;27.147
28079 Madrid;2807910 Madrid distrito 10;2807910018 Madrid sección 10018;Renta neta media por persona;2023;15.950
28079 Madrid;2807910 Madrid distrito 10;2807910020 Madrid sección 10020;Renta neta media por persona;2023;14.161
28079 Madrid;2807910 Madrid distrito 10;2807910021 Madrid sección 10021;Renta neta media por persona;2023;15.841
28079 Madrid;2807910 Madrid distrito 10;2807910022 Madrid sección 10022;Renta neta media por persona;2023;15.150
28079 Madrid;2807910 Madrid distrito 10;2807910023 Madrid sección 10023;Renta neta media por persona;2023;15.401
28079 Madrid;2807910 Madrid distrito 10;2807910024 Madrid sección 10024;Renta neta media por persona;2023;14.533
28079 Madrid;2807910 Madrid distrito 10;2807910025 Madrid sección 10025;Renta neta media por persona;2023;14.871
28079 Madrid;2807910 Madrid distrito 10;2807910026 Madrid sección 10026;Renta neta media por persona;2023;17.531
28079 Madrid;2807910 Madrid distrito 10;2807910027 Madrid sección 10027;Renta neta media por persona;2023;16.430
28079 Madrid;2807910 Madrid distrito 10;2807910028 Madrid sección 10028;Renta neta media por persona;2023;13.783
28079 Madrid;2807910 Madrid distrito 10;2807910029 Madrid sección 10029;Renta neta media por persona;2023;14.584
28079 Madrid;2807910 Madrid distrito 10;2807910030 Madrid sección 10030;Renta neta media por persona;2023;13.366
28079 Madrid;2807910 Madrid distrito 10;2807910031 Madrid sección 10031;Renta neta media por persona;2023;13.051
28079 Madrid;2807910 Madrid distrito 10;2807910032 Madrid sección 10032;Renta neta media por persona;2023;13.577
28079 Madrid;2807910 Madrid distrito 10;2807910033 Madrid sección 10033;Renta neta media por persona;2023;14.759
28079 Madrid;2807910 Madrid distrito 10;2807910034 Madrid sección 10034;Renta neta media por persona;2023;""
28079 Madrid;2807910 Madrid distrito 10;2807910035 Madrid sección 10035;Renta neta media por persona;2023;14.094
28079 Madrid;2807910 Madrid distrito 10;2807910036 Madrid sección 10036;Renta neta media por persona;2023;17.187
28079 Madrid;2807910 Madrid distrito 10;2807910037 Madrid sección 10037;Renta neta media por persona;2023;13.770
28079 Madrid;2807910 Madrid distrito 10;2807910038 Madrid sección 10038;Renta neta media por persona;2023;15.026
28079 Madrid;2807910 Madrid distrito 10;2807910039 Madrid sección 10039;Renta neta media por persona;2023;12.540
28079 Madrid;2807910 Madrid distrito 10;2807910040 Madrid sección 10040;Renta neta media por persona;2023;11.046
28079 Madrid;2807910 Madrid distrito 10;2807910041 Madrid sección 10041;Renta neta media por persona;2023;12.422
28079 Madrid;2807910 Madrid distrito 10;2807910042 Madrid sección 10042;Renta neta media por persona;2023;14.256
28079 Madrid;2807910 Madrid distrito 10;2807910043 Madrid sección 10043;Renta neta media por persona;2023;14.482
28079 Madrid;2807910 Madrid distrito 10;2807910044 Madrid sección 10044;Renta neta media por persona;2023;18.578
28079 Madrid;2807910 Madrid distrito 10;2807910046 Madrid sección 10046;Renta neta media por persona;2023;12.492
28079 Madrid;2807910 Madrid distrito 10;2807910047 Madrid sección 10047;Renta neta media por persona;2023;10.144
28079 Madrid;2807910 Madrid distrito 10;2807910048 Madrid sección 10048;Renta neta media por persona;2023;10.636
28079 Madrid;2807910 Madrid distrito 10;2807910049 Madrid sección 10049;Renta neta media por persona;2023;10.814
28079 Madrid;2807910 Madrid distrito 10;2807910050 Madrid sección 10050;Renta neta media por persona;2023;11.648
28079 Madrid;2807910 Madrid distrito 10;2807910051 Madrid sección 10051;Renta neta media por persona;2023;12.393
28079 Madrid;2807910 Madrid distrito 10;2807910052 Madrid sección 10052;Renta neta media por persona;2023;11.949
28079 Madrid;2807910 Madrid distrito 10;2807910053 Madrid sección 10053;Renta neta media por persona;2023;13.250
28079 Madrid;2807910 Madrid distrito 10;2807910054 Madrid sección 10054;Renta neta media por persona;2023;19.463
28079 Madrid;2807910 Madrid distrito 10;2807910055 Madrid sección 10055;Renta neta media por persona;2023;18.094
28079 Madrid;2807910 Madrid distrito 10;2807910056 Madrid sección 10056;Renta neta media por persona;2023;12.108
28079 Madrid;2807910 Madrid distrito 10;2807910057 Madrid sección 10057;Renta neta media por persona;2023;12.289
28079 Madrid;2807910 Madrid distrito 10;2807910058 Madrid sección 10058;Renta neta media por persona;2023;11.699
28079 Madrid;2807910 Madrid distrito 10;2807910059 Madrid sección 10059;Renta neta media por persona;2023;11.454
28079 Madrid;2807910 Madrid distrito 10;2807910060 Madrid sección 10060;Renta neta media por persona;2023;17.345
28079 Madrid;2807910 Madrid distrito 10;2807910061 Madrid sección 10061;Renta neta media por persona;2023;10.495
28079 Madrid;2807910 Madrid distrito 10;2807910062 Madrid sección 10062;Renta neta media por persona;2023;9.516
28079 Madrid;2807910 Madrid distrito 10;2807910063 Madrid sección 10063;Renta neta media por persona;2023;10.457
28079 Madrid;2807910 Madrid distrito 10;2807910065 Madrid sección 10065;Renta neta media por persona;2023;11.682
28079 Madrid;2807910 Madrid distrito 10;2807910067 Madrid sección 10067;Renta neta media por persona;2023;16.055
28079 Madrid;2807910 Madrid distrito 10;2807910068 Madrid sección 10068;Renta neta media por persona;2023;15.699
28079 Madrid;2807910 Madrid distrito 10;2807910069 Madrid sección 10069;Renta neta media por persona;2023;12.773
28079 Madrid;2807910 Madrid distrito 10;2807910070 Madrid sección 10070;Renta neta media por persona;2023;14.222
28079 Madrid;2807910 Madrid distrito 10;2807910072 Madrid sección 10072;Renta neta media por persona;2023;18.093
28079 Madrid;2807910 Madrid distrito 10;2807910073 Madrid sección 10073;Renta neta media por persona;2023;12.643
28079 Madrid;2807910 Madrid distrito 10;2807910074 Madrid sección 10074;Renta neta media por persona;2023;18.523
28079 Madrid;2807910 Madrid distrito 10;2807910075 Madrid sección 10075;Renta neta media por persona;2023;14.574
28079 Madrid;2807910 Madrid distrito 10;2807910076 Madrid sección 10076;Renta neta media por persona;2023;16.600
28079 Madrid;2807910 Madrid distrito 10;2807910077 Madrid sección 10077;Renta neta media por persona;2023;13.260
28079 Madrid;2807910 Madrid distrito 10;2807910078 Madrid sección 10078;Renta neta media por persona;2023;15.377
28079 Madrid;2807910 Madrid distrito 10;2807910081 Madrid sección 10081;Renta neta media por persona;2023;19.666
28079 Madrid;2807910 Madrid distrito 10;2807910082 Madrid sección 10082;Renta neta media por persona;2023;11.546
28079 Madrid;2807910 Madrid distrito 10;2807910083 Madrid sección 10083;Renta neta media por persona;2023;11.347
28079 Madrid;2807910 Madrid distrito 10;2807910084 Madrid sección 10084;Renta neta media por persona;2023;10.606
28079 Madrid;2807910 Madrid distrito 10;2807910086 Madrid sección 10086;Renta neta media por persona;2023;10.728
28079 Madrid;2807910 Madrid distrito 10;2807910087 Madrid sección 10087;Renta neta media por persona;2023;23.921
28079 Madrid;2807910 Madrid distrito 10;2807910088 Madrid sección 10088;Renta neta media por persona;2023;14.503
28079 Madrid;2807910 Madrid distrito 10;2807910089 Madrid sección 10089;Renta neta media por persona;2023;14.295
28079 Madrid;2807910 Madrid distrito 10;2807910090 Madrid sección 10090;Renta neta media por persona;2023;18.273
28079 Madrid;2807910 Madrid distrito 10;2807910091 Madrid sección 10091;Renta neta media por persona;2023;20.543
28079 Madrid;2807910 Madrid distrito 10;2807910092 Madrid sección 10092;Renta neta media por persona;2023;14.357
28079 Madrid;2807910 Madrid distrito 10;2807910093 Madrid sección 10093;Renta neta media por persona;2023;13.633
28079 Madrid;2807910 Madrid distrito 10;2807910094 Madrid sección 10094;Renta neta media por persona;2023;11.500
28079 Madrid;2807910 Madrid distrito 10;2807910095 Madrid sección 10095;Renta neta media por persona;2023;12.816
28079 Madrid;2807910 Madrid distrito 10;2807910096 Madrid sección 10096;Renta neta media por persona;2023;11.521
28079 Madrid;2807910 Madrid distrito 10;2807910098 Madrid sección 10098;Renta neta media por persona;2023;13.467
28079 Madrid;2807910 Madrid distrito 10;2807910099 Madrid sección 10099;Renta neta media por persona;2023;15.456
28079 Madrid;2807910 Madrid distrito 10;2807910100 Madrid sección 10100;Renta neta media por persona;2023;14.964
28079 Madrid;2807910 Madrid distrito 10;2807910101 Madrid sección 10101;Renta neta media por persona;2023;15.742
28079 Madrid;2807910 Madrid distrito 10;2807910102 Madrid sección 10102;Renta neta media por persona;2023;16.216
28079 Madrid;2807910 Madrid distrito 10;2807910103 Madrid sección 10103;Renta neta media por persona;2023;12.464
28079 Madrid;2807910 Madrid distrito 10;2807910104 Madrid sección 10104;Renta neta media por persona;2023;""
28079 Madrid;2807910 Madrid distrito 10;2807910106 Madrid sección 10106;Renta neta media por persona;2023;20.016
28079 Madrid;2807910 Madrid distrito 10;2807910107 Madrid sección 10107;Renta neta media por persona;2023;19.515
28079 Madrid;2807910 Madrid distrito 10;2807910108 Madrid sección 10108;Renta neta media por persona;2023;17.292
28079 Madrid;2807910 Madrid distrito 10;2807910109 Madrid sección 10109;Renta neta media por persona;2023;17.845
28079 Madrid;2807910 Madrid distrito 10;2807910110 Madrid sección 10110;Renta neta media por persona;2023;12.115
28079 Madrid;2807910 Madrid distrito 10;2807910111 Madrid sección 10111;Renta neta media por persona;2023;""
28079 Madrid;2807910 Madrid distrito 10;2807910112 Madrid sección 10112;Renta neta media por persona;2023;11.732
28079 Madrid;2807910 Madrid distrito 10;2807910113 Madrid sección 10113;Renta neta media por persona;2023;11.988
28079 Madrid;2807910 Madrid distrito 10;2807910114 Madrid sección 10114;Renta neta media por persona;2023;11.980
28079 Madrid;2807910 Madrid distrito 10;2807910115 Madrid sección 10115;Renta neta media por persona;2023;12.193
28079 Madrid;2807910 Madrid distrito 10;2807910116 Madrid sección 10116;Renta neta media por persona;2023;17.172
28079 Madrid;2807910 Madrid distrito 10;2807910117 Madrid sección 10117;Renta neta media por persona;2023;19.940
28079 Madrid;2807910 Madrid distrito 10;2807910118 Madrid sección 10118;Renta neta media por persona;2023;17.445
28079 Madrid;2807910 Madrid distrito 10;2807910119 Madrid sección 10119;Renta neta media por persona;2023;20.930
28079 Madrid;2807910 Madrid distrito 10;2807910120 Madrid sección 10120;Renta neta media por persona;2023;14.773
28079 Madrid;2807910 Madrid distrito 10;2807910121 Madrid sección 10121;Renta neta media por persona;2023;13.350
28079 Madrid;2807910 Madrid distrito 10;2807910122 Madrid sección 10122;Renta neta media por persona;2023;16.225
28079 Madrid;2807910 Madrid distrito 10;2807910123 Madrid sección 10123;Renta neta media por persona;2023;17.030
28079 Madrid;2807910 Madrid distrito 10;2807910124 Madrid sección 10124;Renta neta media por persona;2023;12.292
28079 Madrid;2807910 Madrid distrito 10;2807910125 Madrid sección 10125;Renta neta media por persona;2023;14.051
28079 Madrid;2807910 Madrid distrito 10;2807910126 Madrid sección 10126;Renta neta media por persona;2023;13.039
28079 Madrid;2807910 Madrid distrito 10;2807910127 Madrid sección 10127;Renta neta media por persona;2023;13.087
28079 Madrid;2807910 Madrid distrito 10;2807910128 Madrid sección 10128;Renta neta media por persona;2023;16.224
28079 Madrid;2807910 Madrid distrito 10;2807910129 Madrid sección 10129;Renta neta media por persona;2023;17.598
28079 Madrid;2807910 Madrid distrito 10;2807910130 Madrid sección 10130;Renta neta media por persona;2023;16.980
28079 Madrid;2807910 Madrid distrito 10;2807910131 Madrid sección 10131;Renta neta media por persona;2023;17.876
28079 Madrid;2807910 Madrid distrito 10;2807910132 Madrid sección 10132;Renta neta media por persona;2023;17.648
28079 Madrid;2807910 Madrid distrito 10;2807910133 Madrid sección 10133;Renta neta media por persona;2023;19.051
28079 Madrid;2807910 Madrid distrito 10;2807910134 Madrid sección 10134;Renta neta media por persona;2023;""
28079 Madrid;2807910 Madrid distrito 10;2807910135 Madrid sección 10135;Renta neta media por persona;2023;16.024
28079 Madrid;2807910 Madrid distrito 10;2807910136 Madrid sección 10136;Renta neta media por persona;2023;15.004
28079 Madrid;2807910 Madrid distrito 10;2807910137 Madrid sección 10137;Renta neta media por persona;2023;11.330
28079 Madrid;2807910 Madrid distrito 10;2807910138 Madrid sección 10138;Renta neta media por persona;2023;18.684
28079 Madrid;2807910 Madrid distrito 10;2807910139 Madrid sección 10139;Renta neta media por persona;2023;12.307
28079 Madrid;2807910 Madrid distrito 10;2807910140 Madrid sección 10140;Renta neta media por persona;2023;16.599
28079 Madrid;2807910 Madrid distrito 10;2807910142 Madrid sección 10142;Renta neta media por persona;2023;12.402
28079 Madrid;2807910 Madrid distrito 10;2807910143 Madrid sección 10143;Renta neta media por persona;2023;14.852
28079 Madrid;2807910 Madrid distrito 10;2807910144 Madrid sección 10144;Renta neta media por persona;2023;10.087
28079 Madrid;2807910 Madrid distrito 10;2807910145 Madrid sección 10145;Renta neta media por persona;2023;12.586
28079 Madrid;2807910 Madrid distrito 10;2807910146 Madrid sección 10146;Renta neta media por persona;2023;12.436
28079 Madrid;2807910 Madrid distrito 10;2807910147 Madrid sección 10147;Renta neta media por persona;2023;10.719
28079 Madrid;2807910 Madrid distrito 10;2807910148 Madrid sección 10148;Renta neta media por persona;2023;9.944
28079 Madrid;2807910 Madrid distrito 10;2807910149 Madrid sección 10149;Renta neta media por persona;2023;10.918
28079 Madrid;2807910 Madrid distrito 10;2807910150 Madrid sección 10150;Renta neta media por persona;2023;""
28079 Madrid;2807910 Madrid distrito 10;2807910151 Madrid sección 10151;Renta neta media por persona;2023;13.054
28079 Madrid;2807910 Madrid distrito 10;2807910152 Madrid sección 10152;Renta neta media por persona;2023;21.262
28079 Madrid;2807910 Madrid distrito 10;2807910153 Madrid sección 10153;Renta neta media por persona;2023;18.158
28079 Madrid;2807910 Madrid distrito 10;2807910154 Madrid sección 10154;Renta neta media por persona;2023;13.673
28079 Madrid;2807910 Madrid distrito 10;2807910156 Madrid sección 10156;Renta neta media por persona;2023;21.572
28079 Madrid;2807910 Madrid distrito 10;2807910157 Madrid sección 10157;Renta neta media por persona;2023;21.278
28079 Madrid;2807910 Madrid distrito 10;2807910158 Madrid sección 10158;Renta neta media por persona;2023;21.227
28079 Madrid;2807910 Madrid distrito 10;2807910159 Madrid sección 10159;Renta neta media por persona;2023;20.719
28079 Madrid;2807910 Madrid distrito 10;2807910161 Madrid sección 10161;Renta neta media por persona;2023;14.597
28079 Madrid;2807910 Madrid distrito 10;2807910162 Madrid sección 10162;Renta neta media por persona;2023;13.362
28079 Madrid;2807910 Madrid distrito 10;2807910163 Madrid sección 10163;Renta neta media por persona;2023;13.030
28079 Madrid;2807910 Madrid distrito 10;2807910164 Madrid sección 10164;Renta neta media por persona;2023;11.805
28079 Madrid;2807910 Madrid distrito 10;2807910165 Madrid sección 10165;Renta neta media por persona;2023;16.014
28079 Madrid;2807910 Madrid distrito 10;2807910167 Madrid sección 10167;Renta neta media por persona;2023;18.064
28079 Madrid;2807910 Madrid distrito 10;2807910168 Madrid sección 10168;Renta neta media por persona;2023;12.607
28079 Madrid;2807910 Madrid distrito 10;2807910169 Madrid sección 10169;Renta neta media por persona;2023;12.382
28079 Madrid;2807910 Madrid distrito 10;2807910170 Madrid sección 10170;Renta neta media por persona;2023;15.000
28079 Madrid;2807910 Madrid distrito 10;2807910171 Madrid sección 10171;Renta neta media por persona;2023;14.384
28079 Madrid;2807910 Madrid distrito 10;2807910172 Madrid sección 10172;Renta neta media por persona;2023;14.800
28079 Madrid;2807910 Madrid distrito 10;2807910173 Madrid sección 10173;Renta neta media por persona;2023;15.858
28079 Madrid;2807910 Madrid distrito 10;2807910174 Madrid sección 10174;Renta neta media por persona;2023;15.653
28079 Madrid;2807910 Madrid distrito 10;2807910175 Madrid sección 10175;Renta neta media por persona;2023;15.331
28079 Madrid;2807910 Madrid distrito 10;2807910176 Madrid sección 10176;Renta neta media por persona;2023;14.847
28079 Madrid;2807910 Madrid distrito 10;2807910178 Madrid sección 10178;Renta neta media por persona;2023;15.755
28079 Madrid;2807910 Madrid distrito 10;2807910179 Madrid sección 10179;Renta neta media por persona;2023;13.836
28079 Madrid;2807910 Madrid distrito 10;2807910180 Madrid sección 10180;Renta neta media por persona;2023;14.394
28079 Madrid;2807910 Madrid distrito 10;2807910181 Madrid sección 10181;Renta neta media por persona;2023;13.260
28079 Madrid;2807910 Madrid distrito 10;2807910182 Madrid sección 10182;Renta neta media por persona;2023;12.110
28079 Madrid;2807910 Madrid distrito 10;2807910183 Madrid sección 10183;Renta neta media por persona;2023;14.649
28079 Madrid;2807910 Madrid distrito 10;2807910184 Madrid sección 10184;Renta neta media por persona;2023;15.594
28079 Madrid;2807910 Madrid distrito 10;2807910185 Madrid sección 10185;Renta neta media por persona;2023;13.390
28079 Madrid;2807910 Madrid distrito 10;2807910187 Madrid sección 10187;Renta neta media por persona;2023;13.049
28079 Madrid;2807910 Madrid distrito 10;2807910188 Madrid sección 10188;Renta neta media por persona;2023;13.757
28079 Madrid;2807910 Madrid distrito 10;2807910189 Madrid sección 10189;Renta neta media por persona;2023;14.011
28079 Madrid;2807910 Madrid distrito 10;2807910190 Madrid sección 10190;Renta neta media por persona;2023;12.987
28079 Madrid;2807910 Madrid distrito 10;2807910191 Madrid sección 10191;Renta neta media por persona;2023;13.582
28079 Madrid;2807910 Madrid distrito 10;2807910192 Madrid sección 10192;Renta neta media por persona;2023;16.743
28079 Madrid;2807910 Madrid distrito 10;2807910193 Madrid sección 10193;Renta neta media por persona;2023;15.105
28079 Madrid;2807910 Madrid distrito 10;2807910194 Madrid sección 10194;Renta neta media por persona;2023;15.901
28079 Madrid;2807910 Madrid distrito 10;2807910196 Madrid sección 10196;Renta neta media por persona;2023;""
28079 Madrid;2807910 Madrid distrito 10;2807910197 Madrid sección 10197;Renta neta media por persona;2023;17.448
28079 Madrid;2807910 Madrid distrito 10;2807910198 Madrid sección 10198;Renta neta media por persona;2023;15.286
28079 Madrid;2807910 Madrid distrito 10;2807910199 Madrid sección 10199;Renta neta media por persona;2023;15.358
28079 Madrid;2807910 Madrid distrito 10;2807910201 Madrid sección 10201;Renta neta media por persona;2023;16.414
28079 Madrid;2807910 Madrid distrito 10;2807910202 Madrid sección 10202;Renta neta media por persona;2023;16.712
28079 Madrid;2807910 Madrid distrito 10;2807910203 Madrid sección 10203;Renta neta media por persona;2023;15.531
28079 Madrid;2807910 Madrid distrito 10;2807910204 Madrid sección 10204;Renta neta media por persona;2023;14.307
28079 Madrid;2807910 Madrid distrito 10;2807910205 Madrid sección 10205;Renta neta media por persona;2023;20.386
28079 Madrid;2807910 Madrid distrito 10;2807910206 Madrid sección 10206;Renta neta media por persona;2023;24.811
28079 Madrid;2807910 Madrid distrito 10;2807910207 Madrid sección 10207;Renta neta media por persona;2023;19.918
28079 Madrid;2807910 Madrid distrito 10;2807910209 Madrid sección 10209;Renta neta media por persona;2023;17.702
28079 Madrid;2807910 Madrid distrito 10;2807910210 Madrid sección 10210;Renta neta media por persona;2023;14.262
28079 Madrid;2807910 Madrid distrito 10;2807910211 Madrid sección 10211;Renta neta media por persona;2023;20.975
28079 Madrid;2807910 Madrid distrito 10;2807910212 Madrid sección 10212;Renta neta media por persona;2023;21.546
28079 Madrid;2807910 Madrid distrito 10;2807910213 Madrid sección 10213;Renta neta media por persona;2023;21.242
28079 Madrid;2807910 Madrid distrito 10;2807910214 Madrid sección 10214;Renta neta media por persona;2023;19.560
28079 Madrid;2807910 Madrid distrito 10;2807910215 Madrid sección 10215;Renta neta media por persona;2023;19.552
28079 Madrid;2807910 Madrid distrito 10;2807910216 Madrid sección 10216;Renta neta media por persona;2023;20.877
28079 Madrid;2807910 Madrid distrito 10;2807910217 Madrid sección 10217;Renta neta media por persona;2023;18.081
28079 Madrid;2807910 Madrid distrito 10;2807910218 Madrid sección 10218;Renta neta media por persona;2023;21.689
28079 Madrid;2807910 Madrid distrito 10;2807910219 Madrid sección 10219;Renta neta media por persona;2023;19.631
28079 Madrid;2807910 Madrid distrito 10;2807910220 Madrid sección 10220;Renta neta media por persona;2023;12.506
28079 Madrid;2807910 Madrid distrito 10;2807910221 Madrid sección 10221;Renta neta media por persona;2023;20.144
28079 Madrid;2807910 Madrid distrito 10;2807910222 Madrid sección 10222;Renta neta media por persona;2023;18.094
28079 Madrid;2807911 Madrid distrito 11;2807911001 Madrid sección 11001;Renta neta media por persona;2023;16.464
28079 Madrid;2807911 Madrid distrito 11;2807911002 Madrid sección 11002;Renta neta media por persona;2023;17.762
28079 Madrid;2807911 Madrid distrito 11;2807911003 Madrid sección 11003;Renta neta media por persona;2023;18.999
28079 Madrid;2807911 Madrid distrito 11;2807911004 Madrid sección 11004;Renta neta media por persona;2023;19.371
28079 Madrid;2807911 Madrid distrito 11;2807911005 Madrid sección 11005;Renta neta media por persona;2023;17.251
28079 Madrid;2807911 Madrid distrito 11;2807911006 Madrid sección 11006;Renta neta media por persona;2023;16.214
28079 Madrid;2807911 Madrid distrito 11;2807911007 Madrid sección 11007;Renta neta media por persona;2023;13.703
28079 Madrid;2807911 Madrid distrito 11;2807911010 Madrid sección 11010;Renta neta media por persona;2023;18.070
28079 Madrid;2807911 Madrid distrito 11;2807911011 Madrid sección 11011;Renta neta media por persona;2023;16.552
28079 Madrid;2807911 Madrid distrito 11;2807911012 Madrid sección 11012;Renta neta media por persona;2023;15.014
28079 Madrid;2807911 Madrid distrito 11;2807911013 Madrid sección 11013;Renta neta media por persona;2023;13.536
28079 Madrid;2807911 Madrid distrito 11;2807911015 Madrid sección 11015;Renta neta media por persona;2023;14.589
28079 Madrid;2807911 Madrid distrito 11;2807911016 Madrid sección 11016;Renta neta media por persona;2023;13.353
28079 Madrid;2807911 Madrid distrito 11;2807911017 Madrid sección 11017;Renta neta media por persona;2023;12.234
28079 Madrid;2807911 Madrid distrito 11;2807911018 Madrid sección 11018;Renta neta media por persona;2023;11.793
28079 Madrid;2807911 Madrid distrito 11;2807911019 Madrid sección 11019;Renta neta media por persona;2023;15.752
28079 Madrid;2807911 Madrid distrito 11;2807911021 Madrid sección 11021;Renta neta media por persona;2023;11.563
28079 Madrid;2807911 Madrid distrito 11;2807911022 Madrid sección 11022;Renta neta media por persona;2023;15.132
28079 Madrid;2807911 Madrid distrito 11;2807911023 Madrid sección 11023;Renta neta media por persona;2023;11.889
28079 Madrid;2807911 Madrid distrito 11;2807911024 Madrid sección 11024;Renta neta media por persona;2023;12.505
28079 Madrid;2807911 Madrid distrito 11;2807911025 Madrid sección 11025;Renta neta media por persona;2023;13.182
28079 Madrid;2807911 Madrid distrito 11;2807911026 Madrid sección 11026;Renta neta media por persona;2023;13.959
28079 Madrid;2807911 Madrid distrito 11;2807911028 Madrid sección 11028;Renta neta media por persona;2023;15.829
28079 Madrid;2807911 Madrid distrito 11;2807911029 Madrid sección 11029;Renta neta media por persona;2023;13.271
28079 Madrid;2807911 Madrid distrito 11;2807911030 Madrid sección 11030;Renta neta media por persona;2023;12.253
28079 Madrid;2807911 Madrid distrito 11;2807911031 Madrid sección 11031;Renta neta media por persona;2023;17.686
28079 Madrid;2807911 Madrid distrito 11;2807911032 Madrid sección 11032;Renta neta media por persona;2023;11.509
28079 Madrid;2807911 Madrid distrito 11;2807911033 Madrid sección 11033;Renta neta media por persona;2023;10.798
28079 Madrid;2807911 Madrid distrito 11;2807911034 Madrid sección 11034;Renta neta media por persona;2023;12.692
28079 Madrid;2807911 Madrid distrito 11;2807911035 Madrid sección 11035;Renta neta media por persona;2023;12.664
28079 Madrid;2807911 Madrid distrito 11;2807911036 Madrid sección 11036;Renta neta media por persona;2023;12.505
28079 Madrid;2807911 Madrid distrito 11;2807911037 Madrid sección 11037;Renta neta media por persona;2023;12.274
28079 Madrid;2807911 Madrid distrito 11;2807911038 Madrid sección 11038;Renta neta media por persona;2023;12.132
28079 Madrid;2807911 Madrid distrito 11;2807911039 Madrid sección 11039;Renta neta media por persona;2023;16.708
28079 Madrid;2807911 Madrid distrito 11;2807911040 Madrid sección 11040;Renta neta media por persona;2023;11.457
28079 Madrid;2807911 Madrid distrito 11;2807911041 Madrid sección 11041;Renta neta media por persona;2023;10.982
28079 Madrid;2807911 Madrid distrito 11;2807911042 Madrid sección 11042;Renta neta media por persona;2023;12.870
28079 Madrid;2807911 Madrid distrito 11;2807911043 Madrid sección 11043;Renta neta media por persona;2023;16.274
28079 Madrid;2807911 Madrid distrito 11;2807911044 Madrid sección 11044;Renta neta media por persona;2023;19.387
28079 Madrid;2807911 Madrid distrito 11;2807911045 Madrid sección 11045;Renta neta media por persona;2023;19.545
28079 Madrid;2807911 Madrid distrito 11;2807911046 Madrid sección 11046;Renta neta media por persona;2023;16.823
28079 Madrid;2807911 Madrid distrito 11;2807911047 Madrid sección 11047;Renta neta media por persona;2023;14.715
28079 Madrid;2807911 Madrid distrito 11;2807911048 Madrid sección 11048;Renta neta media por persona;2023;12.432
28079 Madrid;2807911 Madrid distrito 11;2807911049 Madrid sección 11049;Renta neta media por persona;2023;18.113
28079 Madrid;2807911 Madrid distrito 11;2807911050 Madrid sección 11050;Renta neta media por persona;2023;18.581
28079 Madrid;2807911 Madrid distrito 11;2807911051 Madrid sección 11051;Renta neta media por persona;2023;18.873
28079 Madrid;2807911 Madrid distrito 11;2807911054 Madrid sección 11054;Renta neta media por persona;2023;10.480
28079 Madrid;2807911 Madrid distrito 11;2807911055 Madrid sección 11055;Renta neta media por persona;2023;11.629
28079 Madrid;2807911 Madrid distrito 11;2807911056 Madrid sección 11056;Renta neta media por persona;2023;10.811
28079 Madrid;2807911 Madrid distrito 11;2807911057 Madrid sección 11057;Renta neta media por persona;2023;11.609
28079 Madrid;2807911 Madrid distrito 11;2807911058 Madrid sección 11058;Renta neta media por persona;2023;12.003
28079 Madrid;2807911 Madrid distrito 11;2807911059 Madrid sección 11059;Renta neta media por persona;2023;12.006
28079 Madrid;2807911 Madrid distrito 11;2807911060 Madrid sección 11060;Renta neta media por persona;2023;17.803
28079 Madrid;2807911 Madrid distrito 11;2807911061 Madrid sección 11061;Renta neta media por persona;2023;12.437
28079 Madrid;2807911 Madrid distrito 11;2807911062 Madrid sección 11062;Renta neta media por persona;2023;12.112
28079 Madrid;2807911 Madrid distrito 11;2807911063 Madrid sección 11063;Renta neta media por persona;2023;12.638
28079 Madrid;2807911 Madrid distrito 11;2807911065 Madrid sección 11065;Renta neta media por persona;2023;17.712
28079 Madrid;2807911 Madrid distrito 11;2807911066 Madrid sección 11066;Renta neta media por persona;2023;""
28079 Madrid;2807911 Madrid distrito 11;2807911067 Madrid sección 11067;Renta neta media por persona;2023;16.908
28079 Madrid;2807911 Madrid distrito 11;2807911068 Madrid sección 11068;Renta neta media por persona;2023;11.104
28079 Madrid;2807911 Madrid distrito 11;2807911069 Madrid sección 11069;Renta neta media por persona;2023;11.267
28079 Madrid;2807911 Madrid distrito 11;2807911070 Madrid sección 11070;Renta neta media por persona;2023;11.642
28079 Madrid;2807911 Madrid distrito 11;2807911071 Madrid sección 11071;Renta neta media por persona;2023;11.314
28079 Madrid;2807911 Madrid distrito 11;2807911072 Madrid sección 11072;Renta neta media por persona;2023;10.854
28079 Madrid;2807911 Madrid distrito 11;2807911073 Madrid sección 11073;Renta neta media por persona;2023;9.783
28079 Madrid;2807911 Madrid distrito 11;2807911074 Madrid sección 11074;Renta neta media por persona;2023;10.147
28079 Madrid;2807911 Madrid distrito 11;2807911075 Madrid sección 11075;Renta neta media por persona;2023;15.852
28079 Madrid;2807911 Madrid distrito 11;2807911078 Madrid sección 11078;Renta neta media por persona;2023;10.903
28079 Madrid;2807911 Madrid distrito 11;2807911079 Madrid sección 11079;Renta neta media por persona;2023;10.851
28079 Madrid;2807911 Madrid distrito 11;2807911080 Madrid sección 11080;Renta neta media por persona;2023;10.657
28079 Madrid;2807911 Madrid distrito 11;2807911081 Madrid sección 11081;Renta neta media por persona;2023;11.734
28079 Madrid;2807911 Madrid distrito 11;2807911082 Madrid sección 11082;Renta neta media por persona;2023;11.055
28079 Madrid;2807911 Madrid distrito 11;2807911083 Madrid sección 11083;Renta neta media por persona;2023;10.057
28079 Madrid;2807911 Madrid distrito 11;2807911084 Madrid sección 11084;Renta neta media por persona;2023;""
28079 Madrid;2807911 Madrid distrito 11;2807911085 Madrid sección 11085;Renta neta media por persona;2023;11.162
28079 Madrid;2807911 Madrid distrito 11;2807911086 Madrid sección 11086;Renta neta media por persona;2023;11.360
28079 Madrid;2807911 Madrid distrito 11;2807911087 Madrid sección 11087;Renta neta media por persona;2023;10.850
28079 Madrid;2807911 Madrid distrito 11;2807911088 Madrid sección 11088;Renta neta media por persona;2023;11.828
28079 Madrid;2807911 Madrid distrito 11;2807911089 Madrid sección 11089;Renta neta media por persona;2023;12.257
28079 Madrid;2807911 Madrid distrito 11;2807911091 Madrid sección 11091;Renta neta media por persona;2023;10.966
28079 Madrid;2807911 Madrid distrito 11;2807911092 Madrid sección 11092;Renta neta media por persona;2023;12.276
28079 Madrid;2807911 Madrid distrito 11;2807911093 Madrid sección 11093;Renta neta media por persona;2023;16.813
28079 Madrid;2807911 Madrid distrito 11;2807911094 Madrid sección 11094;Renta neta media por persona;2023;21.798
28079 Madrid;2807911 Madrid distrito 11;2807911095 Madrid sección 11095;Renta neta media por persona;2023;19.235
28079 Madrid;2807911 Madrid distrito 11;2807911096 Madrid sección 11096;Renta neta media por persona;2023;17.139
28079 Madrid;2807911 Madrid distrito 11;2807911097 Madrid sección 11097;Renta neta media por persona;2023;15.276
28079 Madrid;2807911 Madrid distrito 11;2807911098 Madrid sección 11098;Renta neta media por persona;2023;14.949
28079 Madrid;2807911 Madrid distrito 11;2807911099 Madrid sección 11099;Renta neta media por persona;2023;16.109
28079 Madrid;2807911 Madrid distrito 11;2807911100 Madrid sección 11100;Renta neta media por persona;2023;13.079
28079 Madrid;2807911 Madrid distrito 11;2807911101 Madrid sección 11101;Renta neta media por persona;2023;12.900
28079 Madrid;2807911 Madrid distrito 11;2807911102 Madrid sección 11102;Renta neta media por persona;2023;12.137
28079 Madrid;2807911 Madrid distrito 11;2807911103 Madrid sección 11103;Renta neta media por persona;2023;12.427
28079 Madrid;2807911 Madrid distrito 11;2807911104 Madrid sección 11104;Renta neta media por persona;2023;13.695
28079 Madrid;2807911 Madrid distrito 11;2807911105 Madrid sección 11105;Renta neta media por persona;2023;11.252
28079 Madrid;2807911 Madrid distrito 11;2807911106 Madrid sección 11106;Renta neta media por persona;2023;12.325
28079 Madrid;2807911 Madrid distrito 11;2807911107 Madrid sección 11107;Renta neta media por persona;2023;13.783
28079 Madrid;2807911 Madrid distrito 11;2807911108 Madrid sección 11108;Renta neta media por persona;2023;12.410
28079 Madrid;2807911 Madrid distrito 11;2807911109 Madrid sección 11109;Renta neta media por persona;2023;10.471
28079 Madrid;2807911 Madrid distrito 11;2807911110 Madrid sección 11110;Renta neta media por persona;2023;11.136
28079 Madrid;2807911 Madrid distrito 11;2807911111 Madrid sección 11111;Renta neta media por persona;2023;10.686
28079 Madrid;2807911 Madrid distrito 11;2807911112 Madrid sección 11112;Renta neta media por persona;2023;13.356
28079 Madrid;2807911 Madrid distrito 11;2807911113 Madrid sección 11113;Renta neta media por persona;2023;11.686
28079 Madrid;2807911 Madrid distrito 11;2807911114 Madrid sección 11114;Renta neta media por persona;2023;12.449
28079 Madrid;2807911 Madrid distrito 11;2807911115 Madrid sección 11115;Renta neta media por persona;2023;11.834
28079 Madrid;2807911 Madrid distrito 11;2807911116 Madrid sección 11116;Renta neta media por persona;2023;11.424
28079 Madrid;2807911 Madrid distrito 11;2807911117 Madrid sección 11117;Renta neta media por persona;2023;9.714
28079 Madrid;2807911 Madrid distrito 11;2807911118 Madrid sección 11118;Renta neta media por persona;2023;10.843
28079 Madrid;2807911 Madrid distrito 11;2807911119 Madrid sección 11119;Renta neta media por persona;2023;10.448
28079 Madrid;2807911 Madrid distrito 11;2807911120 Madrid sección 11120;Renta neta media por persona;2023;10.304
28079 Madrid;2807911 Madrid distrito 11;2807911121 Madrid sección 11121;Renta neta media por persona;2023;9.380
28079 Madrid;2807911 Madrid distrito 11;2807911122 Madrid sección 11122;Renta neta media por persona;2023;9.105
28079 Madrid;2807911 Madrid distrito 11;2807911123 Madrid sección 11123;Renta neta media por persona;2023;13.022
28079 Madrid;2807911 Madrid distrito 11;2807911124 Madrid sección 11124;Renta neta media por persona;2023;12.996
28079 Madrid;2807911 Madrid distrito 11;2807911125 Madrid sección 11125;Renta neta media por persona;2023;14.410
28079 Madrid;2807911 Madrid distrito 11;2807911126 Madrid sección 11126;Renta neta media por persona;2023;16.981
28079 Madrid;2807911 Madrid distrito 11;2807911128 Madrid sección 11128;Renta neta media por persona;2023;8.890
28079 Madrid;2807911 Madrid distrito 11;2807911129 Madrid sección 11129;Renta neta media por persona;2023;8.139
28079 Madrid;2807911 Madrid distrito 11;2807911130 Madrid sección 11130;Renta neta media por persona;2023;8.973
28079 Madrid;2807911 Madrid distrito 11;2807911131 Madrid sección 11131;Renta neta media por persona;2023;8.557
28079 Madrid;2807911 Madrid distrito 11;2807911132 Madrid sección 11132;Renta neta media por persona;2023;8.230
28079 Madrid;2807911 Madrid distrito 11;2807911133 Madrid sección 11133;Renta neta media por persona;2023;12.914
28079 Madrid;2807911 Madrid distrito 11;2807911134 Madrid sección 11134;Renta neta media por persona;2023;10.953
28079 Madrid;2807911 Madrid distrito 11;2807911135 Madrid sección 11135;Renta neta media por persona;2023;12.064
28079 Madrid;2807911 Madrid distrito 11;2807911136 Madrid sección 11136;Renta neta media por persona;2023;13.091
28079 Madrid;2807911 Madrid distrito 11;2807911137 Madrid sección 11137;Renta neta media por persona;2023;15.520
28079 Madrid;2807911 Madrid distrito 11;2807911138 Madrid sección 11138;Renta neta media por persona;2023;11.527
28079 Madrid;2807911 Madrid distrito 11;2807911139 Madrid sección 11139;Renta neta media por persona;2023;12.072
28079 Madrid;2807911 Madrid distrito 11;2807911140 Madrid sección 11140;Renta neta media por persona;2023;11.183
28079 Madrid;2807911 Madrid distrito 11;2807911141 Madrid sección 11141;Renta neta media por persona;2023;12.962
28079 Madrid;2807911 Madrid distrito 11;2807911142 Madrid sección 11142;Renta neta media por persona;2023;13.649
28079 Madrid;2807911 Madrid distrito 11;2807911143 Madrid sección 11143;Renta neta media por persona;2023;10.761
28079 Madrid;2807911 Madrid distrito 11;2807911145 Madrid sección 11145;Renta neta media por persona;2023;12.187
28079 Madrid;2807911 Madrid distrito 11;2807911146 Madrid sección 11146;Renta neta media por persona;2023;11.610
28079 Madrid;2807911 Madrid distrito 11;2807911147 Madrid sección 11147;Renta neta media por persona;2023;15.108
28079 Madrid;2807911 Madrid distrito 11;2807911148 Madrid sección 11148;Renta neta media por persona;2023;13.743
28079 Madrid;2807911 Madrid distrito 11;2807911149 Madrid sección 11149;Renta neta media por persona;2023;12.577
28079 Madrid;2807911 Madrid distrito 11;2807911150 Madrid sección 11150;Renta neta media por persona;2023;13.788
28079 Madrid;2807911 Madrid distrito 11;2807911151 Madrid sección 11151;Renta neta media por persona;2023;11.531
28079 Madrid;2807911 Madrid distrito 11;2807911152 Madrid sección 11152;Renta neta media por persona;2023;14.918
28079 Madrid;2807911 Madrid distrito 11;2807911153 Madrid sección 11153;Renta neta media por persona;2023;12.064
28079 Madrid;2807911 Madrid distrito 11;2807911154 Madrid sección 11154;Renta neta media por persona;2023;11.587
28079 Madrid;2807911 Madrid distrito 11;2807911155 Madrid sección 11155;Renta neta media por persona;2023;14.711
28079 Madrid;2807911 Madrid distrito 11;2807911156 Madrid sección 11156;Renta neta media por persona;2023;17.421
28079 Madrid;2807911 Madrid distrito 11;2807911157 Madrid sección 11157;Renta neta media por persona;2023;10.352
28079 Madrid;2807911 Madrid distrito 11;2807911158 Madrid sección 11158;Renta neta media por persona;2023;8.409
28079 Madrid;2807911 Madrid distrito 11;2807911159 Madrid sección 11159;Renta neta media por persona;2023;""
28079 Madrid;2807911 Madrid distrito 11;2807911160 Madrid sección 11160;Renta neta media por persona;2023;9.520
28079 Madrid;2807911 Madrid distrito 11;2807911161 Madrid sección 11161;Renta neta media por persona;2023;8.873
28079 Madrid;2807911 Madrid distrito 11;2807911162 Madrid sección 11162;Renta neta media por persona;2023;10.148
28079 Madrid;2807911 Madrid distrito 11;2807911163 Madrid sección 11163;Renta neta media por persona;2023;13.961
28079 Madrid;2807911 Madrid distrito 11;2807911165 Madrid sección 11165;Renta neta media por persona;2023;12.170
28079 Madrid;2807911 Madrid distrito 11;2807911167 Madrid sección 11167;Renta neta media por persona;2023;12.216
28079 Madrid;2807911 Madrid distrito 11;2807911168 Madrid sección 11168;Renta neta media por persona;2023;12.269
28079 Madrid;2807911 Madrid distrito 11;2807911169 Madrid sección 11169;Renta neta media por persona;2023;10.673
28079 Madrid;2807911 Madrid distrito 11;2807911170 Madrid sección 11170;Renta neta media por persona;2023;9.623
28079 Madrid;2807911 Madrid distrito 11;2807911171 Madrid sección 11171;Renta neta media por persona;2023;9.256
28079 Madrid;2807911 Madrid distrito 11;2807911173 Madrid sección 11173;Renta neta media por persona;2023;9.012
28079 Madrid;2807911 Madrid distrito 11;2807911174 Madrid sección 11174;Renta neta media por persona;2023;13.034
28079 Madrid;2807911 Madrid distrito 11;2807911175 Madrid sección 11175;Renta neta media por persona;2023;11.855
28079 Madrid;2807911 Madrid distrito 11;2807911176 Madrid sección 11176;Renta neta media por persona;2023;12.536
28079 Madrid;2807911 Madrid distrito 11;2807911177 Madrid sección 11177;Renta neta media por persona;2023;12.356
28079 Madrid;2807911 Madrid distrito 11;2807911178 Madrid sección 11178;Renta neta media por persona;2023;11.406
28079 Madrid;2807911 Madrid distrito 11;2807911179 Madrid sección 11179;Renta neta media por persona;2023;13.769
28079 Madrid;2807911 Madrid distrito 11;2807911180 Madrid sección 11180;Renta neta media por persona;2023;9.144
28079 Madrid;2807911 Madrid distrito 11;2807911181 Madrid sección 11181;Renta neta media por persona;2023;17.580
28079 Madrid;2807911 Madrid distrito 11;2807911182 Madrid sección 11182;Renta neta media por persona;2023;18.692
28079 Madrid;2807911 Madrid distrito 11;2807911183 Madrid sección 11183;Renta neta media por persona;2023;18.168
28079 Madrid;2807911 Madrid distrito 11;2807911184 Madrid sección 11184;Renta neta media por persona;2023;19.505
28079 Madrid;2807911 Madrid distrito 11;2807911185 Madrid sección 11185;Renta neta media por persona;2023;16.539
28079 Madrid;2807911 Madrid distrito 11;2807911186 Madrid sección 11186;Renta neta media por persona;2023;13.652
28079 Madrid;2807911 Madrid distrito 11;2807911187 Madrid sección 11187;Renta neta media por persona;2023;14.198
28079 Madrid;2807911 Madrid distrito 11;2807911188 Madrid sección 11188;Renta neta media por persona;2023;19.504
28079 Madrid;2807911 Madrid distrito 11;2807911189 Madrid sección 11189;Renta neta media por persona;2023;13.988
28079 Madrid;2807911 Madrid distrito 11;2807911190 Madrid sección 11190;Renta neta media por persona;2023;16.933
28079 Madrid;2807911 Madrid distrito 11;2807911191 Madrid sección 11191;Renta neta media por persona;2023;15.967
28079 Madrid;2807911 Madrid distrito 11;2807911192 Madrid sección 11192;Renta neta media por persona;2023;17.875
28079 Madrid;2807911 Madrid distrito 11;2807911193 Madrid sección 11193;Renta neta media por persona;2023;12.395
28079 Madrid;2807911 Madrid distrito 11;2807911194 Madrid sección 11194;Renta neta media por persona;2023;19.188
28079 Madrid;2807911 Madrid distrito 11;2807911195 Madrid sección 11195;Renta neta media por persona;2023;16.324
28079 Madrid;2807911 Madrid distrito 11;2807911196 Madrid sección 11196;Renta neta media por persona;2023;21.066
28079 Madrid;2807911 Madrid distrito 11;2807911197 Madrid sección 11197;Renta neta media por persona;2023;19.769
28079 Madrid;2807911 Madrid distrito 11;2807911198 Madrid sección 11198;Renta neta media por persona;2023;20.910
28079 Madrid;2807911 Madrid distrito 11;2807911199 Madrid sección 11199;Renta neta media por persona;2023;11.561
28079 Madrid;2807911 Madrid distrito 11;2807911200 Madrid sección 11200;Renta neta media por persona;2023;19.500
28079 Madrid;2807912 Madrid distrito 12;2807912001 Madrid sección 12001;Renta neta media por persona;2023;13.981
28079 Madrid;2807912 Madrid distrito 12;2807912002 Madrid sección 12002;Renta neta media por persona;2023;14.614
28079 Madrid;2807912 Madrid distrito 12;2807912003 Madrid sección 12003;Renta neta media por persona;2023;14.043
28079 Madrid;2807912 Madrid distrito 12;2807912005 Madrid sección 12005;Renta neta media por persona;2023;13.578
28079 Madrid;2807912 Madrid distrito 12;2807912006 Madrid sección 12006;Renta neta media por persona;2023;13.933
28079 Madrid;2807912 Madrid distrito 12;2807912007 Madrid sección 12007;Renta neta media por persona;2023;14.274
28079 Madrid;2807912 Madrid distrito 12;2807912008 Madrid sección 12008;Renta neta media por persona;2023;11.544
28079 Madrid;2807912 Madrid distrito 12;2807912009 Madrid sección 12009;Renta neta media por persona;2023;10.991
28079 Madrid;2807912 Madrid distrito 12;2807912010 Madrid sección 12010;Renta neta media por persona;2023;11.391
28079 Madrid;2807912 Madrid distrito 12;2807912011 Madrid sección 12011;Renta neta media por persona;2023;11.407
28079 Madrid;2807912 Madrid distrito 12;2807912012 Madrid sección 12012;Renta neta media por persona;2023;11.321
28079 Madrid;2807912 Madrid distrito 12;2807912013 Madrid sección 12013;Renta neta media por persona;2023;11.543
28079 Madrid;2807912 Madrid distrito 12;2807912014 Madrid sección 12014;Renta neta media por persona;2023;11.914
28079 Madrid;2807912 Madrid distrito 12;2807912015 Madrid sección 12015;Renta neta media por persona;2023;11.646
28079 Madrid;2807912 Madrid distrito 12;2807912016 Madrid sección 12016;Renta neta media por persona;2023;13.806
28079 Madrid;2807912 Madrid distrito 12;2807912018 Madrid sección 12018;Renta neta media por persona;2023;9.532
28079 Madrid;2807912 Madrid distrito 12;2807912019 Madrid sección 12019;Renta neta media por persona;2023;8.840
28079 Madrid;2807912 Madrid distrito 12;2807912020 Madrid sección 12020;Renta neta media por persona;2023;9.245
28079 Madrid;2807912 Madrid distrito 12;2807912021 Madrid sección 12021;Renta neta media por persona;2023;""
28079 Madrid;2807912 Madrid distrito 12;2807912022 Madrid sección 12022;Renta neta media por persona;2023;9.322
28079 Madrid;2807912 Madrid distrito 12;2807912023 Madrid sección 12023;Renta neta media por persona;2023;10.353
28079 Madrid;2807912 Madrid distrito 12;2807912024 Madrid sección 12024;Renta neta media por persona;2023;13.849
28079 Madrid;2807912 Madrid distrito 12;2807912027 Madrid sección 12027;Renta neta media por persona;2023;13.673
28079 Madrid;2807912 Madrid distrito 12;2807912028 Madrid sección 12028;Renta neta media por persona;2023;10.878
28079 Madrid;2807912 Madrid distrito 12;2807912029 Madrid sección 12029;Renta neta media por persona;2023;9.825
28079 Madrid;2807912 Madrid distrito 12;2807912030 Madrid sección 12030;Renta neta media por persona;2023;9.705
28079 Madrid;2807912 Madrid distrito 12;2807912031 Madrid sección 12031;Renta neta media por persona;2023;10.425
28079 Madrid;2807912 Madrid distrito 12;2807912032 Madrid sección 12032;Renta neta media por persona;2023;12.608
28079 Madrid;2807912 Madrid distrito 12;2807912033 Madrid sección 12033;Renta neta media por persona;2023;11.497
28079 Madrid;2807912 Madrid distrito 12;2807912034 Madrid sección 12034;Renta neta media por persona;2023;11.226
28079 Madrid;2807912 Madrid distrito 12;2807912036 Madrid sección 12036;Renta neta media por persona;2023;""
28079 Madrid;2807912 Madrid distrito 12;2807912037 Madrid sección 12037;Renta neta media por persona;2023;10.728
28079 Madrid;2807912 Madrid distrito 12;2807912039 Madrid sección 12039;Renta neta media por persona;2023;11.709
28079 Madrid;2807912 Madrid distrito 12;2807912041 Madrid sección 12041;Renta neta media por persona;2023;10.636
28079 Madrid;2807912 Madrid distrito 12;2807912042 Madrid sección 12042;Renta neta media por persona;2023;8.965
28079 Madrid;2807912 Madrid distrito 12;2807912043 Madrid sección 12043;Renta neta media por persona;2023;11.840
28079 Madrid;2807912 Madrid distrito 12;2807912044 Madrid sección 12044;Renta neta media por persona;2023;10.123
28079 Madrid;2807912 Madrid distrito 12;2807912045 Madrid sección 12045;Renta neta media por persona;2023;9.682
28079 Madrid;2807912 Madrid distrito 12;2807912046 Madrid sección 12046;Renta neta media por persona;2023;10.222
28079 Madrid;2807912 Madrid distrito 12;2807912047 Madrid sección 12047;Renta neta media por persona;2023;10.101
28079 Madrid;2807912 Madrid distrito 12;2807912048 Madrid sección 12048;Renta neta media por persona;2023;10.881
28079 Madrid;2807912 Madrid distrito 12;2807912049 Madrid sección 12049;Renta neta media por persona;2023;10.803
28079 Madrid;2807912 Madrid distrito 12;2807912050 Madrid sección 12050;Renta neta media por persona;2023;11.622
28079 Madrid;2807912 Madrid distrito 12;2807912051 Madrid sección 12051;Renta neta media por persona;2023;12.347
28079 Madrid;2807912 Madrid distrito 12;2807912052 Madrid sección 12052;Renta neta media por persona;2023;20.692
28079 Madrid;2807912 Madrid distrito 12;2807912053 Madrid sección 12053;Renta neta media por persona;2023;20.373
28079 Madrid;2807912 Madrid distrito 12;2807912054 Madrid sección 12054;Renta neta media por persona;2023;17.955
28079 Madrid;2807912 Madrid distrito 12;2807912055 Madrid sección 12055;Renta neta media por persona;2023;12.942
28079 Madrid;2807912 Madrid distrito 12;2807912056 Madrid sección 12056;Renta neta media por persona;2023;10.968
28079 Madrid;2807912 Madrid distrito 12;2807912057 Madrid sección 12057;Renta neta media por persona;2023;9.726
28079 Madrid;2807912 Madrid distrito 12;2807912059 Madrid sección 12059;Renta neta media por persona;2023;16.330
28079 Madrid;2807912 Madrid distrito 12;2807912061 Madrid sección 12061;Renta neta media por persona;2023;14.264
28079 Madrid;2807912 Madrid distrito 12;2807912062 Madrid sección 12062;Renta neta media por persona;2023;12.509
28079 Madrid;2807912 Madrid distrito 12;2807912064 Madrid sección 12064;Renta neta media por persona;2023;12.417
28079 Madrid;2807912 Madrid distrito 12;2807912065 Madrid sección 12065;Renta neta media por persona;2023;10.119
28079 Madrid;2807912 Madrid distrito 12;2807912066 Madrid sección 12066;Renta neta media por persona;2023;8.469
28079 Madrid;2807912 Madrid distrito 12;2807912067 Madrid sección 12067;Renta neta media por persona;2023;9.199
28079 Madrid;2807912 Madrid distrito 12;2807912069 Madrid sección 12069;Renta neta media por persona;2023;11.493
28079 Madrid;2807912 Madrid distrito 12;2807912070 Madrid sección 12070;Renta neta media por persona;2023;14.782
28079 Madrid;2807912 Madrid distrito 12;2807912071 Madrid sección 12071;Renta neta media por persona;2023;12.504
28079 Madrid;2807912 Madrid distrito 12;2807912073 Madrid sección 12073;Renta neta media por persona;2023;9.685
28079 Madrid;2807912 Madrid distrito 12;2807912074 Madrid sección 12074;Renta neta media por persona;2023;10.822
28079 Madrid;2807912 Madrid distrito 12;2807912075 Madrid sección 12075;Renta neta media por persona;2023;10.029
28079 Madrid;2807912 Madrid distrito 12;2807912077 Madrid sección 12077;Renta neta media por persona;2023;12.409
28079 Madrid;2807912 Madrid distrito 12;2807912078 Madrid sección 12078;Renta neta media por persona;2023;10.929
28079 Madrid;2807912 Madrid distrito 12;2807912079 Madrid sección 12079;Renta neta media por persona;2023;10.295
28079 Madrid;2807912 Madrid distrito 12;2807912080 Madrid sección 12080;Renta neta media por persona;2023;10.298
28079 Madrid;2807912 Madrid distrito 12;2807912081 Madrid sección 12081;Renta neta media por persona;2023;10.230
28079 Madrid;2807912 Madrid distrito 12;2807912082 Madrid sección 12082;Renta neta media por persona;2023;10.894
28079 Madrid;2807912 Madrid distrito 12;2807912083 Madrid sección 12083;Renta neta media por persona;2023;10.078
28079 Madrid;2807912 Madrid distrito 12;2807912084 Madrid sección 12084;Renta neta media por persona;2023;9.797
28079 Madrid;2807912 Madrid distrito 12;2807912086 Madrid sección 12086;Renta neta media por persona;2023;10.673
28079 Madrid;2807912 Madrid distrito 12;2807912087 Madrid sección 12087;Renta neta media por persona;2023;9.480
28079 Madrid;2807912 Madrid distrito 12;2807912088 Madrid sección 12088;Renta neta media por persona;2023;9.520
28079 Madrid;2807912 Madrid distrito 12;2807912089 Madrid sección 12089;Renta neta media por persona;2023;10.468
28079 Madrid;2807912 Madrid distrito 12;2807912090 Madrid sección 12090;Renta neta media por persona;2023;9.523
28079 Madrid;2807912 Madrid distrito 12;2807912091 Madrid sección 12091;Renta neta media por persona;2023;10.019
28079 Madrid;2807912 Madrid distrito 12;2807912092 Madrid sección 12092;Renta neta media por persona;2023;10.437
28079 Madrid;2807912 Madrid distrito 12;2807912093 Madrid sección 12093;Renta neta media por persona;2023;10.530
28079 Madrid;2807912 Madrid distrito 12;2807912094 Madrid sección 12094;Renta neta media por persona;2023;9.469
28079 Madrid;2807912 Madrid distrito 12;2807912096 Madrid sección 12096;Renta neta media por persona;2023;8.853
28079 Madrid;2807912 Madrid distrito 12;2807912097 Madrid sección 12097;Renta neta media por persona;2023;10.690
28079 Madrid;2807912 Madrid distrito 12;2807912098 Madrid sección 12098;Renta neta media por persona;2023;18.095
28079 Madrid;2807912 Madrid distrito 12;2807912099 Madrid sección 12099;Renta neta media por persona;2023;11.096
28079 Madrid;2807912 Madrid distrito 12;2807912100 Madrid sección 12100;Renta neta media por persona;2023;11.805
28079 Madrid;2807912 Madrid distrito 12;2807912101 Madrid sección 12101;Renta neta media por persona;2023;15.336
28079 Madrid;2807912 Madrid distrito 12;2807912102 Madrid sección 12102;Renta neta media por persona;2023;13.700
28079 Madrid;2807912 Madrid distrito 12;2807912103 Madrid sección 12103;Renta neta media por persona;2023;10.501
28079 Madrid;2807912 Madrid distrito 12;2807912104 Madrid sección 12104;Renta neta media por persona;2023;16.096
28079 Madrid;2807912 Madrid distrito 12;2807912105 Madrid sección 12105;Renta neta media por persona;2023;14.071
28079 Madrid;2807912 Madrid distrito 12;2807912106 Madrid sección 12106;Renta neta media por persona;2023;15.876
28079 Madrid;2807912 Madrid distrito 12;2807912107 Madrid sección 12107;Renta neta media por persona;2023;20.910
28079 Madrid;2807912 Madrid distrito 12;2807912108 Madrid sección 12108;Renta neta media por persona;2023;17.842
28079 Madrid;2807912 Madrid distrito 12;2807912109 Madrid sección 12109;Renta neta media por persona;2023;12.919
28079 Madrid;2807912 Madrid distrito 12;2807912110 Madrid sección 12110;Renta neta media por persona;2023;13.867
28079 Madrid;2807913 Madrid distrito 13;2807913002 Madrid sección 13002;Renta neta media por persona;2023;10.330
28079 Madrid;2807913 Madrid distrito 13;2807913003 Madrid sección 13003;Renta neta media por persona;2023;8.854
28079 Madrid;2807913 Madrid distrito 13;2807913004 Madrid sección 13004;Renta neta media por persona;2023;11.370
28079 Madrid;2807913 Madrid distrito 13;2807913005 Madrid sección 13005;Renta neta media por persona;2023;9.835
28079 Madrid;2807913 Madrid distrito 13;2807913006 Madrid sección 13006;Renta neta media por persona;2023;10.734
28079 Madrid;2807913 Madrid distrito 13;2807913007 Madrid sección 13007;Renta neta media por persona;2023;11.020
28079 Madrid;2807913 Madrid distrito 13;2807913008 Madrid sección 13008;Renta neta media por persona;2023;10.957
28079 Madrid;2807913 Madrid distrito 13;2807913010 Madrid sección 13010;Renta neta media por persona;2023;11.750
28079 Madrid;2807913 Madrid distrito 13;2807913011 Madrid sección 13011;Renta neta media por persona;2023;9.627
28079 Madrid;2807913 Madrid distrito 13;2807913012 Madrid sección 13012;Renta neta media por persona;2023;9.794
28079 Madrid;2807913 Madrid distrito 13;2807913013 Madrid sección 13013;Renta neta media por persona;2023;10.339
28079 Madrid;2807913 Madrid distrito 13;2807913014 Madrid sección 13014;Renta neta media por persona;2023;9.612
28079 Madrid;2807913 Madrid distrito 13;2807913016 Madrid sección 13016;Renta neta media por persona;2023;9.919
28079 Madrid;2807913 Madrid distrito 13;2807913017 Madrid sección 13017;Renta neta media por persona;2023;11.358
28079 Madrid;2807913 Madrid distrito 13;2807913018 Madrid sección 13018;Renta neta media por persona;2023;9.647
28079 Madrid;2807913 Madrid distrito 13;2807913019 Madrid sección 13019;Renta neta media por persona;2023;12.181
28079 Madrid;2807913 Madrid distrito 13;2807913021 Madrid sección 13021;Renta neta media por persona;2023;12.238
28079 Madrid;2807913 Madrid distrito 13;2807913022 Madrid sección 13022;Renta neta media por persona;2023;10.962
28079 Madrid;2807913 Madrid distrito 13;2807913023 Madrid sección 13023;Renta neta media por persona;2023;12.580
28079 Madrid;2807913 Madrid distrito 13;2807913024 Madrid sección 13024;Renta neta media por persona;2023;10.772
28079 Madrid;2807913 Madrid distrito 13;2807913026 Madrid sección 13026;Renta neta media por persona;2023;10.793
28079 Madrid;2807913 Madrid distrito 13;2807913027 Madrid sección 13027;Renta neta media por persona;2023;""
28079 Madrid;2807913 Madrid distrito 13;2807913028 Madrid sección 13028;Renta neta media por persona;2023;9.154
28079 Madrid;2807913 Madrid distrito 13;2807913029 Madrid sección 13029;Renta neta media por persona;2023;10.645
28079 Madrid;2807913 Madrid distrito 13;2807913030 Madrid sección 13030;Renta neta media por persona;2023;12.311
28079 Madrid;2807913 Madrid distrito 13;2807913031 Madrid sección 13031;Renta neta media por persona;2023;10.136
28079 Madrid;2807913 Madrid distrito 13;2807913032 Madrid sección 13032;Renta neta media por persona;2023;10.922
28079 Madrid;2807913 Madrid distrito 13;2807913033 Madrid sección 13033;Renta neta media por persona;2023;10.447
28079 Madrid;2807913 Madrid distrito 13;2807913034 Madrid sección 13034;Renta neta media por persona;2023;10.868
28079 Madrid;2807913 Madrid distrito 13;2807913035 Madrid sección 13035;Renta neta media por persona;2023;12.135
28079 Madrid;2807913 Madrid distrito 13;2807913036 Madrid sección 13036;Renta neta media por persona;2023;9.850
28079 Madrid;2807913 Madrid distrito 13;2807913037 Madrid sección 13037;Renta neta media por persona;2023;11.176
28079 Madrid;2807913 Madrid distrito 13;2807913038 Madrid sección 13038;Renta neta media por persona;2023;9.681
28079 Madrid;2807913 Madrid distrito 13;2807913039 Madrid sección 13039;Renta neta media por persona;2023;10.946
28079 Madrid;2807913 Madrid distrito 13;2807913040 Madrid sección 13040;Renta neta media por persona;2023;10.351
28079 Madrid;2807913 Madrid distrito 13;2807913041 Madrid sección 13041;Renta neta media por persona;2023;11.249
28079 Madrid;2807913 Madrid distrito 13;2807913042 Madrid sección 13042;Renta neta media por persona;2023;10.967
28079 Madrid;2807913 Madrid distrito 13;2807913043 Madrid sección 13043;Renta neta media por persona;2023;10.464
28079 Madrid;2807913 Madrid distrito 13;2807913044 Madrid sección 13044;Renta neta media por persona;2023;10.184
28079 Madrid;2807913 Madrid distrito 13;2807913045 Madrid sección 13045;Renta neta media por persona;2023;10.003
28079 Madrid;2807913 Madrid distrito 13;2807913046 Madrid sección 13046;Renta neta media por persona;2023;10.126
28079 Madrid;2807913 Madrid distrito 13;2807913047 Madrid sección 13047;Renta neta media por persona;2023;11.617
28079 Madrid;2807913 Madrid distrito 13;2807913048 Madrid sección 13048;Renta neta media por persona;2023;9.104
28079 Madrid;2807913 Madrid distrito 13;2807913049 Madrid sección 13049;Renta neta media por persona;2023;11.866
28079 Madrid;2807913 Madrid distrito 13;2807913050 Madrid sección 13050;Renta neta media por persona;2023;10.391
28079 Madrid;2807913 Madrid distrito 13;2807913052 Madrid sección 13052;Renta neta media por persona;2023;11.024
28079 Madrid;2807913 Madrid distrito 13;2807913053 Madrid sección 13053;Renta neta media por persona;2023;11.139
28079 Madrid;2807913 Madrid distrito 13;2807913054 Madrid sección 13054;Renta neta media por persona;2023;10.630
28079 Madrid;2807913 Madrid distrito 13;2807913055 Madrid sección 13055;Renta neta media por persona;2023;8.930
28079 Madrid;2807913 Madrid distrito 13;2807913056 Madrid sección 13056;Renta neta media por persona;2023;10.436
28079 Madrid;2807913 Madrid distrito 13;2807913057 Madrid sección 13057;Renta neta media por persona;2023;9.743
28079 Madrid;2807913 Madrid distrito 13;2807913058 Madrid sección 13058;Renta neta media por persona;2023;9.208
28079 Madrid;2807913 Madrid distrito 13;2807913059 Madrid sección 13059;Renta neta media por persona;2023;9.179
28079 Madrid;2807913 Madrid distrito 13;2807913060 Madrid sección 13060;Renta neta media por persona;2023;9.865
28079 Madrid;2807913 Madrid distrito 13;2807913061 Madrid sección 13061;Renta neta media por persona;2023;9.059
28079 Madrid;2807913 Madrid distrito 13;2807913062 Madrid sección 13062;Renta neta media por persona;2023;8.970
28079 Madrid;2807913 Madrid distrito 13;2807913063 Madrid sección 13063;Renta neta media por persona;2023;9.573
28079 Madrid;2807913 Madrid distrito 13;2807913064 Madrid sección 13064;Renta neta media por persona;2023;""
28079 Madrid;2807913 Madrid distrito 13;2807913065 Madrid sección 13065;Renta neta media por persona;2023;9.689
28079 Madrid;2807913 Madrid distrito 13;2807913066 Madrid sección 13066;Renta neta media por persona;2023;10.133
28079 Madrid;2807913 Madrid distrito 13;2807913069 Madrid sección 13069;Renta neta media por persona;2023;10.010
28079 Madrid;2807913 Madrid distrito 13;2807913074 Madrid sección 13074;Renta neta media por persona;2023;16.969
28079 Madrid;2807913 Madrid distrito 13;2807913077 Madrid sección 13077;Renta neta media por persona;2023;18.203
28079 Madrid;2807913 Madrid distrito 13;2807913078 Madrid sección 13078;Renta neta media por persona;2023;17.335
28079 Madrid;2807913 Madrid distrito 13;2807913079 Madrid sección 13079;Renta neta media por persona;2023;10.490
28079 Madrid;2807913 Madrid distrito 13;2807913080 Madrid sección 13080;Renta neta media por persona;2023;9.449
28079 Madrid;2807913 Madrid distrito 13;2807913083 Madrid sección 13083;Renta neta media por persona;2023;10.134
28079 Madrid;2807913 Madrid distrito 13;2807913084 Madrid sección 13084;Renta neta media por persona;2023;10.461
28079 Madrid;2807913 Madrid distrito 13;2807913086 Madrid sección 13086;Renta neta media por persona;2023;12.001
28079 Madrid;2807913 Madrid distrito 13;2807913087 Madrid sección 13087;Renta neta media por persona;2023;13.415
28079 Madrid;2807913 Madrid distrito 13;2807913088 Madrid sección 13088;Renta neta media por persona;2023;15.218
28079 Madrid;2807913 Madrid distrito 13;2807913089 Madrid sección 13089;Renta neta media por persona;2023;10.402
28079 Madrid;2807913 Madrid distrito 13;2807913090 Madrid sección 13090;Renta neta media por persona;2023;10.034
28079 Madrid;2807913 Madrid distrito 13;2807913091 Madrid sección 13091;Renta neta media por persona;2023;11.646
28079 Madrid;2807913 Madrid distrito 13;2807913092 Madrid sección 13092;Renta neta media por persona;2023;12.682
28079 Madrid;2807913 Madrid distrito 13;2807913094 Madrid sección 13094;Renta neta media por persona;2023;12.918
28079 Madrid;2807913 Madrid distrito 13;2807913103 Madrid sección 13103;Renta neta media por persona;2023;11.955
28079 Madrid;2807913 Madrid distrito 13;2807913104 Madrid sección 13104;Renta neta media por persona;2023;13.344
28079 Madrid;2807913 Madrid distrito 13;2807913108 Madrid sección 13108;Renta neta media por persona;2023;13.653
28079 Madrid;2807913 Madrid distrito 13;2807913109 Madrid sección 13109;Renta neta media por persona;2023;15.358
28079 Madrid;2807913 Madrid distrito 13;2807913110 Madrid sección 13110;Renta neta media por persona;2023;11.147
28079 Madrid;2807913 Madrid distrito 13;2807913111 Madrid sección 13111;Renta neta media por persona;2023;11.224
28079 Madrid;2807913 Madrid distrito 13;2807913112 Madrid sección 13112;Renta neta media por persona;2023;11.852
28079 Madrid;2807913 Madrid distrito 13;2807913114 Madrid sección 13114;Renta neta media por persona;2023;""
28079 Madrid;2807913 Madrid distrito 13;2807913115 Madrid sección 13115;Renta neta media por persona;2023;11.622
28079 Madrid;2807913 Madrid distrito 13;2807913116 Madrid sección 13116;Renta neta media por persona;2023;12.552
28079 Madrid;2807913 Madrid distrito 13;2807913117 Madrid sección 13117;Renta neta media por persona;2023;10.685
28079 Madrid;2807913 Madrid distrito 13;2807913118 Madrid sección 13118;Renta neta media por persona;2023;11.542
28079 Madrid;2807913 Madrid distrito 13;2807913119 Madrid sección 13119;Renta neta media por persona;2023;11.600
28079 Madrid;2807913 Madrid distrito 13;2807913120 Madrid sección 13120;Renta neta media por persona;2023;11.680
28079 Madrid;2807913 Madrid distrito 13;2807913121 Madrid sección 13121;Renta neta media por persona;2023;12.185
28079 Madrid;2807913 Madrid distrito 13;2807913122 Madrid sección 13122;Renta neta media por persona;2023;11.324
28079 Madrid;2807913 Madrid distrito 13;2807913123 Madrid sección 13123;Renta neta media por persona;2023;14.097
28079 Madrid;2807913 Madrid distrito 13;2807913124 Madrid sección 13124;Renta neta media por persona;2023;11.804
28079 Madrid;2807913 Madrid distrito 13;2807913125 Madrid sección 13125;Renta neta media por persona;2023;10.275
28079 Madrid;2807913 Madrid distrito 13;2807913126 Madrid sección 13126;Renta neta media por persona;2023;""
28079 Madrid;2807913 Madrid distrito 13;2807913127 Madrid sección 13127;Renta neta media por persona;2023;18.554
28079 Madrid;2807913 Madrid distrito 13;2807913128 Madrid sección 13128;Renta neta media por persona;2023;14.951
28079 Madrid;2807913 Madrid distrito 13;2807913129 Madrid sección 13129;Renta neta media por persona;2023;12.069
28079 Madrid;2807913 Madrid distrito 13;2807913131 Madrid sección 13131;Renta neta media por persona;2023;12.279
28079 Madrid;2807913 Madrid distrito 13;2807913132 Madrid sección 13132;Renta neta media por persona;2023;11.423
28079 Madrid;2807913 Madrid distrito 13;2807913133 Madrid sección 13133;Renta neta media por persona;2023;12.165
28079 Madrid;2807913 Madrid distrito 13;2807913134 Madrid sección 13134;Renta neta media por persona;2023;12.291
28079 Madrid;2807913 Madrid distrito 13;2807913135 Madrid sección 13135;Renta neta media por persona;2023;13.303
28079 Madrid;2807913 Madrid distrito 13;2807913136 Madrid sección 13136;Renta neta media por persona;2023;12.106
28079 Madrid;2807913 Madrid distrito 13;2807913137 Madrid sección 13137;Renta neta media por persona;2023;15.977
28079 Madrid;2807913 Madrid distrito 13;2807913138 Madrid sección 13138;Renta neta media por persona;2023;11.294
28079 Madrid;2807913 Madrid distrito 13;2807913139 Madrid sección 13139;Renta neta media por persona;2023;11.344
28079 Madrid;2807913 Madrid distrito 13;2807913140 Madrid sección 13140;Renta neta media por persona;2023;13.872
28079 Madrid;2807913 Madrid distrito 13;2807913142 Madrid sección 13142;Renta neta media por persona;2023;11.687
28079 Madrid;2807913 Madrid distrito 13;2807913143 Madrid sección 13143;Renta neta media por persona;2023;13.654
28079 Madrid;2807913 Madrid distrito 13;2807913144 Madrid sección 13144;Renta neta media por persona;2023;11.372
28079 Madrid;2807913 Madrid distrito 13;2807913145 Madrid sección 13145;Renta neta media por persona;2023;9.664
28079 Madrid;2807913 Madrid distrito 13;2807913146 Madrid sección 13146;Renta neta media por persona;2023;11.730
28079 Madrid;2807913 Madrid distrito 13;2807913147 Madrid sección 13147;Renta neta media por persona;2023;11.797
28079 Madrid;2807913 Madrid distrito 13;2807913148 Madrid sección 13148;Renta neta media por persona;2023;9.708
28079 Madrid;2807913 Madrid distrito 13;2807913150 Madrid sección 13150;Renta neta media por persona;2023;10.715
28079 Madrid;2807913 Madrid distrito 13;2807913153 Madrid sección 13153;Renta neta media por persona;2023;10.171
28079 Madrid;2807913 Madrid distrito 13;2807913154 Madrid sección 13154;Renta neta media por persona;2023;11.868
28079 Madrid;2807913 Madrid distrito 13;2807913155 Madrid sección 13155;Renta neta media por persona;2023;11.663
28079 Madrid;2807913 Madrid distrito 13;2807913156 Madrid sección 13156;Renta neta media por persona;2023;12.529
28079 Madrid;2807913 Madrid distrito 13;2807913157 Madrid sección 13157;Renta neta media por persona;2023;10.984
28079 Madrid;2807913 Madrid distrito 13;2807913158 Madrid sección 13158;Renta neta media por persona;2023;13.272
28079 Madrid;2807913 Madrid distrito 13;2807913160 Madrid sección 13160;Renta neta media por persona;2023;13.306
28079 Madrid;2807913 Madrid distrito 13;2807913161 Madrid sección 13161;Renta neta media por persona;2023;14.186
28079 Madrid;2807913 Madrid distrito 13;2807913162 Madrid sección 13162;Renta neta media por persona;2023;12.451
28079 Madrid;2807913 Madrid distrito 13;2807913163 Madrid sección 13163;Renta neta media por persona;2023;12.608
28079 Madrid;2807913 Madrid distrito 13;2807913164 Madrid sección 13164;Renta neta media por persona;2023;13.532
28079 Madrid;2807913 Madrid distrito 13;2807913166 Madrid sección 13166;Renta neta media por persona;2023;12.587
28079 Madrid;2807913 Madrid distrito 13;2807913168 Madrid sección 13168;Renta neta media por persona;2023;11.120
28079 Madrid;2807913 Madrid distrito 13;2807913169 Madrid sección 13169;Renta neta media por persona;2023;11.681
28079 Madrid;2807913 Madrid distrito 13;2807913170 Madrid sección 13170;Renta neta media por persona;2023;11.585
28079 Madrid;2807913 Madrid distrito 13;2807913171 Madrid sección 13171;Renta neta media por persona;2023;12.106
28079 Madrid;2807913 Madrid distrito 13;2807913172 Madrid sección 13172;Renta neta media por persona;2023;10.540
28079 Madrid;2807913 Madrid distrito 13;2807913173 Madrid sección 13173;Renta neta media por persona;2023;10.144
28079 Madrid;2807913 Madrid distrito 13;2807913174 Madrid sección 13174;Renta neta media por persona;2023;10.890
28079 Madrid;2807913 Madrid distrito 13;2807913175 Madrid sección 13175;Renta neta media por persona;2023;11.237
28079 Madrid;2807913 Madrid distrito 13;2807913176 Madrid sección 13176;Renta neta media por persona;2023;9.955
28079 Madrid;2807913 Madrid distrito 13;2807913177 Madrid sección 13177;Renta neta media por persona;2023;10.380
28079 Madrid;2807913 Madrid distrito 13;2807913178 Madrid sección 13178;Renta neta media por persona;2023;12.090
28079 Madrid;2807913 Madrid distrito 13;2807913179 Madrid sección 13179;Renta neta media por persona;2023;12.370
28079 Madrid;2807913 Madrid distrito 13;2807913180 Madrid sección 13180;Renta neta media por persona;2023;11.359
28079 Madrid;2807913 Madrid distrito 13;2807913181 Madrid sección 13181;Renta neta media por persona;2023;11.520
28079 Madrid;2807913 Madrid distrito 13;2807913182 Madrid sección 13182;Renta neta media por persona;2023;16.429
28079 Madrid;2807913 Madrid distrito 13;2807913183 Madrid sección 13183;Renta neta media por persona;2023;17.469
28079 Madrid;2807913 Madrid distrito 13;2807913184 Madrid sección 13184;Renta neta media por persona;2023;13.729
28079 Madrid;2807913 Madrid distrito 13;2807913185 Madrid sección 13185;Renta neta media por persona;2023;10.984
28079 Madrid;2807913 Madrid distrito 13;2807913186 Madrid sección 13186;Renta neta media por persona;2023;11.423
28079 Madrid;2807913 Madrid distrito 13;2807913187 Madrid sección 13187;Renta neta media por persona;2023;10.906
28079 Madrid;2807913 Madrid distrito 13;2807913189 Madrid sección 13189;Renta neta media por persona;2023;9.972
28079 Madrid;2807913 Madrid distrito 13;2807913190 Madrid sección 13190;Renta neta media por persona;2023;11.332
28079 Madrid;2807913 Madrid distrito 13;2807913191 Madrid sección 13191;Renta neta media por persona;2023;15.017
28079 Madrid;2807913 Madrid distrito 13;2807913192 Madrid sección 13192;Renta neta media por persona;2023;11.291
28079 Madrid;2807913 Madrid distrito 13;2807913193 Madrid sección 13193;Renta neta media por persona;2023;11.626
28079 Madrid;2807913 Madrid distrito 13;2807913194 Madrid sección 13194;Renta neta media por persona;2023;11.289
28079 Madrid;2807913 Madrid distrito 13;2807913195 Madrid sección 13195;Renta neta media por persona;2023;13.079
28079 Madrid;2807913 Madrid distrito 13;2807913196 Madrid sección 13196;Renta neta media por persona;2023;12.314
28079 Madrid;2807913 Madrid distrito 13;2807913197 Madrid sección 13197;Renta neta media por persona;2023;11.398
28079 Madrid;2807913 Madrid distrito 13;2807913198 Madrid sección 13198;Renta neta media por persona;2023;13.448
28079 Madrid;2807913 Madrid distrito 13;2807913199 Madrid sección 13199;Renta neta media por persona;2023;17.223
28079 Madrid;2807913 Madrid distrito 13;2807913200 Madrid sección 13200;Renta neta media por persona;2023;12.088
28079 Madrid;2807913 Madrid distrito 13;2807913201 Madrid sección 13201;Renta neta media por persona;2023;12.247
28079 Madrid;2807913 Madrid distrito 13;2807913202 Madrid sección 13202;Renta neta media por persona;2023;16.305
28079 Madrid;2807913 Madrid distrito 13;2807913203 Madrid sección 13203;Renta neta media por persona;2023;19.190
28079 Madrid;2807913 Madrid distrito 13;2807913204 Madrid sección 13204;Renta neta media por persona;2023;18.077
28079 Madrid;2807913 Madrid distrito 13;2807913205 Madrid sección 13205;Renta neta media por persona;2023;16.809
28079 Madrid;2807913 Madrid distrito 13;2807913206 Madrid sección 13206;Renta neta media por persona;2023;11.594
28079 Madrid;2807913 Madrid distrito 13;2807913207 Madrid sección 13207;Renta neta media por persona;2023;18.716
28079 Madrid;2807913 Madrid distrito 13;2807913208 Madrid sección 13208;Renta neta media por persona;2023;18.100
28079 Madrid;2807913 Madrid distrito 13;2807913209 Madrid sección 13209;Renta neta media por persona;2023;17.572
28079 Madrid;2807913 Madrid distrito 13;2807913210 Madrid sección 13210;Renta neta media por persona;2023;11.637
28079 Madrid;2807913 Madrid distrito 13;2807913211 Madrid sección 13211;Renta neta media por persona;2023;13.928
28079 Madrid;2807913 Madrid distrito 13;2807913212 Madrid sección 13212;Renta neta media por persona;2023;17.151
28079 Madrid;2807913 Madrid distrito 13;2807913213 Madrid sección 13213;Renta neta media por persona;2023;14.683
28079 Madrid;2807913 Madrid distrito 13;2807913214 Madrid sección 13214;Renta neta media por persona;2023;9.449
28079 Madrid;2807913 Madrid distrito 13;2807913215 Madrid sección 13215;Renta neta media por persona;2023;10.293
28079 Madrid;2807913 Madrid distrito 13;2807913216 Madrid sección 13216;Renta neta media por persona;2023;18.246
28079 Madrid;2807913 Madrid distrito 13;2807913217 Madrid sección 13217;Renta neta media por persona;2023;11.672
28079 Madrid;2807914 Madrid distrito 14;2807914001 Madrid sección 14001;Renta neta media por persona;2023;""
28079 Madrid;2807914 Madrid distrito 14;2807914002 Madrid sección 14002;Renta neta media por persona;2023;13.011
28079 Madrid;2807914 Madrid distrito 14;2807914003 Madrid sección 14003;Renta neta media por persona;2023;13.584
28079 Madrid;2807914 Madrid distrito 14;2807914004 Madrid sección 14004;Renta neta media por persona;2023;16.081
28079 Madrid;2807914 Madrid distrito 14;2807914005 Madrid sección 14005;Renta neta media por persona;2023;16.024
28079 Madrid;2807914 Madrid distrito 14;2807914006 Madrid sección 14006;Renta neta media por persona;2023;15.659
28079 Madrid;2807914 Madrid distrito 14;2807914010 Madrid sección 14010;Renta neta media por persona;2023;23.839
28079 Madrid;2807914 Madrid distrito 14;2807914012 Madrid sección 14012;Renta neta media por persona;2023;16.397
28079 Madrid;2807914 Madrid distrito 14;2807914013 Madrid sección 14013;Renta neta media por persona;2023;20.484
28079 Madrid;2807914 Madrid distrito 14;2807914014 Madrid sección 14014;Renta neta media por persona;2023;21.475
28079 Madrid;2807914 Madrid distrito 14;2807914015 Madrid sección 14015;Renta neta media por persona;2023;20.155
28079 Madrid;2807914 Madrid distrito 14;2807914016 Madrid sección 14016;Renta neta media por persona;2023;20.001
28079 Madrid;2807914 Madrid distrito 14;2807914017 Madrid sección 14017;Renta neta media por persona;2023;19.573
28079 Madrid;2807914 Madrid distrito 14;2807914018 Madrid sección 14018;Renta neta media por persona;2023;18.687
28079 Madrid;2807914 Madrid distrito 14;2807914019 Madrid sección 14019;Renta neta media por persona;2023;""
28079 Madrid;2807914 Madrid distrito 14;2807914020 Madrid sección 14020;Renta neta media por persona;2023;19.055
28079 Madrid;2807914 Madrid distrito 14;2807914021 Madrid sección 14021;Renta neta media por persona;2023;18.520
28079 Madrid;2807914 Madrid distrito 14;2807914022 Madrid sección 14022;Renta neta media por persona;2023;20.127
28079 Madrid;2807914 Madrid distrito 14;2807914023 Madrid sección 14023;Renta neta media por persona;2023;""
28079 Madrid;2807914 Madrid distrito 14;2807914024 Madrid sección 14024;Renta neta media por persona;2023;20.463
28079 Madrid;2807914 Madrid distrito 14;2807914025 Madrid sección 14025;Renta neta media por persona;2023;16.216
28079 Madrid;2807914 Madrid distrito 14;2807914026 Madrid sección 14026;Renta neta media por persona;2023;14.147
28079 Madrid;2807914 Madrid distrito 14;2807914027 Madrid sección 14027;Renta neta media por persona;2023;15.860
28079 Madrid;2807914 Madrid distrito 14;2807914028 Madrid sección 14028;Renta neta media por persona;2023;13.687
28079 Madrid;2807914 Madrid distrito 14;2807914029 Madrid sección 14029;Renta neta media por persona;2023;16.396
28079 Madrid;2807914 Madrid distrito 14;2807914030 Madrid sección 14030;Renta neta media por persona;2023;21.196
28079 Madrid;2807914 Madrid distrito 14;2807914031 Madrid sección 14031;Renta neta media por persona;2023;19.660
28079 Madrid;2807914 Madrid distrito 14;2807914032 Madrid sección 14032;Renta neta media por persona;2023;19.391
28079 Madrid;2807914 Madrid distrito 14;2807914033 Madrid sección 14033;Renta neta media por persona;2023;14.946
28079 Madrid;2807914 Madrid distrito 14;2807914034 Madrid sección 14034;Renta neta media por persona;2023;20.196
28079 Madrid;2807914 Madrid distrito 14;2807914035 Madrid sección 14035;Renta neta media por persona;2023;13.864
28079 Madrid;2807914 Madrid distrito 14;2807914036 Madrid sección 14036;Renta neta media por persona;2023;14.035
28079 Madrid;2807914 Madrid distrito 14;2807914037 Madrid sección 14037;Renta neta media por persona;2023;15.400
28079 Madrid;2807914 Madrid distrito 14;2807914038 Madrid sección 14038;Renta neta media por persona;2023;13.533
28079 Madrid;2807914 Madrid distrito 14;2807914039 Madrid sección 14039;Renta neta media por persona;2023;15.953
28079 Madrid;2807914 Madrid distrito 14;2807914040 Madrid sección 14040;Renta neta media por persona;2023;20.668
28079 Madrid;2807914 Madrid distrito 14;2807914041 Madrid sección 14041;Renta neta media por persona;2023;27.417
28079 Madrid;2807914 Madrid distrito 14;2807914042 Madrid sección 14042;Renta neta media por persona;2023;24.718
28079 Madrid;2807914 Madrid distrito 14;2807914043 Madrid sección 14043;Renta neta media por persona;2023;20.489
28079 Madrid;2807914 Madrid distrito 14;2807914044 Madrid sección 14044;Renta neta media por persona;2023;17.559
28079 Madrid;2807914 Madrid distrito 14;2807914045 Madrid sección 14045;Renta neta media por persona;2023;16.012
28079 Madrid;2807914 Madrid distrito 14;2807914046 Madrid sección 14046;Renta neta media por persona;2023;13.654
28079 Madrid;2807914 Madrid distrito 14;2807914047 Madrid sección 14047;Renta neta media por persona;2023;13.662
28079 Madrid;2807914 Madrid distrito 14;2807914048 Madrid sección 14048;Renta neta media por persona;2023;14.123
28079 Madrid;2807914 Madrid distrito 14;2807914049 Madrid sección 14049;Renta neta media por persona;2023;12.811
28079 Madrid;2807914 Madrid distrito 14;2807914050 Madrid sección 14050;Renta neta media por persona;2023;12.419
28079 Madrid;2807914 Madrid distrito 14;2807914051 Madrid sección 14051;Renta neta media por persona;2023;12.524
28079 Madrid;2807914 Madrid distrito 14;2807914052 Madrid sección 14052;Renta neta media por persona;2023;13.898
28079 Madrid;2807914 Madrid distrito 14;2807914053 Madrid sección 14053;Renta neta media por persona;2023;12.618
28079 Madrid;2807914 Madrid distrito 14;2807914054 Madrid sección 14054;Renta neta media por persona;2023;12.437
28079 Madrid;2807914 Madrid distrito 14;2807914055 Madrid sección 14055;Renta neta media por persona;2023;14.426
28079 Madrid;2807914 Madrid distrito 14;2807914056 Madrid sección 14056;Renta neta media por persona;2023;12.851
28079 Madrid;2807914 Madrid distrito 14;2807914057 Madrid sección 14057;Renta neta media por persona;2023;13.439
28079 Madrid;2807914 Madrid distrito 14;2807914058 Madrid sección 14058;Renta neta media por persona;2023;14.119
28079 Madrid;2807914 Madrid distrito 14;2807914059 Madrid sección 14059;Renta neta media por persona;2023;13.121
28079 Madrid;2807914 Madrid distrito 14;2807914060 Madrid sección 14060;Renta neta media por persona;2023;17.038
28079 Madrid;2807914 Madrid distrito 14;2807914061 Madrid sección 14061;Renta neta media por persona;2023;18.746
28079 Madrid;2807914 Madrid distrito 14;2807914062 Madrid sección 14062;Renta neta media por persona;2023;14.905
28079 Madrid;2807914 Madrid distrito 14;2807914063 Madrid sección 14063;Renta neta media por persona;2023;17.914
28079 Madrid;2807914 Madrid distrito 14;2807914064 Madrid sección 14064;Renta neta media por persona;2023;16.244
28079 Madrid;2807914 Madrid distrito 14;2807914065 Madrid sección 14065;Renta neta media por persona;2023;16.510
28079 Madrid;2807914 Madrid distrito 14;2807914066 Madrid sección 14066;Renta neta media por persona;2023;""
28079 Madrid;2807914 Madrid distrito 14;2807914067 Madrid sección 14067;Renta neta media por persona;2023;11.880
28079 Madrid;2807914 Madrid distrito 14;2807914068 Madrid sección 14068;Renta neta media por persona;2023;""
28079 Madrid;2807914 Madrid distrito 14;2807914069 Madrid sección 14069;Renta neta media por persona;2023;14.455
28079 Madrid;2807914 Madrid distrito 14;2807914070 Madrid sección 14070;Renta neta media por persona;2023;13.359
28079 Madrid;2807914 Madrid distrito 14;2807914071 Madrid sección 14071;Renta neta media por persona;2023;15.582
28079 Madrid;2807914 Madrid distrito 14;2807914072 Madrid sección 14072;Renta neta media por persona;2023;17.149
28079 Madrid;2807914 Madrid distrito 14;2807914073 Madrid sección 14073;Renta neta media por persona;2023;16.085
28079 Madrid;2807914 Madrid distrito 14;2807914074 Madrid sección 14074;Renta neta media por persona;2023;""
28079 Madrid;2807914 Madrid distrito 14;2807914075 Madrid sección 14075;Renta neta media por persona;2023;15.444
28079 Madrid;2807914 Madrid distrito 14;2807914076 Madrid sección 14076;Renta neta media por persona;2023;16.307
28079 Madrid;2807914 Madrid distrito 14;2807914077 Madrid sección 14077;Renta neta media por persona;2023;15.959
28079 Madrid;2807914 Madrid distrito 14;2807914078 Madrid sección 14078;Renta neta media por persona;2023;""
28079 Madrid;2807914 Madrid distrito 14;2807914079 Madrid sección 14079;Renta neta media por persona;2023;21.005
28079 Madrid;2807914 Madrid distrito 14;2807914080 Madrid sección 14080;Renta neta media por persona;2023;25.633
28079 Madrid;2807914 Madrid distrito 14;2807914081 Madrid sección 14081;Renta neta media por persona;2023;18.140
28079 Madrid;2807914 Madrid distrito 14;2807914082 Madrid sección 14082;Renta neta media por persona;2023;8.374
28079 Madrid;2807914 Madrid distrito 14;2807914083 Madrid sección 14083;Renta neta media por persona;2023;12.832
28079 Madrid;2807914 Madrid distrito 14;2807914084 Madrid sección 14084;Renta neta media por persona;2023;21.503
28079 Madrid;2807914 Madrid distrito 14;2807914085 Madrid sección 14085;Renta neta media por persona;2023;27.453
28079 Madrid;2807914 Madrid distrito 14;2807914086 Madrid sección 14086;Renta neta media por persona;2023;14.557
28079 Madrid;2807914 Madrid distrito 14;2807914087 Madrid sección 14087;Renta neta media por persona;2023;25.169
28079 Madrid;2807914 Madrid distrito 14;2807914088 Madrid sección 14088;Renta neta media por persona;2023;23.008
28079 Madrid;2807914 Madrid distrito 14;2807914089 Madrid sección 14089;Renta neta media por persona;2023;17.060
28079 Madrid;2807914 Madrid distrito 14;2807914090 Madrid sección 14090;Renta neta media por persona;2023;16.347
28079 Madrid;2807914 Madrid distrito 14;2807914091 Madrid sección 14091;Renta neta media por persona;2023;23.351
28079 Madrid;2807914 Madrid distrito 14;2807914092 Madrid sección 14092;Renta neta media por persona;2023;15.477
28079 Madrid;2807914 Madrid distrito 14;2807914093 Madrid sección 14093;Renta neta media por persona;2023;20.894
28079 Madrid;2807914 Madrid distrito 14;2807914094 Madrid sección 14094;Renta neta media por persona;2023;27.605
28079 Madrid;2807914 Madrid distrito 14;2807914095 Madrid sección 14095;Renta neta media por persona;2023;26.439
28079 Madrid;2807915 Madrid distrito 15;2807915001 Madrid sección 15001;Renta neta media por persona;2023;19.113
28079 Madrid;2807915 Madrid distrito 15;2807915002 Madrid sección 15002;Renta neta media por persona;2023;16.185
28079 Madrid;2807915 Madrid distrito 15;2807915003 Madrid sección 15003;Renta neta media por persona;2023;17.865
28079 Madrid;2807915 Madrid distrito 15;2807915005 Madrid sección 15005;Renta neta media por persona;2023;15.649
28079 Madrid;2807915 Madrid distrito 15;2807915006 Madrid sección 15006;Renta neta media por persona;2023;14.654
28079 Madrid;2807915 Madrid distrito 15;2807915008 Madrid sección 15008;Renta neta media por persona;2023;15.625
28079 Madrid;2807915 Madrid distrito 15;2807915009 Madrid sección 15009;Renta neta media por persona;2023;12.229
28079 Madrid;2807915 Madrid distrito 15;2807915010 Madrid sección 15010;Renta neta media por persona;2023;13.065
28079 Madrid;2807915 Madrid distrito 15;2807915011 Madrid sección 15011;Renta neta media por persona;2023;11.613
28079 Madrid;2807915 Madrid distrito 15;2807915012 Madrid sección 15012;Renta neta media por persona;2023;14.493
28079 Madrid;2807915 Madrid distrito 15;2807915013 Madrid sección 15013;Renta neta media por persona;2023;13.082
28079 Madrid;2807915 Madrid distrito 15;2807915014 Madrid sección 15014;Renta neta media por persona;2023;13.704
28079 Madrid;2807915 Madrid distrito 15;2807915015 Madrid sección 15015;Renta neta media por persona;2023;12.799
28079 Madrid;2807915 Madrid distrito 15;2807915016 Madrid sección 15016;Renta neta media por persona;2023;12.478
28079 Madrid;2807915 Madrid distrito 15;2807915017 Madrid sección 15017;Renta neta media por persona;2023;14.219
28079 Madrid;2807915 Madrid distrito 15;2807915018 Madrid sección 15018;Renta neta media por persona;2023;14.204
28079 Madrid;2807915 Madrid distrito 15;2807915019 Madrid sección 15019;Renta neta media por persona;2023;13.432
28079 Madrid;2807915 Madrid distrito 15;2807915020 Madrid sección 15020;Renta neta media por persona;2023;13.142
28079 Madrid;2807915 Madrid distrito 15;2807915021 Madrid sección 15021;Renta neta media por persona;2023;13.229
28079 Madrid;2807915 Madrid distrito 15;2807915022 Madrid sección 15022;Renta neta media por persona;2023;13.246
28079 Madrid;2807915 Madrid distrito 15;2807915023 Madrid sección 15023;Renta neta media por persona;2023;15.291
28079 Madrid;2807915 Madrid distrito 15;2807915024 Madrid sección 15024;Renta neta media por persona;2023;16.747
28079 Madrid;2807915 Madrid distrito 15;2807915025 Madrid sección 15025;Renta neta media por persona;2023;16.968
28079 Madrid;2807915 Madrid distrito 15;2807915026 Madrid sección 15026;Renta neta media por persona;2023;13.435
28079 Madrid;2807915 Madrid distrito 15;2807915027 Madrid sección 15027;Renta neta media por persona;2023;15.684
28079 Madrid;2807915 Madrid distrito 15;2807915028 Madrid sección 15028;Renta neta media por persona;2023;17.264
28079 Madrid;2807915 Madrid distrito 15;2807915029 Madrid sección 15029;Renta neta media por persona;2023;16.121
28079 Madrid;2807915 Madrid distrito 15;2807915030 Madrid sección 15030;Renta neta media por persona;2023;19.581
28079 Madrid;2807915 Madrid distrito 15;2807915031 Madrid sección 15031;Renta neta media por persona;2023;18.295
28079 Madrid;2807915 Madrid distrito 15;2807915032 Madrid sección 15032;Renta neta media por persona;2023;19.291
28079 Madrid;2807915 Madrid distrito 15;2807915033 Madrid sección 15033;Renta neta media por persona;2023;17.451
28079 Madrid;2807915 Madrid distrito 15;2807915034 Madrid sección 15034;Renta neta media por persona;2023;15.028
28079 Madrid;2807915 Madrid distrito 15;2807915035 Madrid sección 15035;Renta neta media por persona;2023;18.063
28079 Madrid;2807915 Madrid distrito 15;2807915036 Madrid sección 15036;Renta neta media por persona;2023;16.081
28079 Madrid;2807915 Madrid distrito 15;2807915037 Madrid sección 15037;Renta neta media por persona;2023;15.509
28079 Madrid;2807915 Madrid distrito 15;2807915038 Madrid sección 15038;Renta neta media por persona;2023;15.278
28079 Madrid;2807915 Madrid distrito 15;2807915039 Madrid sección 15039;Renta neta media por persona;2023;15.073
28079 Madrid;2807915 Madrid distrito 15;2807915040 Madrid sección 15040;Renta neta media por persona;2023;14.165
28079 Madrid;2807915 Madrid distrito 15;2807915041 Madrid sección 15041;Renta neta media por persona;2023;14.409
28079 Madrid;2807915 Madrid distrito 15;2807915042 Madrid sección 15042;Renta neta media por persona;2023;15.742
28079 Madrid;2807915 Madrid distrito 15;2807915043 Madrid sección 15043;Renta neta media por persona;2023;15.006
28079 Madrid;2807915 Madrid distrito 15;2807915044 Madrid sección 15044;Renta neta media por persona;2023;16.249
28079 Madrid;2807915 Madrid distrito 15;2807915045 Madrid sección 15045;Renta neta media por persona;2023;15.971
28079 Madrid;2807915 Madrid distrito 15;2807915046 Madrid sección 15046;Renta neta media por persona;2023;14.755
28079 Madrid;2807915 Madrid distrito 15;2807915047 Madrid sección 15047;Renta neta media por persona;2023;15.463
28079 Madrid;2807915 Madrid distrito 15;2807915048 Madrid sección 15048;Renta neta media por persona;2023;13.510
28079 Madrid;2807915 Madrid distrito 15;2807915049 Madrid sección 15049;Renta neta media por persona;2023;12.878
28079 Madrid;2807915 Madrid distrito 15;2807915050 Madrid sección 15050;Renta neta media por persona;2023;14.474
28079 Madrid;2807915 Madrid distrito 15;2807915051 Madrid sección 15051;Renta neta media por persona;2023;14.821
28079 Madrid;2807915 Madrid distrito 15;2807915052 Madrid sección 15052;Renta neta media por persona;2023;13.274
28079 Madrid;2807915 Madrid distrito 15;2807915053 Madrid sección 15053;Renta neta media por persona;2023;11.756
28079 Madrid;2807915 Madrid distrito 15;2807915054 Madrid sección 15054;Renta neta media por persona;2023;12.715
28079 Madrid;2807915 Madrid distrito 15;2807915056 Madrid sección 15056;Renta neta media por persona;2023;13.461
28079 Madrid;2807915 Madrid distrito 15;2807915057 Madrid sección 15057;Renta neta media por persona;2023;13.693
28079 Madrid;2807915 Madrid distrito 15;2807915058 Madrid sección 15058;Renta neta media por persona;2023;12.555
28079 Madrid;2807915 Madrid distrito 15;2807915059 Madrid sección 15059;Renta neta media por persona;2023;12.555
28079 Madrid;2807915 Madrid distrito 15;2807915060 Madrid sección 15060;Renta neta media por persona;2023;12.327
28079 Madrid;2807915 Madrid distrito 15;2807915061 Madrid sección 15061;Renta neta media por persona;2023;13.625
28079 Madrid;2807915 Madrid distrito 15;2807915062 Madrid sección 15062;Renta neta media por persona;2023;16.577
28079 Madrid;2807915 Madrid distrito 15;2807915065 Madrid sección 15065;Renta neta media por persona;2023;19.062
28079 Madrid;2807915 Madrid distrito 15;2807915066 Madrid sección 15066;Renta neta media por persona;2023;17.451
28079 Madrid;2807915 Madrid distrito 15;2807915067 Madrid sección 15067;Renta neta media por persona;2023;17.739
28079 Madrid;2807915 Madrid distrito 15;2807915068 Madrid sección 15068;Renta neta media por persona;2023;20.731
28079 Madrid;2807915 Madrid distrito 15;2807915069 Madrid sección 15069;Renta neta media por persona;2023;21.155
28079 Madrid;2807915 Madrid distrito 15;2807915070 Madrid sección 15070;Renta neta media por persona;2023;18.734
28079 Madrid;2807915 Madrid distrito 15;2807915071 Madrid sección 15071;Renta neta media por persona;2023;11.505
28079 Madrid;2807915 Madrid distrito 15;2807915073 Madrid sección 15073;Renta neta media por persona;2023;11.571
28079 Madrid;2807915 Madrid distrito 15;2807915074 Madrid sección 15074;Renta neta media por persona;2023;12.907
28079 Madrid;2807915 Madrid distrito 15;2807915075 Madrid sección 15075;Renta neta media por persona;2023;13.488
28079 Madrid;2807915 Madrid distrito 15;2807915076 Madrid sección 15076;Renta neta media por persona;2023;12.907
28079 Madrid;2807915 Madrid distrito 15;2807915077 Madrid sección 15077;Renta neta media por persona;2023;14.568
28079 Madrid;2807915 Madrid distrito 15;2807915078 Madrid sección 15078;Renta neta media por persona;2023;12.356
28079 Madrid;2807915 Madrid distrito 15;2807915079 Madrid sección 15079;Renta neta media por persona;2023;12.907
28079 Madrid;2807915 Madrid distrito 15;2807915080 Madrid sección 15080;Renta neta media por persona;2023;10.855
28079 Madrid;2807915 Madrid distrito 15;2807915081 Madrid sección 15081;Renta neta media por persona;2023;10.714
28079 Madrid;2807915 Madrid distrito 15;2807915082 Madrid sección 15082;Renta neta media por persona;2023;16.426
28079 Madrid;2807915 Madrid distrito 15;2807915083 Madrid sección 15083;Renta neta media por persona;2023;12.628
28079 Madrid;2807915 Madrid distrito 15;2807915084 Madrid sección 15084;Renta neta media por persona;2023;13.190
28079 Madrid;2807915 Madrid distrito 15;2807915085 Madrid sección 15085;Renta neta media por persona;2023;13.442
28079 Madrid;2807915 Madrid distrito 15;2807915086 Madrid sección 15086;Renta neta media por persona;2023;16.316
28079 Madrid;2807915 Madrid distrito 15;2807915087 Madrid sección 15087;Renta neta media por persona;2023;11.628
28079 Madrid;2807915 Madrid distrito 15;2807915088 Madrid sección 15088;Renta neta media por persona;2023;10.772
28079 Madrid;2807915 Madrid distrito 15;2807915089 Madrid sección 15089;Renta neta media por persona;2023;12.277
28079 Madrid;2807915 Madrid distrito 15;2807915090 Madrid sección 15090;Renta neta media por persona;2023;19.609
28079 Madrid;2807915 Madrid distrito 15;2807915092 Madrid sección 15092;Renta neta media por persona;2023;24.404
28079 Madrid;2807915 Madrid distrito 15;2807915093 Madrid sección 15093;Renta neta media por persona;2023;16.417
28079 Madrid;2807915 Madrid distrito 15;2807915094 Madrid sección 15094;Renta neta media por persona;2023;18.037
28079 Madrid;2807915 Madrid distrito 15;2807915095 Madrid sección 15095;Renta neta media por persona;2023;13.695
28079 Madrid;2807915 Madrid distrito 15;2807915096 Madrid sección 15096;Renta neta media por persona;2023;14.638
28079 Madrid;2807915 Madrid distrito 15;2807915097 Madrid sección 15097;Renta neta media por persona;2023;12.706
28079 Madrid;2807915 Madrid distrito 15;2807915098 Madrid sección 15098;Renta neta media por persona;2023;13.324
28079 Madrid;2807915 Madrid distrito 15;2807915099 Madrid sección 15099;Renta neta media por persona;2023;14.761
28079 Madrid;2807915 Madrid distrito 15;2807915100 Madrid sección 15100;Renta neta media por persona;2023;13.979
28079 Madrid;2807915 Madrid distrito 15;2807915101 Madrid sección 15101;Renta neta media por persona;2023;14.418
28079 Madrid;2807915 Madrid distrito 15;2807915102 Madrid sección 15102;Renta neta media por persona;2023;16.365
28079 Madrid;2807915 Madrid distrito 15;2807915103 Madrid sección 15103;Renta neta media por persona;2023;16.279
28079 Madrid;2807915 Madrid distrito 15;2807915104 Madrid sección 15104;Renta neta media por persona;2023;""
28079 Madrid;2807915 Madrid distrito 15;2807915105 Madrid sección 15105;Renta neta media por persona;2023;16.239
28079 Madrid;2807915 Madrid distrito 15;2807915106 Madrid sección 15106;Renta neta media por persona;2023;14.098
28079 Madrid;2807915 Madrid distrito 15;2807915108 Madrid sección 15108;Renta neta media por persona;2023;16.295
28079 Madrid;2807915 Madrid distrito 15;2807915109 Madrid sección 15109;Renta neta media por persona;2023;18.614
28079 Madrid;2807915 Madrid distrito 15;2807915110 Madrid sección 15110;Renta neta media por persona;2023;15.350
28079 Madrid;2807915 Madrid distrito 15;2807915111 Madrid sección 15111;Renta neta media por persona;2023;18.920
28079 Madrid;2807915 Madrid distrito 15;2807915112 Madrid sección 15112;Renta neta media por persona;2023;16.250
28079 Madrid;2807915 Madrid distrito 15;2807915113 Madrid sección 15113;Renta neta media por persona;2023;17.695
28079 Madrid;2807915 Madrid distrito 15;2807915114 Madrid sección 15114;Renta neta media por persona;2023;18.159
28079 Madrid;2807915 Madrid distrito 15;2807915115 Madrid sección 15115;Renta neta media por persona;2023;19.835
28079 Madrid;2807915 Madrid distrito 15;2807915116 Madrid sección 15116;Renta neta media por persona;2023;17.271
28079 Madrid;2807915 Madrid distrito 15;2807915117 Madrid sección 15117;Renta neta media por persona;2023;15.655
28079 Madrid;2807915 Madrid distrito 15;2807915118 Madrid sección 15118;Renta neta media por persona;2023;16.668
28079 Madrid;2807915 Madrid distrito 15;2807915119 Madrid sección 15119;Renta neta media por persona;2023;16.427
28079 Madrid;2807915 Madrid distrito 15;2807915120 Madrid sección 15120;Renta neta media por persona;2023;15.906
28079 Madrid;2807915 Madrid distrito 15;2807915121 Madrid sección 15121;Renta neta media por persona;2023;18.804
28079 Madrid;2807915 Madrid distrito 15;2807915122 Madrid sección 15122;Renta neta media por persona;2023;18.229
28079 Madrid;2807915 Madrid distrito 15;2807915123 Madrid sección 15123;Renta neta media por persona;2023;20.319
28079 Madrid;2807915 Madrid distrito 15;2807915124 Madrid sección 15124;Renta neta media por persona;2023;16.765
28079 Madrid;2807915 Madrid distrito 15;2807915125 Madrid sección 15125;Renta neta media por persona;2023;25.343
28079 Madrid;2807915 Madrid distrito 15;2807915126 Madrid sección 15126;Renta neta media por persona;2023;15.892
28079 Madrid;2807915 Madrid distrito 15;2807915127 Madrid sección 15127;Renta neta media por persona;2023;21.751
28079 Madrid;2807915 Madrid distrito 15;2807915128 Madrid sección 15128;Renta neta media por persona;2023;26.637
28079 Madrid;2807915 Madrid distrito 15;2807915129 Madrid sección 15129;Renta neta media por persona;2023;19.900
28079 Madrid;2807915 Madrid distrito 15;2807915130 Madrid sección 15130;Renta neta media por persona;2023;19.009
28079 Madrid;2807915 Madrid distrito 15;2807915131 Madrid sección 15131;Renta neta media por persona;2023;17.897
28079 Madrid;2807915 Madrid distrito 15;2807915132 Madrid sección 15132;Renta neta media por persona;2023;19.661
28079 Madrid;2807915 Madrid distrito 15;2807915133 Madrid sección 15133;Renta neta media por persona;2023;18.082
28079 Madrid;2807915 Madrid distrito 15;2807915134 Madrid sección 15134;Renta neta media por persona;2023;18.535
28079 Madrid;2807915 Madrid distrito 15;2807915135 Madrid sección 15135;Renta neta media por persona;2023;18.073
28079 Madrid;2807915 Madrid distrito 15;2807915136 Madrid sección 15136;Renta neta media por persona;2023;17.492
28079 Madrid;2807915 Madrid distrito 15;2807915138 Madrid sección 15138;Renta neta media por persona;2023;16.081
28079 Madrid;2807915 Madrid distrito 15;2807915139 Madrid sección 15139;Renta neta media por persona;2023;""
28079 Madrid;2807915 Madrid distrito 15;2807915140 Madrid sección 15140;Renta neta media por persona;2023;16.538
28079 Madrid;2807915 Madrid distrito 15;2807915141 Madrid sección 15141;Renta neta media por persona;2023;17.768
28079 Madrid;2807915 Madrid distrito 15;2807915142 Madrid sección 15142;Renta neta media por persona;2023;28.471
28079 Madrid;2807915 Madrid distrito 15;2807915143 Madrid sección 15143;Renta neta media por persona;2023;30.657
28079 Madrid;2807915 Madrid distrito 15;2807915144 Madrid sección 15144;Renta neta media por persona;2023;30.079
28079 Madrid;2807915 Madrid distrito 15;2807915145 Madrid sección 15145;Renta neta media por persona;2023;""
28079 Madrid;2807915 Madrid distrito 15;2807915146 Madrid sección 15146;Renta neta media por persona;2023;26.173
28079 Madrid;2807915 Madrid distrito 15;2807915147 Madrid sección 15147;Renta neta media por persona;2023;28.949
28079 Madrid;2807915 Madrid distrito 15;2807915148 Madrid sección 15148;Renta neta media por persona;2023;20.809
28079 Madrid;2807915 Madrid distrito 15;2807915149 Madrid sección 15149;Renta neta media por persona;2023;23.559
28079 Madrid;2807915 Madrid distrito 15;2807915150 Madrid sección 15150;Renta neta media por persona;2023;36.918
28079 Madrid;2807915 Madrid distrito 15;2807915151 Madrid sección 15151;Renta neta media por persona;2023;28.602
28079 Madrid;2807915 Madrid distrito 15;2807915153 Madrid sección 15153;Renta neta media por persona;2023;30.200
28079 Madrid;2807915 Madrid distrito 15;2807915154 Madrid sección 15154;Renta neta media por persona;2023;23.266
28079 Madrid;2807915 Madrid distrito 15;2807915155 Madrid sección 15155;Renta neta media por persona;2023;32.661
28079 Madrid;2807915 Madrid distrito 15;2807915156 Madrid sección 15156;Renta neta media por persona;2023;22.853
28079 Madrid;2807915 Madrid distrito 15;2807915157 Madrid sección 15157;Renta neta media por persona;2023;29.658
28079 Madrid;2807915 Madrid distrito 15;2807915158 Madrid sección 15158;Renta neta media por persona;2023;29.992
28079 Madrid;2807915 Madrid distrito 15;2807915159 Madrid sección 15159;Renta neta media por persona;2023;33.140
28079 Madrid;2807915 Madrid distrito 15;2807915160 Madrid sección 15160;Renta neta media por persona;2023;32.367
28079 Madrid;2807915 Madrid distrito 15;2807915161 Madrid sección 15161;Renta neta media por persona;2023;33.273
28079 Madrid;2807915 Madrid distrito 15;2807915162 Madrid sección 15162;Renta neta media por persona;2023;33.029
28079 Madrid;2807915 Madrid distrito 15;2807915163 Madrid sección 15163;Renta neta media por persona;2023;28.818
28079 Madrid;2807915 Madrid distrito 15;2807915164 Madrid sección 15164;Renta neta media por persona;2023;28.332
28079 Madrid;2807915 Madrid distrito 15;2807915165 Madrid sección 15165;Renta neta media por persona;2023;30.350
28079 Madrid;2807915 Madrid distrito 15;2807915166 Madrid sección 15166;Renta neta media por persona;2023;27.888
28079 Madrid;2807915 Madrid distrito 15;2807915167 Madrid sección 15167;Renta neta media por persona;2023;36.918
28079 Madrid;2807915 Madrid distrito 15;2807915168 Madrid sección 15168;Renta neta media por persona;2023;29.654
28079 Madrid;2807915 Madrid distrito 15;2807915170 Madrid sección 15170;Renta neta media por persona;2023;32.826
28079 Madrid;2807915 Madrid distrito 15;2807915171 Madrid sección 15171;Renta neta media por persona;2023;15.225
28079 Madrid;2807915 Madrid distrito 15;2807915172 Madrid sección 15172;Renta neta media por persona;2023;26.659
28079 Madrid;2807915 Madrid distrito 15;2807915173 Madrid sección 15173;Renta neta media por persona;2023;26.684
28079 Madrid;2807915 Madrid distrito 15;2807915174 Madrid sección 15174;Renta neta media por persona;2023;33.395
28079 Madrid;2807915 Madrid distrito 15;2807915175 Madrid sección 15175;Renta neta media por persona;2023;24.656
28079 Madrid;2807915 Madrid distrito 15;2807915176 Madrid sección 15176;Renta neta media por persona;2023;26.016
28079 Madrid;2807915 Madrid distrito 15;2807915177 Madrid sección 15177;Renta neta media por persona;2023;18.142
28079 Madrid;2807915 Madrid distrito 15;2807915178 Madrid sección 15178;Renta neta media por persona;2023;27.005
28079 Madrid;2807915 Madrid distrito 15;2807915179 Madrid sección 15179;Renta neta media por persona;2023;18.610
28079 Madrid;2807915 Madrid distrito 15;2807915180 Madrid sección 15180;Renta neta media por persona;2023;26.508
28079 Madrid;2807915 Madrid distrito 15;2807915181 Madrid sección 15181;Renta neta media por persona;2023;23.240
28079 Madrid;2807915 Madrid distrito 15;2807915182 Madrid sección 15182;Renta neta media por persona;2023;26.674
28079 Madrid;2807916 Madrid distrito 16;2807916001 Madrid sección 16001;Renta neta media por persona;2023;36.918
28079 Madrid;2807916 Madrid distrito 16;2807916002 Madrid sección 16002;Renta neta media por persona;2023;36.918
28079 Madrid;2807916 Madrid distrito 16;2807916003 Madrid sección 16003;Renta neta media por persona;2023;36.918
28079 Madrid;2807916 Madrid distrito 16;2807916004 Madrid sección 16004;Renta neta media por persona;2023;36.918
28079 Madrid;2807916 Madrid distrito 16;2807916005 Madrid sección 16005;Renta neta media por persona;2023;36.918
28079 Madrid;2807916 Madrid distrito 16;2807916006 Madrid sección 16006;Renta neta media por persona;2023;25.083
28079 Madrid;2807916 Madrid distrito 16;2807916007 Madrid sección 16007;Renta neta media por persona;2023;28.379
28079 Madrid;2807916 Madrid distrito 16;2807916008 Madrid sección 16008;Renta neta media por persona;2023;13.759
28079 Madrid;2807916 Madrid distrito 16;2807916009 Madrid sección 16009;Renta neta media por persona;2023;13.533
28079 Madrid;2807916 Madrid distrito 16;2807916011 Madrid sección 16011;Renta neta media por persona;2023;14.178
28079 Madrid;2807916 Madrid distrito 16;2807916012 Madrid sección 16012;Renta neta media por persona;2023;16.459
28079 Madrid;2807916 Madrid distrito 16;2807916013 Madrid sección 16013;Renta neta media por persona;2023;18.737
28079 Madrid;2807916 Madrid distrito 16;2807916014 Madrid sección 16014;Renta neta media por persona;2023;17.851
28079 Madrid;2807916 Madrid distrito 16;2807916015 Madrid sección 16015;Renta neta media por persona;2023;17.960
28079 Madrid;2807916 Madrid distrito 16;2807916016 Madrid sección 16016;Renta neta media por persona;2023;18.397
28079 Madrid;2807916 Madrid distrito 16;2807916017 Madrid sección 16017;Renta neta media por persona;2023;17.901
28079 Madrid;2807916 Madrid distrito 16;2807916018 Madrid sección 16018;Renta neta media por persona;2023;19.143
28079 Madrid;2807916 Madrid distrito 16;2807916019 Madrid sección 16019;Renta neta media por persona;2023;18.832
28079 Madrid;2807916 Madrid distrito 16;2807916020 Madrid sección 16020;Renta neta media por persona;2023;18.525
28079 Madrid;2807916 Madrid distrito 16;2807916021 Madrid sección 16021;Renta neta media por persona;2023;22.353
28079 Madrid;2807916 Madrid distrito 16;2807916022 Madrid sección 16022;Renta neta media por persona;2023;19.257
28079 Madrid;2807916 Madrid distrito 16;2807916024 Madrid sección 16024;Renta neta media por persona;2023;18.609
28079 Madrid;2807916 Madrid distrito 16;2807916025 Madrid sección 16025;Renta neta media por persona;2023;20.967
28079 Madrid;2807916 Madrid distrito 16;2807916026 Madrid sección 16026;Renta neta media por persona;2023;15.175
28079 Madrid;2807916 Madrid distrito 16;2807916027 Madrid sección 16027;Renta neta media por persona;2023;16.223
28079 Madrid;2807916 Madrid distrito 16;2807916028 Madrid sección 16028;Renta neta media por persona;2023;18.318
28079 Madrid;2807916 Madrid distrito 16;2807916029 Madrid sección 16029;Renta neta media por persona;2023;15.410
28079 Madrid;2807916 Madrid distrito 16;2807916030 Madrid sección 16030;Renta neta media por persona;2023;19.755
28079 Madrid;2807916 Madrid distrito 16;2807916031 Madrid sección 16031;Renta neta media por persona;2023;21.450
28079 Madrid;2807916 Madrid distrito 16;2807916032 Madrid sección 16032;Renta neta media por persona;2023;25.507
28079 Madrid;2807916 Madrid distrito 16;2807916033 Madrid sección 16033;Renta neta media por persona;2023;17.975
28079 Madrid;2807916 Madrid distrito 16;2807916034 Madrid sección 16034;Renta neta media por persona;2023;19.605
28079 Madrid;2807916 Madrid distrito 16;2807916035 Madrid sección 16035;Renta neta media por persona;2023;21.935
28079 Madrid;2807916 Madrid distrito 16;2807916036 Madrid sección 16036;Renta neta media por persona;2023;26.383
28079 Madrid;2807916 Madrid distrito 16;2807916037 Madrid sección 16037;Renta neta media por persona;2023;14.667
28079 Madrid;2807916 Madrid distrito 16;2807916038 Madrid sección 16038;Renta neta media por persona;2023;18.158
28079 Madrid;2807916 Madrid distrito 16;2807916039 Madrid sección 16039;Renta neta media por persona;2023;12.770
28079 Madrid;2807916 Madrid distrito 16;2807916040 Madrid sección 16040;Renta neta media por persona;2023;12.947
28079 Madrid;2807916 Madrid distrito 16;2807916041 Madrid sección 16041;Renta neta media por persona;2023;""
28079 Madrid;2807916 Madrid distrito 16;2807916042 Madrid sección 16042;Renta neta media por persona;2023;15.699
28079 Madrid;2807916 Madrid distrito 16;2807916043 Madrid sección 16043;Renta neta media por persona;2023;13.998
28079 Madrid;2807916 Madrid distrito 16;2807916044 Madrid sección 16044;Renta neta media por persona;2023;19.178
28079 Madrid;2807916 Madrid distrito 16;2807916045 Madrid sección 16045;Renta neta media por persona;2023;24.185
28079 Madrid;2807916 Madrid distrito 16;2807916046 Madrid sección 16046;Renta neta media por persona;2023;20.802
28079 Madrid;2807916 Madrid distrito 16;2807916047 Madrid sección 16047;Renta neta media por persona;2023;""
28079 Madrid;2807916 Madrid distrito 16;2807916048 Madrid sección 16048;Renta neta media por persona;2023;20.348
28079 Madrid;2807916 Madrid distrito 16;2807916049 Madrid sección 16049;Renta neta media por persona;2023;20.674
28079 Madrid;2807916 Madrid distrito 16;2807916050 Madrid sección 16050;Renta neta media por persona;2023;17.205
28079 Madrid;2807916 Madrid distrito 16;2807916051 Madrid sección 16051;Renta neta media por persona;2023;14.912
28079 Madrid;2807916 Madrid distrito 16;2807916052 Madrid sección 16052;Renta neta media por persona;2023;14.702
28079 Madrid;2807916 Madrid distrito 16;2807916053 Madrid sección 16053;Renta neta media por persona;2023;13.447
28079 Madrid;2807916 Madrid distrito 16;2807916054 Madrid sección 16054;Renta neta media por persona;2023;14.247
28079 Madrid;2807916 Madrid distrito 16;2807916055 Madrid sección 16055;Renta neta media por persona;2023;13.455
28079 Madrid;2807916 Madrid distrito 16;2807916056 Madrid sección 16056;Renta neta media por persona;2023;""
28079 Madrid;2807916 Madrid distrito 16;2807916057 Madrid sección 16057;Renta neta media por persona;2023;14.952
28079 Madrid;2807916 Madrid distrito 16;2807916058 Madrid sección 16058;Renta neta media por persona;2023;15.580
28079 Madrid;2807916 Madrid distrito 16;2807916059 Madrid sección 16059;Renta neta media por persona;2023;17.023
28079 Madrid;2807916 Madrid distrito 16;2807916060 Madrid sección 16060;Renta neta media por persona;2023;18.533
28079 Madrid;2807916 Madrid distrito 16;2807916061 Madrid sección 16061;Renta neta media por persona;2023;19.545
28079 Madrid;2807916 Madrid distrito 16;2807916062 Madrid sección 16062;Renta neta media por persona;2023;""
28079 Madrid;2807916 Madrid distrito 16;2807916063 Madrid sección 16063;Renta neta media por persona;2023;19.316
28079 Madrid;2807916 Madrid distrito 16;2807916064 Madrid sección 16064;Renta neta media por persona;2023;19.076
28079 Madrid;2807916 Madrid distrito 16;2807916065 Madrid sección 16065;Renta neta media por persona;2023;16.521
28079 Madrid;2807916 Madrid distrito 16;2807916066 Madrid sección 16066;Renta neta media por persona;2023;16.464
28079 Madrid;2807916 Madrid distrito 16;2807916067 Madrid sección 16067;Renta neta media por persona;2023;14.561
28079 Madrid;2807916 Madrid distrito 16;2807916069 Madrid sección 16069;Renta neta media por persona;2023;16.903
28079 Madrid;2807916 Madrid distrito 16;2807916070 Madrid sección 16070;Renta neta media por persona;2023;18.977
28079 Madrid;2807916 Madrid distrito 16;2807916071 Madrid sección 16071;Renta neta media por persona;2023;11.702
28079 Madrid;2807916 Madrid distrito 16;2807916072 Madrid sección 16072;Renta neta media por persona;2023;""
28079 Madrid;2807916 Madrid distrito 16;2807916073 Madrid sección 16073;Renta neta media por persona;2023;12.522
28079 Madrid;2807916 Madrid distrito 16;2807916074 Madrid sección 16074;Renta neta media por persona;2023;12.623
28079 Madrid;2807916 Madrid distrito 16;2807916075 Madrid sección 16075;Renta neta media por persona;2023;15.612
28079 Madrid;2807916 Madrid distrito 16;2807916076 Madrid sección 16076;Renta neta media por persona;2023;13.154
28079 Madrid;2807916 Madrid distrito 16;2807916077 Madrid sección 16077;Renta neta media por persona;2023;12.445
28079 Madrid;2807916 Madrid distrito 16;2807916078 Madrid sección 16078;Renta neta media por persona;2023;13.051
28079 Madrid;2807916 Madrid distrito 16;2807916079 Madrid sección 16079;Renta neta media por persona;2023;18.527
28079 Madrid;2807916 Madrid distrito 16;2807916080 Madrid sección 16080;Renta neta media por persona;2023;33.557
28079 Madrid;2807916 Madrid distrito 16;2807916081 Madrid sección 16081;Renta neta media por persona;2023;27.233
28079 Madrid;2807916 Madrid distrito 16;2807916082 Madrid sección 16082;Renta neta media por persona;2023;12.324
28079 Madrid;2807916 Madrid distrito 16;2807916083 Madrid sección 16083;Renta neta media por persona;2023;16.038
28079 Madrid;2807916 Madrid distrito 16;2807916085 Madrid sección 16085;Renta neta media por persona;2023;17.209
28079 Madrid;2807916 Madrid distrito 16;2807916086 Madrid sección 16086;Renta neta media por persona;2023;16.054
28079 Madrid;2807916 Madrid distrito 16;2807916087 Madrid sección 16087;Renta neta media por persona;2023;16.304
28079 Madrid;2807916 Madrid distrito 16;2807916088 Madrid sección 16088;Renta neta media por persona;2023;17.108
28079 Madrid;2807916 Madrid distrito 16;2807916089 Madrid sección 16089;Renta neta media por persona;2023;16.860
28079 Madrid;2807916 Madrid distrito 16;2807916090 Madrid sección 16090;Renta neta media por persona;2023;15.385
28079 Madrid;2807916 Madrid distrito 16;2807916091 Madrid sección 16091;Renta neta media por persona;2023;36.918
28079 Madrid;2807916 Madrid distrito 16;2807916092 Madrid sección 16092;Renta neta media por persona;2023;19.751
28079 Madrid;2807916 Madrid distrito 16;2807916093 Madrid sección 16093;Renta neta media por persona;2023;20.183
28079 Madrid;2807916 Madrid distrito 16;2807916096 Madrid sección 16096;Renta neta media por persona;2023;23.788
28079 Madrid;2807916 Madrid distrito 16;2807916097 Madrid sección 16097;Renta neta media por persona;2023;17.853
28079 Madrid;2807916 Madrid distrito 16;2807916098 Madrid sección 16098;Renta neta media por persona;2023;26.601
28079 Madrid;2807916 Madrid distrito 16;2807916099 Madrid sección 16099;Renta neta media por persona;2023;20.970
28079 Madrid;2807916 Madrid distrito 16;2807916100 Madrid sección 16100;Renta neta media por persona;2023;21.712
28079 Madrid;2807916 Madrid distrito 16;2807916101 Madrid sección 16101;Renta neta media por persona;2023;22.217
28079 Madrid;2807916 Madrid distrito 16;2807916102 Madrid sección 16102;Renta neta media por persona;2023;36.918
28079 Madrid;2807916 Madrid distrito 16;2807916103 Madrid sección 16103;Renta neta media por persona;2023;36.918
28079 Madrid;2807916 Madrid distrito 16;2807916104 Madrid sección 16104;Renta neta media por persona;2023;22.144
28079 Madrid;2807916 Madrid distrito 16;2807916105 Madrid sección 16105;Renta neta media por persona;2023;31.338
28079 Madrid;2807916 Madrid distrito 16;2807916106 Madrid sección 16106;Renta neta media por persona;2023;27.116
28079 Madrid;2807916 Madrid distrito 16;2807916107 Madrid sección 16107;Renta neta media por persona;2023;27.161
28079 Madrid;2807916 Madrid distrito 16;2807916108 Madrid sección 16108;Renta neta media por persona;2023;29.362
28079 Madrid;2807916 Madrid distrito 16;2807916109 Madrid sección 16109;Renta neta media por persona;2023;14.577
28079 Madrid;2807916 Madrid distrito 16;2807916110 Madrid sección 16110;Renta neta media por persona;2023;19.005
28079 Madrid;2807916 Madrid distrito 16;2807916111 Madrid sección 16111;Renta neta media por persona;2023;23.480
28079 Madrid;2807916 Madrid distrito 16;2807916112 Madrid sección 16112;Renta neta media por persona;2023;19.310
28079 Madrid;2807916 Madrid distrito 16;2807916113 Madrid sección 16113;Renta neta media por persona;2023;36.918
28079 Madrid;2807916 Madrid distrito 16;2807916114 Madrid sección 16114;Renta neta media por persona;2023;26.641
28079 Madrid;2807916 Madrid distrito 16;2807916115 Madrid sección 16115;Renta neta media por persona;2023;27.306
28079 Madrid;2807916 Madrid distrito 16;2807916116 Madrid sección 16116;Renta neta media por persona;2023;20.705
28079 Madrid;2807916 Madrid distrito 16;2807916117 Madrid sección 16117;Renta neta media por persona;2023;20.769
28079 Madrid;2807916 Madrid distrito 16;2807916118 Madrid sección 16118;Renta neta media por persona;2023;19.550
28079 Madrid;2807916 Madrid distrito 16;2807916119 Madrid sección 16119;Renta neta media por persona;2023;26.617
28079 Madrid;2807916 Madrid distrito 16;2807916120 Madrid sección 16120;Renta neta media por persona;2023;19.393
28079 Madrid;2807916 Madrid distrito 16;2807916121 Madrid sección 16121;Renta neta media por persona;2023;32.381
28079 Madrid;2807916 Madrid distrito 16;2807916122 Madrid sección 16122;Renta neta media por persona;2023;27.609
28079 Madrid;2807916 Madrid distrito 16;2807916123 Madrid sección 16123;Renta neta media por persona;2023;36.918
28079 Madrid;2807916 Madrid distrito 16;2807916124 Madrid sección 16124;Renta neta media por persona;2023;26.982
28079 Madrid;2807916 Madrid distrito 16;2807916125 Madrid sección 16125;Renta neta media por persona;2023;26.681
28079 Madrid;2807916 Madrid distrito 16;2807916126 Madrid sección 16126;Renta neta media por persona;2023;24.093
28079 Madrid;2807916 Madrid distrito 16;2807916127 Madrid sección 16127;Renta neta media por persona;2023;20.730
28079 Madrid;2807916 Madrid distrito 16;2807916128 Madrid sección 16128;Renta neta media por persona;2023;25.410
28079 Madrid;2807916 Madrid distrito 16;2807916129 Madrid sección 16129;Renta neta media por persona;2023;24.561
28079 Madrid;2807916 Madrid distrito 16;2807916130 Madrid sección 16130;Renta neta media por persona;2023;22.623
28079 Madrid;2807916 Madrid distrito 16;2807916131 Madrid sección 16131;Renta neta media por persona;2023;28.732
28079 Madrid;2807916 Madrid distrito 16;2807916132 Madrid sección 16132;Renta neta media por persona;2023;24.966
28079 Madrid;2807916 Madrid distrito 16;2807916133 Madrid sección 16133;Renta neta media por persona;2023;25.100
28079 Madrid;2807916 Madrid distrito 16;2807916134 Madrid sección 16134;Renta neta media por persona;2023;36.918
28079 Madrid;2807917 Madrid distrito 17;2807917002 Madrid sección 17002;Renta neta media por persona;2023;11.182
28079 Madrid;2807917 Madrid distrito 17;2807917003 Madrid sección 17003;Renta neta media por persona;2023;10.985
28079 Madrid;2807917 Madrid distrito 17;2807917004 Madrid sección 17004;Renta neta media por persona;2023;8.837
28079 Madrid;2807917 Madrid distrito 17;2807917006 Madrid sección 17006;Renta neta media por persona;2023;10.273
28079 Madrid;2807917 Madrid distrito 17;2807917007 Madrid sección 17007;Renta neta media por persona;2023;9.995
28079 Madrid;2807917 Madrid distrito 17;2807917008 Madrid sección 17008;Renta neta media por persona;2023;10.424
28079 Madrid;2807917 Madrid distrito 17;2807917009 Madrid sección 17009;Renta neta media por persona;2023;10.066
28079 Madrid;2807917 Madrid distrito 17;2807917010 Madrid sección 17010;Renta neta media por persona;2023;10.627
28079 Madrid;2807917 Madrid distrito 17;2807917011 Madrid sección 17011;Renta neta media por persona;2023;10.093
28079 Madrid;2807917 Madrid distrito 17;2807917012 Madrid sección 17012;Renta neta media por persona;2023;10.152
28079 Madrid;2807917 Madrid distrito 17;2807917013 Madrid sección 17013;Renta neta media por persona;2023;10.913
28079 Madrid;2807917 Madrid distrito 17;2807917014 Madrid sección 17014;Renta neta media por persona;2023;9.917
28079 Madrid;2807917 Madrid distrito 17;2807917015 Madrid sección 17015;Renta neta media por persona;2023;10.185
28079 Madrid;2807917 Madrid distrito 17;2807917016 Madrid sección 17016;Renta neta media por persona;2023;10.043
28079 Madrid;2807917 Madrid distrito 17;2807917017 Madrid sección 17017;Renta neta media por persona;2023;12.360
28079 Madrid;2807917 Madrid distrito 17;2807917018 Madrid sección 17018;Renta neta media por persona;2023;9.576
28079 Madrid;2807917 Madrid distrito 17;2807917019 Madrid sección 17019;Renta neta media por persona;2023;11.076
28079 Madrid;2807917 Madrid distrito 17;2807917020 Madrid sección 17020;Renta neta media por persona;2023;11.683
28079 Madrid;2807917 Madrid distrito 17;2807917021 Madrid sección 17021;Renta neta media por persona;2023;8.250
28079 Madrid;2807917 Madrid distrito 17;2807917022 Madrid sección 17022;Renta neta media por persona;2023;9.776
28079 Madrid;2807917 Madrid distrito 17;2807917023 Madrid sección 17023;Renta neta media por persona;2023;13.090
28079 Madrid;2807917 Madrid distrito 17;2807917024 Madrid sección 17024;Renta neta media por persona;2023;10.204
28079 Madrid;2807917 Madrid distrito 17;2807917025 Madrid sección 17025;Renta neta media por persona;2023;9.674
28079 Madrid;2807917 Madrid distrito 17;2807917026 Madrid sección 17026;Renta neta media por persona;2023;10.762
28079 Madrid;2807917 Madrid distrito 17;2807917027 Madrid sección 17027;Renta neta media por persona;2023;13.976
28079 Madrid;2807917 Madrid distrito 17;2807917028 Madrid sección 17028;Renta neta media por persona;2023;12.038
28079 Madrid;2807917 Madrid distrito 17;2807917029 Madrid sección 17029;Renta neta media por persona;2023;15.945
28079 Madrid;2807917 Madrid distrito 17;2807917031 Madrid sección 17031;Renta neta media por persona;2023;8.411
28079 Madrid;2807917 Madrid distrito 17;2807917032 Madrid sección 17032;Renta neta media por persona;2023;8.156
28079 Madrid;2807917 Madrid distrito 17;2807917033 Madrid sección 17033;Renta neta media por persona;2023;7.457
28079 Madrid;2807917 Madrid distrito 17;2807917035 Madrid sección 17035;Renta neta media por persona;2023;7.781
28079 Madrid;2807917 Madrid distrito 17;2807917036 Madrid sección 17036;Renta neta media por persona;2023;8.937
28079 Madrid;2807917 Madrid distrito 17;2807917037 Madrid sección 17037;Renta neta media por persona;2023;7.438
28079 Madrid;2807917 Madrid distrito 17;2807917038 Madrid sección 17038;Renta neta media por persona;2023;8.910
28079 Madrid;2807917 Madrid distrito 17;2807917039 Madrid sección 17039;Renta neta media por persona;2023;8.542
28079 Madrid;2807917 Madrid distrito 17;2807917041 Madrid sección 17041;Renta neta media por persona;2023;7.771
28079 Madrid;2807917 Madrid distrito 17;2807917042 Madrid sección 17042;Renta neta media por persona;2023;7.066
28079 Madrid;2807917 Madrid distrito 17;2807917043 Madrid sección 17043;Renta neta media por persona;2023;8.144
28079 Madrid;2807917 Madrid distrito 17;2807917045 Madrid sección 17045;Renta neta media por persona;2023;15.008
28079 Madrid;2807917 Madrid distrito 17;2807917046 Madrid sección 17046;Renta neta media por persona;2023;10.230
28079 Madrid;2807917 Madrid distrito 17;2807917047 Madrid sección 17047;Renta neta media por persona;2023;9.884
28079 Madrid;2807917 Madrid distrito 17;2807917048 Madrid sección 17048;Renta neta media por persona;2023;13.913
28079 Madrid;2807917 Madrid distrito 17;2807917049 Madrid sección 17049;Renta neta media por persona;2023;8.853
28079 Madrid;2807917 Madrid distrito 17;2807917050 Madrid sección 17050;Renta neta media por persona;2023;11.009
28079 Madrid;2807917 Madrid distrito 17;2807917051 Madrid sección 17051;Renta neta media por persona;2023;9.545
28079 Madrid;2807917 Madrid distrito 17;2807917052 Madrid sección 17052;Renta neta media por persona;2023;10.877
28079 Madrid;2807917 Madrid distrito 17;2807917053 Madrid sección 17053;Renta neta media por persona;2023;11.369
28079 Madrid;2807917 Madrid distrito 17;2807917054 Madrid sección 17054;Renta neta media por persona;2023;9.772
28079 Madrid;2807917 Madrid distrito 17;2807917055 Madrid sección 17055;Renta neta media por persona;2023;12.678
28079 Madrid;2807917 Madrid distrito 17;2807917057 Madrid sección 17057;Renta neta media por persona;2023;10.560
28079 Madrid;2807917 Madrid distrito 17;2807917058 Madrid sección 17058;Renta neta media por persona;2023;10.612
28079 Madrid;2807917 Madrid distrito 17;2807917059 Madrid sección 17059;Renta neta media por persona;2023;11.263
28079 Madrid;2807917 Madrid distrito 17;2807917060 Madrid sección 17060;Renta neta media por persona;2023;11.869
28079 Madrid;2807917 Madrid distrito 17;2807917061 Madrid sección 17061;Renta neta media por persona;2023;8.648
28079 Madrid;2807917 Madrid distrito 17;2807917062 Madrid sección 17062;Renta neta media por persona;2023;9.652
28079 Madrid;2807917 Madrid distrito 17;2807917063 Madrid sección 17063;Renta neta media por persona;2023;10.339
28079 Madrid;2807917 Madrid distrito 17;2807917064 Madrid sección 17064;Renta neta media por persona;2023;10.341
28079 Madrid;2807917 Madrid distrito 17;2807917065 Madrid sección 17065;Renta neta media por persona;2023;10.260
28079 Madrid;2807917 Madrid distrito 17;2807917066 Madrid sección 17066;Renta neta media por persona;2023;8.777
28079 Madrid;2807917 Madrid distrito 17;2807917068 Madrid sección 17068;Renta neta media por persona;2023;11.764
28079 Madrid;2807917 Madrid distrito 17;2807917069 Madrid sección 17069;Renta neta media por persona;2023;10.671
28079 Madrid;2807917 Madrid distrito 17;2807917070 Madrid sección 17070;Renta neta media por persona;2023;16.797
28079 Madrid;2807917 Madrid distrito 17;2807917071 Madrid sección 17071;Renta neta media por persona;2023;12.820
28079 Madrid;2807917 Madrid distrito 17;2807917072 Madrid sección 17072;Renta neta media por persona;2023;9.052
28079 Madrid;2807917 Madrid distrito 17;2807917073 Madrid sección 17073;Renta neta media por persona;2023;11.444
28079 Madrid;2807917 Madrid distrito 17;2807917074 Madrid sección 17074;Renta neta media por persona;2023;13.179
28079 Madrid;2807917 Madrid distrito 17;2807917075 Madrid sección 17075;Renta neta media por persona;2023;14.147
28079 Madrid;2807917 Madrid distrito 17;2807917076 Madrid sección 17076;Renta neta media por persona;2023;14.415
28079 Madrid;2807917 Madrid distrito 17;2807917078 Madrid sección 17078;Renta neta media por persona;2023;13.809
28079 Madrid;2807917 Madrid distrito 17;2807917079 Madrid sección 17079;Renta neta media por persona;2023;12.680
28079 Madrid;2807917 Madrid distrito 17;2807917080 Madrid sección 17080;Renta neta media por persona;2023;16.572
28079 Madrid;2807917 Madrid distrito 17;2807917082 Madrid sección 17082;Renta neta media por persona;2023;12.315
28079 Madrid;2807917 Madrid distrito 17;2807917083 Madrid sección 17083;Renta neta media por persona;2023;10.905
28079 Madrid;2807917 Madrid distrito 17;2807917084 Madrid sección 17084;Renta neta media por persona;2023;11.018
28079 Madrid;2807917 Madrid distrito 17;2807917085 Madrid sección 17085;Renta neta media por persona;2023;15.159
28079 Madrid;2807917 Madrid distrito 17;2807917086 Madrid sección 17086;Renta neta media por persona;2023;15.084
28079 Madrid;2807917 Madrid distrito 17;2807917087 Madrid sección 17087;Renta neta media por persona;2023;13.401
28079 Madrid;2807917 Madrid distrito 17;2807917089 Madrid sección 17089;Renta neta media por persona;2023;12.234
28079 Madrid;2807917 Madrid distrito 17;2807917090 Madrid sección 17090;Renta neta media por persona;2023;12.338
28079 Madrid;2807917 Madrid distrito 17;2807917091 Madrid sección 17091;Renta neta media por persona;2023;12.270
28079 Madrid;2807917 Madrid distrito 17;2807917092 Madrid sección 17092;Renta neta media por persona;2023;15.983
28079 Madrid;2807917 Madrid distrito 17;2807917093 Madrid sección 17093;Renta neta media por persona;2023;16.204
28079 Madrid;2807917 Madrid distrito 17;2807917094 Madrid sección 17094;Renta neta media por persona;2023;12.385
28079 Madrid;2807917 Madrid distrito 17;2807917095 Madrid sección 17095;Renta neta media por persona;2023;13.032
28079 Madrid;2807917 Madrid distrito 17;2807917096 Madrid sección 17096;Renta neta media por persona;2023;17.214
28079 Madrid;2807917 Madrid distrito 17;2807917097 Madrid sección 17097;Renta neta media por persona;2023;17.702
28079 Madrid;2807917 Madrid distrito 17;2807917098 Madrid sección 17098;Renta neta media por persona;2023;8.095
28079 Madrid;2807917 Madrid distrito 17;2807917099 Madrid sección 17099;Renta neta media por persona;2023;16.802
28079 Madrid;2807917 Madrid distrito 17;2807917100 Madrid sección 17100;Renta neta media por persona;2023;9.741
28079 Madrid;2807917 Madrid distrito 17;2807917101 Madrid sección 17101;Renta neta media por persona;2023;12.158
28079 Madrid;2807917 Madrid distrito 17;2807917102 Madrid sección 17102;Renta neta media por persona;2023;18.897
28079 Madrid;2807917 Madrid distrito 17;2807917103 Madrid sección 17103;Renta neta media por persona;2023;15.896
28079 Madrid;2807917 Madrid distrito 17;2807917104 Madrid sección 17104;Renta neta media por persona;2023;14.751
28079 Madrid;2807917 Madrid distrito 17;2807917105 Madrid sección 17105;Renta neta media por persona;2023;16.395
28079 Madrid;2807917 Madrid distrito 17;2807917106 Madrid sección 17106;Renta neta media por persona;2023;12.120
28079 Madrid;2807917 Madrid distrito 17;2807917107 Madrid sección 17107;Renta neta media por persona;2023;14.820
28079 Madrid;2807917 Madrid distrito 17;2807917108 Madrid sección 17108;Renta neta media por persona;2023;17.726
28079 Madrid;2807917 Madrid distrito 17;2807917109 Madrid sección 17109;Renta neta media por persona;2023;12.282
28079 Madrid;2807917 Madrid distrito 17;2807917110 Madrid sección 17110;Renta neta media por persona;2023;16.005
28079 Madrid;2807917 Madrid distrito 17;2807917111 Madrid sección 17111;Renta neta media por persona;2023;11.084
28079 Madrid;2807917 Madrid distrito 17;2807917112 Madrid sección 17112;Renta neta media por persona;2023;18.042
28079 Madrid;2807917 Madrid distrito 17;2807917113 Madrid sección 17113;Renta neta media por persona;2023;19.698
28079 Madrid;2807917 Madrid distrito 17;2807917114 Madrid sección 17114;Renta neta media por persona;2023;15.687
28079 Madrid;2807917 Madrid distrito 17;2807917115 Madrid sección 17115;Renta neta media por persona;2023;17.575
28079 Madrid;2807917 Madrid distrito 17;2807917116 Madrid sección 17116;Renta neta media por persona;2023;15.531
28079 Madrid;2807917 Madrid distrito 17;2807917117 Madrid sección 17117;Renta neta media por persona;2023;13.216
28079 Madrid;2807917 Madrid distrito 17;2807917118 Madrid sección 17118;Renta neta media por persona;2023;15.479
28079 Madrid;2807918 Madrid distrito 18;2807918002 Madrid sección 18002;Renta neta media por persona;2023;12.860
28079 Madrid;2807918 Madrid distrito 18;2807918003 Madrid sección 18003;Renta neta media por persona;2023;11.823
28079 Madrid;2807918 Madrid distrito 18;2807918004 Madrid sección 18004;Renta neta media por persona;2023;12.375
28079 Madrid;2807918 Madrid distrito 18;2807918005 Madrid sección 18005;Renta neta media por persona;2023;10.991
28079 Madrid;2807918 Madrid distrito 18;2807918006 Madrid sección 18006;Renta neta media por persona;2023;11.934
28079 Madrid;2807918 Madrid distrito 18;2807918007 Madrid sección 18007;Renta neta media por persona;2023;12.688
28079 Madrid;2807918 Madrid distrito 18;2807918008 Madrid sección 18008;Renta neta media por persona;2023;12.366
28079 Madrid;2807918 Madrid distrito 18;2807918009 Madrid sección 18009;Renta neta media por persona;2023;11.845
28079 Madrid;2807918 Madrid distrito 18;2807918010 Madrid sección 18010;Renta neta media por persona;2023;9.807
28079 Madrid;2807918 Madrid distrito 18;2807918011 Madrid sección 18011;Renta neta media por persona;2023;11.758
28079 Madrid;2807918 Madrid distrito 18;2807918012 Madrid sección 18012;Renta neta media por persona;2023;12.128
28079 Madrid;2807918 Madrid distrito 18;2807918013 Madrid sección 18013;Renta neta media por persona;2023;11.428
28079 Madrid;2807918 Madrid distrito 18;2807918014 Madrid sección 18014;Renta neta media por persona;2023;12.268
28079 Madrid;2807918 Madrid distrito 18;2807918015 Madrid sección 18015;Renta neta media por persona;2023;11.442
28079 Madrid;2807918 Madrid distrito 18;2807918016 Madrid sección 18016;Renta neta media por persona;2023;10.751
28079 Madrid;2807918 Madrid distrito 18;2807918017 Madrid sección 18017;Renta neta media por persona;2023;11.669
28079 Madrid;2807918 Madrid distrito 18;2807918018 Madrid sección 18018;Renta neta media por persona;2023;12.721
28079 Madrid;2807918 Madrid distrito 18;2807918019 Madrid sección 18019;Renta neta media por persona;2023;12.881
28079 Madrid;2807918 Madrid distrito 18;2807918020 Madrid sección 18020;Renta neta media por persona;2023;15.614
28079 Madrid;2807918 Madrid distrito 18;2807918021 Madrid sección 18021;Renta neta media por persona;2023;14.714
28079 Madrid;2807918 Madrid distrito 18;2807918022 Madrid sección 18022;Renta neta media por persona;2023;10.386
28079 Madrid;2807918 Madrid distrito 18;2807918023 Madrid sección 18023;Renta neta media por persona;2023;13.037
28079 Madrid;2807918 Madrid distrito 18;2807918024 Madrid sección 18024;Renta neta media por persona;2023;13.355
28079 Madrid;2807918 Madrid distrito 18;2807918025 Madrid sección 18025;Renta neta media por persona;2023;17.245
28079 Madrid;2807918 Madrid distrito 18;2807918026 Madrid sección 18026;Renta neta media por persona;2023;11.048
28079 Madrid;2807918 Madrid distrito 18;2807918027 Madrid sección 18027;Renta neta media por persona;2023;13.230
28079 Madrid;2807918 Madrid distrito 18;2807918028 Madrid sección 18028;Renta neta media por persona;2023;18.054
28079 Madrid;2807918 Madrid distrito 18;2807918029 Madrid sección 18029;Renta neta media por persona;2023;18.523
28079 Madrid;2807918 Madrid distrito 18;2807918030 Madrid sección 18030;Renta neta media por persona;2023;16.885
28079 Madrid;2807918 Madrid distrito 18;2807918031 Madrid sección 18031;Renta neta media por persona;2023;16.618
28079 Madrid;2807918 Madrid distrito 18;2807918032 Madrid sección 18032;Renta neta media por persona;2023;17.748
28079 Madrid;2807918 Madrid distrito 18;2807918033 Madrid sección 18033;Renta neta media por persona;2023;16.854
28079 Madrid;2807918 Madrid distrito 18;2807918034 Madrid sección 18034;Renta neta media por persona;2023;18.020
28079 Madrid;2807918 Madrid distrito 18;2807918035 Madrid sección 18035;Renta neta media por persona;2023;17.379
28079 Madrid;2807918 Madrid distrito 18;2807918036 Madrid sección 18036;Renta neta media por persona;2023;17.356
28079 Madrid;2807918 Madrid distrito 18;2807918037 Madrid sección 18037;Renta neta media por persona;2023;13.074
28079 Madrid;2807918 Madrid distrito 18;2807918038 Madrid sección 18038;Renta neta media por persona;2023;10.469
28079 Madrid;2807918 Madrid distrito 18;2807918039 Madrid sección 18039;Renta neta media por persona;2023;20.283
28079 Madrid;2807918 Madrid distrito 18;2807918040 Madrid sección 18040;Renta neta media por persona;2023;21.563
28079 Madrid;2807918 Madrid distrito 18;2807918041 Madrid sección 18041;Renta neta media por persona;2023;17.122
28079 Madrid;2807918 Madrid distrito 18;2807918042 Madrid sección 18042;Renta neta media por persona;2023;12.497
28079 Madrid;2807918 Madrid distrito 18;2807918043 Madrid sección 18043;Renta neta media por persona;2023;13.418
28079 Madrid;2807918 Madrid distrito 18;2807918044 Madrid sección 18044;Renta neta media por persona;2023;19.775
28079 Madrid;2807918 Madrid distrito 18;2807918045 Madrid sección 18045;Renta neta media por persona;2023;5.522
28079 Madrid;2807918 Madrid distrito 18;2807918046 Madrid sección 18046;Renta neta media por persona;2023;10.745
28079 Madrid;2807918 Madrid distrito 18;2807918047 Madrid sección 18047;Renta neta media por persona;2023;14.542
28079 Madrid;2807918 Madrid distrito 18;2807918048 Madrid sección 18048;Renta neta media por persona;2023;20.205
28079 Madrid;2807918 Madrid distrito 18;2807918049 Madrid sección 18049;Renta neta media por persona;2023;19.417
28079 Madrid;2807918 Madrid distrito 18;2807918050 Madrid sección 18050;Renta neta media por persona;2023;15.742
28079 Madrid;2807918 Madrid distrito 18;2807918051 Madrid sección 18051;Renta neta media por persona;2023;21.653
28079 Madrid;2807918 Madrid distrito 18;2807918052 Madrid sección 18052;Renta neta media por persona;2023;12.806
28079 Madrid;2807918 Madrid distrito 18;2807918053 Madrid sección 18053;Renta neta media por persona;2023;15.983
28079 Madrid;2807918 Madrid distrito 18;2807918054 Madrid sección 18054;Renta neta media por persona;2023;18.227
28079 Madrid;2807918 Madrid distrito 18;2807918055 Madrid sección 18055;Renta neta media por persona;2023;16.135
28079 Madrid;2807918 Madrid distrito 18;2807918056 Madrid sección 18056;Renta neta media por persona;2023;14.349
28079 Madrid;2807918 Madrid distrito 18;2807918057 Madrid sección 18057;Renta neta media por persona;2023;18.586
28079 Madrid;2807918 Madrid distrito 18;2807918058 Madrid sección 18058;Renta neta media por persona;2023;16.969
28079 Madrid;2807918 Madrid distrito 18;2807918059 Madrid sección 18059;Renta neta media por persona;2023;12.761
28079 Madrid;2807918 Madrid distrito 18;2807918060 Madrid sección 18060;Renta neta media por persona;2023;18.137
28079 Madrid;2807918 Madrid distrito 18;2807918061 Madrid sección 18061;Renta neta media por persona;2023;20.546
28079 Madrid;2807918 Madrid distrito 18;2807918062 Madrid sección 18062;Renta neta media por persona;2023;16.791
28079 Madrid;2807918 Madrid distrito 18;2807918063 Madrid sección 18063;Renta neta media por persona;2023;16.819
28079 Madrid;2807918 Madrid distrito 18;2807918064 Madrid sección 18064;Renta neta media por persona;2023;14.415
28079 Madrid;2807918 Madrid distrito 18;2807918065 Madrid sección 18065;Renta neta media por persona;2023;11.858
28079 Madrid;2807918 Madrid distrito 18;2807918066 Madrid sección 18066;Renta neta media por persona;2023;19.127
28079 Madrid;2807918 Madrid distrito 18;2807918067 Madrid sección 18067;Renta neta media por persona;2023;17.158
28079 Madrid;2807918 Madrid distrito 18;2807918068 Madrid sección 18068;Renta neta media por persona;2023;19.622
28079 Madrid;2807918 Madrid distrito 18;2807918069 Madrid sección 18069;Renta neta media por persona;2023;19.608
28079 Madrid;2807918 Madrid distrito 18;2807918070 Madrid sección 18070;Renta neta media por persona;2023;18.201
28079 Madrid;2807918 Madrid distrito 18;2807918071 Madrid sección 18071;Renta neta media por persona;2023;19.733
28079 Madrid;2807918 Madrid distrito 18;2807918072 Madrid sección 18072;Renta neta media por persona;2023;19.218
28079 Madrid;2807918 Madrid distrito 18;2807918073 Madrid sección 18073;Renta neta media por persona;2023;15.070
28079 Madrid;2807919 Madrid distrito 19;2807919001 Madrid sección 19001;Renta neta media por persona;2023;7.618
28079 Madrid;2807919 Madrid distrito 19;2807919002 Madrid sección 19002;Renta neta media por persona;2023;17.041
28079 Madrid;2807919 Madrid distrito 19;2807919003 Madrid sección 19003;Renta neta media por persona;2023;12.299
28079 Madrid;2807919 Madrid distrito 19;2807919004 Madrid sección 19004;Renta neta media por persona;2023;11.380
28079 Madrid;2807919 Madrid distrito 19;2807919005 Madrid sección 19005;Renta neta media por persona;2023;12.887
28079 Madrid;2807919 Madrid distrito 19;2807919006 Madrid sección 19006;Renta neta media por persona;2023;14.058
28079 Madrid;2807919 Madrid distrito 19;2807919007 Madrid sección 19007;Renta neta media por persona;2023;13.272
28079 Madrid;2807919 Madrid distrito 19;2807919008 Madrid sección 19008;Renta neta media por persona;2023;11.429
28079 Madrid;2807919 Madrid distrito 19;2807919009 Madrid sección 19009;Renta neta media por persona;2023;13.323
28079 Madrid;2807919 Madrid distrito 19;2807919011 Madrid sección 19011;Renta neta media por persona;2023;12.594
28079 Madrid;2807919 Madrid distrito 19;2807919012 Madrid sección 19012;Renta neta media por persona;2023;13.284
28079 Madrid;2807919 Madrid distrito 19;2807919014 Madrid sección 19014;Renta neta media por persona;2023;11.406
28079 Madrid;2807919 Madrid distrito 19;2807919015 Madrid sección 19015;Renta neta media por persona;2023;12.461
28079 Madrid;2807919 Madrid distrito 19;2807919016 Madrid sección 19016;Renta neta media por persona;2023;11.033
28079 Madrid;2807919 Madrid distrito 19;2807919018 Madrid sección 19018;Renta neta media por persona;2023;11.917
28079 Madrid;2807919 Madrid distrito 19;2807919019 Madrid sección 19019;Renta neta media por persona;2023;12.285
28079 Madrid;2807919 Madrid distrito 19;2807919020 Madrid sección 19020;Renta neta media por persona;2023;12.990
28079 Madrid;2807919 Madrid distrito 19;2807919021 Madrid sección 19021;Renta neta media por persona;2023;12.884
28079 Madrid;2807919 Madrid distrito 19;2807919022 Madrid sección 19022;Renta neta media por persona;2023;11.011
28079 Madrid;2807919 Madrid distrito 19;2807919023 Madrid sección 19023;Renta neta media por persona;2023;11.509
28079 Madrid;2807919 Madrid distrito 19;2807919024 Madrid sección 19024;Renta neta media por persona;2023;10.802
28079 Madrid;2807919 Madrid distrito 19;2807919025 Madrid sección 19025;Renta neta media por persona;2023;11.399
28079 Madrid;2807919 Madrid distrito 19;2807919026 Madrid sección 19026;Renta neta media por persona;2023;11.343
28079 Madrid;2807919 Madrid distrito 19;2807919027 Madrid sección 19027;Renta neta media por persona;2023;11.116
28079 Madrid;2807919 Madrid distrito 19;2807919028 Madrid sección 19028;Renta neta media por persona;2023;10.234
28079 Madrid;2807919 Madrid distrito 19;2807919029 Madrid sección 19029;Renta neta media por persona;2023;10.346
28079 Madrid;2807919 Madrid distrito 19;2807919031 Madrid sección 19031;Renta neta media por persona;2023;""
28079 Madrid;2807919 Madrid distrito 19;2807919032 Madrid sección 19032;Renta neta media por persona;2023;13.955
28079 Madrid;2807919 Madrid distrito 19;2807919033 Madrid sección 19033;Renta neta media por persona;2023;19.997
28079 Madrid;2807919 Madrid distrito 19;2807919034 Madrid sección 19034;Renta neta media por persona;2023;18.224
28079 Madrid;2807919 Madrid distrito 19;2807919035 Madrid sección 19035;Renta neta media por persona;2023;18.624
28079 Madrid;2807919 Madrid distrito 19;2807919036 Madrid sección 19036;Renta neta media por persona;2023;19.347
28079 Madrid;2807919 Madrid distrito 19;2807919037 Madrid sección 19037;Renta neta media por persona;2023;19.976
28079 Madrid;2807919 Madrid distrito 19;2807919038 Madrid sección 19038;Renta neta media por persona;2023;12.777
28079 Madrid;2807919 Madrid distrito 19;2807919039 Madrid sección 19039;Renta neta media por persona;2023;13.216
28079 Madrid;2807919 Madrid distrito 19;2807919040 Madrid sección 19040;Renta neta media por persona;2023;20.290
28079 Madrid;2807919 Madrid distrito 19;2807919041 Madrid sección 19041;Renta neta media por persona;2023;17.946
28079 Madrid;2807919 Madrid distrito 19;2807919042 Madrid sección 19042;Renta neta media por persona;2023;17.811
28079 Madrid;2807919 Madrid distrito 19;2807919043 Madrid sección 19043;Renta neta media por persona;2023;19.263
28079 Madrid;2807919 Madrid distrito 19;2807919044 Madrid sección 19044;Renta neta media por persona;2023;13.516
28079 Madrid;2807919 Madrid distrito 19;2807919045 Madrid sección 19045;Renta neta media por persona;2023;18.333
28079 Madrid;2807919 Madrid distrito 19;2807919046 Madrid sección 19046;Renta neta media por persona;2023;16.917
28079 Madrid;2807919 Madrid distrito 19;2807919047 Madrid sección 19047;Renta neta media por persona;2023;17.574
28079 Madrid;2807919 Madrid distrito 19;2807919048 Madrid sección 19048;Renta neta media por persona;2023;18.194
28079 Madrid;2807919 Madrid distrito 19;2807919049 Madrid sección 19049;Renta neta media por persona;2023;17.988
28079 Madrid;2807919 Madrid distrito 19;2807919050 Madrid sección 19050;Renta neta media por persona;2023;22.671
28079 Madrid;2807919 Madrid distrito 19;2807919051 Madrid sección 19051;Renta neta media por persona;2023;18.349
28079 Madrid;2807919 Madrid distrito 19;2807919052 Madrid sección 19052;Renta neta media por persona;2023;18.508
28079 Madrid;2807919 Madrid distrito 19;2807919053 Madrid sección 19053;Renta neta media por persona;2023;17.111
28079 Madrid;2807919 Madrid distrito 19;2807919054 Madrid sección 19054;Renta neta media por persona;2023;20.835
28079 Madrid;2807919 Madrid distrito 19;2807919055 Madrid sección 19055;Renta neta media por persona;2023;20.636
28079 Madrid;2807919 Madrid distrito 19;2807919056 Madrid sección 19056;Renta neta media por persona;2023;18.983
28079 Madrid;2807920 Madrid distrito 20;2807920001 Madrid sección 20001;Renta neta media por persona;2023;14.724
28079 Madrid;2807920 Madrid distrito 20;2807920002 Madrid sección 20002;Renta neta media por persona;2023;25.141
28079 Madrid;2807920 Madrid distrito 20;2807920003 Madrid sección 20003;Renta neta media por persona;2023;12.627
28079 Madrid;2807920 Madrid distrito 20;2807920006 Madrid sección 20006;Renta neta media por persona;2023;12.706
28079 Madrid;2807920 Madrid distrito 20;2807920007 Madrid sección 20007;Renta neta media por persona;2023;11.554
28079 Madrid;2807920 Madrid distrito 20;2807920008 Madrid sección 20008;Renta neta media por persona;2023;11.963
28079 Madrid;2807920 Madrid distrito 20;2807920009 Madrid sección 20009;Renta neta media por persona;2023;14.401
28079 Madrid;2807920 Madrid distrito 20;2807920010 Madrid sección 20010;Renta neta media por persona;2023;13.931
28079 Madrid;2807920 Madrid distrito 20;2807920011 Madrid sección 20011;Renta neta media por persona;2023;13.842
28079 Madrid;2807920 Madrid distrito 20;2807920012 Madrid sección 20012;Renta neta media por persona;2023;10.140
28079 Madrid;2807920 Madrid distrito 20;2807920013 Madrid sección 20013;Renta neta media por persona;2023;10.273
28079 Madrid;2807920 Madrid distrito 20;2807920014 Madrid sección 20014;Renta neta media por persona;2023;""
28079 Madrid;2807920 Madrid distrito 20;2807920015 Madrid sección 20015;Renta neta media por persona;2023;10.442
28079 Madrid;2807920 Madrid distrito 20;2807920016 Madrid sección 20016;Renta neta media por persona;2023;10.479
28079 Madrid;2807920 Madrid distrito 20;2807920017 Madrid sección 20017;Renta neta media por persona;2023;11.445
28079 Madrid;2807920 Madrid distrito 20;2807920018 Madrid sección 20018;Renta neta media por persona;2023;10.520
28079 Madrid;2807920 Madrid distrito 20;2807920019 Madrid sección 20019;Renta neta media por persona;2023;""
28079 Madrid;2807920 Madrid distrito 20;2807920020 Madrid sección 20020;Renta neta media por persona;2023;10.332
28079 Madrid;2807920 Madrid distrito 20;2807920021 Madrid sección 20021;Renta neta media por persona;2023;10.021
28079 Madrid;2807920 Madrid distrito 20;2807920022 Madrid sección 20022;Renta neta media por persona;2023;10.472
28079 Madrid;2807920 Madrid distrito 20;2807920023 Madrid sección 20023;Renta neta media por persona;2023;10.107
28079 Madrid;2807920 Madrid distrito 20;2807920024 Madrid sección 20024;Renta neta media por persona;2023;""
28079 Madrid;2807920 Madrid distrito 20;2807920025 Madrid sección 20025;Renta neta media por persona;2023;10.485
28079 Madrid;2807920 Madrid distrito 20;2807920026 Madrid sección 20026;Renta neta media por persona;2023;14.085
28079 Madrid;2807920 Madrid distrito 20;2807920027 Madrid sección 20027;Renta neta media por persona;2023;15.380
28079 Madrid;2807920 Madrid distrito 20;2807920028 Madrid sección 20028;Renta neta media por persona;2023;14.469
28079 Madrid;2807920 Madrid distrito 20;2807920029 Madrid sección 20029;Renta neta media por persona;2023;12.587
28079 Madrid;2807920 Madrid distrito 20;2807920031 Madrid sección 20031;Renta neta media por persona;2023;10.205
28079 Madrid;2807920 Madrid distrito 20;2807920032 Madrid sección 20032;Renta neta media por persona;2023;9.328
28079 Madrid;2807920 Madrid distrito 20;2807920033 Madrid sección 20033;Renta neta media por persona;2023;9.409
28079 Madrid;2807920 Madrid distrito 20;2807920034 Madrid sección 20034;Renta neta media por persona;2023;9.559
28079 Madrid;2807920 Madrid distrito 20;2807920035 Madrid sección 20035;Renta neta media por persona;2023;9.658
28079 Madrid;2807920 Madrid distrito 20;2807920036 Madrid sección 20036;Renta neta media por persona;2023;9.398
28079 Madrid;2807920 Madrid distrito 20;2807920037 Madrid sección 20037;Renta neta media por persona;2023;14.723
28079 Madrid;2807920 Madrid distrito 20;2807920038 Madrid sección 20038;Renta neta media por persona;2023;14.351
28079 Madrid;2807920 Madrid distrito 20;2807920039 Madrid sección 20039;Renta neta media por persona;2023;15.149
28079 Madrid;2807920 Madrid distrito 20;2807920040 Madrid sección 20040;Renta neta media por persona;2023;15.567
28079 Madrid;2807920 Madrid distrito 20;2807920041 Madrid sección 20041;Renta neta media por persona;2023;14.243
28079 Madrid;2807920 Madrid distrito 20;2807920042 Madrid sección 20042;Renta neta media por persona;2023;12.025
28079 Madrid;2807920 Madrid distrito 20;2807920043 Madrid sección 20043;Renta neta media por persona;2023;13.961
28079 Madrid;2807920 Madrid distrito 20;2807920044 Madrid sección 20044;Renta neta media por persona;2023;12.113
28079 Madrid;2807920 Madrid distrito 20;2807920046 Madrid sección 20046;Renta neta media por persona;2023;10.283
28079 Madrid;2807920 Madrid distrito 20;2807920047 Madrid sección 20047;Renta neta media por persona;2023;10.504
28079 Madrid;2807920 Madrid distrito 20;2807920048 Madrid sección 20048;Renta neta media por persona;2023;10.049
28079 Madrid;2807920 Madrid distrito 20;2807920049 Madrid sección 20049;Renta neta media por persona;2023;11.356
28079 Madrid;2807920 Madrid distrito 20;2807920050 Madrid sección 20050;Renta neta media por persona;2023;10.950
28079 Madrid;2807920 Madrid distrito 20;2807920051 Madrid sección 20051;Renta neta media por persona;2023;10.878
28079 Madrid;2807920 Madrid distrito 20;2807920053 Madrid sección 20053;Renta neta media por persona;2023;10.388
28079 Madrid;2807920 Madrid distrito 20;2807920055 Madrid sección 20055;Renta neta media por persona;2023;19.583
28079 Madrid;2807920 Madrid distrito 20;2807920056 Madrid sección 20056;Renta neta media por persona;2023;13.273
28079 Madrid;2807920 Madrid distrito 20;2807920058 Madrid sección 20058;Renta neta media por persona;2023;12.414
28079 Madrid;2807920 Madrid distrito 20;2807920059 Madrid sección 20059;Renta neta media por persona;2023;12.625
28079 Madrid;2807920 Madrid distrito 20;2807920062 Madrid sección 20062;Renta neta media por persona;2023;17.463
28079 Madrid;2807920 Madrid distrito 20;2807920063 Madrid sección 20063;Renta neta media por persona;2023;18.391
28079 Madrid;2807920 Madrid distrito 20;2807920064 Madrid sección 20064;Renta neta media por persona;2023;18.091
28079 Madrid;2807920 Madrid distrito 20;2807920065 Madrid sección 20065;Renta neta media por persona;2023;15.799
28079 Madrid;2807920 Madrid distrito 20;2807920066 Madrid sección 20066;Renta neta media por persona;2023;18.170
28079 Madrid;2807920 Madrid distrito 20;2807920067 Madrid sección 20067;Renta neta media por persona;2023;20.626
28079 Madrid;2807920 Madrid distrito 20;2807920068 Madrid sección 20068;Renta neta media por persona;2023;21.292
28079 Madrid;2807920 Madrid distrito 20;2807920069 Madrid sección 20069;Renta neta media por persona;2023;14.889
28079 Madrid;2807920 Madrid distrito 20;2807920070 Madrid sección 20070;Renta neta media por persona;2023;16.106
28079 Madrid;2807920 Madrid distrito 20;2807920071 Madrid sección 20071;Renta neta media por persona;2023;16.007
28079 Madrid;2807920 Madrid distrito 20;2807920072 Madrid sección 20072;Renta neta media por persona;2023;18.337
28079 Madrid;2807920 Madrid distrito 20;2807920073 Madrid sección 20073;Renta neta media por persona;2023;11.219
28079 Madrid;2807920 Madrid distrito 20;2807920074 Madrid sección 20074;Renta neta media por persona;2023;12.429
28079 Madrid;2807920 Madrid distrito 20;2807920075 Madrid sección 20075;Renta neta media por persona;2023;11.320
28079 Madrid;2807920 Madrid distrito 20;2807920076 Madrid sección 20076;Renta neta media por persona;2023;12.566
28079 Madrid;2807920 Madrid distrito 20;2807920077 Madrid sección 20077;Renta neta media por persona;2023;16.402
28079 Madrid;2807920 Madrid distrito 20;2807920078 Madrid sección 20078;Renta neta media por persona;2023;13.832
28079 Madrid;2807920 Madrid distrito 20;2807920079 Madrid sección 20079;Renta neta media por persona;2023;11.652
28079 Madrid;2807920 Madrid distrito 20;2807920080 Madrid sección 20080;Renta neta media por persona;2023;13.218
28079 Madrid;2807920 Madrid distrito 20;2807920082 Madrid sección 20082;Renta neta media por persona;2023;13.809
28079 Madrid;2807920 Madrid distrito 20;2807920083 Madrid sección 20083;Renta neta media por persona;2023;14.448
28079 Madrid;2807920 Madrid distrito 20;2807920084 Madrid sección 20084;Renta neta media por persona;2023;""
28079 Madrid;2807920 Madrid distrito 20;2807920085 Madrid sección 20085;Renta neta media por persona;2023;16.480
28079 Madrid;2807920 Madrid distrito 20;2807920086 Madrid sección 20086;Renta neta media por persona;2023;14.394
28079 Madrid;2807920 Madrid distrito 20;2807920087 Madrid sección 20087;Renta neta media por persona;2023;12.960
28079 Madrid;2807920 Madrid distrito 20;2807920088 Madrid sección 20088;Renta neta media por persona;2023;14.648
28079 Madrid;2807920 Madrid distrito 20;2807920090 Madrid sección 20090;Renta neta media por persona;2023;19.345
28079 Madrid;2807920 Madrid distrito 20;2807920091 Madrid sección 20091;Renta neta media por persona;2023;12.803
28079 Madrid;2807920 Madrid distrito 20;2807920092 Madrid sección 20092;Renta neta media por persona;2023;14.878
28079 Madrid;2807920 Madrid distrito 20;2807920093 Madrid sección 20093;Renta neta media por persona;2023;21.664
28079 Madrid;2807920 Madrid distrito 20;2807920095 Madrid sección 20095;Renta neta media por persona;2023;21.393
28079 Madrid;2807920 Madrid distrito 20;2807920096 Madrid sección 20096;Renta neta media por persona;2023;25.571
28079 Madrid;2807920 Madrid distrito 20;2807920097 Madrid sección 20097;Renta neta media por persona;2023;21.638
28079 Madrid;2807920 Madrid distrito 20;2807920098 Madrid sección 20098;Renta neta media por persona;2023;21.656
28079 Madrid;2807920 Madrid distrito 20;2807920099 Madrid sección 20099;Renta neta media por persona;2023;33.936
28079 Madrid;2807920 Madrid distrito 20;2807920100 Madrid sección 20100;Renta neta media por persona;2023;14.894
28079 Madrid;2807920 Madrid distrito 20;2807920101 Madrid sección 20101;Renta neta media por persona;2023;20.679
28079 Madrid;2807920 Madrid distrito 20;2807920102 Madrid sección 20102;Renta neta media por persona;2023;19.022
28079 Madrid;2807920 Madrid distrito 20;2807920103 Madrid sección 20103;Renta neta media por persona;2023;19.579
28079 Madrid;2807920 Madrid distrito 20;2807920104 Madrid sección 20104;Renta neta media por persona;2023;22.039
28079 Madrid;2807920 Madrid distrito 20;2807920105 Madrid sección 20105;Renta neta media por persona;2023;24.168
28079 Madrid;2807920 Madrid distrito 20;2807920106 Madrid sección 20106;Renta neta media por persona;2023;19.635
28079 Madrid;2807920 Madrid distrito 20;2807920107 Madrid sección 20107;Renta neta media por persona;2023;20.472
28079 Madrid;2807920 Madrid distrito 20;2807920108 Madrid sección 20108;Renta neta media por persona;2023;29.568
28079 Madrid;2807920 Madrid distrito 20;2807920109 Madrid sección 20109;Renta neta media por persona;2023;15.501
28079 Madrid;2807920 Madrid distrito 20;2807920110 Madrid sección 20110;Renta neta media por persona;2023;21.842
28079 Madrid;2807920 Madrid distrito 20;2807920111 Madrid sección 20111;Renta neta media por persona;2023;16.686
28079 Madrid;2807920 Madrid distrito 20;2807920112 Madrid sección 20112;Renta neta media por persona;2023;19.485
28079 Madrid;2807920 Madrid distrito 20;2807920113 Madrid sección 20113;Renta neta media por persona;2023;22.037
28079 Madrid;2807920 Madrid distrito 20;2807920114 Madrid sección 20114;Renta neta media por persona;2023;20.769
28079 Madrid;2807920 Madrid distrito 20;2807920115 Madrid sección 20115;Renta neta media por persona;2023;19.488
28079 Madrid;2807920 Madrid distrito 20;2807920116 Madrid sección 20116;Renta neta media por persona;2023;18.680
28079 Madrid;2807920 Madrid distrito 20;2807920117 Madrid sección 20117;Renta neta media por persona;2023;22.915
28079 Madrid;2807920 Madrid distrito 20;2807920118 Madrid sección 20118;Renta neta media por persona;2023;23.060
28079 Madrid;2807920 Madrid distrito 20;2807920119 Madrid sección 20119;Renta neta media por persona;2023;22.041
28079 Madrid;2807920 Madrid distrito 20;2807920120 Madrid sección 20120;Renta neta media por persona;2023;19.826
28079 Madrid;2807920 Madrid distrito 20;2807920121 Madrid sección 20121;Renta neta media por persona;2023;19.592
28079 Madrid;2807920 Madrid distrito 20;2807920122 Madrid sección 20122;Renta neta media por persona;2023;27.745
28079 Madrid;2807920 Madrid distrito 20;2807920123 Madrid sección 20123;Renta neta media por persona;2023;21.037
28079 Madrid;2807920 Madrid distrito 20;2807920124 Madrid sección 20124;Renta neta media por persona;2023;26.091
28079 Madrid;2807920 Madrid distrito 20;2807920125 Madrid sección 20125;Renta neta media por persona;2023;22.994
28079 Madrid;2807920 Madrid distrito 20;2807920126 Madrid sección 20126;Renta neta media por persona;2023;20.640
28079 Madrid;2807920 Madrid distrito 20;2807920127 Madrid sección 20127;Renta neta media por persona;2023;25.973
28079 Madrid;2807920 Madrid distrito 20;2807920128 Madrid sección 20128;Renta neta media por persona;2023;20.418
28079 Madrid;2807921 Madrid distrito 21;2807921001 Madrid sección 21001;Renta neta media por persona;2023;28.923
28079 Madrid;2807921 Madrid distrito 21;2807921002 Madrid sección 21002;Renta neta media por persona;2023;25.750
28079 Madrid;2807921 Madrid distrito 21;2807921003 Madrid sección 21003;Renta neta media por persona;2023;22.572
28079 Madrid;2807921 Madrid distrito 21;2807921004 Madrid sección 21004;Renta neta media por persona;2023;26.494
28079 Madrid;2807921 Madrid distrito 21;2807921005 Madrid sección 21005;Renta neta media por persona;2023;29.966
28079 Madrid;2807921 Madrid distrito 21;2807921006 Madrid sección 21006;Renta neta media por persona;2023;23.689
28079 Madrid;2807921 Madrid distrito 21;2807921007 Madrid sección 21007;Renta neta media por persona;2023;22.653
28079 Madrid;2807921 Madrid distrito 21;2807921008 Madrid sección 21008;Renta neta media por persona;2023;19.109
28079 Madrid;2807921 Madrid distrito 21;2807921009 Madrid sección 21009;Renta neta media por persona;2023;19.219
28079 Madrid;2807921 Madrid distrito 21;2807921010 Madrid sección 21010;Renta neta media por persona;2023;22.262
28079 Madrid;2807921 Madrid distrito 21;2807921011 Madrid sección 21011;Renta neta media por persona;2023;23.148
28079 Madrid;2807921 Madrid distrito 21;2807921012 Madrid sección 21012;Renta neta media por persona;2023;21.405
28079 Madrid;2807921 Madrid distrito 21;2807921013 Madrid sección 21013;Renta neta media por persona;2023;22.246
28079 Madrid;2807921 Madrid distrito 21;2807921014 Madrid sección 21014;Renta neta media por persona;2023;23.975
28079 Madrid;2807921 Madrid distrito 21;2807921015 Madrid sección 21015;Renta neta media por persona;2023;12.420
28079 Madrid;2807921 Madrid distrito 21;2807921017 Madrid sección 21017;Renta neta media por persona;2023;15.713
28079 Madrid;2807921 Madrid distrito 21;2807921018 Madrid sección 21018;Renta neta media por persona;2023;14.931
28079 Madrid;2807921 Madrid distrito 21;2807921019 Madrid sección 21019;Renta neta media por persona;2023;16.221
28079 Madrid;2807921 Madrid distrito 21;2807921020 Madrid sección 21020;Renta neta media por persona;2023;17.094
28079 Madrid;2807921 Madrid distrito 21;2807921021 Madrid sección 21021;Renta neta media por persona;2023;15.531
28079 Madrid;2807921 Madrid distrito 21;2807921022 Madrid sección 21022;Renta neta media por persona;2023;17.059
28079 Madrid;2807921 Madrid distrito 21;2807921023 Madrid sección 21023;Renta neta media por persona;2023;15.090
28079 Madrid;2807921 Madrid distrito 21;2807921025 Madrid sección 21025;Renta neta media por persona;2023;26.913
28079 Madrid;2807921 Madrid distrito 21;2807921026 Madrid sección 21026;Renta neta media por persona;2023;19.938
28079 Madrid;2807921 Madrid distrito 21;2807921027 Madrid sección 21027;Renta neta media por persona;2023;27.858
28079 Madrid;2807921 Madrid distrito 21;2807921028 Madrid sección 21028;Renta neta media por persona;2023;25.061
28079 Madrid;2807921 Madrid distrito 21;2807921029 Madrid sección 21029;Renta neta media por persona;2023;36.918
28079 Madrid;2807921 Madrid distrito 21;2807921030 Madrid sección 21030;Renta neta media por persona;2023;18.685
28079 Madrid;2807921 Madrid distrito 21;2807921031 Madrid sección 21031;Renta neta media por persona;2023;23.088
28079 Madrid;2807921 Madrid distrito 21;2807921032 Madrid sección 21032;Renta neta media por persona;2023;26.434
28079 Madrid;2807921 Madrid distrito 21;2807921033 Madrid sección 21033;Renta neta media por persona;2023;15.641
28079 Madrid;2807921 Madrid distrito 21;2807921034 Madrid sección 21034;Renta neta media por persona;2023;18.055
28080 Majadahonda;2808001 Majadahonda distrito 01;2808001001 Majadahonda sección 01001;Renta neta media por persona;2023;16.809
28080 Majadahonda;2808001 Majadahonda distrito 01;2808001002 Majadahonda sección 01002;Renta neta media por persona;2023;25.092
28080 Majadahonda;2808001 Majadahonda distrito 01;2808001003 Majadahonda sección 01003;Renta neta media por persona;2023;11.733
28080 Majadahonda;2808001 Majadahonda distrito 01;2808001004 Majadahonda sección 01004;Renta neta media por persona;2023;11.672
28080 Majadahonda;2808001 Majadahonda distrito 01;2808001005 Majadahonda sección 01005;Renta neta media por persona;2023;13.371
28080 Majadahonda;2808001 Majadahonda distrito 01;2808001006 Majadahonda sección 01006;Renta neta media por persona;2023;12.728
28080 Majadahonda;2808001 Majadahonda distrito 01;2808001007 Majadahonda sección 01007;Renta neta media por persona;2023;27.097
28080 Majadahonda;2808001 Majadahonda distrito 01;2808001008 Majadahonda sección 01008;Renta neta media por persona;2023;17.516
28080 Majadahonda;2808001 Majadahonda distrito 01;2808001009 Majadahonda sección 01009;Renta neta media por persona;2023;25.964
28080 Majadahonda;2808001 Majadahonda distrito 01;2808001010 Majadahonda sección 01010;Renta neta media por persona;2023;15.733
28080 Majadahonda;2808001 Majadahonda distrito 01;2808001011 Majadahonda sección 01011;Renta neta media por persona;2023;21.918
28080 Majadahonda;2808001 Majadahonda distrito 01;2808001012 Majadahonda sección 01012;Renta neta media por persona;2023;22.736
28080 Majadahonda;2808001 Majadahonda distrito 01;2808001013 Majadahonda sección 01013;Renta neta media por persona;2023;25.979
28080 Majadahonda;2808001 Majadahonda distrito 01;2808001014 Majadahonda sección 01014;Renta neta media por persona;2023;27.276
28080 Majadahonda;2808001 Majadahonda distrito 01;2808001015 Majadahonda sección 01015;Renta neta media por persona;2023;24.411
28080 Majadahonda;2808001 Majadahonda distrito 01;2808001016 Majadahonda sección 01016;Renta neta media por persona;2023;27.947
28080 Majadahonda;2808001 Majadahonda distrito 01;2808001017 Majadahonda sección 01017;Renta neta media por persona;2023;20.397
28080 Majadahonda;2808001 Majadahonda distrito 01;2808001018 Majadahonda sección 01018;Renta neta media por persona;2023;34.578
28080 Majadahonda;2808002 Majadahonda distrito 02;2808002001 Majadahonda sección 02001;Renta neta media por persona;2023;19.804
28080 Majadahonda;2808002 Majadahonda distrito 02;2808002002 Majadahonda sección 02002;Renta neta media por persona;2023;31.969
28080 Majadahonda;2808002 Majadahonda distrito 02;2808002003 Majadahonda sección 02003;Renta neta media por persona;2023;11.473
28080 Majadahonda;2808002 Majadahonda distrito 02;2808002004 Majadahonda sección 02004;Renta neta media por persona;2023;28.931
28080 Majadahonda;2808002 Majadahonda distrito 02;2808002005 Majadahonda sección 02005;Renta neta media por persona;2023;30.642
28080 Majadahonda;2808002 Majadahonda distrito 02;2808002006 Majadahonda sección 02006;Renta neta media por persona;2023;12.611
28080 Majadahonda;2808002 Majadahonda distrito 02;2808002007 Majadahonda sección 02007;Renta neta media por persona;2023;23.431
28080 Majadahonda;2808002 Majadahonda distrito 02;2808002008 Majadahonda sección 02008;Renta neta media por persona;2023;36.918
28080 Majadahonda;2808002 Majadahonda distrito 02;2808002009 Majadahonda sección 02009;Renta neta media por persona;2023;27.336
28080 Majadahonda;2808002 Majadahonda distrito 02;2808002010 Majadahonda sección 02010;Renta neta media por persona;2023;28.293
28080 Majadahonda;2808002 Majadahonda distrito 02;2808002011 Majadahonda sección 02011;Renta neta media por persona;2023;22.225
28080 Majadahonda;2808002 Majadahonda distrito 02;2808002012 Majadahonda sección 02012;Renta neta media por persona;2023;16.428
28080 Majadahonda;2808002 Majadahonda distrito 02;2808002013 Majadahonda sección 02013;Renta neta media por persona;2023;26.989
28080 Majadahonda;2808002 Majadahonda distrito 02;2808002014 Majadahonda sección 02014;Renta neta media por persona;2023;28.770
28080 Majadahonda;2808002 Majadahonda distrito 02;2808002015 Majadahonda sección 02015;Renta neta media por persona;2023;24.306
28080 Majadahonda;2808002 Majadahonda distrito 02;2808002016 Majadahonda sección 02016;Renta neta media por persona;2023;19.185
28080 Majadahonda;2808002 Majadahonda distrito 02;2808002017 Majadahonda sección 02017;Renta neta media por persona;2023;26.324
28080 Majadahonda;2808002 Majadahonda distrito 02;2808002018 Majadahonda sección 02018;Renta neta media por persona;2023;36.651
28080 Majadahonda;2808002 Majadahonda distrito 02;2808002019 Majadahonda sección 02019;Renta neta media por persona;2023;27.569
28080 Majadahonda;2808002 Majadahonda distrito 02;2808002020 Majadahonda sección 02020;Renta neta media por persona;2023;24.641
28080 Majadahonda;2808002 Majadahonda distrito 02;2808002021 Majadahonda sección 02021;Renta neta media por persona;2023;24.322
28080 Majadahonda;2808002 Majadahonda distrito 02;2808002022 Majadahonda sección 02022;Renta neta media por persona;2023;31.668
28080 Majadahonda;2808002 Majadahonda distrito 02;2808002023 Majadahonda sección 02023;Renta neta media por persona;2023;26.320
28080 Majadahonda;2808002 Majadahonda distrito 02;2808002024 Majadahonda sección 02024;Renta neta media por persona;2023;26.255
28080 Majadahonda;2808002 Majadahonda distrito 02;2808002025 Majadahonda sección 02025;Renta neta media por persona;2023;35.884
28080 Majadahonda;2808002 Majadahonda distrito 02;2808002026 Majadahonda sección 02026;Renta neta media por persona;2023;21.691
28080 Majadahonda;2808002 Majadahonda distrito 02;2808002027 Majadahonda sección 02027;Renta neta media por persona;2023;18.436
28080 Majadahonda;2808002 Majadahonda distrito 02;2808002028 Majadahonda sección 02028;Renta neta media por persona;2023;21.952
28082 Manzanares el Real;2808201 Manzanares el Real distrito 01;2808201001 Manzanares el Real sección 01001;Renta neta media por persona;2023;18.283
28082 Manzanares el Real;2808201 Manzanares el Real distrito 01;2808201002 Manzanares el Real sección 01002;Renta neta media por persona;2023;14.439
28082 Manzanares el Real;2808201 Manzanares el Real distrito 01;2808201003 Manzanares el Real sección 01003;Renta neta media por persona;2023;20.069
28082 Manzanares el Real;2808201 Manzanares el Real distrito 01;2808201004 Manzanares el Real sección 01004;Renta neta media por persona;2023;17.339
28083 Meco;2808301 Meco distrito 01;2808301001 Meco sección 01001;Renta neta media por persona;2023;14.388
28083 Meco;2808301 Meco distrito 01;2808301002 Meco sección 01002;Renta neta media por persona;2023;11.659
28083 Meco;2808301 Meco distrito 01;2808301003 Meco sección 01003;Renta neta media por persona;2023;15.262
28083 Meco;2808301 Meco distrito 01;2808301004 Meco sección 01004;Renta neta media por persona;2023;19.299
28083 Meco;2808301 Meco distrito 01;2808301005 Meco sección 01005;Renta neta media por persona;2023;17.633
28083 Meco;2808301 Meco distrito 01;2808301006 Meco sección 01006;Renta neta media por persona;2023;17.811
28084 Mejorada del Campo;2808401 Mejorada del Campo distrito 01;2808401001 Mejorada del Campo sección 01001;Renta neta media por persona;2023;13.406
28084 Mejorada del Campo;2808401 Mejorada del Campo distrito 01;2808401002 Mejorada del Campo sección 01002;Renta neta media por persona;2023;12.909
28084 Mejorada del Campo;2808401 Mejorada del Campo distrito 01;2808401003 Mejorada del Campo sección 01003;Renta neta media por persona;2023;12.771
28084 Mejorada del Campo;2808401 Mejorada del Campo distrito 01;2808401004 Mejorada del Campo sección 01004;Renta neta media por persona;2023;12.072
28084 Mejorada del Campo;2808401 Mejorada del Campo distrito 01;2808401005 Mejorada del Campo sección 01005;Renta neta media por persona;2023;11.660
28084 Mejorada del Campo;2808401 Mejorada del Campo distrito 01;2808401006 Mejorada del Campo sección 01006;Renta neta media por persona;2023;11.370
28084 Mejorada del Campo;2808401 Mejorada del Campo distrito 01;2808401007 Mejorada del Campo sección 01007;Renta neta media por persona;2023;13.660
28084 Mejorada del Campo;2808401 Mejorada del Campo distrito 01;2808401008 Mejorada del Campo sección 01008;Renta neta media por persona;2023;15.537
28084 Mejorada del Campo;2808401 Mejorada del Campo distrito 01;2808401009 Mejorada del Campo sección 01009;Renta neta media por persona;2023;15.082
28084 Mejorada del Campo;2808401 Mejorada del Campo distrito 01;2808401010 Mejorada del Campo sección 01010;Renta neta media por persona;2023;13.854
28084 Mejorada del Campo;2808401 Mejorada del Campo distrito 01;2808401011 Mejorada del Campo sección 01011;Renta neta media por persona;2023;13.184
28085 Miraflores de la Sierra;2808501 Miraflores de la Sierra distrito 01;2808501001 Miraflores de la Sierra sección 01001;Renta neta media por persona;2023;14.997
28085 Miraflores de la Sierra;2808501 Miraflores de la Sierra distrito 01;2808501002 Miraflores de la Sierra sección 01002;Renta neta media por persona;2023;14.750
28085 Miraflores de la Sierra;2808501 Miraflores de la Sierra distrito 01;2808501003 Miraflores de la Sierra sección 01003;Renta neta media por persona;2023;19.024
28086 Molar, El;2808601 Molar, El distrito 01;2808601001 Molar, El sección 01001;Renta neta media por persona;2023;12.780
28086 Molar, El;2808601 Molar, El distrito 01;2808601002 Molar, El sección 01002;Renta neta media por persona;2023;12.348
28086 Molar, El;2808601 Molar, El distrito 01;2808601003 Molar, El sección 01003;Renta neta media por persona;2023;11.701
28086 Molar, El;2808601 Molar, El distrito 01;2808601004 Molar, El sección 01004;Renta neta media por persona;2023;16.281
28087 Molinos, Los;2808701 Molinos, Los distrito 01;2808701001 Molinos, Los sección 01001;Renta neta media por persona;2023;16.480
28087 Molinos, Los;2808701 Molinos, Los distrito 01;2808701002 Molinos, Los sección 01002;Renta neta media por persona;2023;16.956
28088 Montejo de la Sierra;2808801 Montejo de la Sierra distrito 01;2808801001 Montejo de la Sierra sección 01001;Renta neta media por persona;2023;15.317
28089 Moraleja de Enmedio;2808901 Moraleja de Enmedio distrito 01;2808901001 Moraleja de Enmedio sección 01001;Renta neta media por persona;2023;15.841
28089 Moraleja de Enmedio;2808901 Moraleja de Enmedio distrito 01;2808901002 Moraleja de Enmedio sección 01002;Renta neta media por persona;2023;13.797
28089 Moraleja de Enmedio;2808901 Moraleja de Enmedio distrito 01;2808901003 Moraleja de Enmedio sección 01003;Renta neta media por persona;2023;15.585
28090 Moralzarzal;2809001 Moralzarzal distrito 01;2809001001 Moralzarzal sección 01001;Renta neta media por persona;2023;15.688
28090 Moralzarzal;2809001 Moralzarzal distrito 01;2809001002 Moralzarzal sección 01002;Renta neta media por persona;2023;16.786
28090 Moralzarzal;2809001 Moralzarzal distrito 01;2809001003 Moralzarzal sección 01003;Renta neta media por persona;2023;20.474
28090 Moralzarzal;2809001 Moralzarzal distrito 01;2809001004 Moralzarzal sección 01004;Renta neta media por persona;2023;17.332
28090 Moralzarzal;2809001 Moralzarzal distrito 01;2809001005 Moralzarzal sección 01005;Renta neta media por persona;2023;20.728
28090 Moralzarzal;2809001 Moralzarzal distrito 01;2809001006 Moralzarzal sección 01006;Renta neta media por persona;2023;19.368
28091 Morata de Tajuña;2809101 Morata de Tajuña distrito 01;2809101001 Morata de Tajuña sección 01001;Renta neta media por persona;2023;12.105
28091 Morata de Tajuña;2809101 Morata de Tajuña distrito 01;2809101002 Morata de Tajuña sección 01002;Renta neta media por persona;2023;12.372
28091 Morata de Tajuña;2809102 Morata de Tajuña distrito 02;2809102001 Morata de Tajuña sección 02001;Renta neta media por persona;2023;13.456
28091 Morata de Tajuña;2809102 Morata de Tajuña distrito 02;2809102002 Morata de Tajuña sección 02002;Renta neta media por persona;2023;12.809
28092 Móstoles;2809201 Móstoles distrito 01;2809201001 Móstoles sección 01001;Renta neta media por persona;2023;12.050
28092 Móstoles;2809201 Móstoles distrito 01;2809201002 Móstoles sección 01002;Renta neta media por persona;2023;10.986
28092 Móstoles;2809201 Móstoles distrito 01;2809201003 Móstoles sección 01003;Renta neta media por persona;2023;11.879
28092 Móstoles;2809201 Móstoles distrito 01;2809201004 Móstoles sección 01004;Renta neta media por persona;2023;12.463
28092 Móstoles;2809201 Móstoles distrito 01;2809201005 Móstoles sección 01005;Renta neta media por persona;2023;11.115
28092 Móstoles;2809201 Móstoles distrito 01;2809201006 Móstoles sección 01006;Renta neta media por persona;2023;12.151
28092 Móstoles;2809201 Móstoles distrito 01;2809201007 Móstoles sección 01007;Renta neta media por persona;2023;12.274
28092 Móstoles;2809201 Móstoles distrito 01;2809201008 Móstoles sección 01008;Renta neta media por persona;2023;12.217
28092 Móstoles;2809201 Móstoles distrito 01;2809201009 Móstoles sección 01009;Renta neta media por persona;2023;14.260
28092 Móstoles;2809201 Móstoles distrito 01;2809201010 Móstoles sección 01010;Renta neta media por persona;2023;13.875
28092 Móstoles;2809201 Móstoles distrito 01;2809201011 Móstoles sección 01011;Renta neta media por persona;2023;14.417
28092 Móstoles;2809201 Móstoles distrito 01;2809201012 Móstoles sección 01012;Renta neta media por persona;2023;13.065
28092 Móstoles;2809201 Móstoles distrito 01;2809201013 Móstoles sección 01013;Renta neta media por persona;2023;14.291
28092 Móstoles;2809201 Móstoles distrito 01;2809201014 Móstoles sección 01014;Renta neta media por persona;2023;13.352
28092 Móstoles;2809201 Móstoles distrito 01;2809201015 Móstoles sección 01015;Renta neta media por persona;2023;14.167
28092 Móstoles;2809201 Móstoles distrito 01;2809201016 Móstoles sección 01016;Renta neta media por persona;2023;13.780
28092 Móstoles;2809201 Móstoles distrito 01;2809201017 Móstoles sección 01017;Renta neta media por persona;2023;15.555
28092 Móstoles;2809201 Móstoles distrito 01;2809201018 Móstoles sección 01018;Renta neta media por persona;2023;16.106
28092 Móstoles;2809201 Móstoles distrito 01;2809201019 Móstoles sección 01019;Renta neta media por persona;2023;12.719
28092 Móstoles;2809201 Móstoles distrito 01;2809201020 Móstoles sección 01020;Renta neta media por persona;2023;17.693
28092 Móstoles;2809201 Móstoles distrito 01;2809201021 Móstoles sección 01021;Renta neta media por persona;2023;15.193
28092 Móstoles;2809201 Móstoles distrito 01;2809201022 Móstoles sección 01022;Renta neta media por persona;2023;17.542
28092 Móstoles;2809201 Móstoles distrito 01;2809201023 Móstoles sección 01023;Renta neta media por persona;2023;16.279
28092 Móstoles;2809201 Móstoles distrito 01;2809201024 Móstoles sección 01024;Renta neta media por persona;2023;20.091
28092 Móstoles;2809202 Móstoles distrito 02;2809202001 Móstoles sección 02001;Renta neta media por persona;2023;11.942
28092 Móstoles;2809202 Móstoles distrito 02;2809202002 Móstoles sección 02002;Renta neta media por persona;2023;12.076
28092 Móstoles;2809202 Móstoles distrito 02;2809202003 Móstoles sección 02003;Renta neta media por persona;2023;11.593
28092 Móstoles;2809202 Móstoles distrito 02;2809202004 Móstoles sección 02004;Renta neta media por persona;2023;10.951
28092 Móstoles;2809202 Móstoles distrito 02;2809202006 Móstoles sección 02006;Renta neta media por persona;2023;11.745
28092 Móstoles;2809202 Móstoles distrito 02;2809202007 Móstoles sección 02007;Renta neta media por persona;2023;16.722
28092 Móstoles;2809202 Móstoles distrito 02;2809202008 Móstoles sección 02008;Renta neta media por persona;2023;13.657
28092 Móstoles;2809202 Móstoles distrito 02;2809202009 Móstoles sección 02009;Renta neta media por persona;2023;12.475
28092 Móstoles;2809202 Móstoles distrito 02;2809202010 Móstoles sección 02010;Renta neta media por persona;2023;9.861
28092 Móstoles;2809202 Móstoles distrito 02;2809202011 Móstoles sección 02011;Renta neta media por persona;2023;12.352
28092 Móstoles;2809202 Móstoles distrito 02;2809202012 Móstoles sección 02012;Renta neta media por persona;2023;9.833
28092 Móstoles;2809202 Móstoles distrito 02;2809202013 Móstoles sección 02013;Renta neta media por persona;2023;13.852
28092 Móstoles;2809202 Móstoles distrito 02;2809202014 Móstoles sección 02014;Renta neta media por persona;2023;12.150
28092 Móstoles;2809202 Móstoles distrito 02;2809202015 Móstoles sección 02015;Renta neta media por persona;2023;15.083
28092 Móstoles;2809202 Móstoles distrito 02;2809202016 Móstoles sección 02016;Renta neta media por persona;2023;15.724
28092 Móstoles;2809202 Móstoles distrito 02;2809202017 Móstoles sección 02017;Renta neta media por persona;2023;16.413
28092 Móstoles;2809202 Móstoles distrito 02;2809202018 Móstoles sección 02018;Renta neta media por persona;2023;13.556
28092 Móstoles;2809202 Móstoles distrito 02;2809202019 Móstoles sección 02019;Renta neta media por persona;2023;16.581
28092 Móstoles;2809202 Móstoles distrito 02;2809202020 Móstoles sección 02020;Renta neta media por persona;2023;16.035
28092 Móstoles;2809202 Móstoles distrito 02;2809202021 Móstoles sección 02021;Renta neta media por persona;2023;16.943
28092 Móstoles;2809202 Móstoles distrito 02;2809202022 Móstoles sección 02022;Renta neta media por persona;2023;15.913
28092 Móstoles;2809202 Móstoles distrito 02;2809202023 Móstoles sección 02023;Renta neta media por persona;2023;15.650
28092 Móstoles;2809202 Móstoles distrito 02;2809202024 Móstoles sección 02024;Renta neta media por persona;2023;16.269
28092 Móstoles;2809202 Móstoles distrito 02;2809202025 Móstoles sección 02025;Renta neta media por persona;2023;17.644
28092 Móstoles;2809202 Móstoles distrito 02;2809202026 Móstoles sección 02026;Renta neta media por persona;2023;16.624
28092 Móstoles;2809202 Móstoles distrito 02;2809202028 Móstoles sección 02028;Renta neta media por persona;2023;15.980
28092 Móstoles;2809202 Móstoles distrito 02;2809202029 Móstoles sección 02029;Renta neta media por persona;2023;18.247
28092 Móstoles;2809202 Móstoles distrito 02;2809202030 Móstoles sección 02030;Renta neta media por persona;2023;16.357
28092 Móstoles;2809202 Móstoles distrito 02;2809202031 Móstoles sección 02031;Renta neta media por persona;2023;17.018
28092 Móstoles;2809202 Móstoles distrito 02;2809202032 Móstoles sección 02032;Renta neta media por persona;2023;15.879
28092 Móstoles;2809202 Móstoles distrito 02;2809202033 Móstoles sección 02033;Renta neta media por persona;2023;15.625
28092 Móstoles;2809202 Móstoles distrito 02;2809202034 Móstoles sección 02034;Renta neta media por persona;2023;15.971
28092 Móstoles;2809202 Móstoles distrito 02;2809202035 Móstoles sección 02035;Renta neta media por persona;2023;16.440
28092 Móstoles;2809202 Móstoles distrito 02;2809202036 Móstoles sección 02036;Renta neta media por persona;2023;16.997
28092 Móstoles;2809202 Móstoles distrito 02;2809202037 Móstoles sección 02037;Renta neta media por persona;2023;20.627
28092 Móstoles;2809202 Móstoles distrito 02;2809202038 Móstoles sección 02038;Renta neta media por persona;2023;17.109
28092 Móstoles;2809202 Móstoles distrito 02;2809202039 Móstoles sección 02039;Renta neta media por persona;2023;16.806
28092 Móstoles;2809203 Móstoles distrito 03;2809203001 Móstoles sección 03001;Renta neta media por persona;2023;10.805
28092 Móstoles;2809203 Móstoles distrito 03;2809203002 Móstoles sección 03002;Renta neta media por persona;2023;12.311
28092 Móstoles;2809203 Móstoles distrito 03;2809203003 Móstoles sección 03003;Renta neta media por persona;2023;10.552
28092 Móstoles;2809203 Móstoles distrito 03;2809203004 Móstoles sección 03004;Renta neta media por persona;2023;12.553
28092 Móstoles;2809203 Móstoles distrito 03;2809203005 Móstoles sección 03005;Renta neta media por persona;2023;10.472
28092 Móstoles;2809203 Móstoles distrito 03;2809203006 Móstoles sección 03006;Renta neta media por persona;2023;10.789
28092 Móstoles;2809203 Móstoles distrito 03;2809203007 Móstoles sección 03007;Renta neta media por persona;2023;11.215
28092 Móstoles;2809203 Móstoles distrito 03;2809203008 Móstoles sección 03008;Renta neta media por persona;2023;13.457
28092 Móstoles;2809203 Móstoles distrito 03;2809203009 Móstoles sección 03009;Renta neta media por persona;2023;12.126
28092 Móstoles;2809203 Móstoles distrito 03;2809203010 Móstoles sección 03010;Renta neta media por persona;2023;12.821
28092 Móstoles;2809203 Móstoles distrito 03;2809203011 Móstoles sección 03011;Renta neta media por persona;2023;10.037
28092 Móstoles;2809203 Móstoles distrito 03;2809203012 Móstoles sección 03012;Renta neta media por persona;2023;13.024
28092 Móstoles;2809203 Móstoles distrito 03;2809203013 Móstoles sección 03013;Renta neta media por persona;2023;13.189
28092 Móstoles;2809203 Móstoles distrito 03;2809203014 Móstoles sección 03014;Renta neta media por persona;2023;12.154
28092 Móstoles;2809203 Móstoles distrito 03;2809203015 Móstoles sección 03015;Renta neta media por persona;2023;12.342
28092 Móstoles;2809203 Móstoles distrito 03;2809203016 Móstoles sección 03016;Renta neta media por persona;2023;13.938
28092 Móstoles;2809203 Móstoles distrito 03;2809203017 Móstoles sección 03017;Renta neta media por persona;2023;13.798
28092 Móstoles;2809203 Móstoles distrito 03;2809203018 Móstoles sección 03018;Renta neta media por persona;2023;13.423
28092 Móstoles;2809203 Móstoles distrito 03;2809203019 Móstoles sección 03019;Renta neta media por persona;2023;13.566
28092 Móstoles;2809203 Móstoles distrito 03;2809203020 Móstoles sección 03020;Renta neta media por persona;2023;13.902
28092 Móstoles;2809203 Móstoles distrito 03;2809203021 Móstoles sección 03021;Renta neta media por persona;2023;16.101
28092 Móstoles;2809203 Móstoles distrito 03;2809203022 Móstoles sección 03022;Renta neta media por persona;2023;12.606
28092 Móstoles;2809203 Móstoles distrito 03;2809203023 Móstoles sección 03023;Renta neta media por persona;2023;13.268
28092 Móstoles;2809203 Móstoles distrito 03;2809203024 Móstoles sección 03024;Renta neta media por persona;2023;14.154
28092 Móstoles;2809203 Móstoles distrito 03;2809203025 Móstoles sección 03025;Renta neta media por persona;2023;16.956
28092 Móstoles;2809203 Móstoles distrito 03;2809203026 Móstoles sección 03026;Renta neta media por persona;2023;14.929
28092 Móstoles;2809203 Móstoles distrito 03;2809203027 Móstoles sección 03027;Renta neta media por persona;2023;12.931
28092 Móstoles;2809203 Móstoles distrito 03;2809203028 Móstoles sección 03028;Renta neta media por persona;2023;14.210
28092 Móstoles;2809203 Móstoles distrito 03;2809203029 Móstoles sección 03029;Renta neta media por persona;2023;16.512
28092 Móstoles;2809203 Móstoles distrito 03;2809203030 Móstoles sección 03030;Renta neta media por persona;2023;14.156
28092 Móstoles;2809204 Móstoles distrito 04;2809204001 Móstoles sección 04001;Renta neta media por persona;2023;11.349
28092 Móstoles;2809204 Móstoles distrito 04;2809204002 Móstoles sección 04002;Renta neta media por persona;2023;12.128
28092 Móstoles;2809204 Móstoles distrito 04;2809204003 Móstoles sección 04003;Renta neta media por persona;2023;11.741
28092 Móstoles;2809204 Móstoles distrito 04;2809204004 Móstoles sección 04004;Renta neta media por persona;2023;13.834
28092 Móstoles;2809204 Móstoles distrito 04;2809204005 Móstoles sección 04005;Renta neta media por persona;2023;12.648
28092 Móstoles;2809204 Móstoles distrito 04;2809204006 Móstoles sección 04006;Renta neta media por persona;2023;12.129
28092 Móstoles;2809204 Móstoles distrito 04;2809204007 Móstoles sección 04007;Renta neta media por persona;2023;11.080
28092 Móstoles;2809204 Móstoles distrito 04;2809204008 Móstoles sección 04008;Renta neta media por persona;2023;12.670
28092 Móstoles;2809204 Móstoles distrito 04;2809204009 Móstoles sección 04009;Renta neta media por persona;2023;11.838
28092 Móstoles;2809204 Móstoles distrito 04;2809204010 Móstoles sección 04010;Renta neta media por persona;2023;11.698
28092 Móstoles;2809204 Móstoles distrito 04;2809204011 Móstoles sección 04011;Renta neta media por persona;2023;11.721
28092 Móstoles;2809204 Móstoles distrito 04;2809204012 Móstoles sección 04012;Renta neta media por persona;2023;13.054
28092 Móstoles;2809204 Móstoles distrito 04;2809204013 Móstoles sección 04013;Renta neta media por persona;2023;12.303
28092 Móstoles;2809204 Móstoles distrito 04;2809204015 Móstoles sección 04015;Renta neta media por persona;2023;12.430
28092 Móstoles;2809204 Móstoles distrito 04;2809204016 Móstoles sección 04016;Renta neta media por persona;2023;15.228
28092 Móstoles;2809204 Móstoles distrito 04;2809204017 Móstoles sección 04017;Renta neta media por persona;2023;14.188
28092 Móstoles;2809204 Móstoles distrito 04;2809204018 Móstoles sección 04018;Renta neta media por persona;2023;14.551
28092 Móstoles;2809204 Móstoles distrito 04;2809204019 Móstoles sección 04019;Renta neta media por persona;2023;11.615
28092 Móstoles;2809204 Móstoles distrito 04;2809204020 Móstoles sección 04020;Renta neta media por persona;2023;14.161
28092 Móstoles;2809204 Móstoles distrito 04;2809204021 Móstoles sección 04021;Renta neta media por persona;2023;13.203
28092 Móstoles;2809204 Móstoles distrito 04;2809204022 Móstoles sección 04022;Renta neta media por persona;2023;12.744
28092 Móstoles;2809204 Móstoles distrito 04;2809204023 Móstoles sección 04023;Renta neta media por persona;2023;12.420
28092 Móstoles;2809204 Móstoles distrito 04;2809204024 Móstoles sección 04024;Renta neta media por persona;2023;11.970
28092 Móstoles;2809204 Móstoles distrito 04;2809204025 Móstoles sección 04025;Renta neta media por persona;2023;15.003
28092 Móstoles;2809204 Móstoles distrito 04;2809204026 Móstoles sección 04026;Renta neta media por persona;2023;13.919
28092 Móstoles;2809204 Móstoles distrito 04;2809204027 Móstoles sección 04027;Renta neta media por persona;2023;13.242
28092 Móstoles;2809204 Móstoles distrito 04;2809204028 Móstoles sección 04028;Renta neta media por persona;2023;14.006
28092 Móstoles;2809204 Móstoles distrito 04;2809204029 Móstoles sección 04029;Renta neta media por persona;2023;13.310
28092 Móstoles;2809204 Móstoles distrito 04;2809204030 Móstoles sección 04030;Renta neta media por persona;2023;14.581
28092 Móstoles;2809204 Móstoles distrito 04;2809204031 Móstoles sección 04031;Renta neta media por persona;2023;14.031
28092 Móstoles;2809204 Móstoles distrito 04;2809204032 Móstoles sección 04032;Renta neta media por persona;2023;13.696
28092 Móstoles;2809204 Móstoles distrito 04;2809204033 Móstoles sección 04033;Renta neta media por persona;2023;13.872
28092 Móstoles;2809204 Móstoles distrito 04;2809204034 Móstoles sección 04034;Renta neta media por persona;2023;14.728
28092 Móstoles;2809204 Móstoles distrito 04;2809204035 Móstoles sección 04035;Renta neta media por persona;2023;13.616
28092 Móstoles;2809204 Móstoles distrito 04;2809204036 Móstoles sección 04036;Renta neta media por persona;2023;15.031
28092 Móstoles;2809204 Móstoles distrito 04;2809204037 Móstoles sección 04037;Renta neta media por persona;2023;15.716
28092 Móstoles;2809204 Móstoles distrito 04;2809204038 Móstoles sección 04038;Renta neta media por persona;2023;14.185
28092 Móstoles;2809204 Móstoles distrito 04;2809204039 Móstoles sección 04039;Renta neta media por persona;2023;14.695
28092 Móstoles;2809204 Móstoles distrito 04;2809204040 Móstoles sección 04040;Renta neta media por persona;2023;16.189
28092 Móstoles;2809204 Móstoles distrito 04;2809204041 Móstoles sección 04041;Renta neta media por persona;2023;15.786
28092 Móstoles;2809204 Móstoles distrito 04;2809204042 Móstoles sección 04042;Renta neta media por persona;2023;12.010
28092 Móstoles;2809204 Móstoles distrito 04;2809204043 Móstoles sección 04043;Renta neta media por persona;2023;16.956
28092 Móstoles;2809204 Móstoles distrito 04;2809204044 Móstoles sección 04044;Renta neta media por persona;2023;16.222
28092 Móstoles;2809204 Móstoles distrito 04;2809204045 Móstoles sección 04045;Renta neta media por persona;2023;14.912
28092 Móstoles;2809204 Móstoles distrito 04;2809204046 Móstoles sección 04046;Renta neta media por persona;2023;14.697
28092 Móstoles;2809204 Móstoles distrito 04;2809204047 Móstoles sección 04047;Renta neta media por persona;2023;15.727
28092 Móstoles;2809204 Móstoles distrito 04;2809204048 Móstoles sección 04048;Renta neta media por persona;2023;17.305
28092 Móstoles;2809204 Móstoles distrito 04;2809204049 Móstoles sección 04049;Renta neta media por persona;2023;17.501
28093 Navacerrada;2809301 Navacerrada distrito 01;2809301001 Navacerrada sección 01001;Renta neta media por persona;2023;18.244
28094 Navalafuente;2809401 Navalafuente distrito 01;2809401001 Navalafuente sección 01001;Renta neta media por persona;2023;14.569
28095 Navalagamella;2809501 Navalagamella distrito 01;2809501001 Navalagamella sección 01001;Renta neta media por persona;2023;12.374
28096 Navalcarnero;2809601 Navalcarnero distrito 01;2809601001 Navalcarnero sección 01001;Renta neta media por persona;2023;9.593
28096 Navalcarnero;2809601 Navalcarnero distrito 01;2809601002 Navalcarnero sección 01002;Renta neta media por persona;2023;13.037
28096 Navalcarnero;2809601 Navalcarnero distrito 01;2809601003 Navalcarnero sección 01003;Renta neta media por persona;2023;13.420
28096 Navalcarnero;2809601 Navalcarnero distrito 01;2809601004 Navalcarnero sección 01004;Renta neta media por persona;2023;14.538
28096 Navalcarnero;2809601 Navalcarnero distrito 01;2809601005 Navalcarnero sección 01005;Renta neta media por persona;2023;15.689
28096 Navalcarnero;2809601 Navalcarnero distrito 01;2809601006 Navalcarnero sección 01006;Renta neta media por persona;2023;15.650
28096 Navalcarnero;2809601 Navalcarnero distrito 01;2809601007 Navalcarnero sección 01007;Renta neta media por persona;2023;15.375
28096 Navalcarnero;2809601 Navalcarnero distrito 01;2809601008 Navalcarnero sección 01008;Renta neta media por persona;2023;12.909
28096 Navalcarnero;2809601 Navalcarnero distrito 01;2809601009 Navalcarnero sección 01009;Renta neta media por persona;2023;14.624
28096 Navalcarnero;2809601 Navalcarnero distrito 01;2809601010 Navalcarnero sección 01010;Renta neta media por persona;2023;13.024
28096 Navalcarnero;2809601 Navalcarnero distrito 01;2809601011 Navalcarnero sección 01011;Renta neta media por persona;2023;15.587
28096 Navalcarnero;2809601 Navalcarnero distrito 01;2809601012 Navalcarnero sección 01012;Renta neta media por persona;2023;16.029
28096 Navalcarnero;2809601 Navalcarnero distrito 01;2809601013 Navalcarnero sección 01013;Renta neta media por persona;2023;17.500
28096 Navalcarnero;2809601 Navalcarnero distrito 01;2809601014 Navalcarnero sección 01014;Renta neta media por persona;2023;15.385
28097 Navarredonda y San Mamés;2809701 Navarredonda y San Mamés distrito 01;2809701001 Navarredonda y San Mamés sección 01001;Renta neta media por persona;2023;20.421
28099 Navas del Rey;2809901 Navas del Rey distrito 01;2809901001 Navas del Rey sección 01001;Renta neta media por persona;2023;12.848
28100 Nuevo Baztán;2810001 Nuevo Baztán distrito 01;2810001001 Nuevo Baztán sección 01001;Renta neta media por persona;2023;13.398
28100 Nuevo Baztán;2810001 Nuevo Baztán distrito 01;2810001002 Nuevo Baztán sección 01002;Renta neta media por persona;2023;15.716
28100 Nuevo Baztán;2810001 Nuevo Baztán distrito 01;2810001003 Nuevo Baztán sección 01003;Renta neta media por persona;2023;15.757
28101 Olmeda de las Fuentes;2810101 Olmeda de las Fuentes distrito 01;2810101001 Olmeda de las Fuentes sección 01001;Renta neta media por persona;2023;19.861
28102 Orusco de Tajuña;2810201 Orusco de Tajuña distrito 01;2810201001 Orusco de Tajuña sección 01001;Renta neta media por persona;2023;11.961
28104 Paracuellos de Jarama;2810401 Paracuellos de Jarama distrito 01;2810401001 Paracuellos de Jarama sección 01001;Renta neta media por persona;2023;16.289
28104 Paracuellos de Jarama;2810401 Paracuellos de Jarama distrito 01;2810401002 Paracuellos de Jarama sección 01002;Renta neta media por persona;2023;13.082
28104 Paracuellos de Jarama;2810401 Paracuellos de Jarama distrito 01;2810401003 Paracuellos de Jarama sección 01003;Renta neta media por persona;2023;21.124
28104 Paracuellos de Jarama;2810401 Paracuellos de Jarama distrito 01;2810401004 Paracuellos de Jarama sección 01004;Renta neta media por persona;2023;29.156
28104 Paracuellos de Jarama;2810401 Paracuellos de Jarama distrito 01;2810401005 Paracuellos de Jarama sección 01005;Renta neta media por persona;2023;25.904
28104 Paracuellos de Jarama;2810401 Paracuellos de Jarama distrito 01;2810401006 Paracuellos de Jarama sección 01006;Renta neta media por persona;2023;20.074
28104 Paracuellos de Jarama;2810401 Paracuellos de Jarama distrito 01;2810401007 Paracuellos de Jarama sección 01007;Renta neta media por persona;2023;22.178
28104 Paracuellos de Jarama;2810401 Paracuellos de Jarama distrito 01;2810401008 Paracuellos de Jarama sección 01008;Renta neta media por persona;2023;20.228
28104 Paracuellos de Jarama;2810401 Paracuellos de Jarama distrito 01;2810401009 Paracuellos de Jarama sección 01009;Renta neta media por persona;2023;19.902
28104 Paracuellos de Jarama;2810401 Paracuellos de Jarama distrito 01;2810401010 Paracuellos de Jarama sección 01010;Renta neta media por persona;2023;16.296
28104 Paracuellos de Jarama;2810401 Paracuellos de Jarama distrito 01;2810401011 Paracuellos de Jarama sección 01011;Renta neta media por persona;2023;19.867
28104 Paracuellos de Jarama;2810401 Paracuellos de Jarama distrito 01;2810401012 Paracuellos de Jarama sección 01012;Renta neta media por persona;2023;24.334
28104 Paracuellos de Jarama;2810401 Paracuellos de Jarama distrito 01;2810401013 Paracuellos de Jarama sección 01013;Renta neta media por persona;2023;18.242
28104 Paracuellos de Jarama;2810401 Paracuellos de Jarama distrito 01;2810401014 Paracuellos de Jarama sección 01014;Renta neta media por persona;2023;19.390
28106 Parla;2810601 Parla distrito 01;2810601001 Parla sección 01001;Renta neta media por persona;2023;11.759
28106 Parla;2810601 Parla distrito 01;2810601002 Parla sección 01002;Renta neta media por persona;2023;8.405
28106 Parla;2810601 Parla distrito 01;2810601003 Parla sección 01003;Renta neta media por persona;2023;9.375
28106 Parla;2810601 Parla distrito 01;2810601004 Parla sección 01004;Renta neta media por persona;2023;11.393
28106 Parla;2810601 Parla distrito 01;2810601005 Parla sección 01005;Renta neta media por persona;2023;10.028
28106 Parla;2810601 Parla distrito 01;2810601006 Parla sección 01006;Renta neta media por persona;2023;10.496
28106 Parla;2810601 Parla distrito 01;2810601007 Parla sección 01007;Renta neta media por persona;2023;9.185
28106 Parla;2810601 Parla distrito 01;2810601008 Parla sección 01008;Renta neta media por persona;2023;9.304
28106 Parla;2810601 Parla distrito 01;2810601009 Parla sección 01009;Renta neta media por persona;2023;9.472
28106 Parla;2810601 Parla distrito 01;2810601010 Parla sección 01010;Renta neta media por persona;2023;10.142
28106 Parla;2810601 Parla distrito 01;2810601011 Parla sección 01011;Renta neta media por persona;2023;8.958
28106 Parla;2810601 Parla distrito 01;2810601012 Parla sección 01012;Renta neta media por persona;2023;10.200
28106 Parla;2810601 Parla distrito 01;2810601013 Parla sección 01013;Renta neta media por persona;2023;9.583
28106 Parla;2810601 Parla distrito 01;2810601014 Parla sección 01014;Renta neta media por persona;2023;9.391
28106 Parla;2810601 Parla distrito 01;2810601015 Parla sección 01015;Renta neta media por persona;2023;13.539
28106 Parla;2810601 Parla distrito 01;2810601016 Parla sección 01016;Renta neta media por persona;2023;11.090
28106 Parla;2810601 Parla distrito 01;2810601017 Parla sección 01017;Renta neta media por persona;2023;9.973
28106 Parla;2810601 Parla distrito 01;2810601018 Parla sección 01018;Renta neta media por persona;2023;11.067
28106 Parla;2810601 Parla distrito 01;2810601019 Parla sección 01019;Renta neta media por persona;2023;8.728
28106 Parla;2810601 Parla distrito 01;2810601021 Parla sección 01021;Renta neta media por persona;2023;10.851
28106 Parla;2810601 Parla distrito 01;2810601022 Parla sección 01022;Renta neta media por persona;2023;9.111
28106 Parla;2810601 Parla distrito 01;2810601023 Parla sección 01023;Renta neta media por persona;2023;10.164
28106 Parla;2810601 Parla distrito 01;2810601024 Parla sección 01024;Renta neta media por persona;2023;10.445
28106 Parla;2810601 Parla distrito 01;2810601025 Parla sección 01025;Renta neta media por persona;2023;10.680
28106 Parla;2810601 Parla distrito 01;2810601026 Parla sección 01026;Renta neta media por persona;2023;10.191
28106 Parla;2810601 Parla distrito 01;2810601027 Parla sección 01027;Renta neta media por persona;2023;10.994
28106 Parla;2810601 Parla distrito 01;2810601028 Parla sección 01028;Renta neta media por persona;2023;9.422
28106 Parla;2810601 Parla distrito 01;2810601029 Parla sección 01029;Renta neta media por persona;2023;10.762
28106 Parla;2810601 Parla distrito 01;2810601030 Parla sección 01030;Renta neta media por persona;2023;10.132
28106 Parla;2810601 Parla distrito 01;2810601031 Parla sección 01031;Renta neta media por persona;2023;9.833
28106 Parla;2810601 Parla distrito 01;2810601032 Parla sección 01032;Renta neta media por persona;2023;10.281
28106 Parla;2810601 Parla distrito 01;2810601033 Parla sección 01033;Renta neta media por persona;2023;8.577
28106 Parla;2810601 Parla distrito 01;2810601034 Parla sección 01034;Renta neta media por persona;2023;11.025
28106 Parla;2810601 Parla distrito 01;2810601035 Parla sección 01035;Renta neta media por persona;2023;9.345
28106 Parla;2810601 Parla distrito 01;2810601036 Parla sección 01036;Renta neta media por persona;2023;11.935
28106 Parla;2810601 Parla distrito 01;2810601037 Parla sección 01037;Renta neta media por persona;2023;10.789
28106 Parla;2810601 Parla distrito 01;2810601038 Parla sección 01038;Renta neta media por persona;2023;11.244
28106 Parla;2810601 Parla distrito 01;2810601039 Parla sección 01039;Renta neta media por persona;2023;11.790
28106 Parla;2810601 Parla distrito 01;2810601040 Parla sección 01040;Renta neta media por persona;2023;11.379
28106 Parla;2810601 Parla distrito 01;2810601041 Parla sección 01041;Renta neta media por persona;2023;14.767
28106 Parla;2810601 Parla distrito 01;2810601042 Parla sección 01042;Renta neta media por persona;2023;14.022
28106 Parla;2810601 Parla distrito 01;2810601043 Parla sección 01043;Renta neta media por persona;2023;15.225
28106 Parla;2810601 Parla distrito 01;2810601044 Parla sección 01044;Renta neta media por persona;2023;12.154
28106 Parla;2810601 Parla distrito 01;2810601045 Parla sección 01045;Renta neta media por persona;2023;12.040
28106 Parla;2810601 Parla distrito 01;2810601046 Parla sección 01046;Renta neta media por persona;2023;12.091
28106 Parla;2810601 Parla distrito 01;2810601047 Parla sección 01047;Renta neta media por persona;2023;11.476
28106 Parla;2810601 Parla distrito 01;2810601048 Parla sección 01048;Renta neta media por persona;2023;16.076
28106 Parla;2810601 Parla distrito 01;2810601049 Parla sección 01049;Renta neta media por persona;2023;12.909
28106 Parla;2810601 Parla distrito 01;2810601050 Parla sección 01050;Renta neta media por persona;2023;12.785
28106 Parla;2810601 Parla distrito 01;2810601051 Parla sección 01051;Renta neta media por persona;2023;14.629
28106 Parla;2810601 Parla distrito 01;2810601052 Parla sección 01052;Renta neta media por persona;2023;12.368
28106 Parla;2810601 Parla distrito 01;2810601053 Parla sección 01053;Renta neta media por persona;2023;16.707
28106 Parla;2810601 Parla distrito 01;2810601054 Parla sección 01054;Renta neta media por persona;2023;12.767
28106 Parla;2810601 Parla distrito 01;2810601055 Parla sección 01055;Renta neta media por persona;2023;14.548
28106 Parla;2810601 Parla distrito 01;2810601056 Parla sección 01056;Renta neta media por persona;2023;12.654
28106 Parla;2810601 Parla distrito 01;2810601057 Parla sección 01057;Renta neta media por persona;2023;13.398
28106 Parla;2810601 Parla distrito 01;2810601058 Parla sección 01058;Renta neta media por persona;2023;10.768
28106 Parla;2810601 Parla distrito 01;2810601059 Parla sección 01059;Renta neta media por persona;2023;11.108
28106 Parla;2810601 Parla distrito 01;2810601060 Parla sección 01060;Renta neta media por persona;2023;11.528
28106 Parla;2810601 Parla distrito 01;2810601061 Parla sección 01061;Renta neta media por persona;2023;13.003
28106 Parla;2810601 Parla distrito 01;2810601062 Parla sección 01062;Renta neta media por persona;2023;11.925
28106 Parla;2810601 Parla distrito 01;2810601063 Parla sección 01063;Renta neta media por persona;2023;14.102
28106 Parla;2810601 Parla distrito 01;2810601064 Parla sección 01064;Renta neta media por persona;2023;10.766
28106 Parla;2810601 Parla distrito 01;2810601065 Parla sección 01065;Renta neta media por persona;2023;14.750
28106 Parla;2810601 Parla distrito 01;2810601066 Parla sección 01066;Renta neta media por persona;2023;12.880
28106 Parla;2810601 Parla distrito 01;2810601067 Parla sección 01067;Renta neta media por persona;2023;14.559
28106 Parla;2810601 Parla distrito 01;2810601068 Parla sección 01068;Renta neta media por persona;2023;12.639
28107 Patones;2810701 Patones distrito 01;2810701001 Patones sección 01001;Renta neta media por persona;2023;16.173
28108 Pedrezuela;2810801 Pedrezuela distrito 01;2810801001 Pedrezuela sección 01001;Renta neta media por persona;2023;17.276
28108 Pedrezuela;2810801 Pedrezuela distrito 01;2810801002 Pedrezuela sección 01002;Renta neta media por persona;2023;15.281
28109 Pelayos de la Presa;2810901 Pelayos de la Presa distrito 01;2810901001 Pelayos de la Presa sección 01001;Renta neta media por persona;2023;11.855
28110 Perales de Tajuña;2811001 Perales de Tajuña distrito 01;2811001001 Perales de Tajuña sección 01001;Renta neta media por persona;2023;12.690
28111 Pezuela de las Torres;2811101 Pezuela de las Torres distrito 01;2811101001 Pezuela de las Torres sección 01001;Renta neta media por persona;2023;14.071
28112 Pinilla del Valle;2811201 Pinilla del Valle distrito 01;2811201001 Pinilla del Valle sección 01001;Renta neta media por persona;2023;18.175
28113 Pinto;2811301 Pinto distrito 01;2811301001 Pinto sección 01001;Renta neta media por persona;2023;12.287
28113 Pinto;2811301 Pinto distrito 01;2811301002 Pinto sección 01002;Renta neta media por persona;2023;13.186
28113 Pinto;2811301 Pinto distrito 01;2811301003 Pinto sección 01003;Renta neta media por persona;2023;12.661
28113 Pinto;2811301 Pinto distrito 01;2811301004 Pinto sección 01004;Renta neta media por persona;2023;13.332
28113 Pinto;2811301 Pinto distrito 01;2811301005 Pinto sección 01005;Renta neta media por persona;2023;13.721
28113 Pinto;2811301 Pinto distrito 01;2811301006 Pinto sección 01006;Renta neta media por persona;2023;15.070
28113 Pinto;2811301 Pinto distrito 01;2811301007 Pinto sección 01007;Renta neta media por persona;2023;13.888
28113 Pinto;2811301 Pinto distrito 01;2811301008 Pinto sección 01008;Renta neta media por persona;2023;12.366
28113 Pinto;2811301 Pinto distrito 01;2811301009 Pinto sección 01009;Renta neta media por persona;2023;12.843
28113 Pinto;2811301 Pinto distrito 01;2811301010 Pinto sección 01010;Renta neta media por persona;2023;15.713
28113 Pinto;2811301 Pinto distrito 01;2811301011 Pinto sección 01011;Renta neta media por persona;2023;15.260
28113 Pinto;2811301 Pinto distrito 01;2811301012 Pinto sección 01012;Renta neta media por persona;2023;17.199
28113 Pinto;2811301 Pinto distrito 01;2811301013 Pinto sección 01013;Renta neta media por persona;2023;18.022
28113 Pinto;2811301 Pinto distrito 01;2811301014 Pinto sección 01014;Renta neta media por persona;2023;14.684
28113 Pinto;2811301 Pinto distrito 01;2811301015 Pinto sección 01015;Renta neta media por persona;2023;15.037
28113 Pinto;2811302 Pinto distrito 02;2811302001 Pinto sección 02001;Renta neta media por persona;2023;13.076
28113 Pinto;2811302 Pinto distrito 02;2811302002 Pinto sección 02002;Renta neta media por persona;2023;11.904
28113 Pinto;2811302 Pinto distrito 02;2811302003 Pinto sección 02003;Renta neta media por persona;2023;14.029
28113 Pinto;2811302 Pinto distrito 02;2811302004 Pinto sección 02004;Renta neta media por persona;2023;16.166
28113 Pinto;2811302 Pinto distrito 02;2811302005 Pinto sección 02005;Renta neta media por persona;2023;12.453
28113 Pinto;2811302 Pinto distrito 02;2811302006 Pinto sección 02006;Renta neta media por persona;2023;16.920
28113 Pinto;2811302 Pinto distrito 02;2811302007 Pinto sección 02007;Renta neta media por persona;2023;15.208
28113 Pinto;2811302 Pinto distrito 02;2811302008 Pinto sección 02008;Renta neta media por persona;2023;15.274
28113 Pinto;2811302 Pinto distrito 02;2811302009 Pinto sección 02009;Renta neta media por persona;2023;14.601
28113 Pinto;2811302 Pinto distrito 02;2811302010 Pinto sección 02010;Renta neta media por persona;2023;17.463
28113 Pinto;2811302 Pinto distrito 02;2811302011 Pinto sección 02011;Renta neta media por persona;2023;16.012
28113 Pinto;2811302 Pinto distrito 02;2811302012 Pinto sección 02012;Renta neta media por persona;2023;15.417
28113 Pinto;2811302 Pinto distrito 02;2811302013 Pinto sección 02013;Renta neta media por persona;2023;18.886
28113 Pinto;2811302 Pinto distrito 02;2811302014 Pinto sección 02014;Renta neta media por persona;2023;17.361
28113 Pinto;2811302 Pinto distrito 02;2811302015 Pinto sección 02015;Renta neta media por persona;2023;17.334
28113 Pinto;2811302 Pinto distrito 02;2811302016 Pinto sección 02016;Renta neta media por persona;2023;21.007
28114 Piñuécar-Gandullas;2811401 Piñuécar-Gandullas distrito 01;2811401001 Piñuécar-Gandullas sección 01001;Renta neta media por persona;2023;15.504
28115 Pozuelo de Alarcón;2811501 Pozuelo de Alarcón distrito 01;2811501001 Pozuelo de Alarcón sección 01001;Renta neta media por persona;2023;29.972
28115 Pozuelo de Alarcón;2811501 Pozuelo de Alarcón distrito 01;2811501002 Pozuelo de Alarcón sección 01002;Renta neta media por persona;2023;36.918
28115 Pozuelo de Alarcón;2811501 Pozuelo de Alarcón distrito 01;2811501004 Pozuelo de Alarcón sección 01004;Renta neta media por persona;2023;10.317
28115 Pozuelo de Alarcón;2811501 Pozuelo de Alarcón distrito 01;2811501005 Pozuelo de Alarcón sección 01005;Renta neta media por persona;2023;19.751
28115 Pozuelo de Alarcón;2811501 Pozuelo de Alarcón distrito 01;2811501006 Pozuelo de Alarcón sección 01006;Renta neta media por persona;2023;26.350
28115 Pozuelo de Alarcón;2811501 Pozuelo de Alarcón distrito 01;2811501007 Pozuelo de Alarcón sección 01007;Renta neta media por persona;2023;11.447
28115 Pozuelo de Alarcón;2811501 Pozuelo de Alarcón distrito 01;2811501008 Pozuelo de Alarcón sección 01008;Renta neta media por persona;2023;19.431
28115 Pozuelo de Alarcón;2811501 Pozuelo de Alarcón distrito 01;2811501009 Pozuelo de Alarcón sección 01009;Renta neta media por persona;2023;16.931
28115 Pozuelo de Alarcón;2811501 Pozuelo de Alarcón distrito 01;2811501010 Pozuelo de Alarcón sección 01010;Renta neta media por persona;2023;36.918
28115 Pozuelo de Alarcón;2811501 Pozuelo de Alarcón distrito 01;2811501011 Pozuelo de Alarcón sección 01011;Renta neta media por persona;2023;12.387
28115 Pozuelo de Alarcón;2811501 Pozuelo de Alarcón distrito 01;2811501012 Pozuelo de Alarcón sección 01012;Renta neta media por persona;2023;34.425
28115 Pozuelo de Alarcón;2811501 Pozuelo de Alarcón distrito 01;2811501013 Pozuelo de Alarcón sección 01013;Renta neta media por persona;2023;10.896
28115 Pozuelo de Alarcón;2811501 Pozuelo de Alarcón distrito 01;2811501014 Pozuelo de Alarcón sección 01014;Renta neta media por persona;2023;29.772
28115 Pozuelo de Alarcón;2811501 Pozuelo de Alarcón distrito 01;2811501015 Pozuelo de Alarcón sección 01015;Renta neta media por persona;2023;18.406
28115 Pozuelo de Alarcón;2811501 Pozuelo de Alarcón distrito 01;2811501016 Pozuelo de Alarcón sección 01016;Renta neta media por persona;2023;31.211
28115 Pozuelo de Alarcón;2811501 Pozuelo de Alarcón distrito 01;2811501017 Pozuelo de Alarcón sección 01017;Renta neta media por persona;2023;28.439
28115 Pozuelo de Alarcón;2811501 Pozuelo de Alarcón distrito 01;2811501018 Pozuelo de Alarcón sección 01018;Renta neta media por persona;2023;32.203
28115 Pozuelo de Alarcón;2811501 Pozuelo de Alarcón distrito 01;2811501019 Pozuelo de Alarcón sección 01019;Renta neta media por persona;2023;32.252
28115 Pozuelo de Alarcón;2811501 Pozuelo de Alarcón distrito 01;2811501020 Pozuelo de Alarcón sección 01020;Renta neta media por persona;2023;36.918
28115 Pozuelo de Alarcón;2811501 Pozuelo de Alarcón distrito 01;2811501021 Pozuelo de Alarcón sección 01021;Renta neta media por persona;2023;17.885
28115 Pozuelo de Alarcón;2811501 Pozuelo de Alarcón distrito 01;2811501022 Pozuelo de Alarcón sección 01022;Renta neta media por persona;2023;33.518
28115 Pozuelo de Alarcón;2811501 Pozuelo de Alarcón distrito 01;2811501023 Pozuelo de Alarcón sección 01023;Renta neta media por persona;2023;26.944
28115 Pozuelo de Alarcón;2811501 Pozuelo de Alarcón distrito 01;2811501024 Pozuelo de Alarcón sección 01024;Renta neta media por persona;2023;36.918
28115 Pozuelo de Alarcón;2811501 Pozuelo de Alarcón distrito 01;2811501025 Pozuelo de Alarcón sección 01025;Renta neta media por persona;2023;27.396
28115 Pozuelo de Alarcón;2811501 Pozuelo de Alarcón distrito 01;2811501026 Pozuelo de Alarcón sección 01026;Renta neta media por persona;2023;28.634
28115 Pozuelo de Alarcón;2811501 Pozuelo de Alarcón distrito 01;2811501027 Pozuelo de Alarcón sección 01027;Renta neta media por persona;2023;31.083
28115 Pozuelo de Alarcón;2811501 Pozuelo de Alarcón distrito 01;2811501028 Pozuelo de Alarcón sección 01028;Renta neta media por persona;2023;25.900
28115 Pozuelo de Alarcón;2811501 Pozuelo de Alarcón distrito 01;2811501029 Pozuelo de Alarcón sección 01029;Renta neta media por persona;2023;28.497
28115 Pozuelo de Alarcón;2811501 Pozuelo de Alarcón distrito 01;2811501030 Pozuelo de Alarcón sección 01030;Renta neta media por persona;2023;32.853
28115 Pozuelo de Alarcón;2811501 Pozuelo de Alarcón distrito 01;2811501031 Pozuelo de Alarcón sección 01031;Renta neta media por persona;2023;36.918
28115 Pozuelo de Alarcón;2811501 Pozuelo de Alarcón distrito 01;2811501032 Pozuelo de Alarcón sección 01032;Renta neta media por persona;2023;36.918
28115 Pozuelo de Alarcón;2811501 Pozuelo de Alarcón distrito 01;2811501033 Pozuelo de Alarcón sección 01033;Renta neta media por persona;2023;23.147
28115 Pozuelo de Alarcón;2811501 Pozuelo de Alarcón distrito 01;2811501034 Pozuelo de Alarcón sección 01034;Renta neta media por persona;2023;34.838
28115 Pozuelo de Alarcón;2811501 Pozuelo de Alarcón distrito 01;2811501035 Pozuelo de Alarcón sección 01035;Renta neta media por persona;2023;36.918
28115 Pozuelo de Alarcón;2811502 Pozuelo de Alarcón distrito 02;2811502001 Pozuelo de Alarcón sección 02001;Renta neta media por persona;2023;32.183
28115 Pozuelo de Alarcón;2811502 Pozuelo de Alarcón distrito 02;2811502002 Pozuelo de Alarcón sección 02002;Renta neta media por persona;2023;24.307
28115 Pozuelo de Alarcón;2811502 Pozuelo de Alarcón distrito 02;2811502003 Pozuelo de Alarcón sección 02003;Renta neta media por persona;2023;15.821
28115 Pozuelo de Alarcón;2811502 Pozuelo de Alarcón distrito 02;2811502004 Pozuelo de Alarcón sección 02004;Renta neta media por persona;2023;27.670
28115 Pozuelo de Alarcón;2811502 Pozuelo de Alarcón distrito 02;2811502005 Pozuelo de Alarcón sección 02005;Renta neta media por persona;2023;26.501
28115 Pozuelo de Alarcón;2811502 Pozuelo de Alarcón distrito 02;2811502006 Pozuelo de Alarcón sección 02006;Renta neta media por persona;2023;31.498
28115 Pozuelo de Alarcón;2811502 Pozuelo de Alarcón distrito 02;2811502007 Pozuelo de Alarcón sección 02007;Renta neta media por persona;2023;27.460
28115 Pozuelo de Alarcón;2811502 Pozuelo de Alarcón distrito 02;2811502008 Pozuelo de Alarcón sección 02008;Renta neta media por persona;2023;30.305
28115 Pozuelo de Alarcón;2811502 Pozuelo de Alarcón distrito 02;2811502009 Pozuelo de Alarcón sección 02009;Renta neta media por persona;2023;29.709
28115 Pozuelo de Alarcón;2811502 Pozuelo de Alarcón distrito 02;2811502010 Pozuelo de Alarcón sección 02010;Renta neta media por persona;2023;""
28115 Pozuelo de Alarcón;2811502 Pozuelo de Alarcón distrito 02;2811502011 Pozuelo de Alarcón sección 02011;Renta neta media por persona;2023;36.918
28115 Pozuelo de Alarcón;2811502 Pozuelo de Alarcón distrito 02;2811502012 Pozuelo de Alarcón sección 02012;Renta neta media por persona;2023;30.853
28115 Pozuelo de Alarcón;2811502 Pozuelo de Alarcón distrito 02;2811502013 Pozuelo de Alarcón sección 02013;Renta neta media por persona;2023;31.126
28115 Pozuelo de Alarcón;2811502 Pozuelo de Alarcón distrito 02;2811502014 Pozuelo de Alarcón sección 02014;Renta neta media por persona;2023;27.232
28115 Pozuelo de Alarcón;2811502 Pozuelo de Alarcón distrito 02;2811502015 Pozuelo de Alarcón sección 02015;Renta neta media por persona;2023;26.504
28115 Pozuelo de Alarcón;2811502 Pozuelo de Alarcón distrito 02;2811502016 Pozuelo de Alarcón sección 02016;Renta neta media por persona;2023;27.205
28115 Pozuelo de Alarcón;2811502 Pozuelo de Alarcón distrito 02;2811502017 Pozuelo de Alarcón sección 02017;Renta neta media por persona;2023;29.879
28115 Pozuelo de Alarcón;2811502 Pozuelo de Alarcón distrito 02;2811502018 Pozuelo de Alarcón sección 02018;Renta neta media por persona;2023;29.982
28115 Pozuelo de Alarcón;2811502 Pozuelo de Alarcón distrito 02;2811502019 Pozuelo de Alarcón sección 02019;Renta neta media por persona;2023;26.769
28115 Pozuelo de Alarcón;2811502 Pozuelo de Alarcón distrito 02;2811502020 Pozuelo de Alarcón sección 02020;Renta neta media por persona;2023;28.420
28115 Pozuelo de Alarcón;2811502 Pozuelo de Alarcón distrito 02;2811502021 Pozuelo de Alarcón sección 02021;Renta neta media por persona;2023;30.008
28115 Pozuelo de Alarcón;2811502 Pozuelo de Alarcón distrito 02;2811502022 Pozuelo de Alarcón sección 02022;Renta neta media por persona;2023;31.614
28115 Pozuelo de Alarcón;2811502 Pozuelo de Alarcón distrito 02;2811502023 Pozuelo de Alarcón sección 02023;Renta neta media por persona;2023;27.769
28116 Pozuelo del Rey;2811601 Pozuelo del Rey distrito 01;2811601001 Pozuelo del Rey sección 01001;Renta neta media por persona;2023;13.316
28117 Prádena del Rincón;2811701 Prádena del Rincón distrito 01;2811701001 Prádena del Rincón sección 01001;Renta neta media por persona;2023;18.613
28118 Puebla de la Sierra;2811801 Puebla de la Sierra distrito 01;2811801001 Puebla de la Sierra sección 01001;Renta neta media por persona;2023;16.893
28119 Quijorna;2811901 Quijorna distrito 01;2811901001 Quijorna sección 01001;Renta neta media por persona;2023;13.270
28119 Quijorna;2811901 Quijorna distrito 01;2811901002 Quijorna sección 01002;Renta neta media por persona;2023;16.040
28120 Rascafría;2812001 Rascafría distrito 01;2812001001 Rascafría sección 01001;Renta neta media por persona;2023;16.346
28121 Redueña;2812101 Redueña distrito 01;2812101001 Redueña sección 01001;Renta neta media por persona;2023;16.341
28122 Ribatejada;2812201 Ribatejada distrito 01;2812201001 Ribatejada sección 01001;Renta neta media por persona;2023;15.798
28123 Rivas-Vaciamadrid;2812301 Rivas-Vaciamadrid distrito 01;2812301001 Rivas-Vaciamadrid sección 01001;Renta neta media por persona;2023;15.780
28123 Rivas-Vaciamadrid;2812301 Rivas-Vaciamadrid distrito 01;2812301002 Rivas-Vaciamadrid sección 01002;Renta neta media por persona;2023;16.798
28123 Rivas-Vaciamadrid;2812301 Rivas-Vaciamadrid distrito 01;2812301003 Rivas-Vaciamadrid sección 01003;Renta neta media por persona;2023;14.764
28123 Rivas-Vaciamadrid;2812301 Rivas-Vaciamadrid distrito 01;2812301004 Rivas-Vaciamadrid sección 01004;Renta neta media por persona;2023;14.296
28123 Rivas-Vaciamadrid;2812301 Rivas-Vaciamadrid distrito 01;2812301005 Rivas-Vaciamadrid sección 01005;Renta neta media por persona;2023;21.685
28123 Rivas-Vaciamadrid;2812301 Rivas-Vaciamadrid distrito 01;2812301006 Rivas-Vaciamadrid sección 01006;Renta neta media por persona;2023;23.725
28123 Rivas-Vaciamadrid;2812301 Rivas-Vaciamadrid distrito 01;2812301007 Rivas-Vaciamadrid sección 01007;Renta neta media por persona;2023;15.511
28123 Rivas-Vaciamadrid;2812301 Rivas-Vaciamadrid distrito 01;2812301008 Rivas-Vaciamadrid sección 01008;Renta neta media por persona;2023;19.053
28123 Rivas-Vaciamadrid;2812301 Rivas-Vaciamadrid distrito 01;2812301009 Rivas-Vaciamadrid sección 01009;Renta neta media por persona;2023;15.757
28123 Rivas-Vaciamadrid;2812301 Rivas-Vaciamadrid distrito 01;2812301010 Rivas-Vaciamadrid sección 01010;Renta neta media por persona;2023;17.907
28123 Rivas-Vaciamadrid;2812301 Rivas-Vaciamadrid distrito 01;2812301011 Rivas-Vaciamadrid sección 01011;Renta neta media por persona;2023;14.110
28123 Rivas-Vaciamadrid;2812301 Rivas-Vaciamadrid distrito 01;2812301012 Rivas-Vaciamadrid sección 01012;Renta neta media por persona;2023;23.139
28123 Rivas-Vaciamadrid;2812301 Rivas-Vaciamadrid distrito 01;2812301013 Rivas-Vaciamadrid sección 01013;Renta neta media por persona;2023;21.028
28123 Rivas-Vaciamadrid;2812301 Rivas-Vaciamadrid distrito 01;2812301014 Rivas-Vaciamadrid sección 01014;Renta neta media por persona;2023;23.291
28123 Rivas-Vaciamadrid;2812301 Rivas-Vaciamadrid distrito 01;2812301015 Rivas-Vaciamadrid sección 01015;Renta neta media por persona;2023;15.830
28123 Rivas-Vaciamadrid;2812301 Rivas-Vaciamadrid distrito 01;2812301016 Rivas-Vaciamadrid sección 01016;Renta neta media por persona;2023;18.550
28123 Rivas-Vaciamadrid;2812301 Rivas-Vaciamadrid distrito 01;2812301017 Rivas-Vaciamadrid sección 01017;Renta neta media por persona;2023;21.850
28123 Rivas-Vaciamadrid;2812301 Rivas-Vaciamadrid distrito 01;2812301018 Rivas-Vaciamadrid sección 01018;Renta neta media por persona;2023;24.962
28123 Rivas-Vaciamadrid;2812301 Rivas-Vaciamadrid distrito 01;2812301019 Rivas-Vaciamadrid sección 01019;Renta neta media por persona;2023;16.610
28123 Rivas-Vaciamadrid;2812301 Rivas-Vaciamadrid distrito 01;2812301020 Rivas-Vaciamadrid sección 01020;Renta neta media por persona;2023;18.510
28123 Rivas-Vaciamadrid;2812301 Rivas-Vaciamadrid distrito 01;2812301021 Rivas-Vaciamadrid sección 01021;Renta neta media por persona;2023;16.218
28123 Rivas-Vaciamadrid;2812301 Rivas-Vaciamadrid distrito 01;2812301022 Rivas-Vaciamadrid sección 01022;Renta neta media por persona;2023;12.886
28123 Rivas-Vaciamadrid;2812301 Rivas-Vaciamadrid distrito 01;2812301023 Rivas-Vaciamadrid sección 01023;Renta neta media por persona;2023;19.378
28123 Rivas-Vaciamadrid;2812301 Rivas-Vaciamadrid distrito 01;2812301024 Rivas-Vaciamadrid sección 01024;Renta neta media por persona;2023;20.194
28123 Rivas-Vaciamadrid;2812301 Rivas-Vaciamadrid distrito 01;2812301025 Rivas-Vaciamadrid sección 01025;Renta neta media por persona;2023;16.569
28123 Rivas-Vaciamadrid;2812301 Rivas-Vaciamadrid distrito 01;2812301026 Rivas-Vaciamadrid sección 01026;Renta neta media por persona;2023;13.344
28123 Rivas-Vaciamadrid;2812301 Rivas-Vaciamadrid distrito 01;2812301027 Rivas-Vaciamadrid sección 01027;Renta neta media por persona;2023;14.380
28123 Rivas-Vaciamadrid;2812301 Rivas-Vaciamadrid distrito 01;2812301028 Rivas-Vaciamadrid sección 01028;Renta neta media por persona;2023;24.911
28123 Rivas-Vaciamadrid;2812301 Rivas-Vaciamadrid distrito 01;2812301029 Rivas-Vaciamadrid sección 01029;Renta neta media por persona;2023;16.770
28123 Rivas-Vaciamadrid;2812301 Rivas-Vaciamadrid distrito 01;2812301030 Rivas-Vaciamadrid sección 01030;Renta neta media por persona;2023;22.292
28123 Rivas-Vaciamadrid;2812301 Rivas-Vaciamadrid distrito 01;2812301031 Rivas-Vaciamadrid sección 01031;Renta neta media por persona;2023;18.180
28123 Rivas-Vaciamadrid;2812301 Rivas-Vaciamadrid distrito 01;2812301032 Rivas-Vaciamadrid sección 01032;Renta neta media por persona;2023;18.771
28123 Rivas-Vaciamadrid;2812301 Rivas-Vaciamadrid distrito 01;2812301033 Rivas-Vaciamadrid sección 01033;Renta neta media por persona;2023;22.891
28123 Rivas-Vaciamadrid;2812301 Rivas-Vaciamadrid distrito 01;2812301034 Rivas-Vaciamadrid sección 01034;Renta neta media por persona;2023;19.372
28123 Rivas-Vaciamadrid;2812301 Rivas-Vaciamadrid distrito 01;2812301035 Rivas-Vaciamadrid sección 01035;Renta neta media por persona;2023;23.205
28123 Rivas-Vaciamadrid;2812301 Rivas-Vaciamadrid distrito 01;2812301036 Rivas-Vaciamadrid sección 01036;Renta neta media por persona;2023;20.198
28123 Rivas-Vaciamadrid;2812301 Rivas-Vaciamadrid distrito 01;2812301037 Rivas-Vaciamadrid sección 01037;Renta neta media por persona;2023;15.759
28123 Rivas-Vaciamadrid;2812301 Rivas-Vaciamadrid distrito 01;2812301038 Rivas-Vaciamadrid sección 01038;Renta neta media por persona;2023;18.513
28123 Rivas-Vaciamadrid;2812301 Rivas-Vaciamadrid distrito 01;2812301039 Rivas-Vaciamadrid sección 01039;Renta neta media por persona;2023;16.331
28123 Rivas-Vaciamadrid;2812301 Rivas-Vaciamadrid distrito 01;2812301040 Rivas-Vaciamadrid sección 01040;Renta neta media por persona;2023;18.283
28123 Rivas-Vaciamadrid;2812301 Rivas-Vaciamadrid distrito 01;2812301041 Rivas-Vaciamadrid sección 01041;Renta neta media por persona;2023;15.888
28123 Rivas-Vaciamadrid;2812301 Rivas-Vaciamadrid distrito 01;2812301042 Rivas-Vaciamadrid sección 01042;Renta neta media por persona;2023;25.219
28123 Rivas-Vaciamadrid;2812301 Rivas-Vaciamadrid distrito 01;2812301043 Rivas-Vaciamadrid sección 01043;Renta neta media por persona;2023;18.191
28123 Rivas-Vaciamadrid;2812301 Rivas-Vaciamadrid distrito 01;2812301044 Rivas-Vaciamadrid sección 01044;Renta neta media por persona;2023;16.232
28123 Rivas-Vaciamadrid;2812301 Rivas-Vaciamadrid distrito 01;2812301045 Rivas-Vaciamadrid sección 01045;Renta neta media por persona;2023;16.060
28123 Rivas-Vaciamadrid;2812301 Rivas-Vaciamadrid distrito 01;2812301046 Rivas-Vaciamadrid sección 01046;Renta neta media por persona;2023;20.676
28123 Rivas-Vaciamadrid;2812301 Rivas-Vaciamadrid distrito 01;2812301047 Rivas-Vaciamadrid sección 01047;Renta neta media por persona;2023;19.550
28123 Rivas-Vaciamadrid;2812301 Rivas-Vaciamadrid distrito 01;2812301048 Rivas-Vaciamadrid sección 01048;Renta neta media por persona;2023;16.877
28123 Rivas-Vaciamadrid;2812301 Rivas-Vaciamadrid distrito 01;2812301049 Rivas-Vaciamadrid sección 01049;Renta neta media por persona;2023;17.006
28123 Rivas-Vaciamadrid;2812301 Rivas-Vaciamadrid distrito 01;2812301050 Rivas-Vaciamadrid sección 01050;Renta neta media por persona;2023;19.205
28123 Rivas-Vaciamadrid;2812301 Rivas-Vaciamadrid distrito 01;2812301051 Rivas-Vaciamadrid sección 01051;Renta neta media por persona;2023;19.467
28123 Rivas-Vaciamadrid;2812301 Rivas-Vaciamadrid distrito 01;2812301052 Rivas-Vaciamadrid sección 01052;Renta neta media por persona;2023;18.949
28123 Rivas-Vaciamadrid;2812301 Rivas-Vaciamadrid distrito 01;2812301053 Rivas-Vaciamadrid sección 01053;Renta neta media por persona;2023;15.732
28123 Rivas-Vaciamadrid;2812301 Rivas-Vaciamadrid distrito 01;2812301054 Rivas-Vaciamadrid sección 01054;Renta neta media por persona;2023;20.497
28123 Rivas-Vaciamadrid;2812301 Rivas-Vaciamadrid distrito 01;2812301055 Rivas-Vaciamadrid sección 01055;Renta neta media por persona;2023;19.824
28124 Robledillo de la Jara;2812401 Robledillo de la Jara distrito 01;2812401001 Robledillo de la Jara sección 01001;Renta neta media por persona;2023;16.345
28125 Robledo de Chavela;2812501 Robledo de Chavela distrito 01;2812501001 Robledo de Chavela sección 01001;Renta neta media por persona;2023;12.882
28125 Robledo de Chavela;2812501 Robledo de Chavela distrito 01;2812501002 Robledo de Chavela sección 01002;Renta neta media por persona;2023;17.069
28125 Robledo de Chavela;2812501 Robledo de Chavela distrito 01;2812501003 Robledo de Chavela sección 01003;Renta neta media por persona;2023;14.792
28126 Robregordo;2812601 Robregordo distrito 01;2812601001 Robregordo sección 01001;Renta neta media por persona;2023;16.893
28127 Rozas de Madrid, Las;2812701 Rozas de Madrid, Las distrito 01;2812701001 Rozas de Madrid, Las sección 01001;Renta neta media por persona;2023;14.405
28127 Rozas de Madrid, Las;2812701 Rozas de Madrid, Las distrito 01;2812701002 Rozas de Madrid, Las sección 01002;Renta neta media por persona;2023;14.842
28127 Rozas de Madrid, Las;2812701 Rozas de Madrid, Las distrito 01;2812701003 Rozas de Madrid, Las sección 01003;Renta neta media por persona;2023;24.770
28127 Rozas de Madrid, Las;2812701 Rozas de Madrid, Las distrito 01;2812701004 Rozas de Madrid, Las sección 01004;Renta neta media por persona;2023;26.357
28127 Rozas de Madrid, Las;2812701 Rozas de Madrid, Las distrito 01;2812701005 Rozas de Madrid, Las sección 01005;Renta neta media por persona;2023;24.795
28127 Rozas de Madrid, Las;2812701 Rozas de Madrid, Las distrito 01;2812701006 Rozas de Madrid, Las sección 01006;Renta neta media por persona;2023;27.778
28127 Rozas de Madrid, Las;2812701 Rozas de Madrid, Las distrito 01;2812701007 Rozas de Madrid, Las sección 01007;Renta neta media por persona;2023;29.655
28127 Rozas de Madrid, Las;2812701 Rozas de Madrid, Las distrito 01;2812701008 Rozas de Madrid, Las sección 01008;Renta neta media por persona;2023;21.347
28127 Rozas de Madrid, Las;2812701 Rozas de Madrid, Las distrito 01;2812701009 Rozas de Madrid, Las sección 01009;Renta neta media por persona;2023;33.671
28127 Rozas de Madrid, Las;2812701 Rozas de Madrid, Las distrito 01;2812701010 Rozas de Madrid, Las sección 01010;Renta neta media por persona;2023;15.187
28127 Rozas de Madrid, Las;2812701 Rozas de Madrid, Las distrito 01;2812701011 Rozas de Madrid, Las sección 01011;Renta neta media por persona;2023;20.983
28127 Rozas de Madrid, Las;2812701 Rozas de Madrid, Las distrito 01;2812701012 Rozas de Madrid, Las sección 01012;Renta neta media por persona;2023;14.577
28127 Rozas de Madrid, Las;2812701 Rozas de Madrid, Las distrito 01;2812701013 Rozas de Madrid, Las sección 01013;Renta neta media por persona;2023;25.467
28127 Rozas de Madrid, Las;2812701 Rozas de Madrid, Las distrito 01;2812701014 Rozas de Madrid, Las sección 01014;Renta neta media por persona;2023;28.467
28127 Rozas de Madrid, Las;2812701 Rozas de Madrid, Las distrito 01;2812701015 Rozas de Madrid, Las sección 01015;Renta neta media por persona;2023;16.498
28127 Rozas de Madrid, Las;2812701 Rozas de Madrid, Las distrito 01;2812701016 Rozas de Madrid, Las sección 01016;Renta neta media por persona;2023;22.249
28127 Rozas de Madrid, Las;2812701 Rozas de Madrid, Las distrito 01;2812701017 Rozas de Madrid, Las sección 01017;Renta neta media por persona;2023;23.964
28127 Rozas de Madrid, Las;2812701 Rozas de Madrid, Las distrito 01;2812701018 Rozas de Madrid, Las sección 01018;Renta neta media por persona;2023;27.984
28127 Rozas de Madrid, Las;2812701 Rozas de Madrid, Las distrito 01;2812701019 Rozas de Madrid, Las sección 01019;Renta neta media por persona;2023;24.370
28127 Rozas de Madrid, Las;2812701 Rozas de Madrid, Las distrito 01;2812701020 Rozas de Madrid, Las sección 01020;Renta neta media por persona;2023;22.897
28127 Rozas de Madrid, Las;2812701 Rozas de Madrid, Las distrito 01;2812701021 Rozas de Madrid, Las sección 01021;Renta neta media por persona;2023;18.451
28127 Rozas de Madrid, Las;2812701 Rozas de Madrid, Las distrito 01;2812701022 Rozas de Madrid, Las sección 01022;Renta neta media por persona;2023;21.376
28127 Rozas de Madrid, Las;2812701 Rozas de Madrid, Las distrito 01;2812701023 Rozas de Madrid, Las sección 01023;Renta neta media por persona;2023;24.227
28127 Rozas de Madrid, Las;2812701 Rozas de Madrid, Las distrito 01;2812701024 Rozas de Madrid, Las sección 01024;Renta neta media por persona;2023;24.562
28127 Rozas de Madrid, Las;2812701 Rozas de Madrid, Las distrito 01;2812701025 Rozas de Madrid, Las sección 01025;Renta neta media por persona;2023;23.069
28127 Rozas de Madrid, Las;2812701 Rozas de Madrid, Las distrito 01;2812701026 Rozas de Madrid, Las sección 01026;Renta neta media por persona;2023;30.047
28127 Rozas de Madrid, Las;2812701 Rozas de Madrid, Las distrito 01;2812701027 Rozas de Madrid, Las sección 01027;Renta neta media por persona;2023;""
28127 Rozas de Madrid, Las;2812701 Rozas de Madrid, Las distrito 01;2812701028 Rozas de Madrid, Las sección 01028;Renta neta media por persona;2023;27.030
28127 Rozas de Madrid, Las;2812701 Rozas de Madrid, Las distrito 01;2812701029 Rozas de Madrid, Las sección 01029;Renta neta media por persona;2023;28.042
28127 Rozas de Madrid, Las;2812701 Rozas de Madrid, Las distrito 01;2812701030 Rozas de Madrid, Las sección 01030;Renta neta media por persona;2023;30.053
28127 Rozas de Madrid, Las;2812701 Rozas de Madrid, Las distrito 01;2812701031 Rozas de Madrid, Las sección 01031;Renta neta media por persona;2023;30.275
28127 Rozas de Madrid, Las;2812701 Rozas de Madrid, Las distrito 01;2812701032 Rozas de Madrid, Las sección 01032;Renta neta media por persona;2023;27.090
28127 Rozas de Madrid, Las;2812701 Rozas de Madrid, Las distrito 01;2812701033 Rozas de Madrid, Las sección 01033;Renta neta media por persona;2023;23.179
28127 Rozas de Madrid, Las;2812701 Rozas de Madrid, Las distrito 01;2812701034 Rozas de Madrid, Las sección 01034;Renta neta media por persona;2023;22.325
28127 Rozas de Madrid, Las;2812701 Rozas de Madrid, Las distrito 01;2812701035 Rozas de Madrid, Las sección 01035;Renta neta media por persona;2023;24.152
28127 Rozas de Madrid, Las;2812701 Rozas de Madrid, Las distrito 01;2812701036 Rozas de Madrid, Las sección 01036;Renta neta media por persona;2023;22.706
28127 Rozas de Madrid, Las;2812701 Rozas de Madrid, Las distrito 01;2812701037 Rozas de Madrid, Las sección 01037;Renta neta media por persona;2023;33.602
28127 Rozas de Madrid, Las;2812701 Rozas de Madrid, Las distrito 01;2812701038 Rozas de Madrid, Las sección 01038;Renta neta media por persona;2023;24.173
28127 Rozas de Madrid, Las;2812701 Rozas de Madrid, Las distrito 01;2812701039 Rozas de Madrid, Las sección 01039;Renta neta media por persona;2023;28.194
28127 Rozas de Madrid, Las;2812701 Rozas de Madrid, Las distrito 01;2812701040 Rozas de Madrid, Las sección 01040;Renta neta media por persona;2023;24.369
28127 Rozas de Madrid, Las;2812701 Rozas de Madrid, Las distrito 01;2812701041 Rozas de Madrid, Las sección 01041;Renta neta media por persona;2023;27.241
28127 Rozas de Madrid, Las;2812701 Rozas de Madrid, Las distrito 01;2812701042 Rozas de Madrid, Las sección 01042;Renta neta media por persona;2023;23.538
28127 Rozas de Madrid, Las;2812701 Rozas de Madrid, Las distrito 01;2812701043 Rozas de Madrid, Las sección 01043;Renta neta media por persona;2023;22.485
28127 Rozas de Madrid, Las;2812701 Rozas de Madrid, Las distrito 01;2812701044 Rozas de Madrid, Las sección 01044;Renta neta media por persona;2023;25.713
28127 Rozas de Madrid, Las;2812701 Rozas de Madrid, Las distrito 01;2812701045 Rozas de Madrid, Las sección 01045;Renta neta media por persona;2023;24.084
28127 Rozas de Madrid, Las;2812701 Rozas de Madrid, Las distrito 01;2812701046 Rozas de Madrid, Las sección 01046;Renta neta media por persona;2023;23.086
28127 Rozas de Madrid, Las;2812701 Rozas de Madrid, Las distrito 01;2812701047 Rozas de Madrid, Las sección 01047;Renta neta media por persona;2023;20.891
28127 Rozas de Madrid, Las;2812701 Rozas de Madrid, Las distrito 01;2812701048 Rozas de Madrid, Las sección 01048;Renta neta media por persona;2023;23.331
28127 Rozas de Madrid, Las;2812701 Rozas de Madrid, Las distrito 01;2812701049 Rozas de Madrid, Las sección 01049;Renta neta media por persona;2023;26.410
28127 Rozas de Madrid, Las;2812701 Rozas de Madrid, Las distrito 01;2812701050 Rozas de Madrid, Las sección 01050;Renta neta media por persona;2023;25.422
28127 Rozas de Madrid, Las;2812701 Rozas de Madrid, Las distrito 01;2812701051 Rozas de Madrid, Las sección 01051;Renta neta media por persona;2023;27.231
28128 Rozas de Puerto Real;2812801 Rozas de Puerto Real distrito 01;2812801001 Rozas de Puerto Real sección 01001;Renta neta media por persona;2023;13.987
28129 San Agustín del Guadalix;2812901 San Agustín del Guadalix distrito 01;2812901001 San Agustín del Guadalix sección 01001;Renta neta media por persona;2023;16.145
28129 San Agustín del Guadalix;2812901 San Agustín del Guadalix distrito 01;2812901002 San Agustín del Guadalix sección 01002;Renta neta media por persona;2023;13.490
28129 San Agustín del Guadalix;2812901 San Agustín del Guadalix distrito 01;2812901003 San Agustín del Guadalix sección 01003;Renta neta media por persona;2023;21.255
28129 San Agustín del Guadalix;2812901 San Agustín del Guadalix distrito 01;2812901004 San Agustín del Guadalix sección 01004;Renta neta media por persona;2023;18.902
28129 San Agustín del Guadalix;2812901 San Agustín del Guadalix distrito 01;2812901005 San Agustín del Guadalix sección 01005;Renta neta media por persona;2023;25.143
28129 San Agustín del Guadalix;2812901 San Agustín del Guadalix distrito 01;2812901006 San Agustín del Guadalix sección 01006;Renta neta media por persona;2023;23.579
28130 San Fernando de Henares;2813001 San Fernando de Henares distrito 01;2813001001 San Fernando de Henares sección 01001;Renta neta media por persona;2023;12.258
28130 San Fernando de Henares;2813001 San Fernando de Henares distrito 01;2813001002 San Fernando de Henares sección 01002;Renta neta media por persona;2023;14.008
28130 San Fernando de Henares;2813001 San Fernando de Henares distrito 01;2813001003 San Fernando de Henares sección 01003;Renta neta media por persona;2023;14.555
28130 San Fernando de Henares;2813001 San Fernando de Henares distrito 01;2813001004 San Fernando de Henares sección 01004;Renta neta media por persona;2023;14.285
28130 San Fernando de Henares;2813001 San Fernando de Henares distrito 01;2813001005 San Fernando de Henares sección 01005;Renta neta media por persona;2023;18.083
28130 San Fernando de Henares;2813001 San Fernando de Henares distrito 01;2813001006 San Fernando de Henares sección 01006;Renta neta media por persona;2023;14.480
28130 San Fernando de Henares;2813001 San Fernando de Henares distrito 01;2813001007 San Fernando de Henares sección 01007;Renta neta media por persona;2023;13.932
28130 San Fernando de Henares;2813001 San Fernando de Henares distrito 01;2813001008 San Fernando de Henares sección 01008;Renta neta media por persona;2023;14.349
28130 San Fernando de Henares;2813001 San Fernando de Henares distrito 01;2813001009 San Fernando de Henares sección 01009;Renta neta media por persona;2023;13.474
28130 San Fernando de Henares;2813001 San Fernando de Henares distrito 01;2813001010 San Fernando de Henares sección 01010;Renta neta media por persona;2023;13.103
28130 San Fernando de Henares;2813001 San Fernando de Henares distrito 01;2813001011 San Fernando de Henares sección 01011;Renta neta media por persona;2023;14.749
28130 San Fernando de Henares;2813001 San Fernando de Henares distrito 01;2813001012 San Fernando de Henares sección 01012;Renta neta media por persona;2023;14.760
28130 San Fernando de Henares;2813001 San Fernando de Henares distrito 01;2813001013 San Fernando de Henares sección 01013;Renta neta media por persona;2023;14.925
28130 San Fernando de Henares;2813001 San Fernando de Henares distrito 01;2813001014 San Fernando de Henares sección 01014;Renta neta media por persona;2023;13.725
28130 San Fernando de Henares;2813001 San Fernando de Henares distrito 01;2813001015 San Fernando de Henares sección 01015;Renta neta media por persona;2023;15.877
28130 San Fernando de Henares;2813001 San Fernando de Henares distrito 01;2813001016 San Fernando de Henares sección 01016;Renta neta media por persona;2023;14.867
28130 San Fernando de Henares;2813001 San Fernando de Henares distrito 01;2813001017 San Fernando de Henares sección 01017;Renta neta media por persona;2023;19.257
28130 San Fernando de Henares;2813001 San Fernando de Henares distrito 01;2813001018 San Fernando de Henares sección 01018;Renta neta media por persona;2023;16.132
28130 San Fernando de Henares;2813001 San Fernando de Henares distrito 01;2813001019 San Fernando de Henares sección 01019;Renta neta media por persona;2023;15.157
28130 San Fernando de Henares;2813001 San Fernando de Henares distrito 01;2813001020 San Fernando de Henares sección 01020;Renta neta media por persona;2023;13.941
28130 San Fernando de Henares;2813001 San Fernando de Henares distrito 01;2813001021 San Fernando de Henares sección 01021;Renta neta media por persona;2023;14.707
28130 San Fernando de Henares;2813001 San Fernando de Henares distrito 01;2813001022 San Fernando de Henares sección 01022;Renta neta media por persona;2023;15.630
28130 San Fernando de Henares;2813001 San Fernando de Henares distrito 01;2813001023 San Fernando de Henares sección 01023;Renta neta media por persona;2023;16.686
28131 San Lorenzo de El Escorial;2813101 San Lorenzo de El Escorial distrito 01;2813101001 San Lorenzo de El Escorial sección 01001;Renta neta media por persona;2023;14.137
28131 San Lorenzo de El Escorial;2813101 San Lorenzo de El Escorial distrito 01;2813101002 San Lorenzo de El Escorial sección 01002;Renta neta media por persona;2023;21.072
28131 San Lorenzo de El Escorial;2813101 San Lorenzo de El Escorial distrito 01;2813101003 San Lorenzo de El Escorial sección 01003;Renta neta media por persona;2023;15.078
28131 San Lorenzo de El Escorial;2813101 San Lorenzo de El Escorial distrito 01;2813101004 San Lorenzo de El Escorial sección 01004;Renta neta media por persona;2023;18.861
28131 San Lorenzo de El Escorial;2813101 San Lorenzo de El Escorial distrito 01;2813101005 San Lorenzo de El Escorial sección 01005;Renta neta media por persona;2023;18.253
28131 San Lorenzo de El Escorial;2813101 San Lorenzo de El Escorial distrito 01;2813101006 San Lorenzo de El Escorial sección 01006;Renta neta media por persona;2023;18.961
28131 San Lorenzo de El Escorial;2813101 San Lorenzo de El Escorial distrito 01;2813101007 San Lorenzo de El Escorial sección 01007;Renta neta media por persona;2023;19.576
28131 San Lorenzo de El Escorial;2813102 San Lorenzo de El Escorial distrito 02;2813102001 San Lorenzo de El Escorial sección 02001;Renta neta media por persona;2023;14.975
28131 San Lorenzo de El Escorial;2813102 San Lorenzo de El Escorial distrito 02;2813102002 San Lorenzo de El Escorial sección 02002;Renta neta media por persona;2023;15.438
28132 San Martín de la Vega;2813201 San Martín de la Vega distrito 01;2813201001 San Martín de la Vega sección 01001;Renta neta media por persona;2023;12.529
28132 San Martín de la Vega;2813201 San Martín de la Vega distrito 01;2813201002 San Martín de la Vega sección 01002;Renta neta media por persona;2023;12.673
28132 San Martín de la Vega;2813201 San Martín de la Vega distrito 01;2813201003 San Martín de la Vega sección 01003;Renta neta media por persona;2023;14.650
28132 San Martín de la Vega;2813201 San Martín de la Vega distrito 01;2813201004 San Martín de la Vega sección 01004;Renta neta media por persona;2023;14.008
28132 San Martín de la Vega;2813201 San Martín de la Vega distrito 01;2813201005 San Martín de la Vega sección 01005;Renta neta media por persona;2023;13.553
28132 San Martín de la Vega;2813201 San Martín de la Vega distrito 01;2813201006 San Martín de la Vega sección 01006;Renta neta media por persona;2023;10.552
28132 San Martín de la Vega;2813201 San Martín de la Vega distrito 01;2813201007 San Martín de la Vega sección 01007;Renta neta media por persona;2023;13.981
28132 San Martín de la Vega;2813201 San Martín de la Vega distrito 01;2813201008 San Martín de la Vega sección 01008;Renta neta media por persona;2023;11.149
28133 San Martín de Valdeiglesias;2813301 San Martín de Valdeiglesias distrito 01;2813301001 San Martín de Valdeiglesias sección 01001;Renta neta media por persona;2023;16.452
28133 San Martín de Valdeiglesias;2813301 San Martín de Valdeiglesias distrito 01;2813301002 San Martín de Valdeiglesias sección 01002;Renta neta media por persona;2023;13.271
28133 San Martín de Valdeiglesias;2813301 San Martín de Valdeiglesias distrito 01;2813301003 San Martín de Valdeiglesias sección 01003;Renta neta media por persona;2023;10.464
28133 San Martín de Valdeiglesias;2813301 San Martín de Valdeiglesias distrito 01;2813301004 San Martín de Valdeiglesias sección 01004;Renta neta media por persona;2023;12.060
28134 San Sebastián de los Reyes;2813401 San Sebastián de los Reyes distrito 01;2813401001 San Sebastián de los Reyes sección 01001;Renta neta media por persona;2023;12.730
28134 San Sebastián de los Reyes;2813401 San Sebastián de los Reyes distrito 01;2813401002 San Sebastián de los Reyes sección 01002;Renta neta media por persona;2023;12.032
28134 San Sebastián de los Reyes;2813401 San Sebastián de los Reyes distrito 01;2813401003 San Sebastián de los Reyes sección 01003;Renta neta media por persona;2023;12.322
28134 San Sebastián de los Reyes;2813401 San Sebastián de los Reyes distrito 01;2813401004 San Sebastián de los Reyes sección 01004;Renta neta media por persona;2023;13.357
28134 San Sebastián de los Reyes;2813401 San Sebastián de los Reyes distrito 01;2813401005 San Sebastián de los Reyes sección 01005;Renta neta media por persona;2023;13.647
28134 San Sebastián de los Reyes;2813401 San Sebastián de los Reyes distrito 01;2813401006 San Sebastián de los Reyes sección 01006;Renta neta media por persona;2023;15.159
28134 San Sebastián de los Reyes;2813401 San Sebastián de los Reyes distrito 01;2813401007 San Sebastián de los Reyes sección 01007;Renta neta media por persona;2023;12.717
28134 San Sebastián de los Reyes;2813401 San Sebastián de los Reyes distrito 01;2813401008 San Sebastián de los Reyes sección 01008;Renta neta media por persona;2023;14.758
28134 San Sebastián de los Reyes;2813401 San Sebastián de los Reyes distrito 01;2813401009 San Sebastián de los Reyes sección 01009;Renta neta media por persona;2023;12.943
28134 San Sebastián de los Reyes;2813401 San Sebastián de los Reyes distrito 01;2813401010 San Sebastián de los Reyes sección 01010;Renta neta media por persona;2023;12.376
28134 San Sebastián de los Reyes;2813401 San Sebastián de los Reyes distrito 01;2813401011 San Sebastián de los Reyes sección 01011;Renta neta media por persona;2023;11.932
28134 San Sebastián de los Reyes;2813401 San Sebastián de los Reyes distrito 01;2813401012 San Sebastián de los Reyes sección 01012;Renta neta media por persona;2023;13.371
28134 San Sebastián de los Reyes;2813401 San Sebastián de los Reyes distrito 01;2813401014 San Sebastián de los Reyes sección 01014;Renta neta media por persona;2023;12.324
28134 San Sebastián de los Reyes;2813401 San Sebastián de los Reyes distrito 01;2813401015 San Sebastián de los Reyes sección 01015;Renta neta media por persona;2023;11.375
28134 San Sebastián de los Reyes;2813401 San Sebastián de los Reyes distrito 01;2813401017 San Sebastián de los Reyes sección 01017;Renta neta media por persona;2023;12.908
28134 San Sebastián de los Reyes;2813401 San Sebastián de los Reyes distrito 01;2813401018 San Sebastián de los Reyes sección 01018;Renta neta media por persona;2023;14.564
28134 San Sebastián de los Reyes;2813401 San Sebastián de los Reyes distrito 01;2813401019 San Sebastián de los Reyes sección 01019;Renta neta media por persona;2023;14.653
28134 San Sebastián de los Reyes;2813401 San Sebastián de los Reyes distrito 01;2813401020 San Sebastián de los Reyes sección 01020;Renta neta media por persona;2023;13.000
28134 San Sebastián de los Reyes;2813401 San Sebastián de los Reyes distrito 01;2813401021 San Sebastián de los Reyes sección 01021;Renta neta media por persona;2023;13.545
28134 San Sebastián de los Reyes;2813401 San Sebastián de los Reyes distrito 01;2813401022 San Sebastián de los Reyes sección 01022;Renta neta media por persona;2023;12.151
28134 San Sebastián de los Reyes;2813401 San Sebastián de los Reyes distrito 01;2813401023 San Sebastián de los Reyes sección 01023;Renta neta media por persona;2023;""
28134 San Sebastián de los Reyes;2813401 San Sebastián de los Reyes distrito 01;2813401024 San Sebastián de los Reyes sección 01024;Renta neta media por persona;2023;12.153
28134 San Sebastián de los Reyes;2813401 San Sebastián de los Reyes distrito 01;2813401025 San Sebastián de los Reyes sección 01025;Renta neta media por persona;2023;13.487
28134 San Sebastián de los Reyes;2813401 San Sebastián de los Reyes distrito 01;2813401026 San Sebastián de los Reyes sección 01026;Renta neta media por persona;2023;15.732
28134 San Sebastián de los Reyes;2813401 San Sebastián de los Reyes distrito 01;2813401027 San Sebastián de los Reyes sección 01027;Renta neta media por persona;2023;15.571
28134 San Sebastián de los Reyes;2813401 San Sebastián de los Reyes distrito 01;2813401028 San Sebastián de los Reyes sección 01028;Renta neta media por persona;2023;14.460
28134 San Sebastián de los Reyes;2813401 San Sebastián de los Reyes distrito 01;2813401029 San Sebastián de los Reyes sección 01029;Renta neta media por persona;2023;16.523
28134 San Sebastián de los Reyes;2813401 San Sebastián de los Reyes distrito 01;2813401030 San Sebastián de los Reyes sección 01030;Renta neta media por persona;2023;23.635
28134 San Sebastián de los Reyes;2813401 San Sebastián de los Reyes distrito 01;2813401031 San Sebastián de los Reyes sección 01031;Renta neta media por persona;2023;18.872
28134 San Sebastián de los Reyes;2813401 San Sebastián de los Reyes distrito 01;2813401032 San Sebastián de los Reyes sección 01032;Renta neta media por persona;2023;34.358
28134 San Sebastián de los Reyes;2813401 San Sebastián de los Reyes distrito 01;2813401033 San Sebastián de los Reyes sección 01033;Renta neta media por persona;2023;36.918
28134 San Sebastián de los Reyes;2813401 San Sebastián de los Reyes distrito 01;2813401034 San Sebastián de los Reyes sección 01034;Renta neta media por persona;2023;20.039
28134 San Sebastián de los Reyes;2813401 San Sebastián de los Reyes distrito 01;2813401035 San Sebastián de los Reyes sección 01035;Renta neta media por persona;2023;21.475
28134 San Sebastián de los Reyes;2813401 San Sebastián de los Reyes distrito 01;2813401036 San Sebastián de los Reyes sección 01036;Renta neta media por persona;2023;16.856
28134 San Sebastián de los Reyes;2813401 San Sebastián de los Reyes distrito 01;2813401037 San Sebastián de los Reyes sección 01037;Renta neta media por persona;2023;21.461
28134 San Sebastián de los Reyes;2813401 San Sebastián de los Reyes distrito 01;2813401038 San Sebastián de los Reyes sección 01038;Renta neta media por persona;2023;20.119
28134 San Sebastián de los Reyes;2813401 San Sebastián de los Reyes distrito 01;2813401039 San Sebastián de los Reyes sección 01039;Renta neta media por persona;2023;17.568
28134 San Sebastián de los Reyes;2813401 San Sebastián de los Reyes distrito 01;2813401040 San Sebastián de los Reyes sección 01040;Renta neta media por persona;2023;23.096
28134 San Sebastián de los Reyes;2813401 San Sebastián de los Reyes distrito 01;2813401041 San Sebastián de los Reyes sección 01041;Renta neta media por persona;2023;20.156
28134 San Sebastián de los Reyes;2813401 San Sebastián de los Reyes distrito 01;2813401042 San Sebastián de los Reyes sección 01042;Renta neta media por persona;2023;17.489
28134 San Sebastián de los Reyes;2813401 San Sebastián de los Reyes distrito 01;2813401043 San Sebastián de los Reyes sección 01043;Renta neta media por persona;2023;27.839
28134 San Sebastián de los Reyes;2813401 San Sebastián de los Reyes distrito 01;2813401044 San Sebastián de los Reyes sección 01044;Renta neta media por persona;2023;19.074
28134 San Sebastián de los Reyes;2813401 San Sebastián de los Reyes distrito 01;2813401045 San Sebastián de los Reyes sección 01045;Renta neta media por persona;2023;19.748
28134 San Sebastián de los Reyes;2813401 San Sebastián de los Reyes distrito 01;2813401046 San Sebastián de los Reyes sección 01046;Renta neta media por persona;2023;19.238
28134 San Sebastián de los Reyes;2813401 San Sebastián de los Reyes distrito 01;2813401047 San Sebastián de los Reyes sección 01047;Renta neta media por persona;2023;23.192
28134 San Sebastián de los Reyes;2813401 San Sebastián de los Reyes distrito 01;2813401048 San Sebastián de los Reyes sección 01048;Renta neta media por persona;2023;19.139
28134 San Sebastián de los Reyes;2813401 San Sebastián de los Reyes distrito 01;2813401049 San Sebastián de los Reyes sección 01049;Renta neta media por persona;2023;17.120
28134 San Sebastián de los Reyes;2813401 San Sebastián de los Reyes distrito 01;2813401050 San Sebastián de los Reyes sección 01050;Renta neta media por persona;2023;21.331
28134 San Sebastián de los Reyes;2813401 San Sebastián de los Reyes distrito 01;2813401051 San Sebastián de los Reyes sección 01051;Renta neta media por persona;2023;23.847
28134 San Sebastián de los Reyes;2813401 San Sebastián de los Reyes distrito 01;2813401052 San Sebastián de los Reyes sección 01052;Renta neta media por persona;2023;21.800
28134 San Sebastián de los Reyes;2813401 San Sebastián de los Reyes distrito 01;2813401053 San Sebastián de los Reyes sección 01053;Renta neta media por persona;2023;18.956
28134 San Sebastián de los Reyes;2813401 San Sebastián de los Reyes distrito 01;2813401054 San Sebastián de los Reyes sección 01054;Renta neta media por persona;2023;20.036
28134 San Sebastián de los Reyes;2813401 San Sebastián de los Reyes distrito 01;2813401055 San Sebastián de los Reyes sección 01055;Renta neta media por persona;2023;14.373
28134 San Sebastián de los Reyes;2813401 San Sebastián de los Reyes distrito 01;2813401056 San Sebastián de los Reyes sección 01056;Renta neta media por persona;2023;23.190
28134 San Sebastián de los Reyes;2813401 San Sebastián de los Reyes distrito 01;2813401057 San Sebastián de los Reyes sección 01057;Renta neta media por persona;2023;23.920
28135 Santa María de la Alameda;2813501 Santa María de la Alameda distrito 01;2813501001 Santa María de la Alameda sección 01001;Renta neta media por persona;2023;13.624
28136 Santorcaz;2813601 Santorcaz distrito 01;2813601001 Santorcaz sección 01001;Renta neta media por persona;2023;14.092
28137 Santos de la Humosa, Los;2813701 Santos de la Humosa, Los distrito 01;2813701001 Santos de la Humosa, Los sección 01001;Renta neta media por persona;2023;13.849
28138 Serna del Monte, La;2813801 Serna del Monte, La distrito 01;2813801001 Serna del Monte, La sección 01001;Renta neta media por persona;2023;13.668
28140 Serranillos del Valle;2814001 Serranillos del Valle distrito 01;2814001001 Serranillos del Valle sección 01001;Renta neta media por persona;2023;15.313
28140 Serranillos del Valle;2814001 Serranillos del Valle distrito 01;2814001002 Serranillos del Valle sección 01002;Renta neta media por persona;2023;16.292
28140 Serranillos del Valle;2814001 Serranillos del Valle distrito 01;2814001003 Serranillos del Valle sección 01003;Renta neta media por persona;2023;15.025
28141 Sevilla la Nueva;2814101 Sevilla la Nueva distrito 01;2814101001 Sevilla la Nueva sección 01001;Renta neta media por persona;2023;16.541
28141 Sevilla la Nueva;2814101 Sevilla la Nueva distrito 01;2814101002 Sevilla la Nueva sección 01002;Renta neta media por persona;2023;14.772
28141 Sevilla la Nueva;2814101 Sevilla la Nueva distrito 01;2814101003 Sevilla la Nueva sección 01003;Renta neta media por persona;2023;15.016
28141 Sevilla la Nueva;2814101 Sevilla la Nueva distrito 01;2814101004 Sevilla la Nueva sección 01004;Renta neta media por persona;2023;18.012
28143 Somosierra;2814301 Somosierra distrito 01;2814301001 Somosierra sección 01001;Renta neta media por persona;2023;16.893
28144 Soto del Real;2814401 Soto del Real distrito 01;2814401001 Soto del Real sección 01001;Renta neta media por persona;2023;16.136
28144 Soto del Real;2814401 Soto del Real distrito 01;2814401002 Soto del Real sección 01002;Renta neta media por persona;2023;20.567
28144 Soto del Real;2814401 Soto del Real distrito 01;2814401003 Soto del Real sección 01003;Renta neta media por persona;2023;20.635
28144 Soto del Real;2814401 Soto del Real distrito 01;2814401004 Soto del Real sección 01004;Renta neta media por persona;2023;21.086
28145 Talamanca de Jarama;2814501 Talamanca de Jarama distrito 01;2814501001 Talamanca de Jarama sección 01001;Renta neta media por persona;2023;15.371
28145 Talamanca de Jarama;2814501 Talamanca de Jarama distrito 01;2814501002 Talamanca de Jarama sección 01002;Renta neta media por persona;2023;13.340
28146 Tielmes;2814601 Tielmes distrito 01;2814601001 Tielmes sección 01001;Renta neta media por persona;2023;12.425
28147 Titulcia;2814701 Titulcia distrito 01;2814701001 Titulcia sección 01001;Renta neta media por persona;2023;13.487
28148 Torrejón de Ardoz;2814801 Torrejón de Ardoz distrito 01;2814801001 Torrejón de Ardoz sección 01001;Renta neta media por persona;2023;12.594
28148 Torrejón de Ardoz;2814801 Torrejón de Ardoz distrito 01;2814801002 Torrejón de Ardoz sección 01002;Renta neta media por persona;2023;15.671
28148 Torrejón de Ardoz;2814801 Torrejón de Ardoz distrito 01;2814801003 Torrejón de Ardoz sección 01003;Renta neta media por persona;2023;13.131
28148 Torrejón de Ardoz;2814801 Torrejón de Ardoz distrito 01;2814801004 Torrejón de Ardoz sección 01004;Renta neta media por persona;2023;15.233
28148 Torrejón de Ardoz;2814801 Torrejón de Ardoz distrito 01;2814801005 Torrejón de Ardoz sección 01005;Renta neta media por persona;2023;10.200
28148 Torrejón de Ardoz;2814801 Torrejón de Ardoz distrito 01;2814801006 Torrejón de Ardoz sección 01006;Renta neta media por persona;2023;12.539
28148 Torrejón de Ardoz;2814801 Torrejón de Ardoz distrito 01;2814801007 Torrejón de Ardoz sección 01007;Renta neta media por persona;2023;13.715
28148 Torrejón de Ardoz;2814801 Torrejón de Ardoz distrito 01;2814801008 Torrejón de Ardoz sección 01008;Renta neta media por persona;2023;12.629
28148 Torrejón de Ardoz;2814801 Torrejón de Ardoz distrito 01;2814801009 Torrejón de Ardoz sección 01009;Renta neta media por persona;2023;12.965
28148 Torrejón de Ardoz;2814801 Torrejón de Ardoz distrito 01;2814801010 Torrejón de Ardoz sección 01010;Renta neta media por persona;2023;15.009
28148 Torrejón de Ardoz;2814801 Torrejón de Ardoz distrito 01;2814801011 Torrejón de Ardoz sección 01011;Renta neta media por persona;2023;16.020
28148 Torrejón de Ardoz;2814801 Torrejón de Ardoz distrito 01;2814801012 Torrejón de Ardoz sección 01012;Renta neta media por persona;2023;17.545
28148 Torrejón de Ardoz;2814801 Torrejón de Ardoz distrito 01;2814801013 Torrejón de Ardoz sección 01013;Renta neta media por persona;2023;12.479
28148 Torrejón de Ardoz;2814801 Torrejón de Ardoz distrito 01;2814801014 Torrejón de Ardoz sección 01014;Renta neta media por persona;2023;14.397
28148 Torrejón de Ardoz;2814801 Torrejón de Ardoz distrito 01;2814801015 Torrejón de Ardoz sección 01015;Renta neta media por persona;2023;13.546
28148 Torrejón de Ardoz;2814801 Torrejón de Ardoz distrito 01;2814801016 Torrejón de Ardoz sección 01016;Renta neta media por persona;2023;14.109
28148 Torrejón de Ardoz;2814801 Torrejón de Ardoz distrito 01;2814801017 Torrejón de Ardoz sección 01017;Renta neta media por persona;2023;15.120
28148 Torrejón de Ardoz;2814801 Torrejón de Ardoz distrito 01;2814801018 Torrejón de Ardoz sección 01018;Renta neta media por persona;2023;17.636
28148 Torrejón de Ardoz;2814801 Torrejón de Ardoz distrito 01;2814801019 Torrejón de Ardoz sección 01019;Renta neta media por persona;2023;18.578
28148 Torrejón de Ardoz;2814801 Torrejón de Ardoz distrito 01;2814801020 Torrejón de Ardoz sección 01020;Renta neta media por persona;2023;16.372
28148 Torrejón de Ardoz;2814801 Torrejón de Ardoz distrito 01;2814801021 Torrejón de Ardoz sección 01021;Renta neta media por persona;2023;14.327
28148 Torrejón de Ardoz;2814801 Torrejón de Ardoz distrito 01;2814801022 Torrejón de Ardoz sección 01022;Renta neta media por persona;2023;14.905
28148 Torrejón de Ardoz;2814801 Torrejón de Ardoz distrito 01;2814801023 Torrejón de Ardoz sección 01023;Renta neta media por persona;2023;15.191
28148 Torrejón de Ardoz;2814801 Torrejón de Ardoz distrito 01;2814801024 Torrejón de Ardoz sección 01024;Renta neta media por persona;2023;16.137
28148 Torrejón de Ardoz;2814801 Torrejón de Ardoz distrito 01;2814801025 Torrejón de Ardoz sección 01025;Renta neta media por persona;2023;14.781
28148 Torrejón de Ardoz;2814801 Torrejón de Ardoz distrito 01;2814801026 Torrejón de Ardoz sección 01026;Renta neta media por persona;2023;19.853
28148 Torrejón de Ardoz;2814802 Torrejón de Ardoz distrito 02;2814802001 Torrejón de Ardoz sección 02001;Renta neta media por persona;2023;15.105
28148 Torrejón de Ardoz;2814802 Torrejón de Ardoz distrito 02;2814802002 Torrejón de Ardoz sección 02002;Renta neta media por persona;2023;13.589
28148 Torrejón de Ardoz;2814802 Torrejón de Ardoz distrito 02;2814802003 Torrejón de Ardoz sección 02003;Renta neta media por persona;2023;11.788
28148 Torrejón de Ardoz;2814802 Torrejón de Ardoz distrito 02;2814802004 Torrejón de Ardoz sección 02004;Renta neta media por persona;2023;11.476
28148 Torrejón de Ardoz;2814802 Torrejón de Ardoz distrito 02;2814802005 Torrejón de Ardoz sección 02005;Renta neta media por persona;2023;12.125
28148 Torrejón de Ardoz;2814802 Torrejón de Ardoz distrito 02;2814802006 Torrejón de Ardoz sección 02006;Renta neta media por persona;2023;11.692
28148 Torrejón de Ardoz;2814802 Torrejón de Ardoz distrito 02;2814802007 Torrejón de Ardoz sección 02007;Renta neta media por persona;2023;11.375
28148 Torrejón de Ardoz;2814802 Torrejón de Ardoz distrito 02;2814802008 Torrejón de Ardoz sección 02008;Renta neta media por persona;2023;10.923
28148 Torrejón de Ardoz;2814802 Torrejón de Ardoz distrito 02;2814802009 Torrejón de Ardoz sección 02009;Renta neta media por persona;2023;14.404
28148 Torrejón de Ardoz;2814802 Torrejón de Ardoz distrito 02;2814802010 Torrejón de Ardoz sección 02010;Renta neta media por persona;2023;14.980
28148 Torrejón de Ardoz;2814802 Torrejón de Ardoz distrito 02;2814802011 Torrejón de Ardoz sección 02011;Renta neta media por persona;2023;15.312
28148 Torrejón de Ardoz;2814802 Torrejón de Ardoz distrito 02;2814802012 Torrejón de Ardoz sección 02012;Renta neta media por persona;2023;15.199
28148 Torrejón de Ardoz;2814802 Torrejón de Ardoz distrito 02;2814802013 Torrejón de Ardoz sección 02013;Renta neta media por persona;2023;13.712
28148 Torrejón de Ardoz;2814802 Torrejón de Ardoz distrito 02;2814802014 Torrejón de Ardoz sección 02014;Renta neta media por persona;2023;14.350
28148 Torrejón de Ardoz;2814802 Torrejón de Ardoz distrito 02;2814802015 Torrejón de Ardoz sección 02015;Renta neta media por persona;2023;18.829
28148 Torrejón de Ardoz;2814802 Torrejón de Ardoz distrito 02;2814802016 Torrejón de Ardoz sección 02016;Renta neta media por persona;2023;13.867
28148 Torrejón de Ardoz;2814802 Torrejón de Ardoz distrito 02;2814802017 Torrejón de Ardoz sección 02017;Renta neta media por persona;2023;12.337
28148 Torrejón de Ardoz;2814802 Torrejón de Ardoz distrito 02;2814802018 Torrejón de Ardoz sección 02018;Renta neta media por persona;2023;19.001
28148 Torrejón de Ardoz;2814802 Torrejón de Ardoz distrito 02;2814802019 Torrejón de Ardoz sección 02019;Renta neta media por persona;2023;15.712
28148 Torrejón de Ardoz;2814802 Torrejón de Ardoz distrito 02;2814802020 Torrejón de Ardoz sección 02020;Renta neta media por persona;2023;16.027
28148 Torrejón de Ardoz;2814802 Torrejón de Ardoz distrito 02;2814802021 Torrejón de Ardoz sección 02021;Renta neta media por persona;2023;15.107
28148 Torrejón de Ardoz;2814802 Torrejón de Ardoz distrito 02;2814802022 Torrejón de Ardoz sección 02022;Renta neta media por persona;2023;13.489
28148 Torrejón de Ardoz;2814802 Torrejón de Ardoz distrito 02;2814802023 Torrejón de Ardoz sección 02023;Renta neta media por persona;2023;18.758
28148 Torrejón de Ardoz;2814802 Torrejón de Ardoz distrito 02;2814802024 Torrejón de Ardoz sección 02024;Renta neta media por persona;2023;16.193
28148 Torrejón de Ardoz;2814802 Torrejón de Ardoz distrito 02;2814802025 Torrejón de Ardoz sección 02025;Renta neta media por persona;2023;15.918
28148 Torrejón de Ardoz;2814802 Torrejón de Ardoz distrito 02;2814802026 Torrejón de Ardoz sección 02026;Renta neta media por persona;2023;19.695
28148 Torrejón de Ardoz;2814802 Torrejón de Ardoz distrito 02;2814802027 Torrejón de Ardoz sección 02027;Renta neta media por persona;2023;16.676
28148 Torrejón de Ardoz;2814802 Torrejón de Ardoz distrito 02;2814802028 Torrejón de Ardoz sección 02028;Renta neta media por persona;2023;17.187
28148 Torrejón de Ardoz;2814803 Torrejón de Ardoz distrito 03;2814803001 Torrejón de Ardoz sección 03001;Renta neta media por persona;2023;10.064
28148 Torrejón de Ardoz;2814803 Torrejón de Ardoz distrito 03;2814803002 Torrejón de Ardoz sección 03002;Renta neta media por persona;2023;9.336
28148 Torrejón de Ardoz;2814803 Torrejón de Ardoz distrito 03;2814803003 Torrejón de Ardoz sección 03003;Renta neta media por persona;2023;10.856
28148 Torrejón de Ardoz;2814803 Torrejón de Ardoz distrito 03;2814803005 Torrejón de Ardoz sección 03005;Renta neta media por persona;2023;13.966
28148 Torrejón de Ardoz;2814803 Torrejón de Ardoz distrito 03;2814803006 Torrejón de Ardoz sección 03006;Renta neta media por persona;2023;20.435
28148 Torrejón de Ardoz;2814803 Torrejón de Ardoz distrito 03;2814803007 Torrejón de Ardoz sección 03007;Renta neta media por persona;2023;15.089
28148 Torrejón de Ardoz;2814803 Torrejón de Ardoz distrito 03;2814803008 Torrejón de Ardoz sección 03008;Renta neta media por persona;2023;16.272
28148 Torrejón de Ardoz;2814803 Torrejón de Ardoz distrito 03;2814803009 Torrejón de Ardoz sección 03009;Renta neta media por persona;2023;14.303
28148 Torrejón de Ardoz;2814804 Torrejón de Ardoz distrito 04;2814804001 Torrejón de Ardoz sección 04001;Renta neta media por persona;2023;12.674
28148 Torrejón de Ardoz;2814804 Torrejón de Ardoz distrito 04;2814804002 Torrejón de Ardoz sección 04002;Renta neta media por persona;2023;11.754
28148 Torrejón de Ardoz;2814804 Torrejón de Ardoz distrito 04;2814804003 Torrejón de Ardoz sección 04003;Renta neta media por persona;2023;15.323
28148 Torrejón de Ardoz;2814804 Torrejón de Ardoz distrito 04;2814804004 Torrejón de Ardoz sección 04004;Renta neta media por persona;2023;13.477
28148 Torrejón de Ardoz;2814804 Torrejón de Ardoz distrito 04;2814804005 Torrejón de Ardoz sección 04005;Renta neta media por persona;2023;11.691
28148 Torrejón de Ardoz;2814804 Torrejón de Ardoz distrito 04;2814804006 Torrejón de Ardoz sección 04006;Renta neta media por persona;2023;13.959
28148 Torrejón de Ardoz;2814804 Torrejón de Ardoz distrito 04;2814804007 Torrejón de Ardoz sección 04007;Renta neta media por persona;2023;9.692
28148 Torrejón de Ardoz;2814804 Torrejón de Ardoz distrito 04;2814804008 Torrejón de Ardoz sección 04008;Renta neta media por persona;2023;13.861
28148 Torrejón de Ardoz;2814804 Torrejón de Ardoz distrito 04;2814804009 Torrejón de Ardoz sección 04009;Renta neta media por persona;2023;9.250
28148 Torrejón de Ardoz;2814804 Torrejón de Ardoz distrito 04;2814804010 Torrejón de Ardoz sección 04010;Renta neta media por persona;2023;13.944
28148 Torrejón de Ardoz;2814804 Torrejón de Ardoz distrito 04;2814804011 Torrejón de Ardoz sección 04011;Renta neta media por persona;2023;13.711
28148 Torrejón de Ardoz;2814804 Torrejón de Ardoz distrito 04;2814804012 Torrejón de Ardoz sección 04012;Renta neta media por persona;2023;11.159
28148 Torrejón de Ardoz;2814804 Torrejón de Ardoz distrito 04;2814804013 Torrejón de Ardoz sección 04013;Renta neta media por persona;2023;13.328
28148 Torrejón de Ardoz;2814804 Torrejón de Ardoz distrito 04;2814804014 Torrejón de Ardoz sección 04014;Renta neta media por persona;2023;10.800
28148 Torrejón de Ardoz;2814804 Torrejón de Ardoz distrito 04;2814804015 Torrejón de Ardoz sección 04015;Renta neta media por persona;2023;11.034
28148 Torrejón de Ardoz;2814804 Torrejón de Ardoz distrito 04;2814804016 Torrejón de Ardoz sección 04016;Renta neta media por persona;2023;11.566
28148 Torrejón de Ardoz;2814804 Torrejón de Ardoz distrito 04;2814804017 Torrejón de Ardoz sección 04017;Renta neta media por persona;2023;9.745
28148 Torrejón de Ardoz;2814804 Torrejón de Ardoz distrito 04;2814804018 Torrejón de Ardoz sección 04018;Renta neta media por persona;2023;14.940
28148 Torrejón de Ardoz;2814804 Torrejón de Ardoz distrito 04;2814804019 Torrejón de Ardoz sección 04019;Renta neta media por persona;2023;15.323
28149 Torrejón de la Calzada;2814901 Torrejón de la Calzada distrito 01;2814901001 Torrejón de la Calzada sección 01001;Renta neta media por persona;2023;14.981
28149 Torrejón de la Calzada;2814901 Torrejón de la Calzada distrito 01;2814901002 Torrejón de la Calzada sección 01002;Renta neta media por persona;2023;15.547
28149 Torrejón de la Calzada;2814901 Torrejón de la Calzada distrito 01;2814901003 Torrejón de la Calzada sección 01003;Renta neta media por persona;2023;15.191
28149 Torrejón de la Calzada;2814901 Torrejón de la Calzada distrito 01;2814901004 Torrejón de la Calzada sección 01004;Renta neta media por persona;2023;15.204
28149 Torrejón de la Calzada;2814901 Torrejón de la Calzada distrito 01;2814901005 Torrejón de la Calzada sección 01005;Renta neta media por persona;2023;14.143
28150 Torrejón de Velasco;2815001 Torrejón de Velasco distrito 01;2815001001 Torrejón de Velasco sección 01001;Renta neta media por persona;2023;13.350
28150 Torrejón de Velasco;2815001 Torrejón de Velasco distrito 01;2815001002 Torrejón de Velasco sección 01002;Renta neta media por persona;2023;15.126
28150 Torrejón de Velasco;2815001 Torrejón de Velasco distrito 01;2815001003 Torrejón de Velasco sección 01003;Renta neta media por persona;2023;14.700
28151 Torrelaguna;2815101 Torrelaguna distrito 01;2815101001 Torrelaguna sección 01001;Renta neta media por persona;2023;13.632
28151 Torrelaguna;2815102 Torrelaguna distrito 02;2815102001 Torrelaguna sección 02001;Renta neta media por persona;2023;14.520
28151 Torrelaguna;2815102 Torrelaguna distrito 02;2815102002 Torrelaguna sección 02002;Renta neta media por persona;2023;15.119
28152 Torrelodones;2815201 Torrelodones distrito 01;2815201001 Torrelodones sección 01001;Renta neta media por persona;2023;18.665
28152 Torrelodones;2815201 Torrelodones distrito 01;2815201002 Torrelodones sección 01002;Renta neta media por persona;2023;22.300
28152 Torrelodones;2815201 Torrelodones distrito 01;2815201003 Torrelodones sección 01003;Renta neta media por persona;2023;30.548
28152 Torrelodones;2815201 Torrelodones distrito 01;2815201004 Torrelodones sección 01004;Renta neta media por persona;2023;20.729
28152 Torrelodones;2815201 Torrelodones distrito 01;2815201005 Torrelodones sección 01005;Renta neta media por persona;2023;28.431
28152 Torrelodones;2815201 Torrelodones distrito 01;2815201006 Torrelodones sección 01006;Renta neta media por persona;2023;26.857
28152 Torrelodones;2815201 Torrelodones distrito 01;2815201007 Torrelodones sección 01007;Renta neta media por persona;2023;22.452
28152 Torrelodones;2815201 Torrelodones distrito 01;2815201008 Torrelodones sección 01008;Renta neta media por persona;2023;24.437
28152 Torrelodones;2815201 Torrelodones distrito 01;2815201009 Torrelodones sección 01009;Renta neta media por persona;2023;29.008
28152 Torrelodones;2815201 Torrelodones distrito 01;2815201010 Torrelodones sección 01010;Renta neta media por persona;2023;22.697
28153 Torremocha de Jarama;2815301 Torremocha de Jarama distrito 01;2815301001 Torremocha de Jarama sección 01001;Renta neta media por persona;2023;16.924
28154 Torres de la Alameda;2815401 Torres de la Alameda distrito 01;2815401001 Torres de la Alameda sección 01001;Renta neta media por persona;2023;14.242
28154 Torres de la Alameda;2815401 Torres de la Alameda distrito 01;2815401002 Torres de la Alameda sección 01002;Renta neta media por persona;2023;13.420
28154 Torres de la Alameda;2815401 Torres de la Alameda distrito 01;2815401003 Torres de la Alameda sección 01003;Renta neta media por persona;2023;14.502
28154 Torres de la Alameda;2815401 Torres de la Alameda distrito 01;2815401004 Torres de la Alameda sección 01004;Renta neta media por persona;2023;13.939
28155 Valdaracete;2815501 Valdaracete distrito 01;2815501001 Valdaracete sección 01001;Renta neta media por persona;2023;13.837
28156 Valdeavero;2815601 Valdeavero distrito 01;2815601001 Valdeavero sección 01001;Renta neta media por persona;2023;13.680
28157 Valdelaguna;2815701 Valdelaguna distrito 01;2815701001 Valdelaguna sección 01001;Renta neta media por persona;2023;13.311
28158 Valdemanco;2815801 Valdemanco distrito 01;2815801001 Valdemanco sección 01001;Renta neta media por persona;2023;14.905
28159 Valdemaqueda;2815901 Valdemaqueda distrito 01;2815901001 Valdemaqueda sección 01001;Renta neta media por persona;2023;12.322
28160 Valdemorillo;2816001 Valdemorillo distrito 01;2816001001 Valdemorillo sección 01001;Renta neta media por persona;2023;12.591
28160 Valdemorillo;2816001 Valdemorillo distrito 01;2816001002 Valdemorillo sección 01002;Renta neta media por persona;2023;15.776
28160 Valdemorillo;2816001 Valdemorillo distrito 01;2816001003 Valdemorillo sección 01003;Renta neta media por persona;2023;19.534
28160 Valdemorillo;2816001 Valdemorillo distrito 01;2816001004 Valdemorillo sección 01004;Renta neta media por persona;2023;20.854
28160 Valdemorillo;2816001 Valdemorillo distrito 01;2816001005 Valdemorillo sección 01005;Renta neta media por persona;2023;17.361
28161 Valdemoro;2816101 Valdemoro distrito 01;2816101001 Valdemoro sección 01001;Renta neta media por persona;2023;14.844
28161 Valdemoro;2816101 Valdemoro distrito 01;2816101002 Valdemoro sección 01002;Renta neta media por persona;2023;12.343
28161 Valdemoro;2816101 Valdemoro distrito 01;2816101003 Valdemoro sección 01003;Renta neta media por persona;2023;12.942
28161 Valdemoro;2816101 Valdemoro distrito 01;2816101004 Valdemoro sección 01004;Renta neta media por persona;2023;12.257
28161 Valdemoro;2816101 Valdemoro distrito 01;2816101005 Valdemoro sección 01005;Renta neta media por persona;2023;11.863
28161 Valdemoro;2816101 Valdemoro distrito 01;2816101006 Valdemoro sección 01006;Renta neta media por persona;2023;12.234
28161 Valdemoro;2816101 Valdemoro distrito 01;2816101007 Valdemoro sección 01007;Renta neta media por persona;2023;14.226
28161 Valdemoro;2816101 Valdemoro distrito 01;2816101008 Valdemoro sección 01008;Renta neta media por persona;2023;16.355
28161 Valdemoro;2816101 Valdemoro distrito 01;2816101009 Valdemoro sección 01009;Renta neta media por persona;2023;13.190
28161 Valdemoro;2816101 Valdemoro distrito 01;2816101010 Valdemoro sección 01010;Renta neta media por persona;2023;14.045
28161 Valdemoro;2816101 Valdemoro distrito 01;2816101011 Valdemoro sección 01011;Renta neta media por persona;2023;15.637
28161 Valdemoro;2816101 Valdemoro distrito 01;2816101012 Valdemoro sección 01012;Renta neta media por persona;2023;14.823
28161 Valdemoro;2816101 Valdemoro distrito 01;2816101013 Valdemoro sección 01013;Renta neta media por persona;2023;14.495
28161 Valdemoro;2816101 Valdemoro distrito 01;2816101014 Valdemoro sección 01014;Renta neta media por persona;2023;16.101
28161 Valdemoro;2816101 Valdemoro distrito 01;2816101015 Valdemoro sección 01015;Renta neta media por persona;2023;18.187
28161 Valdemoro;2816101 Valdemoro distrito 01;2816101016 Valdemoro sección 01016;Renta neta media por persona;2023;15.960
28161 Valdemoro;2816101 Valdemoro distrito 01;2816101017 Valdemoro sección 01017;Renta neta media por persona;2023;13.494
28161 Valdemoro;2816101 Valdemoro distrito 01;2816101018 Valdemoro sección 01018;Renta neta media por persona;2023;18.359
28161 Valdemoro;2816101 Valdemoro distrito 01;2816101019 Valdemoro sección 01019;Renta neta media por persona;2023;15.612
28161 Valdemoro;2816101 Valdemoro distrito 01;2816101020 Valdemoro sección 01020;Renta neta media por persona;2023;17.858
28161 Valdemoro;2816101 Valdemoro distrito 01;2816101021 Valdemoro sección 01021;Renta neta media por persona;2023;17.562
28161 Valdemoro;2816101 Valdemoro distrito 01;2816101022 Valdemoro sección 01022;Renta neta media por persona;2023;17.647
28161 Valdemoro;2816101 Valdemoro distrito 01;2816101023 Valdemoro sección 01023;Renta neta media por persona;2023;17.246
28161 Valdemoro;2816101 Valdemoro distrito 01;2816101024 Valdemoro sección 01024;Renta neta media por persona;2023;14.366
28161 Valdemoro;2816101 Valdemoro distrito 01;2816101025 Valdemoro sección 01025;Renta neta media por persona;2023;17.312
28161 Valdemoro;2816101 Valdemoro distrito 01;2816101026 Valdemoro sección 01026;Renta neta media por persona;2023;17.862
28161 Valdemoro;2816102 Valdemoro distrito 02;2816102001 Valdemoro sección 02001;Renta neta media por persona;2023;12.094
28161 Valdemoro;2816102 Valdemoro distrito 02;2816102002 Valdemoro sección 02002;Renta neta media por persona;2023;13.575
28161 Valdemoro;2816102 Valdemoro distrito 02;2816102003 Valdemoro sección 02003;Renta neta media por persona;2023;12.977
28161 Valdemoro;2816102 Valdemoro distrito 02;2816102004 Valdemoro sección 02004;Renta neta media por persona;2023;14.160
28161 Valdemoro;2816102 Valdemoro distrito 02;2816102005 Valdemoro sección 02005;Renta neta media por persona;2023;12.253
28161 Valdemoro;2816102 Valdemoro distrito 02;2816102006 Valdemoro sección 02006;Renta neta media por persona;2023;14.649
28161 Valdemoro;2816102 Valdemoro distrito 02;2816102007 Valdemoro sección 02007;Renta neta media por persona;2023;12.895
28161 Valdemoro;2816102 Valdemoro distrito 02;2816102008 Valdemoro sección 02008;Renta neta media por persona;2023;13.710
28161 Valdemoro;2816102 Valdemoro distrito 02;2816102009 Valdemoro sección 02009;Renta neta media por persona;2023;14.457
28161 Valdemoro;2816102 Valdemoro distrito 02;2816102010 Valdemoro sección 02010;Renta neta media por persona;2023;15.753
28161 Valdemoro;2816102 Valdemoro distrito 02;2816102011 Valdemoro sección 02011;Renta neta media por persona;2023;16.621
28161 Valdemoro;2816102 Valdemoro distrito 02;2816102012 Valdemoro sección 02012;Renta neta media por persona;2023;16.257
28161 Valdemoro;2816102 Valdemoro distrito 02;2816102013 Valdemoro sección 02013;Renta neta media por persona;2023;16.653
28161 Valdemoro;2816102 Valdemoro distrito 02;2816102014 Valdemoro sección 02014;Renta neta media por persona;2023;18.002
28161 Valdemoro;2816102 Valdemoro distrito 02;2816102015 Valdemoro sección 02015;Renta neta media por persona;2023;13.964
28161 Valdemoro;2816102 Valdemoro distrito 02;2816102016 Valdemoro sección 02016;Renta neta media por persona;2023;17.258
28162 Valdeolmos-Alalpardo;2816201 Valdeolmos-Alalpardo distrito 01;2816201001 Valdeolmos-Alalpardo sección 01001;Renta neta media por persona;2023;16.872
28162 Valdeolmos-Alalpardo;2816201 Valdeolmos-Alalpardo distrito 01;2816201002 Valdeolmos-Alalpardo sección 01002;Renta neta media por persona;2023;25.015
28162 Valdeolmos-Alalpardo;2816201 Valdeolmos-Alalpardo distrito 01;2816201003 Valdeolmos-Alalpardo sección 01003;Renta neta media por persona;2023;14.761
28163 Valdepiélagos;2816301 Valdepiélagos distrito 01;2816301001 Valdepiélagos sección 01001;Renta neta media por persona;2023;13.885
28164 Valdetorres de Jarama;2816401 Valdetorres de Jarama distrito 01;2816401001 Valdetorres de Jarama sección 01001;Renta neta media por persona;2023;13.447
28164 Valdetorres de Jarama;2816401 Valdetorres de Jarama distrito 01;2816401002 Valdetorres de Jarama sección 01002;Renta neta media por persona;2023;17.426
28165 Valdilecha;2816501 Valdilecha distrito 01;2816501001 Valdilecha sección 01001;Renta neta media por persona;2023;11.773
28166 Valverde de Alcalá;2816601 Valverde de Alcalá distrito 01;2816601001 Valverde de Alcalá sección 01001;Renta neta media por persona;2023;15.238
28167 Velilla de San Antonio;2816701 Velilla de San Antonio distrito 01;2816701001 Velilla de San Antonio sección 01001;Renta neta media por persona;2023;12.773
28167 Velilla de San Antonio;2816701 Velilla de San Antonio distrito 01;2816701002 Velilla de San Antonio sección 01002;Renta neta media por persona;2023;17.484
28167 Velilla de San Antonio;2816701 Velilla de San Antonio distrito 01;2816701003 Velilla de San Antonio sección 01003;Renta neta media por persona;2023;13.590
28167 Velilla de San Antonio;2816701 Velilla de San Antonio distrito 01;2816701004 Velilla de San Antonio sección 01004;Renta neta media por persona;2023;16.785
28167 Velilla de San Antonio;2816701 Velilla de San Antonio distrito 01;2816701005 Velilla de San Antonio sección 01005;Renta neta media por persona;2023;13.427
28167 Velilla de San Antonio;2816701 Velilla de San Antonio distrito 01;2816701006 Velilla de San Antonio sección 01006;Renta neta media por persona;2023;15.741
28167 Velilla de San Antonio;2816701 Velilla de San Antonio distrito 01;2816701007 Velilla de San Antonio sección 01007;Renta neta media por persona;2023;17.418
28168 Vellón, El;2816801 Vellón, El distrito 01;2816801001 Vellón, El sección 01001;Renta neta media por persona;2023;14.195
28169 Venturada;2816901 Venturada distrito 01;2816901001 Venturada sección 01001;Renta neta media por persona;2023;22.409
28170 Villaconejos;2817001 Villaconejos distrito 01;2817001001 Villaconejos sección 01001;Renta neta media por persona;2023;11.813
28170 Villaconejos;2817001 Villaconejos distrito 01;2817001002 Villaconejos sección 01002;Renta neta media por persona;2023;11.296
28171 Villa del Prado;2817101 Villa del Prado distrito 01;2817101001 Villa del Prado sección 01001;Renta neta media por persona;2023;13.807
28171 Villa del Prado;2817101 Villa del Prado distrito 01;2817101002 Villa del Prado sección 01002;Renta neta media por persona;2023;10.839
28171 Villa del Prado;2817101 Villa del Prado distrito 01;2817101003 Villa del Prado sección 01003;Renta neta media por persona;2023;12.357
28171 Villa del Prado;2817101 Villa del Prado distrito 01;2817101004 Villa del Prado sección 01004;Renta neta media por persona;2023;13.079
28172 Villalbilla;2817201 Villalbilla distrito 01;2817201001 Villalbilla sección 01001;Renta neta media por persona;2023;14.229
28172 Villalbilla;2817201 Villalbilla distrito 01;2817201002 Villalbilla sección 01002;Renta neta media por persona;2023;17.684
28172 Villalbilla;2817201 Villalbilla distrito 01;2817201003 Villalbilla sección 01003;Renta neta media por persona;2023;24.965
28172 Villalbilla;2817201 Villalbilla distrito 01;2817201004 Villalbilla sección 01004;Renta neta media por persona;2023;24.526
28172 Villalbilla;2817201 Villalbilla distrito 01;2817201005 Villalbilla sección 01005;Renta neta media por persona;2023;17.770
28172 Villalbilla;2817201 Villalbilla distrito 01;2817201006 Villalbilla sección 01006;Renta neta media por persona;2023;19.370
28172 Villalbilla;2817201 Villalbilla distrito 01;2817201007 Villalbilla sección 01007;Renta neta media por persona;2023;17.544
28172 Villalbilla;2817201 Villalbilla distrito 01;2817201008 Villalbilla sección 01008;Renta neta media por persona;2023;16.190
28173 Villamanrique de Tajo;2817301 Villamanrique de Tajo distrito 01;2817301001 Villamanrique de Tajo sección 01001;Renta neta media por persona;2023;12.034
28174 Villamanta;2817401 Villamanta distrito 01;2817401001 Villamanta sección 01001;Renta neta media por persona;2023;12.981
28175 Villamantilla;2817501 Villamantilla distrito 01;2817501001 Villamantilla sección 01001;Renta neta media por persona;2023;14.892
28176 Villanueva de la Cañada;2817601 Villanueva de la Cañada distrito 01;2817601001 Villanueva de la Cañada sección 01001;Renta neta media por persona;2023;18.702
28176 Villanueva de la Cañada;2817601 Villanueva de la Cañada distrito 01;2817601002 Villanueva de la Cañada sección 01002;Renta neta media por persona;2023;36.918
28176 Villanueva de la Cañada;2817601 Villanueva de la Cañada distrito 01;2817601003 Villanueva de la Cañada sección 01003;Renta neta media por persona;2023;19.604
28176 Villanueva de la Cañada;2817601 Villanueva de la Cañada distrito 01;2817601004 Villanueva de la Cañada sección 01004;Renta neta media por persona;2023;23.660
28176 Villanueva de la Cañada;2817601 Villanueva de la Cañada distrito 01;2817601005 Villanueva de la Cañada sección 01005;Renta neta media por persona;2023;20.179
28176 Villanueva de la Cañada;2817601 Villanueva de la Cañada distrito 01;2817601006 Villanueva de la Cañada sección 01006;Renta neta media por persona;2023;14.161
28176 Villanueva de la Cañada;2817601 Villanueva de la Cañada distrito 01;2817601007 Villanueva de la Cañada sección 01007;Renta neta media por persona;2023;22.258
28176 Villanueva de la Cañada;2817601 Villanueva de la Cañada distrito 01;2817601008 Villanueva de la Cañada sección 01008;Renta neta media por persona;2023;19.880
28176 Villanueva de la Cañada;2817601 Villanueva de la Cañada distrito 01;2817601009 Villanueva de la Cañada sección 01009;Renta neta media por persona;2023;23.006
28176 Villanueva de la Cañada;2817601 Villanueva de la Cañada distrito 01;2817601010 Villanueva de la Cañada sección 01010;Renta neta media por persona;2023;18.496
28177 Villanueva del Pardillo;2817701 Villanueva del Pardillo distrito 01;2817701001 Villanueva del Pardillo sección 01001;Renta neta media por persona;2023;15.989
28177 Villanueva del Pardillo;2817701 Villanueva del Pardillo distrito 01;2817701002 Villanueva del Pardillo sección 01002;Renta neta media por persona;2023;14.567
28177 Villanueva del Pardillo;2817701 Villanueva del Pardillo distrito 01;2817701003 Villanueva del Pardillo sección 01003;Renta neta media por persona;2023;17.514
28177 Villanueva del Pardillo;2817701 Villanueva del Pardillo distrito 01;2817701004 Villanueva del Pardillo sección 01004;Renta neta media por persona;2023;18.700
28177 Villanueva del Pardillo;2817701 Villanueva del Pardillo distrito 01;2817701005 Villanueva del Pardillo sección 01005;Renta neta media por persona;2023;20.623
28177 Villanueva del Pardillo;2817701 Villanueva del Pardillo distrito 01;2817701006 Villanueva del Pardillo sección 01006;Renta neta media por persona;2023;17.868
28177 Villanueva del Pardillo;2817701 Villanueva del Pardillo distrito 01;2817701007 Villanueva del Pardillo sección 01007;Renta neta media por persona;2023;31.677
28177 Villanueva del Pardillo;2817701 Villanueva del Pardillo distrito 01;2817701008 Villanueva del Pardillo sección 01008;Renta neta media por persona;2023;21.165
28178 Villanueva de Perales;2817801 Villanueva de Perales distrito 01;2817801001 Villanueva de Perales sección 01001;Renta neta media por persona;2023;13.516
28179 Villar del Olmo;2817901 Villar del Olmo distrito 01;2817901001 Villar del Olmo sección 01001;Renta neta media por persona;2023;13.648
28180 Villarejo de Salvanés;2818001 Villarejo de Salvanés distrito 01;2818001001 Villarejo de Salvanés sección 01001;Renta neta media por persona;2023;12.867
28180 Villarejo de Salvanés;2818001 Villarejo de Salvanés distrito 01;2818001002 Villarejo de Salvanés sección 01002;Renta neta media por persona;2023;11.241
28180 Villarejo de Salvanés;2818001 Villarejo de Salvanés distrito 01;2818001003 Villarejo de Salvanés sección 01003;Renta neta media por persona;2023;13.140
28180 Villarejo de Salvanés;2818001 Villarejo de Salvanés distrito 01;2818001004 Villarejo de Salvanés sección 01004;Renta neta media por persona;2023;12.633
28180 Villarejo de Salvanés;2818001 Villarejo de Salvanés distrito 01;2818001005 Villarejo de Salvanés sección 01005;Renta neta media por persona;2023;13.567
28181 Villaviciosa de Odón;2818101 Villaviciosa de Odón distrito 01;2818101001 Villaviciosa de Odón sección 01001;Renta neta media por persona;2023;16.376
28181 Villaviciosa de Odón;2818101 Villaviciosa de Odón distrito 01;2818101002 Villaviciosa de Odón sección 01002;Renta neta media por persona;2023;17.956
28181 Villaviciosa de Odón;2818101 Villaviciosa de Odón distrito 01;2818101003 Villaviciosa de Odón sección 01003;Renta neta media por persona;2023;25.368
28181 Villaviciosa de Odón;2818101 Villaviciosa de Odón distrito 01;2818101004 Villaviciosa de Odón sección 01004;Renta neta media por persona;2023;12.635
28181 Villaviciosa de Odón;2818101 Villaviciosa de Odón distrito 01;2818101005 Villaviciosa de Odón sección 01005;Renta neta media por persona;2023;25.081
28181 Villaviciosa de Odón;2818101 Villaviciosa de Odón distrito 01;2818101006 Villaviciosa de Odón sección 01006;Renta neta media por persona;2023;19.278
28181 Villaviciosa de Odón;2818101 Villaviciosa de Odón distrito 01;2818101007 Villaviciosa de Odón sección 01007;Renta neta media por persona;2023;21.278
28181 Villaviciosa de Odón;2818101 Villaviciosa de Odón distrito 01;2818101008 Villaviciosa de Odón sección 01008;Renta neta media por persona;2023;18.772
28181 Villaviciosa de Odón;2818101 Villaviciosa de Odón distrito 01;2818101009 Villaviciosa de Odón sección 01009;Renta neta media por persona;2023;26.867
28181 Villaviciosa de Odón;2818101 Villaviciosa de Odón distrito 01;2818101010 Villaviciosa de Odón sección 01010;Renta neta media por persona;2023;27.063
28181 Villaviciosa de Odón;2818101 Villaviciosa de Odón distrito 01;2818101011 Villaviciosa de Odón sección 01011;Renta neta media por persona;2023;20.095
28181 Villaviciosa de Odón;2818101 Villaviciosa de Odón distrito 01;2818101012 Villaviciosa de Odón sección 01012;Renta neta media por persona;2023;26.140
28181 Villaviciosa de Odón;2818101 Villaviciosa de Odón distrito 01;2818101013 Villaviciosa de Odón sección 01013;Renta neta media por persona;2023;20.341
28181 Villaviciosa de Odón;2818101 Villaviciosa de Odón distrito 01;2818101014 Villaviciosa de Odón sección 01014;Renta neta media por persona;2023;23.561
28181 Villaviciosa de Odón;2818101 Villaviciosa de Odón distrito 01;2818101015 Villaviciosa de Odón sección 01015;Renta neta media por persona;2023;25.458
28181 Villaviciosa de Odón;2818101 Villaviciosa de Odón distrito 01;2818101016 Villaviciosa de Odón sección 01016;Renta neta media por persona;2023;26.240
28182 Villavieja del Lozoya;2818201 Villavieja del Lozoya distrito 01;2818201001 Villavieja del Lozoya sección 01001;Renta neta media por persona;2023;17.205
28183 Zarzalejo;2818301 Zarzalejo distrito 01;2818301001 Zarzalejo sección 01001;Renta neta media por persona;2023;12.921
28901 Lozoyuela-Navas-Sieteiglesias;2890101 Lozoyuela-Navas-Sieteiglesias distrito 01;2890101001 Lozoyuela-Navas-Sieteiglesias sección 01001;Renta neta media por persona;2023;13.324
28902 Puentes Viejas;2890201 Puentes Viejas distrito 01;2890201001 Puentes Viejas sección 01001;Renta neta media por persona;2023;15.552
28903 Tres Cantos;2890301 Tres Cantos distrito 01;2890301001 Tres Cantos sección 01001;Renta neta media por persona;2023;20.898
28903 Tres Cantos;2890301 Tres Cantos distrito 01;2890301002 Tres Cantos sección 01002;Renta neta media por persona;2023;21.869
28903 Tres Cantos;2890301 Tres Cantos distrito 01;2890301003 Tres Cantos sección 01003;Renta neta media por persona;2023;19.558
28903 Tres Cantos;2890301 Tres Cantos distrito 01;2890301004 Tres Cantos sección 01004;Renta neta media por persona;2023;21.359
28903 Tres Cantos;2890301 Tres Cantos distrito 01;2890301005 Tres Cantos sección 01005;Renta neta media por persona;2023;22.366
28903 Tres Cantos;2890301 Tres Cantos distrito 01;2890301006 Tres Cantos sección 01006;Renta neta media por persona;2023;19.997
28903 Tres Cantos;2890301 Tres Cantos distrito 01;2890301007 Tres Cantos sección 01007;Renta neta media por persona;2023;27.881
28903 Tres Cantos;2890301 Tres Cantos distrito 01;2890301008 Tres Cantos sección 01008;Renta neta media por persona;2023;20.614
28903 Tres Cantos;2890301 Tres Cantos distrito 01;2890301009 Tres Cantos sección 01009;Renta neta media por persona;2023;30.644
28903 Tres Cantos;2890301 Tres Cantos distrito 01;2890301010 Tres Cantos sección 01010;Renta neta media por persona;2023;23.212
28903 Tres Cantos;2890301 Tres Cantos distrito 01;2890301011 Tres Cantos sección 01011;Renta neta media por persona;2023;24.278
28903 Tres Cantos;2890301 Tres Cantos distrito 01;2890301012 Tres Cantos sección 01012;Renta neta media por persona;2023;28.567
28903 Tres Cantos;2890301 Tres Cantos distrito 01;2890301013 Tres Cantos sección 01013;Renta neta media por persona;2023;33.237
28903 Tres Cantos;2890301 Tres Cantos distrito 01;2890301014 Tres Cantos sección 01014;Renta neta media por persona;2023;21.469
28903 Tres Cantos;2890301 Tres Cantos distrito 01;2890301015 Tres Cantos sección 01015;Renta neta media por persona;2023;20.956
28903 Tres Cantos;2890301 Tres Cantos distrito 01;2890301016 Tres Cantos sección 01016;Renta neta media por persona;2023;22.630
28903 Tres Cantos;2890301 Tres Cantos distrito 01;2890301017 Tres Cantos sección 01017;Renta neta media por persona;2023;22.100
28903 Tres Cantos;2890301 Tres Cantos distrito 01;2890301018 Tres Cantos sección 01018;Renta neta media por persona;2023;21.480
28903 Tres Cantos;2890301 Tres Cantos distrito 01;2890301019 Tres Cantos sección 01019;Renta neta media por persona;2023;22.062
28903 Tres Cantos;2890301 Tres Cantos distrito 01;2890301020 Tres Cantos sección 01020;Renta neta media por persona;2023;24.576
28903 Tres Cantos;2890301 Tres Cantos distrito 01;2890301021 Tres Cantos sección 01021;Renta neta media por persona;2023;29.895
28903 Tres Cantos;2890301 Tres Cantos distrito 01;2890301022 Tres Cantos sección 01022;Renta neta media por persona;2023;22.233
28903 Tres Cantos;2890301 Tres Cantos distrito 01;2890301023 Tres Cantos sección 01023;Renta neta media por persona;2023;23.176
28903 Tres Cantos;2890301 Tres Cantos distrito 01;2890301024 Tres Cantos sección 01024;Renta neta media por persona;2023;19.208
28903 Tres Cantos;2890301 Tres Cantos distrito 01;2890301025 Tres Cantos sección 01025;Renta neta media por persona;2023;19.901
28903 Tres Cantos;2890301 Tres Cantos distrito 01;2890301026 Tres Cantos sección 01026;Renta neta media por persona;2023;17.864
28903 Tres Cantos;2890301 Tres Cantos distrito 01;2890301027 Tres Cantos sección 01027;Renta neta media por persona;2023;26.139
