osm_id,osm_type,lat,lon,name,cuisine,addr_street,addr_housenumber,addr_postcode,addr_city,phone,website,opening_hours,outdoor_seating,takeaway,delivery,wheelchair
26065697,node,40.4287093,-3.701972,Café Comercial,,Glorieta de Bilbao,7,28004,Madrid,+34 910 88 25 25,https://cafecomercialmadrid.com/,Mo-Th 08:30-01:00; Fr-Su 08:30-02:00,,,,
26065699,node,40.4270276,-3.7016997,Honest Greens,organic,Calle de Fuencarral,95,28004,Madrid,,https://honestgreens.com/,"Mo-Th 08:30-23:00, Fr 08:30-24:00, Sa 09:30-24:00, Su,PH 09:30-23:00",,,,no
26808568,node,40.4257656,-3.7120898,La Parrilla de Nino,,Plaza de Cristino Martos,2,28015,Madrid,+34 915 59 60 11,,,yes,,,limited
26808571,node,40.42514,-3.7118533,Taj Mahal,indian,Calle del Duque de Osuna,6,28015,Madrid,+34 917 377 090,https://www.restaurantetajmahal.es/,,yes,yes,,no
27505289,node,40.426008,-3.7115084,La Pomarada,regional,Calle del Conde Duque,,28015,Madrid,+34 915 482 792,https://lapomarada.es/,,,,,no
27507931,node,40.4252476,-3.6963836,Sexto,,Calle de Fernando VI,6,28004,Madrid,+34 608566104,http://thesexto.com/,,,,,
27728064,node,40.4162327,-3.7088498,Brasa y Leña,,Plaza del Comandante Las Morenas,3,28013,Madrid,,http://www.brasaylena.com/#,,,,,
27792111,node,40.4136118,-3.7087304,Picado Fino,local,,,,,,,,,,,
47215976,node,40.4116487,-3.7101786,El Viajero,,Plaza de la Cebada,11,28005,Madrid,,http://www.elviajeromadrid.com/,,,,,no
47216120,node,40.4130702,-3.7117497,La Malaje,,,,,,+34 910 81 30 31,,,,,,
47216126,node,40.4131593,-3.7117469,Tío Timón,regional,Costanilla de San Andrés,8,28005,Madrid,,http://tiotimon.com/,,yes,,,limited
47216198,node,40.4137154,-3.7127335,Taquería del Alamillo,,,,,,,,,,,,
167301973,node,40.4115676,-3.6978097,KungFu Noodle Atocha 武功牛,chinese,Calle de Atocha,68,28012,,+34910713165,https://kungfunoodle.eu/,"Mo-Su 12:00-16:00,19:30-23:30",,,,
167302052,node,40.4112109,-3.69567,A Cañada,,Calle de Fúcar,20,,,,,,,,,no
167302123,node,40.412427,-3.6963071,Arrocería Gala,,,,,,,,,,,,no
167302180,node,40.4122937,-3.6939658,El Fogón Verde,spanish,Calle de la Alameda,4,28014,Madrid,,https://elfogonverde.net/,,,,,no
167302521,node,40.4125537,-3.6951865,Moratin 40,,Calle de Moratín,40,28014,Madrid,,,,,,,no
167302661,node,40.4134319,-3.6957085,El Rábano,,,,,,,,,,,,
167302675,node,40.4136237,-3.6960696,Terra Mundi,regional,Calle de Lope de Vega,32,28014,Madrid,+34 914295280;+34 914296380,https://terramundi.net/,"Mo 13:00-17:30, Tu-Su 13:00-17:30,20:30-24:00",,,,no
167302888,node,40.4169233,-3.6966322,Edelweiss,,,,,,,,,,,,yes
167302891,node,40.4171806,-3.6965924,El Secreto de Castilla,,,,,,,,,,,,
167302905,node,40.4173325,-3.6966034,Sagardi,,Calle de Jovellanos,3,28014,,+34 91 531 2564,https://sagardi.com/,,,,,
167302928,node,40.416822,-3.6971908,Casa Mortero,,C. de Zorrilla,9,,,+34 910 59 55 70,https://casamortero.com/,"Mo-Fr 13:15-16:00, 20:15-23:30",,,,
170952439,node,40.4051914,-3.6973199,Ramen Kagura,ramen,Calle de José Antonio Armona,12,28012,Madrid,+34915278058,https://www.ramenkagura.com/es/atocha/,,,,,
170992709,node,40.4050712,-3.6952969,Atocha Tandoori,indian,Paseo de Santa María de la Cabeza,27,28045,Madrid,+34609060283;+34911386610,https://atochatandoori.es,"Mo-Su 12:30-17:00, 19:30-00:00",no,,,
178820924,node,40.4152606,-3.7115508,Arcade,regional,Calle Mayor,73,28013,Madrid,+34 91 431 40 83,http://www.restaurantearcade.es/,,,,,
178820939,node,40.4156653,-3.7102121,Cruz Blanca,spanish,Calle Mayor,68,28013,Madrid,+34 915476715,https://cerveceriacruzblanca.es/local/cervecer%C3%ADa-cruz-blanca-madrid-mayor,,,,,no
178820945,node,40.4155515,-3.7099687,Jiao Jiao,chinese,,,,,+34 643 98 70 36,,,,,,
178820965,node,40.4153729,-3.7094547,Taste Gallery,,,,,,+34917589339,,,,,,
178821005,node,40.4163669,-3.7104348,Taberneros,,Calle de Santiago,9,28013,Madrid,+34 91 542 21 60,http://www.restaurantetaberneros.es/,,,,,
178821006,node,40.4164826,-3.7106873,Arbonaida,,Calle de Santiago,11,28013,Madrid,+34 639 50 00 68,,,,,,
178821207,node,40.4161161,-3.7075072,Grazie Mille,,,,,,,,,,,,
184049060,node,40.4186369,-3.7090308,Entre Suspiro y Suspiro,mexican,Calle de Caños del Peral,3,28013,Madrid,+34 915 420 644,https://www.entresuspiroysuspiro.com/,"Su 13:30-16:00; Tu-Sa 13:30-16:00, 20:30-23:30",,,,
184049103,node,40.4185506,-3.7089327,Ópera Victoria,,Calle de Caños del Peral,2,28013,Madrid,+34 918 313 489,http://www.grupandilana.com/opera-victoria/,,,,,
184049146,node,40.4195999,-3.7077336,Wok King,chinese,Calle de las Veneras,9,28013,Madrid,,,,,,,
184049159,node,40.4186643,-3.7082433,Taberna de los Ángeles,,Costanilla de los Ángeles,8,28013,Madrid,,,,,,,
184049171,node,40.4196449,-3.7070086,Prep‘ la Crêpe,crepes,Calle Preciados,33,28013,Madrid,,https://www.preplacrepe.com,,yes,,,limited
184049293,node,40.418183,-3.7031236,El Gaucho,,Calle de Tetuán,34,28013,Madrid,+34 915 22 47 93,http://parrillaelgaucho.es/,,,,,
184049330,node,40.4192239,-3.7029032,Artemisa - Gran Vía,,Calle de las Tres Cruces,4,28013,Madrid,+34 915 218 721,https://restaurantesvegetarianosartemisa.com/,"Mo-Su 13:30-16:00,20:00-23:00",,yes,yes,
184049370,node,40.4192518,-3.7034321,Takos Al Pastor,mexican,Calle de la Salud,13,28013,Madrid,+34 636 63 21 77,,Tu-Sa 13:00-24:00,,,,
244755792,node,40.4102862,-3.7008582,Preity Raj,indian,,,,,+34 91 467 47 11,,10:00-02:00,yes,yes,,
244757864,node,40.4109653,-3.7004479,A Cañada,regional,Calle del Ave María,17,28012,Madrid,,http://sidreriaacanada.com/,,,,,
244757871,node,40.4111374,-3.700326,Raja Mahal,indian,Calle del Ave María,15,28012,Madrid,,http://www.rajamahal.es/,,,,,
244757875,node,40.4110886,-3.700589,Moharaj,,,,,,,,,,,,
244761676,node,40.4108202,-3.7005322,Nap,pizza,Calle del Ave María,,28012,Madrid,,,"Mo-Fr 13:00-16:30,20:00-21:00, Fr,Sa 13:00-01:00, Su 13:00-24:00",,,,limited
244761679,node,40.4107264,-3.7008747,Bombay Palace,,,,,,,,,,,,
244761696,node,40.4093708,-3.7009194,,,,,,,,,,,,,
244766788,node,40.4114924,-3.6994308,O'Barquiño,,Calle de la Torrecilla del Leal,3,28012,Madrid,+34 915 28 25 42,http://www.mesonobarquino.es/,,,,,
244766796,node,40.4117492,-3.700322,La Temeraria,italian;creative,Calle del Ave María,8,28012,Madrid,,,,,,,
244767593,node,40.4116655,-3.700364,Taberna Garibaldi,,,,,,,,,,,,
305536401,node,40.4230858,-3.6935468,La Castafiore,,,,,,,,,,,,limited
307056158,node,40.4159664,-3.710711,Can Punyetes,,,,,,,,,,,,
324580483,node,40.4226068,-3.6932565,Sake Dining Himawari,japanese,,,,,,,,,,,
338836392,node,40.4127198,-3.7017271,Casa Patas,spanish,Calle de los Cañizares,10,28012,Madrid,+34 913 69 04 96,https://casapatas.com/,,,,,
363997551,node,40.4264788,-3.70103,Ninja Ramen,japanese,Calle de Barceló,1,28004,Madrid,+34 914 939 994,http://ninjaramen.es/,,,,,
453232707,node,40.4158435,-3.702398,La Negra Tomasa,cuban,,,,,+34 91 523 58 30,https://www.lanegratomasa.com/,,,,,yes
510141905,node,40.4163433,-3.7056737,Museo del Jamón,spanish,,,,,,,"PH,Mo-Su 08:00-02:00",,,,no
510812793,node,40.4158038,-3.7060361,Chiquita,,,,,,,,,,,,no
510812824,node,40.4141745,-3.707981,Botín,,Calle de Cuchilleros,17,,,+34 91 366 4217,https://www.botin.es/,"Mo-Su 13:00-16:00, 20:00-00:00",,,,limited
510812830,node,40.4144651,-3.7079513,La Taberna de la Daniela,,Calle de Cuchilleros,9,,,+34 91 366 20 18,http://www.tabernadeladaniela.com/,,,,,no
510812876,node,40.4148583,-3.7081461,Las Cuevas de Luis Candelas,,Calle de la Cava de San Miguel,1,,,,,,,,,limited
583524148,node,40.4233171,-3.702338,,pizza,Calle del Barco,45,28004,Madrid,,,,,,,
622204616,node,40.4232064,-3.7231611,El Urogallo,spanish,Paseo de la Florida,16,28008,Madrid,,,,,,,
622204619,node,40.415621,-3.6989812,El Inti de Oro,peruvian,,,,,,,,no,,,
622204620,node,40.4164715,-3.6991796,El Subastero de Málaga,regional,,,,,,,,,,,
622204621,node,40.4166035,-3.7010637,Restaurante La Catedral,,Carrera de San Jerónimo,16,,Madrid,+34 915233556,http://www.la-catedral.es/,,,,,
622204622,node,40.4160137,-3.6989734,Artemisa - Huertas,,Calle de Ventura de la Vega,4,,,+34 914 295 092,https://restaurantesvegetarianosartemisa.com/,"Mo-Su 13:30-16:00,20:30-23:30",,,,
622204623,node,40.4151898,-3.6992792,El Tronco,regional,Calle de Manuel Fernández y González,15,28014,Madrid,,,,,,,
622204635,node,40.4095795,-3.7023086,Anarkoli,indian,Calle de Lavapiés,46,28012,Madrid,+34914676000,,,,,,
622204639,node,40.4081287,-3.6980834,Achuri,,,,,,,,,,,,
622204646,node,40.4089902,-3.6997202,La Buga del Lobo,spanish,Calle de Argumosa,11,28012,Madrid,,,,,,,
623071235,node,40.4250934,-3.7138414,Cáscaras,,,,,,,,,,,,limited
623071236,node,40.4251961,-3.7143347,New Bistró,,,,,,,,,,,,
623087144,node,40.413651,-3.7247707,Sabores patagónicos,,Glorieta del Puente de Segovia,1,28011,Madrid,+34 914 15 13 53,https://saborespatagonicos.es/,,no,,,
623087146,node,40.4136377,-3.7243418,La Fogata,,,,,,+34 91 464 71 54,http://www.lafogata.es/,,yes,,,
623087158,node,40.4205148,-3.7209324,Horno Santa María,,,,,,,,,yes,,,
623087160,node,40.4206062,-3.7209429,Florida Norte,,,,,,,,,yes,,,
623087173,node,40.4218307,-3.7136481,Duduá Palacio,,Cuesta de San Vicente,2,28008,Madrid,,,,no,,,limited
668468365,node,40.4060991,-3.6981652,"Restaurante ""El Cartel""",,,,,,,,,,,,
719375099,node,40.4114722,-3.7183105,Sushicome,japanese,Ronda de Segovia,2,28005,Madrid,+34 913 640 771,,,,yes,no,
818865803,node,40.415143,-3.6992261,El Lacón,spanish,Calle de Manuel Fernández y González,8,28014,Madrid,+34 914 29 6042,https://mesonellacon.com/,"Mo-Su 13:00-16:00,20:00+",,,,no
818870699,node,40.4160304,-3.6987327,Hylogui,,Calle de Ventura de la Vega,3,28014,Madrid,,https://restaurantehylogui.com/,,no,,,
885680155,node,40.4190028,-3.7077991,Musashi,japanese,Calle de las Conchas,4,28013,Madrid,+34 91 559 29 39,http://www.musashimadrid.com/,,,,,
885680156,node,40.4189153,-3.7074588,Casa Parrondo,regional,Calle de los Trujillos,9,28013,Madrid,,,,,,,
885680159,node,40.4197091,-3.7088582,El Chulo,regional,Cuesta de Santo Domingo,16,28013,Madrid,+34 914 445 128,https://www.elchulo.es,Mo-Su 12:00-02:00,,,,
885681387,node,40.4229516,-3.7087534,Da Nicola,pizza,Plaza de los Mostenses,11,28015,Madrid,+34 91 542 25 74,https://www.danicola.es/,,,,,limited
942770846,node,40.408608,-3.6928819,El Brillante,spanish;bocadillos,Plaza del Emperador Carlos V,8,28012,Madrid,+34 915 28 6966,https://www.barelbrillante.es/,Mo-Su 06:30-00:30,yes,yes,yes,no
991990955,node,40.4289157,-3.709595,El Toril,,Calle del Conde Duque,13,28015,Madrid,+34 695 883 964,https://www.eltorilgourmet.com/,,,,,
1128664797,node,40.4285807,-3.6944749,Almagro,,Almagro,10,28010,Madrid,,http://www.almagrobar.com/,,,,,limited
1178442295,node,40.4103182,-3.7076364,Malacatín,mediterranean;spanish;regional;local,Calle de la Ruda,5,28005,Madrid,+34913655241,https://www.malacatin.com/,We-Sa 11:00-00:30; Su-Tu 11:00-17:30,,,,no
1180030639,node,40.4136604,-3.707795,La Cueva de La Tina,,Calle de Tintoreros,4,,Madrid,,,,,,,
1180035455,node,40.4106324,-3.7059609,La Encomienda,tapas,Calle de la Encomienda,19,28012,Madrid,+34 910 291300,https://laencomienda.es,Mo-Sa 13:30-00:30; Su 11:00-00:30,,,,
1180102005,node,40.4109033,-3.707633,Carol House,,Calle de las Maldonadas,4,28005,Madrid,,,,,,,no
1187929681,node,40.4157405,-3.7017617,La Casa del Abuelo,,Calle de la Victoria,12,,Madrid,+34 91 521 2319,http://lacasadelabuelo.es/,,,,,
1187929752,node,40.4129955,-3.708661,La Cava de Illán,,Calle de la Cava Baja,16,,,+34 91 366 3883,,,,,,limited
1191046494,node,40.4111122,-3.7048589,Taberna Antonio Sánchez,,Calle del Mesón de Paredes,13,,,+34 91 539 78 26,https://www.tabernaantoniosanchez.com/?lang=es,,,,,
1259427733,node,40.4147794,-3.698653,Lamucca de Prado,,Calle del Prado,16,28014,Madrid,+34 915 21 0000,https://lamuccacompany.com/lamucca-de-prado/,Mo-Th 13:00-01:00; Fr-Su 13:00-02:00,,,,
1275991418,node,40.424187,-3.701724,La Junta,,Plaza de San Ildefonso,,28004,Madrid,,,,yes,,,
1312416809,node,40.4206813,-3.7111998,Restaurante El Buey,spanish,Plaza de la Marina Española,1,28013,Madrid,+34 915 413 041,https://www.restauranteelbuey.com/,,,,,no
1312422693,node,40.4198376,-3.7105593,El Mollete,spanish,Calle de la Bola,4,28013,,,,,,,,
1316492227,node,40.4262353,-3.6937066,Triángulo,chinese,,,,,,,,,,,
1316546205,node,40.4263016,-3.6927018,,,Calle de Génova,,,,,,,,,,
1316546220,node,40.4262427,-3.6925087,Fit Food,,,,,,,,,,,,
1316546324,node,40.4264901,-3.6930277,Delina's,,,,,,,,,,,,
1316546350,node,40.4259972,-3.6920004,Vips,international,Calle de Génova,27,28004,Madrid,,https://www.grupovips.com/,,,,,limited
1316546469,node,40.4272055,-3.6944365,Lizarrán,spanish,,,,,,,,,,,
1316546542,node,40.4267037,-3.6934761,Tony Roma's,barbecue,,,,,,,,,,,
1316546725,node,40.4264335,-3.6929091,La fábrica,german,,,,,,,,,,,
1316546782,node,40.4271017,-3.6942226,Plaza 66,,,,,,,,,,,,
1316546832,node,40.4265389,-3.6931302,BICE,,,,,,,,,,,,
1319826694,node,40.4260662,-3.6939824,,,,,,,,,,,,,
1319826696,node,40.4266136,-3.6962385,100 Montaditos,sandwich,,,,,,,"Su-Th 10:00-24:00, Fr,Sa 10:00-01:00",,,,limited
1319826727,node,40.4268437,-3.6945063,Mallorca,,,,,,,,,,,,
1319826732,node,40.4262381,-3.6962852,Bocado,,Calle de Santa Teresa,1,28004,Madrid,,,,,,,
1319826784,node,40.426637,-3.6955608,Casa Orellana,,,,,,+34915024182,https://casaorellana.com/,Mo-Su 13:00-01:30,,,,
1319826802,node,40.4261592,-3.6964188,Osom Coffee Atelier,,Calle de Santa Teresa,2,28004,Madrid,+34 913 244 999,https://www.somososom.com/,,,,,
1319826813,node,40.4262822,-3.6936887,Época,,,,,,,,,,,,
1319826838,node,40.4256413,-3.6957089,Nuevo Horno de Santa Teresa,,Calle de Santa Teresa,8,28004,Madrid,+34 913 08 05 90,,,,,,
1319826857,node,40.4253941,-3.6919785,Peyote San,,Calle de Génova,28,28004,Madrid,+34 91 088 22 12,http://www.peyotesan.com/,,,,,
1324284128,node,40.425659,-3.6947144,Calicanto,,Calle de Argensola,15,28004,Madrid,+34 917003547,http://www.restaurantecalicanto.com/,,,,,no
1324284960,node,40.4250697,-3.6951729,La tasca suprema,,Calle de Argensola,7,28004,Madrid,+34 913 080 347,http://latascasuprema.com/,,,,,
1326907763,node,40.4103603,-3.7075056,La China Mandarina,,,,,,,,,,,,
1326907775,node,40.4106629,-3.7074954,La Barca del Patio,,,,,,,https://www.labarcadelpatio.es/,,,,,
1327625370,node,40.4111073,-3.7074118,Cascorro,,,,,,,,,,,,
1329671726,node,40.4100488,-3.7088348,Solofirme,chinese,Calle de López Silva,,,,,,,,,,
1329671734,node,40.4096809,-3.7086337,Mesón del Rastro,regional,,,,,,,,,,,
1329671762,node,40.4106751,-3.7087326,Los Tiernos,regional,,,,,,,,,,,
1329861087,node,40.412118,-3.7091871,Taberna Matritum,regional,Calle de la Cava Alta,17,28005,Madrid,+34 913658237,https://www.matritum.es/,Mo-Su 20:30-00:30; Sa-Su 13:00-16:30,,,,
1329861103,node,40.411475,-3.709854,Tapioca,pizza,Plaza de la Cebada,9,28005,Madrid,,http://www.tapiocamadrid.es/,,,,,no
1329861133,node,40.4124541,-3.7084514,Casa María,spanish,Calle de la Cava Alta,7,28005,,+34 91 559 10 07;+34 696 58 20 27,https://www.casamariacava.com/,"Su-Th 13:30-16:30; Fr-Sa 13:30-16:30, 20:30-23:30",,,,no
1329861135,node,40.4121464,-3.708053,Cantalejo,regional,,,,,,,,,,,
1329861138,node,40.4122168,-3.7081349,La Latina,regional,,,,,,,,,,,
1329861148,node,40.4122689,-3.7088555,Mad Café,burger,Calle de la Cava Alta,13,28005,Madrid,,,,,,,
1332769926,node,40.4277291,-3.6902887,Sagardi,regional,Paseo de la Castellana,13,28046,Madrid,,,,,,,limited
1332770271,node,40.4256381,-3.6952666,IL COC,,,,,,,,,,,,
1388332887,node,40.4241875,-3.703772,Katiyaki,,Calle de la Madera,35,28004,Madrid,,,,,,,
1388356941,node,40.4233025,-3.7038566,Lamucca,,Plaza de Carlos Cambronero,4,,,,,"Su-Th 08:00-02:00; Fr,Sa 08:00-02:30",,,,
1388375468,node,40.4230872,-3.7043829,El bonito,,Calle del Pez,8,28004,Madrid,,,,,,,
1416648305,node,40.4170391,-3.6995917,El Patio,spanish,Calle de Arlabán,1,28014,,,,,,,,
1429333765,node,40.415914,-3.6989759,Aroma,indian,,,,,,,,,,,
1434283780,node,40.4288309,-3.7058608,La Tape,spanish,Calle de San Bernardo,88,28015,Madrid,+34915930422,https://latape.com,,,,,no
1437050993,node,40.4268601,-3.7194291,La Creperie Easycrep,,Paseo del Pintor Rosales,28,28008,Madrid,+34 91 548 23 58,http://www.lacreperie-easycrep.es/,,,,,
1495392982,node,40.4080907,-3.6976117,Fantástico,indian,,,,,,,,,,,
1517405725,node,40.4141212,-3.7012349,Del Olivo,,Calle de las Huertas,3,28012,Madrid,,http://delolivorestaurante.es/,,,,,
1517405728,node,40.4241124,-3.7093953,Little Dragon,,Calle de los Reyes,11,28015,Madrid,,http://www.lovinghut.es/,,,,,no
1517405743,node,40.4091828,-3.6940348,Sanabria,regional,Calle del Doctor Mata,3,28012,Madrid,,http://www.elsanabria.es/en/,,yes,,,limited
1517405754,node,40.4272563,-3.7037411,Sardos,pizza,Plaza del Dos de Mayo,8,28004,Madrid,,,,yes,,,no
1530471404,node,40.4200398,-3.6989861,Janatomo,japanese,Calle de la Reina,27,28004,Madrid,+34 915 21 55 66,,,,,,
1530471409,node,40.4202822,-3.699844,Petit Comité,french,Calle de la Reina,15,28004,Madrid,+34 91 521 75 52,http://restaurante-petitcomite.com/,,,,,
1530471413,node,40.4206047,-3.7007665,Vesuvio Pizza,pizza,Calle de Hortaleza,4,,Madrid,+34 91 521 51 71,,,,,,
1530471414,node,40.420186,-3.6993425,UDON,japanese,Calle del Clavel,6,28004,Madrid,+34 91 532 33 69,https://www.udon.es/,Tu-Su 13:00-24:00,,,,no
1531413616,node,40.4200219,-3.6992253,Del Diego,,Calle de la Reina,12,,,,http://www.deldiego.com/,,,,,
1531413624,node,40.4197027,-3.6975447,La Paella de la Reina,regional,Calle de la Reina,39,28004,Madrid,+34 91 531 18 85,http://www.lapaelladelareina.com/,,,,,no
1531430114,node,40.4137977,-3.7126172,Charlie Champagne,,Calle de Segovia,17,28005,Madrid,+34 91 365 18 45,http://charliechampagne.es/,,,,,
1535864087,node,40.4083556,-3.6995524,El Económico,,Calle de Argumosa,9,28012,Madrid,,,"Mo-Su 09:00-12:30,13:00-16:30,20:00-24:00",,,,
1548386547,node,40.4078927,-3.7045348,Tam Coc,vietnamese,Calle de Mira el Sol,,,,,,,,,,
1556708366,node,40.4185437,-3.7095489,Tierra Burrito Bar,mexican,,,,,+34 910 05 39 08,https://www.tierraburritos.com,"Fr-Sa 11:00-01:00; Mo-Th,Su 11:00-00:00",,,,
1556708398,node,40.4118145,-3.7031148,Rambal,spanish,Calle de Lavapiés,6,28012,Madrid,+34 91 7823271,,,,,,
1556708447,node,40.4177311,-3.7095419,Terraza Cafe del Real,italian,,,,,,,,,,,
1556708463,node,40.4187577,-3.7086523,Ouh Babbo!,italian,Calle de Caños del Peral,,28013,Madrid,,,,,,,
1572572823,node,40.4139946,-3.703791,La Tagliatella,italian,Calle del Doctor Cortezo,,,,,,"Mo-Th 13:00-16:30,20:00-24:00, Fr,Sa 13:00-16:30,20:00-00:30, Su,PH 01:00-16:30,20:00-24:00",,,,yes
1596952718,node,40.413704,-3.7250995,Mesón el Chacón,,,,,,,,"Mo-Su,PH 08:00-02:00",,,,
1614406345,node,40.4138754,-3.7250941,A Ría de Noia,galician,,,,,,,,,,,
1619574634,node,40.408015,-3.6974589,Delhi Darbar,indian,,,,,,,,,,,
1619574648,node,40.4109537,-3.7178626,Seoul,korean,Ronda de Segovia,25,,,,,"Mo-Sa 13:30-16:00,20:00-23:30; Su off",,,,
1621005286,node,40.4250782,-3.7133018,Vips,international,Calle de la Princesa,5,28008,Madrid,,,,yes,,,
1621005292,node,40.4255522,-3.7134151,Shoo Loong Kan,chinese,Calle de Santa María Micaela,,28008,Madrid,,,,yes,,,
1621005300,node,40.425619,-3.7135233,Grosso Napoletano,italian,Calle de Ventura Rodríguez,5,28008,Madrid,,,,,,,no
1623075018,node,40.4139047,-3.6989568,El León de Oro,,,,,,,,,,,,
1623075022,node,40.4136579,-3.6988496,Miranda,arab,Calle de las Huertas,29,28014,Madrid,+34913691025,,,,,,
1623075025,node,40.4143757,-3.6984651,Pizzamascalzone,pizza,,,,,,https://www.pizzamascalzone.com/,,,,,limited
1625167388,node,40.4142469,-3.6902664,Han Gang,korean,Calle Moreto,7,28014,Madrid,,,"Mo,We-Su 13:00-15:30,19:30-22:30",,yes,,limited
1625167425,node,40.4133189,-3.6902126,Trattoria SantArcangelo,,Calle Moreto,15,28014,Madrid,,,,yes,,,no
1632020527,node,40.4192366,-3.7044963,La Soleá,regional,Calle de Mesonero Romanos,6,28013,Madrid,,,,,,,
1632020619,node,40.4225259,-3.7091169,Tony Roma's,barbecue,Gran Vía,68,28013,Madrid,+34 910 482 395,http://tonyromas.es/,,,,,no
1634750451,node,40.4118276,-3.711608,Dona Camila,,,,,,,https://www.donacamila.com/,,,,,
1634750469,node,40.413253,-3.7121466,Wu Wei,,,,,,,,,,,,
1634750496,node,40.413303,-3.7123536,,,,,,,,,,,,,
1642177903,node,40.424714,-3.7096932,Bombay Masala,indian,Calle de San Bernardino,1,28015,Madrid,+34 915429498,http://www.bombaymasalamadrid.com/,,,,,no
1642177945,node,40.4238831,-3.7091086,VEGA Álamo,,Calle del Álamo,3,28015,Madrid,+34 910 70 37 19,https://alamo.govega.es/,,yes,,,limited
1642177965,node,40.424841,-3.7098715,Jin Jin,asian,Calle de San Bernardino,1,,,,,,,,,no
1642177974,node,40.4249899,-3.7098677,YGF Malatang,chinese,Calle de San Bernardino,6,28015,Madrid,,,,,,,limited
1642177985,node,40.4247819,-3.7097856,Esfahan,persian,Calle de San Bernardino,1,28015,Madrid,+34 91 559 68 12,http://www.restaurantesfahan.es/,,,,,limited
1642177995,node,40.4249284,-3.7097918,Baan Pad Thai,thai,Calle de San Bernardino,6,28015,Madrid,+34 911 62 20 52,https://baanpadthai.es/,,,,,no
1642178011,node,40.4244048,-3.7092948,Taberna del Mozárabe,,Calle de los Reyes,6,28015,Madrid,,,,,,,limited
1642178043,node,40.4236184,-3.7092883,Chincha Casa Perú,peruvian,Plaza de los Mostenses,3,28015,Madrid,+34 915 590 922,https://www.chincha.es/,,,,,no
1645108305,node,40.4213633,-3.7216412,San Antonio,,,,,,,,,yes,,,
1645108308,node,40.4219357,-3.7136476,Las Tablas,,,,,,,,,yes,,,limited
1645108309,node,40.4103444,-3.7024668,La Victoria,,Calle de Lavapiés,27,28012,Madrid,+34 915275783,,"14:00-17:00,20:00-24:00",,,,
1645108311,node,40.4097832,-3.7024206,Shapla,indian,Calle de Lavapiés,42,28012,Madrid,+34 915281599,https://shaplaindianrestaurant.com/,Mo-Su 12:00-00:30,,,,
1645108312,node,40.409339,-3.7020612,Calcuta,indian,Calle de Lavapiés,48,28012,Madrid,,,,,,,
1645108313,node,40.4087713,-3.7008603,Raj Puth,indian,,,,,,,,,,,
1666232598,node,40.4137839,-3.7122123,Choose Restaurante Vegano,italian,Calle de Segovia,17,,,+34 912 873 363,http://chooseristorante.com/,,,,,
1666232605,node,40.4214789,-3.6979501,El Bierzo,regional,Calle de Barbieri,16,28004,Madrid,,http://www.restauranteelbierzodebarbieri.com/,,,,,
1666232640,node,40.4215899,-3.6980225,Le Cocó,,Calle de Barbieri,15,28004,Madrid,,https://www.lecocomadrid.com/,,,,,
1666232648,node,40.4138561,-3.711551,Casa a la malicia,,,,,,,,,,,,
1666232666,node,40.4233396,-3.6981607,Vegaviana,,Calle de Pelayo,35,,,,http://vegaviana.restaurantesok.com/,,,,,no
1669117683,node,40.4080258,-3.6991619,La Funda Mental,,,,,,,,,,,,
1669507391,node,40.4220838,-3.7030382,Lab '84,,Calle de la Puebla,9,28004,Madrid,+34 912 46 13 34,https://lab84.es/es/contacto,,,,,
1706515358,node,40.4181217,-3.6992512,Vips,international,Calle de Alcalá,23,28014,,,,Mo-Th 08:00-24:00; Sa 09:00-01:00; Su 08:00-01:00; PH 09:00-24:00,yes,,,yes
1706515364,node,40.4181354,-3.6991863,Ginos,italian,,,,,,,,no,,,limited
1717732783,node,40.4224143,-3.6994608,Restaurante Vivares,,Calle de Hortaleza,52,28004,Madrid,,,,,,,
1717732787,node,40.4226539,-3.699278,Basics by Goiko,burger,Calle de Hortaleza,60,28004,Madrid,,,,,,,
1718183544,node,40.4216046,-3.6974219,La Nieta,regional,Calle de la Libertad,25,28004,Madrid,+34 91 521 51 00,http://www.restaurantelanieta.net/,,,,,
1718344504,node,40.4213246,-3.7180187,Bioloco,,Paseo del Rey,10,28008,,+34656853437,https://www.bioloco.es/contacto-madrid/,,,,,no
1722370967,node,40.42157,-3.7017466,casa de Can,regional,Calle de San Onofre,10,28004,Madrid,+34 910 24 51 59,,07:30-02:00,,,,
1735415901,node,40.4251996,-3.7105807,Restaurante Bar Mundi,,Calle de San Bernardino,7,28015,Madrid,,,,,,,limited
1735422981,node,40.4204833,-3.7169005,Los Tres Cerditos,,Cuesta de San Vicente,32,28008,Madrid,+34 919 41 50 49,https://www.3cerditos.com/,"Mo off; Tu-Su 12:00-17:00, 19:00-23:30",no,yes,,no
1735431627,node,40.4285245,-3.7030353,Puro Teatro,,Calle de Manuela Malasaña,9,28004,Madrid,+34 918215126,http://taperiapuroteatro.es/,,,,,
1782593806,node,40.4127889,-3.6997456,La Vera,,Calle de Atocha,57,28012,Madrid,+34 91 429 97 98,,,,,,
1783127577,node,40.4210103,-3.7197439,Foster's Hollywood,american,,,,,,,,no,,,no
1789051703,node,40.4164803,-3.7077567,El Ñeru,asturian,Calle de Bordadores,5,,Madrid,+34 915 48 19 77,https://www.restauranteelneru.com/,,,,,
1830078493,node,40.4281529,-3.694936,Portosín,,,,,,,,,,,,
1846802361,node,40.4257675,-3.7146245,Excalibur,grill,Calle de Martín de los Heros,28,28008,Madrid,,,,,,,
1848301738,node,40.4245087,-3.7016365,Bar Lozano,,Calle de San Joaquín,,28004,Madrid,,,,,,,
1936683099,node,40.4143452,-3.7264511,Las Marismas,,,,,,,,,,,,
2028617655,node,40.4151701,-3.7018097,Taberna Pompeyana,,,,,,,,,,,,
2046224575,node,40.4197656,-3.7068279,La Tagliatella,italian,Calle Preciados,36,28013,Madrid,+34 915229121,https://www.latagliatella.es/restaurantes/la-tagliatella-preciados/,,,,,
2046224594,node,40.4190038,-3.7063703,Preity Raj 2,indian,Calle del Postigo de San Martín,5,28013,Madrid,+34 911 05 1036,https://preityraj2.com/,,yes,,,
2053711103,node,40.4117997,-3.7037506,Badila,spanish,Calle de San Pedro Mártir,6,28012,Madrid,,,,,,,
2053711106,node,40.4108769,-3.7049558,Casquería Oscar,,Calle de la Encomienda,1,,,+34917051233,,,,,,
2073645675,node,40.4281119,-3.6903528,Enso Sushi,japanese,Paseo de la Castellana,15,,,,,,,,,
2077053387,node,40.4207498,-3.7156141,Bar La Cueva de Barragan,,,,,,,,,,,,
2077053407,node,40.4133992,-3.712782,La Almendra de la Morería,,,,,,,,,,,,
2077053410,node,40.4107963,-3.7113502,La Copita Asturiana,,Calle de Tabernillas,13,28005,Madrid,+34 913 651 063,http://www.lacopitaasturiana.com/,,,,,
2077053413,node,40.4151747,-3.7133534,La Dehesa de Santa María,,Calle Mayor,88,28013,Madrid,,http://www.dehesasantamaria.com/,,,,,
2077053417,node,40.4129943,-3.7134259,Zoco,,,,,,,,,,,,
2077053426,node,40.4116416,-3.7109461,La Muralla,,,,,,,,,,,,
2077053432,node,40.411831,-3.710589,La Potente,,Calle de la Cava Baja,42,28005,Madrid,+34 913 65 93 42,,,,,,yes
2077053434,node,40.4101448,-3.7120274,Viuda de Vacas,,Calle del Águila,2,28005,Madrid,+34 913665847,http://viudadevacas.es/,,,,,
2077053444,node,40.4105256,-3.7117029,La Pizpireta,,,,,,,,,,,,
2077053447,node,40.4101937,-3.7123383,Los Ángeles,,,,,,,,,,,,
2077053450,node,40.4100457,-3.7123468,Casa Mateos,,,,,,,,,,,,
2077053455,node,40.4099286,-3.7129601,El Antoju,,Calle del Ángel,16,,,,,,,,,limited
2077053461,node,40.4112183,-3.7106426,Taberna El Búho,,Calle del Humilladero,4,28005,Madrid,,,,,,,
2077053464,node,40.4101838,-3.7118118,Taberna J. Blanco,,,,,,,,,,,,
2077053470,node,40.410247,-3.7117506,El Bombín de Sabina,,,,,,,,,,,,
2077053473,node,40.4105984,-3.7134164,San Francisco 13,,Carrera de San Francisco,13,28005,Madrid,,,,,,,
2077053477,node,40.4106028,-3.710243,,,,,,,,,,,,,
2086574287,node,40.4138083,-3.715722,Torayo Antonio,,,,,,,,,,,,
2128038040,node,40.4189932,-3.7093862,Sanissimo Opera,,Calle de Campomanes,5,28013,Madrid,+34 911 15 25 46,https://www.sanissimo.eu/,,,,,
2180149404,node,40.4159786,-3.7016048,Taberna La Alhambra,,Calle de la Victoria,9,28012,Madrid,,,,,,,
2209904744,node,40.4272019,-3.7100959,La cajita de Nori,,Calle del Limón,30,28015,Madrid,+34 917587295,http://www.lacajitadenori.es/,,,,,no
2239998409,node,40.4218481,-3.6955709,Rocafría,,,,,,,,,,,,no
2246509892,node,40.410196,-3.697543,Café Bar Alma,spanish,,,,,+34 915 27 49 30,https://almacafebar.wordpress.com/,,,,,yes
2294956290,node,40.4238331,-3.707038,Sidrería La Cuenca,regional,Calle de la Cruz Verde,16,28004,Madrid,,,,yes,,,no
2323109593,node,40.4166091,-3.7015702,Museo del Jamón,regional,,,,,+34 91 5210346,https://www.museodeljamon.com/,,,,,yes
2337459596,node,40.41329,-3.7098287,Café del Nuncio,,,,,,,,,,,,
2350754843,node,40.4163792,-3.7078349,Yerbabuena,,Calle de Bordadores,3,,,+34 915480811,http://www.yerbabuena.ws/,"Mo-Sa 13:00-16:30,20:00-24:00",,,,
2357618846,node,40.4110877,-3.6943434,Matilda,,Calle Almadén,15,28014,Madrid,,,Mo-Sa 08:00-17:00,,,,no
2357662191,node,40.4112111,-3.6948323,Ganz,,,,,,,,,,,,no
2375150814,node,40.4224544,-3.7229346,La Estación,pizza,Paseo de la Florida,31,,,,,,yes,,,
2379568327,node,40.4183316,-3.7043938,Café Carmen,spanish,Calle del Carmen,17,28013,Madrid,,,,,,,limited
2379588126,node,40.4128174,-3.7139203,El Ventorrillo,spanish,Calle de Bailén,14,28005,Madrid,+34 91 366 35 78,,,,,,
2379590685,node,40.4146851,-3.6945994,Chez Madrid,european,Plaza de Cánovas del Castillo,4,28014,Madrid,+34 91 989 58 96,https://grupocarbon.es/restaurantes/chezmadrid/,Mo-Th 12:00-02:00; Fr-Sa 12:00-02:30; Su 12:00-02:00,yes,,,limited
2379595314,node,40.4143652,-3.7011349,Lateral Santa Ana,,Plaza de Santa Ana,12,28012,Madrid,+34 914 20 1582,https://www.lateral.com/,"Mo-We, Su 12:00-00:00; Th-Sa 12:00-02:00",,,,limited
2437748220,node,40.4165272,-3.6995613,La Rollerie,,Carrera de San Jerónimo,,,Madrid,,,"Mo 08:00-16:00; Tu-Fr 08:00-20:00; PH,Sa,Su 09:00-20:00",,,,
2437748225,node,40.4166082,-3.7013775,Lhardy,,,,,,+34 915 213 385,https://lhardy.com/,,,,,
2437748228,node,40.4164268,-3.7017415,Pulpería de Victoria,regional,Calle de la Victoria,2,28012,Madrid,+34 910 804 929,https://www.pulperiadevictoria.es,,,,,
2449728805,node,40.4125848,-3.7036451,La Carpa,,,,,,,,,,,,yes
2449728811,node,40.4121225,-3.7044957,La Parrilla de Galicia,,Plaza de Tirso de Molina,7,28012,Madrid,+34 914 29 50 30,http://www.asadorarizmendi.com,,,,,
2449728813,node,40.4181945,-3.70899,De María Ópera,argentinian,Plaza de Isabel II,2,28013,Madrid,+34 91 5479305,http://demariafelixboix.es,,,,,
2449728814,node,40.4125686,-3.7041644,Apolo,,,,,,,,,yes,,,no
2449728819,node,40.4178269,-3.7098678,Foster's Hollywood,american,,,,,,,,,,,
2458105107,node,40.4153209,-3.7065788,Restaurante Hegar,regional,Plaza Mayor,35,28012,Madrid,+34 91 2664280,,,,,,
2475150041,node,40.4060918,-3.7113974,,,Glorieta Puerta de Toledo,3,28005,Madrid,,,,yes,,,
2494908510,node,40.4138307,-3.6979373,La Cocinilla,tapas,Calle de Lope de Vega,15,28014,Madrid,+34 911 10 40 72,http://www.lapetisabar.com,,,,,
2494912095,node,40.4151932,-3.6991697,Indian Spice,indian,Calle de Manuel Fernández y González,17,28014,Madrid,+34 914 29 54 06,http://www.indianspice.es/find-us/,,,,,
2501139645,node,40.412593,-3.7088178,Cava Baja 17,,Calle de la Cava Baja,17,28005,Madrid,,http://cavabaja17.es/,,,,,limited
2501795850,node,40.4128754,-3.6912761,El Botánico,,Calle Ruiz de Alarcón,27,28014,Madrid,+34 914202342,http://restaurantebotanico.com/,Mo-Su 11:00-01:00,yes,,,no
2523695124,node,40.4157877,-3.7076505,Bar Andalú La Torre del Oro,regional,Plaza Mayor,26,28012,Madrid,,http://www.torredeloro.wellsoc.org/,,,,,no
2523695125,node,40.4150004,-3.7068389,Bar Plaza Mayor,,Plaza Mayor,2,28012,Madrid,,,,,,,
2523695126,node,40.4149531,-3.7079506,Gustos,,Plaza Mayor,7,28012,Madrid,+34 91 366 40 30,http://www.gustosbcn.com/plaza-mayor/,,,,,
2523695127,node,40.4152228,-3.7065714,Castaña,,Plaza Mayor,35,28012,Madrid,,,,yes,,,
2523695128,node,40.4150063,-3.706646,Los Arcos,,Plaza Mayor,1,28012,Madrid,,,,,,,
2523695130,node,40.4153766,-3.7081521,Museo del Jamón,deli;spanish,Plaza Mayor,18,28012,Madrid,+34 915 42 26 32,https://www.museodeljamon.com/museos/plaza-mayor/,Su-Th 09:00-23:30; Fr-Sa 09:00-00:30,yes,,,no
2524787188,node,40.4170809,-3.7073497,La casa gallega,regional,Calle de Bordadores,11,28013,Madrid,+34 915 419 056;+34 915 419 055,https://www.lacasagallega.com/,,,,,yes
2535751174,node,40.4262403,-3.7013748,Taberna Madrid - Madriz,regional,Calle de Fuencarral,85,28004,Madrid,+34 91 448 83 94,https://www.restaurante-madrid-madriz.com/,,,,,no
2540726760,node,40.4147819,-3.7082818,TragaTapas,regional,Calle de la Cava de San Miguel,,,,,,,,,,
2544272006,node,40.4125657,-3.6996958,Take Wok,asian,Calle de Atocha,44,28012,Madrid,,,,no,yes,,limited
2546770617,node,40.4101726,-3.6942588,Steak Grill House,,Calle de Atocha,117,28012,Madrid,,,,,,,no
2546777613,node,40.4122258,-3.6991251,La Muñoza,spanish,,,,,,,"Tu-Th 12:00-24:00; Fr,Sa 12:00-02:00; Su 12:00-18:00",,,,yes
2546794632,node,40.4104087,-3.6947574,El Campesino,,Calle de Atocha,111,28012,Madrid,,,,,,,no
2556174850,node,40.4094834,-3.7022293,Taj Mahal,indian,Calle de Lavapiés,46,28012,Madrid,+34 915 27 91 08,http://www.tajmahalrestauranteindio.es/es/,,,,,
2569444826,node,40.4197955,-3.6993961,SteakBurger,american,Gran Vía,16,,,+34 914 21 92 50,https://www.steakburger.es/,,,,,yes
2572301137,node,40.4128817,-3.7134616,Gauranga,fusion;indian,,,,,,,,,,,
2579288583,node,40.4231356,-3.7072785,Luna Rossa,italian,Calle de San Bernardo,24,28015,Madrid,+34 91 5321454,http://www.restaurantelunarossa.com/,,no,yes,,no
2579518629,node,40.4242052,-3.7067659,Calle 29,,Calle del Pez,29,28004,Madrid,,,,,,,no
2579525851,node,40.4218661,-3.7057098,Chiang Hu,chinese,Calle de Silva,25,28004,Madrid,,,,,,,no
2579527534,node,40.4219441,-3.7056153,Home Burger Bar,burger,Calle de Silva,25,28004,Madrid,+34 911151279,http://www.homeburgerbar.com/index1.html#/portada,,yes,,,yes
2579545277,node,40.4230723,-3.7074038,Kinza,georgian,Calle de San Bernardo,22,28015,Madrid,+34 915456628,http://kinzamadrid.es/,,,,,no
2579556465,node,40.4211562,-3.7056049,El Buda Feliz,chinese,Calle de los Tudescos,,28004,Madrid,,,,yes,,,limited
2580708162,node,40.4131993,-3.7085279,Posada del León de Oro,,Calle de la Cava Baja,12,28005,Madrid,+34 91 119 14 94,http://www.posadadelleondeoro.com/es/eno/enotaberna.html,,,,,yes
2580708166,node,40.4122758,-3.7095313,Taberna los Huevos de Lucio,spanish,Calle de la Cava Baja,30,28005,Madrid,,,"Sa-Su 13:00-16:30, 20:00-00:00; Mo-Fr 13:00-16:15, 20:00-00:00",,,,limited
2582180382,node,40.4224624,-3.7061785,Katsu,japanese,Calle de la Luna,22,28004,Madrid,+34912133078,https://katsumadrid.com/,"Tu-Th 13:00-16:30,19:30-23:30; Fr-Su 13:00-17:00,19:30-23:30; Mo off",,,,
2583647344,node,40.4208882,-3.7055654,kiraku,japanese,Calle de Miguel Moya,6,28004,Madrid,,,,,,,no
2583657782,node,40.4242822,-3.7065474,Goiko Grill,,Calle del Pez,36,28004,Madrid,+34 910 60 88 78; +34 910 60 11 41,https://www.goikogrill.com,,yes,,,no
2583907730,node,40.4220762,-3.7063343,Xiangzili Bar Restaurante,arab;asian;oriental;noodles,Calle de los Libreros,18,28004,Madrid,+34 911887237;+34 910 29 49 92,,Mo-Su 12:00-24:00,,,,
2583985475,node,40.4266236,-3.7038736,Pizzería Maravillas,pizza,Plaza del Dos de Mayo,9,28004,Madrid,,,,yes,,,no
2585135709,node,40.4286843,-3.7031176,Nuria,ethiopian,Calle de Manuela Malasaña,6,28004,Madrid,+34 915 916 327,http://www.nuriarestauranteetiope.es/,,,,,
2585141470,node,40.4285206,-3.7032964,Boom Boom Ciao,,Calle de Manuela Malasaña,11,28004,Madrid,,,,,,,
2585172539,node,40.4259006,-3.7133788,Hanan,ethiopian,Calle de Ventura Rodríguez,3,28008,Madrid,+34 915489929,http://restauranteetiope.es/,,,,,
2586619868,node,40.4194108,-3.7074591,El Labriego,regional,Calle de las Veneras,4,28013,Madrid,+34 915 59 24 07,https://ellabriego.es/,,,,,
2586789264,node,40.4285661,-3.703478,Casa Maravillas,regional,Calle de Manuela Malasaña,13,28004,Madrid,+34 914458259,,,,,,no
2622900844,node,40.4252693,-3.7036283,Toro Burguers,,Calle del Marqués de Santa Ana,34,28004,Madrid,,,,,,,
2622900847,node,40.4249663,-3.7042428,,,Calle del Marqués de Santa Ana,37,28004,Madrid,,,,,,,
2629829293,node,40.4240174,-3.7059346,Sobrado,,Calle del Pez,30,28004,Madrid,,https://barsobrado.com/,,,,,limited
2629841716,node,40.4239558,-3.7050849,La Copla,,Calle de Jesús del Valle,1,28004,Madrid,+34 910 12 68 07,,,,,,no
2630111356,node,40.4243799,-3.7067198,El Rincón de Pez,,Calle del Pez,38,28004,Madrid,,,,yes,,,no
2630111357,node,40.4242494,-3.7064905,Pez Tortilla,,Calle del Pez,36,28004,Madrid,+34 911 88 58 82,http://peztortilla.com/,,,,,limited
2630127070,node,40.4285899,-3.7036942,La Tía Juana,mexican,Calle de Manuela Malasaña,15,28004,Madrid,,,,,,,
2630219272,node,40.4270811,-3.7085252,La Taquería de Birra,mexican,Plaza de las Comendadoras,2,28015,Madrid,+34 91 523 28 06,https://www.lastaquerias.com/,,yes,,,no
2631116903,node,40.4198315,-3.7081655,Dehesa Santa María,,Costanilla de los Ángeles,15,28013,Madrid,,http://www.dehesasantamaria.com/,,,,,
2631124674,node,40.4156264,-3.7084029,Valle del Tiétar,regional,Calle Ciudad Rodrigo,5,28012,Madrid,,,,,,,
2631126575,node,40.4156141,-3.7083143,Casa Rúa,regional,Calle Ciudad Rodrigo,3,28012,Madrid,,,,,,,
2631128250,node,40.4157731,-3.7080496,Arrabal,,Plaza Mayor,23,28012,Madrid,,,,,,,limited
2631130966,node,40.4155385,-3.7081543,Cafetería Magerit,regional,Plaza Mayor,22,28012,Madrid,,,,yes,,,limited
2631133125,node,40.4151033,-3.7081185,Bar Tineo,,Plaza Mayor,14,28012,Madrid,,,,,,,
2631133126,node,40.4150447,-3.7081117,Café Zarra,,Plaza Mayor,13,28012,Madrid,,,,,,,
2631134831,node,40.41496,-3.7076879,Cervecería Éboli,regional,Plaza Mayor,4-5,28012,Madrid,+34 913659341,http://www.restauranteebolicerveceria.es/es/,,,,,
2632237572,node,40.4222044,-3.7078499,Mesón O'Luar,regional,Calle de San Bernardo,17,28015,Madrid,,,,,,,no
2632237573,node,40.4219842,-3.7076973,Kaiten Sushi,japanese;chinese;thai;asian,Calle de San Bernardo,10,28015,Madrid,,,,,,,
2632237574,node,40.4219003,-3.7077078,Paraíso del Jamón,regional,Calle de San Bernardo,8,28015,Madrid,+34 915328350,https://www.paraisodeljamon.com/index2.htm,,,,,no
2632245313,node,40.420364,-3.7080532,Cafetería Oskar,,Calle de Silva,2,28013,Madrid,,,8:00-2:30,,,,
2632245314,node,40.4203349,-3.7079726,Domingo's,,Calle de Jacometrezo,,28013,Madrid,,,,,,,
2632252636,node,40.4200761,-3.7078991,O' Faro Finisterre,regional,Calle de Jacometrezo,15,28013,Madrid,+34 915 47 42 40,http://www.ofarofinisterre.es/,09:00-21:00,,,,
2632252642,node,40.4200045,-3.7078402,La Abadía,regional,Calle de Jacometrezo,15,28013,Madrid,,,Mo-Su 07:00-5:00,,,,
2632252650,node,40.4199733,-3.7078185,Shisha,kebab,Calle de Jacometrezo,15,28013,Madrid,,,,,,,
2632252656,node,40.4198828,-3.7077186,Topolino,italian,Calle Preciados,50,28013,Madrid,+34 91 542 55 55,https://www.topolino.es/,,,,,
2632260876,node,40.4197098,-3.707584,Café Varela,,Calle Preciados,37,28013,Madrid,+34 91 454 44 00,https://www.cafevarela.com/,,,,,no
2632261940,node,40.4194778,-3.7076436,Nan Nan,hotpot,Calle de las Veneras,7,28013,Madrid,,,,,,,
2632261941,node,40.4194528,-3.707627,La Deportiva,spanish,Calle de las Veneras,7,28013,Madrid,,,,,,,
2632263192,node,40.4193115,-3.7075029,Mareas Vivas,regional,Calle de las Veneras,3,28013,Madrid,,,,,,,
2632277332,node,40.4186679,-3.7071852,Esencia al Cuadrado,,Travesía de los Trujillos,2,28013,Madrid,+34 910 530 873,https://www.esenciaalcuadrado.es/,,,,,
2639172447,node,40.4128842,-3.7083007,Taberna del Capitán Alatriste,madrileña;regional,Calle de Grafal,7,28005,Madrid,+34 913 66 18 83,https://tabernadelcapitanalatriste.com/,"Tu-Su 13:00-16:00,20:00-24:00",,,,no
2639581530,node,40.4240471,-3.709858,Asador de Hongkongnes,chinese,Calle de los Reyes,12,28015,Madrid,,,,,,,limited
2639589172,node,40.4260668,-3.6983114,La Potxola,regional,Calle de San Mateo,19,28004,Madrid,+34 665 21 48 77,,,,,,
2639608412,node,40.4177056,-3.7093085,Asador Real,regional,Plaza de Isabel II,1,28013,Madrid,+34 91 547 1111,https://www.asadorreal.com/,,,,,
2639629712,node,40.4246662,-3.7113161,La Chalana,regional,Calle de San Leonardo,12,28015,Madrid,+34 91 5417683,https://www.lachalana.com/,,no,,,no
2639926091,node,40.4149224,-3.6949679,Vips,international,Plaza de Cánovas del Castillo,5,28014,Madrid,+34 912752183,,,,,,yes
2640018740,node,40.4175851,-3.7107589,Agra Palace,indian,Calle de Vergara,7,,,+34 91 559 33 11,,,,,,
2642299082,node,40.4237936,-3.7028378,Casa Fidel,regional,Calle de El Escorial,6,28004,Madrid,+34 915 31 77 36,,"Mo-Fr 10:00-16:00,21:00-00:30; Sa 12:30-16:00,21:00-00:30; Su 12:00-16:30",,,,
2643652953,node,40.422113,-3.7058075,La Rayúa,regional,Calle de la Luna,3,28004,Madrid,,,,,,,limited
2643887893,node,40.4183956,-3.7075337,Califa,,Calle de los Trujillos,3,28013,Madrid,+34 91 5599360,http://www.califamadrid.com/,,,,,
2643887894,node,40.4188883,-3.707336,Casa Parrondo,regional,Calle de los Trujillos,,28013,Madrid,+34 915 22 62 34,https://www.casaparrondo.com/,"We 13:00-16:00,20:00-24:00",,,,
2643887895,node,40.4189847,-3.7074466,Casa Valiño,regional,Calle de los Trujillos,9,28013,Madrid,+34 915 47 30 58,,Mo-Sa 10:00-1:00,,,,
2643887896,node,40.4190175,-3.7073218,Igo Ramen,noodle,Calle de las Navas de Tolosa,9,28013,Madrid,,,,,,,
2643887898,node,40.4187834,-3.7074757,El Zagal,regional,Calle de los Trujillos,7,28013,Madrid,+34 915420557,http://www.elzagalmadrid.com/HOME.html,,,,,
2643887906,node,40.4186817,-3.7074887,Hot Pot de Sichuan,,Calle de los Trujillos,7,28013,Madrid,+34 910 66 98 36,https://hotpot.es/,"Mo-Th 13:00-16:00, 19:00-00:00; Fr-Su 13:00-00:00",,,,
2643893663,node,40.4178177,-3.7076313,El Escarpín,regional,Calle de las Hileras,17,28013,Madrid,+34 91 559 99 57,https://elescarpinsidreria.com/,Mo-Su 09:00-23:30,,,,no
2643893669,node,40.417991,-3.7074771,Juan Men,chinese,Calle de las Hileras,19,28013,Madrid,,https://h.qr61.cn/oCK3NF/qts1lvW,,,,,
2643911162,node,40.4169967,-3.7081706,El Cogollo de la Descarga,regional,Calle de las Hileras,6,28013,Madrid,+34 911 96 03 51,,,,,,no
2643911169,node,40.4170477,-3.7082922,Taquería Mi Ciudad,mexican,Calle de las Hileras,5,28013,Madrid,+34 915598711,https://www.taqueriamiciudad.com/,,,,,no
2645501118,node,40.4239319,-3.7101805,Nemrut,kebab,Calle de los Reyes,16,28015,Madrid,,http://www.nemrutkebabmadrid.es/,,,,,no
2645501124,node,40.4240802,-3.7097849,Jin Ling,chinese,Calle de los Reyes,12,28015,Madrid,,,,,,,limited
2645501131,node,40.4241051,-3.7097242,Shi Shang,chinese,Calle de los Reyes,10,28015,Madrid,,,,,,,no
2645520105,node,40.4237667,-3.7100657,Taberna Rincón de Reyes,regional,Calle de los Reyes,21,28015,Madrid,,,,,,,no
2645525102,node,40.4221364,-3.7057086,Chun Li dumpling house,chinese,Calle de la Luna,12,28004,Madrid,,,,,,,no
2645627158,node,40.4258151,-3.7130199,Kai Thai,thai,Calle de la Princesa,13,28008,Madrid,+34 91 540 0447,https://kaithaicomidas.com/,"Mo-Th 13:00-17:00,20:00-00:00; Fr,Su 13:00-17:00,20:00-00:30; Sa 09:00-17:00,20:00-00:00",no,,,
2645630941,node,40.4254435,-3.712753,100 Montaditos,sandwich,Calle de la Princesa,7,28008,Madrid,,https://spain.100montaditos.com/,,yes,,,yes
2645863018,node,40.4251547,-3.7044697,Taberna Griega,greek,Calle del Tesoro,6,28004,Madrid,+34 91 532 58 97,https://tabernagriega.com/,"Tu-Su 13:30-16:00,20:30-24:00",,,,
2645867631,node,40.4254946,-3.7039813,Ojalá,international;local,Calle de San Andrés,1,28004,Madrid,+34915232747,https://www.grupolamusa.com/restaurante-ojala,Mo-We 09:00-01:00; Th 09:00-01:30; Fr 09:00-02:00; Sa 11:00-02:00; Su 11:00-01:00,yes,,,no
2645869773,node,40.4282422,-3.7033523,,,Calle de San Andrés,38,28004,Madrid,,,,,,,
2647375160,node,40.4151263,-3.7014088,Taberna Fragua de Vulcano,regional,Calle de Álvarez Gato,9,28012,Madrid,+34 915 22 36 05,https://lafraguadevulcanomadrid.eatbu.com/,"Su-Th 12:00-01:30; Fr,Sa 12:00-02:00",,,,no
2647379650,node,40.4149712,-3.7014446,Villa Rosa,regional,Plaza de Santa Ana,15,28012,Madrid,+34 91 5213689,https://www.tablaoflamencovillarosa.com/es/,,,,,
2647385671,node,40.4151538,-3.7019713,Las Bravas,regional,Calle de Álvarez Gato,3,28012,Madrid,+34 91 522 85 81,https://lasbravas.com/,,,,,
2651530880,node,40.4231503,-3.7108165,Lupita Cuzco,peruvian,Gran Vía,73,28013,Madrid,+34 91 5598657,http://www.restaurantlupita.com/,,no,,,no
2651530886,node,40.4231214,-3.7107694,La Arepera,venezuelan,Gran Vía,71,28013,Madrid,,,,no,,,
2651560890,node,40.4222356,-3.708693,Wok Garden,,Gran Vía,64,28013,Madrid,,,,,,,
2651560891,node,40.4220247,-3.7090445,La Toscana,italian,Gran Vía,59,28013,Madrid,+34 915 47 61 04,,,,,,
2651560892,node,40.4219943,-3.7083084,La Sirena Verde,regional,Gran Vía,60,28013,Madrid,,,,,,,
2651560894,node,40.4220558,-3.7090951,Mesón El Jamón,regional,Gran Vía,59,28013,Madrid,,,,,,,
2651743628,node,40.4216236,-3.7047287,Elemental Bistro,,Corredera Baja de San Pablo,4,28004,Madrid,+34 911 47 52 37,,,,,,
2651743629,node,40.4216548,-3.7046979,Malpica,regional,Corredera Baja de San Pablo,4,28004,Madrid,+34 911 28 17 61,http://www.malpicabar.com/,Mo-Fr 10:00-01:00; Sa-Su 11:00-02:30,no,,,no
2651743633,node,40.4217087,-3.7046283,Byblos,lebanese,Corredera Baja de San Pablo,4,28004,Madrid,,,,,,,
2651743636,node,40.4221302,-3.7041799,Maricastaña,international,Corredera Baja de San Pablo,12,28004,Madrid,+34 910827142,https://www.maricastanamadrid.com/,Mo-Th 09:00-2:00; Fr 09:00-2:30; Sa 10:00-2:30; Su 10:00-2:00,,,,
2651748584,node,40.4210245,-3.7055554,Love Company,,Calle de los Tudescos,4,28004,Madrid,,,,,,,limited
2653722455,node,40.425515,-3.7074605,NAP,pizza,Calle de San Bernardo,51,28015,Madrid,+34 910 665 353,https://www.napofficial.com/,Su-Th 12:00-00:00; Fr-Sa 12:00-00:30,,,,no
2653722456,node,40.4252402,-3.7072772,Cervecería Padrón,regional,Calle de San Bernardo,56,28015,Madrid,,,,,,,no
2653822212,node,40.4257853,-3.7073035,La Concha,regional,Calle de San Bernardo,55,28015,Madrid,,,,,,,no
2653869281,node,40.4269697,-3.7066588,Magumar,regional,Calle de San Bernardo,69,28015,Madrid,,,,,,,no
2655900793,node,40.4207309,-3.7055795,La Prensa,regional,Calle de Miguel Moya,4,28004,Madrid,,,,,,,limited
2655919909,node,40.4192126,-3.706068,El Cucurucho del Mar,,Calle del Postigo de San Martín,6,28013,Madrid,+34 915220895,http://www.cucuruchodelmar.com/,,yes,,,
2656003482,node,40.4176632,-3.7070637,Madrid Grill,,Calle de San Martín,3,28013,Madrid,+34 910 595 881,https://madridgrill.com/,,,,,
2656033536,node,40.4165193,-3.7077263,Kausa Madrid,peruvian;regional,Calle de Bordadores,5,28013,Madrid,+34 916 287 398,https://kausamadrid.es/,Mo-Su 13:00-00:00,no,,,
2656033537,node,40.4167991,-3.707515,Gayagum,korean,Calle de Bordadores,7,28013,Madrid,,,,,,,
2656051906,node,40.4157824,-3.7066073,Café & Tapas,regional,Plaza Mayor,30,28012,Madrid,,,,,,,
2656051910,node,40.4155635,-3.7065987,El Soportal,regional,Plaza Mayor,33,28013,Madrid,,,,,,,
2657226796,node,40.4175729,-3.7095037,Lalín Casa del Pulpo,regional,Calle de la Escalinata,,28013,Madrid,,,,,,,
2657233346,node,40.4198093,-3.708289,Sublime Tokyo,japanese,Cuesta de Santo Domingo,24,28013,Madrid,+34 91 559 30 65,,,,,,
2661121483,node,40.4238714,-3.70043,Casa Hortensia,regional,Calle de la Farmacia,2,28004,Madrid,+34 915390090,https://www.casahortensia.com,,,,,yes
2661121501,node,40.422819,-3.6998882,Everyday,regional,Calle de Augusto Figueroa,,28004,Madrid,,,,,,,yes
2663017680,node,40.421527,-3.7059934,Ni Hao,chinese,Calle de Silva,20,28004,Madrid,,,,,,,yes
2663017681,node,40.4213704,-3.7061958,Curry Masala,indian,Calle de Silva,16,28004,Madrid,,,,,,,no
2665094817,node,40.4210364,-3.6998468,Hundred,burger,Plaza de Pedro Zerolo,1,28004,Madrid,+34 919 99 27 18,https://hundredburgers.com,Mo-Su 13:00-23:00,,,,
2665127468,node,40.4238312,-3.7053652,Pontepez,regional,Calle del Pez,18,28004,Madrid,+34 915 23 29 33,https://pontepez.com/,,,,,no
2667563697,node,40.4271135,-3.7096169,Roll,american,Calle de Amaniel,23,28015,Madrid,+34 918 05 79 30,,,,,,
2667576941,node,40.4287289,-3.7058889,Chivuos,burger,Calle de San Bernardo,86,28015,Madrid,+34 647794823,https://www.chivuos.com/restaurantes/,,,,,limited
2669909214,node,40.4285028,-3.7063068,Menomale,italian,Calle de San Bernardo,85,28015,Madrid,+34 910 18 05 14,http://menomale.es/,,,,,yes
2669909218,node,40.4286149,-3.706278,El Retoñar,regional,Calle de San Bernardo,87,28015,Madrid,,,,,,,yes
2669909223,node,40.4284236,-3.7063416,Espetinhos,brazilian,Calle de San Bernardo,85,28015,Madrid,+34 910 56 48 95,,,,,,no
2671241916,node,40.426805,-3.7083142,El Maño,regional,Calle de la Palma,64,28015,Madrid,,,,,,,
2671241936,node,40.4261246,-3.7078935,La Gringa,american,Calle de San Vicente Ferrer,57,28015,Madrid,+34 679 18 33 99,https://www.lagringamadrid.es/,,,,,
2672814923,node,40.4226606,-3.7037501,ET Kebab,,Calle del Pez,2,28004,Madrid,,,,,,,
2672814927,node,40.4228396,-3.7040127,El Pez Gordo,,Calle del Pez,6,28004,Madrid,,,,,,,no
2674514530,node,40.4223898,-3.7003278,La Tita,regional,Calle de Pérez Galdós,4,28004,Madrid,,https://www.latitarivera.com/bio,,,,,
2674514537,node,40.4237643,-3.7011521,El Mandil,regional,Calle de Colón,5,28004,Madrid,+34 915 31 62 55,https://www.elmandilmadrid.com/,,,,,no
2676680981,node,40.4246501,-3.7129961,La Mordida,mexican,Calle de la Princesa,3,28008,Madrid,+34 91 559 50 43,http://www.lamordida.com/web/sample-page/la-mordida-de-princesa/,,,,,
2676680987,node,40.4249437,-3.7132192,Indalo,regional,Calle de la Princesa,3,28008,Madrid,,https://indalotapas.com/,,no,,,yes
2676680989,node,40.4253103,-3.7129761,Tapa Tapa,tapas,Plaza de los Cubos,,28008,Madrid,,,,yes,,,limited
2676680994,node,40.4253937,-3.7133451,Ginos,italian,Calle de la Princesa,5,28008,Madrid,+34 912752063,https://www.ginos.es/,"Mo-Th 13:00-16:30,20:00-23:30; Fr 13:00-16:30,20:00-24:00; Sa 00:00-00:30,13:00-17:00,20:00-24:00; Su 00:00-00:30,13:00-17:00,20:00-23:30",yes,,,limited
2676681013,node,40.4258193,-3.7136633,El Cisne,regional,Calle de Ventura Rodríguez,4,28008,Madrid,+34 91 542 05 90,http://www.elcisne-theswan.com/,,,,,
2676681024,node,40.4253932,-3.7138709,Dantxari,regional,Calle de Ventura Rodríguez,8,28008,Madrid,+34 915423524,https://www.dantxari.com/html/index.html,,no,,,no
2676685069,node,40.4104042,-3.7102388,Rifugio,regional,Calle del Humilladero,5,28005,Madrid,,,,,,,no
2676854998,node,40.4222488,-3.7042612,Clarita,international,Corredera Baja de San Pablo,19,28004,Madrid,+34 91 522 80 70,https://claritamadrid.com/,,,,,no
2676855000,node,40.4227035,-3.7036384,El Perro y la Galleta,,Corredera Baja de San Pablo,31,28004,Madrid,+34 619 830 503,https://elperroylagalleta.com/locales/restaurante-en-malasana/,13:00-00:30,,,,
2676855002,node,40.423578,-3.7052373,La Zanta,mexican,Calle del Pez,15,28004,Madrid,+34 911 131 833,http://lazanta.es/,,,,,
2678581207,node,40.4236061,-3.7089498,Lamian,asian,Plaza de los Mostenses,4,28015,Madrid,,,,,,,limited
2678581212,node,40.4267515,-3.7078182,La Palma 60,,Calle de la Palma,60,28015,Madrid,,http://www.lapalma60.com/,,,,,
2680511808,node,40.4235559,-3.708731,Barbacoa,chinese,Plaza de los Mostenses,6,28015,Madrid,,,,,,,no
2680511812,node,40.4234595,-3.7077063,Hoh's,chinese,Calle de Antonio Grilo,4,28015,Madrid,,,,,,,
2680511828,node,40.4235192,-3.7093626,Hot Pot,chinese,Plaza de los Mostenses,1,28015,Madrid,,,,,,,
2681923258,node,40.4235286,-3.7082912,Sabor Cantonés,chinese,Calle de Antonio Grilo,12,28015,Madrid,,,,,,,no
2682145876,node,40.4251681,-3.7102129,,,Calle de San Bernardino,10,28015,Madrid,,,,,,,limited
2682145877,node,40.4252351,-3.7106702,Con 2 Fogones,,Calle de San Bernardino,9,28015,Madrid,+34 91 559 63 26,https://www.condosfogones.com/,,,,,no
2682145882,node,40.4259439,-3.7120307,Aladino,arab,Calle del Duque de Liria,2,28015,Madrid,+34 915474950,http://www.restaurantealadino.es/,,,,,no
2682145883,node,40.4260872,-3.7124108,María Bonita,mexican,Calle del Duque de Liria,9,28015,Madrid,+34 672733329,http://www.mariabonitatacobar.es/,,,,,no
2682145884,node,40.426414,-3.7125969,Küche,,Calle de la Princesa,18,,,+34 915996887,http://www.kuche.es/,,,,,limited
2683390837,node,40.414785,-3.7035258,Café & Tapas,regional,Calle de Carretas,14,28012,Madrid,,,,,,,
2683390843,node,40.4131803,-3.6982035,La Biotika,,Calle Amor de Dios,3,28014,Madrid,+34 914 29 07 80,https://www.labiotika.es/,,,yes,,
2683834798,node,40.4237878,-3.7063814,Juancho s,burger,Calle de Andrés Borrego,16,28004,Madrid,,https://juanchosbbq.com/,,,,,
2686417963,node,40.4266834,-3.7036351,Olemole,mexican,Calle de San Andrés,14,28004,Madrid,+34 910506142,https://www.olemole.es/,,yes,,,limited
2686417970,node,40.4273459,-3.7035254,Roost Chicken,,Calle de San Andrés,26,28004,Madrid,,,,,,,no
2686612540,node,40.4233996,-3.7050144,Grosso Napoletano,italian,Calle del Pez,11,28004,Madrid,+34 912 919 333,https://www.grossonapoletano.com/locales/pez-11/,"Mo-Th 13:00-16:00, 20:00-23:00; Fr-Sa 13:00-00:00; Su 13:00-23:30",,,,
2689631484,node,40.4242038,-3.7094953,,chinese,Calle de los Reyes,8,28015,Madrid,,,,,,,no
2689676547,node,40.4187322,-3.7082032,El Pato Mudo,regional,Costanilla de los Ángeles,8,28013,Madrid,,,,,,,
2689693250,node,40.4169483,-3.7087607,La Mordida,mexican,Calle de las Fuentes,3,28013,Madrid,+34 91 5591136,http://www.lamordida.com/web/sample-page/la-mordida-de-fuentes/,Su-Th 13:30-00:30; Fr-Sa 13:30-01:30,,,,
2689693253,node,40.4173759,-3.7087076,Taquería Mi Ciudad,mexican,Calle de las Fuentes,11,28013,Madrid,+34 608621096,https://www.taqueriamiciudad.com/,,,,,
2689693259,node,40.416651,-3.7087203,Kuraya,japanese,Plaza de Herradores,7,28013,Madrid,+34 91 0411 646,http://www.kuraya.es/index.html,"Mo-Su,PH 13:00-16:00,20:30-23:30",,,,
2689693281,node,40.4174275,-3.7078346,Distreato,asian,Calle de las Hileras,12,28013,Madrid,+34668570401,https://distreato.com/,Su-Th 12:00-22:30; Fr-Sa 12:00-23:30,,,,
2692581952,node,40.4228695,-3.7033818,Ceviche,peruvian,Corredera Baja de San Pablo,37,28004,Madrid,,,,,,,
2692581969,node,40.4238489,-3.7012882,La Jauría,,Calle de Colón,10,28004,Madrid,+34 911 30 48 36,,,,,,no
2692581978,node,40.4237214,-3.7007596,Orio,regional,Calle de Fuencarral,49,28004,Madrid,+34 915 21 8318,https://oriogastronomiavasca.com/,"Mo-Su 12:30-00:00 open ""bar and restaurant"" || Mo-Su 10:00-01:00 open ""bar""",no,,,limited
2692606021,node,40.4228041,-3.6997981,Dionisos,greek,Calle de Augusto Figueroa,8,28004,Madrid,+34 915225183,https://dionisosrestaurants.com/restaurante-griego-dionisos-figueroa/,,,,,yes
2694514295,node,40.4217133,-3.7059133,Jota Batela,regional,Calle de Silva,23,28004,Madrid,+34 91 521 32 08,https://www.jotabatela.com/,,,,,no
2694514298,node,40.41942,-3.7070844,Cuando Salí de Cuba,cuban,Calle de la Ternera,4,28013,Madrid,,,,,,,
2694514302,node,40.4191255,-3.7065737,A Miña Gaita,regional,Calle de las Navas de Tolosa,3,28013,Madrid,,,,,,,
2694514304,node,40.4191056,-3.7069436,La Chamana,mexican,Calle de las Navas de Tolosa,7,28013,Madrid,+34 910 582 073,http://lachamana.es/,,,,,
2694514307,node,40.4190828,-3.7071347,Cornucopia,international,Calle de las Navas de Tolosa,9,28013,Madrid,+34 91 521 38 96,https://www.restaurantecornucopia.com/,,,,,
2694514309,node,40.4173248,-3.7060621,Taberna Los 4 Robles,regional,Plaza de Celenque,1,28013,Madrid,+34 915 227 686,http://los4robles.com,Mo-Su 07:00-00:00,,,,
2696236498,node,40.4194731,-3.707982,Berlin,indian,Costanilla de los Ángeles,18,28013,Madrid,,,,,,,
2696236502,node,40.4172783,-3.7086063,La Excéntrica,regional,Calle de las Fuentes,10,28013,Madrid,+34 915 59 71 68,,Mo-Su 10:00-02:00,,,,
2696236505,node,40.4139438,-3.7085134,Casa Paco,regional,Plaza de Puerta Cerrada,11,28005,Madrid,+34 913663166,http://www.casapaco1933.com/,,,,,limited
2696236506,node,40.4155063,-3.7086445,Tapas de Sichuan,chinese,Calle de la Cava de San Miguel,3,28005,Madrid,+34 915 04 72 09,,,,,,no
2697521926,node,40.4209125,-3.7089606,Sandó,,Calle de Isabel La Católica,2-4,28013,Madrid,+34 915479911,https://restaurantesando.es/es,,,,,
2697521929,node,40.4206521,-3.7114917,El Senador,regional,Plaza de la Marina Española,2,28013,Madrid,+34 91 541 22 21,http://www.restaurantesenador.com/,,,,,no
2697521930,node,40.4218125,-3.7116158,Mesón Del Bacalao,,Calle del Reloj,16,28013,Madrid,,,,,,,
2697521931,node,40.4199972,-3.7105112,La Bola,regional,Calle de la Bola,5,28013,Madrid,+34 915 476 930,https://www.labola.es/,,,,,
2697589083,node,40.4115906,-3.7119728,María La Lia,,Calle de Don Pedro,6,28005,Madrid,+34 913 65 34 11,https://www.marialalia.com/,,,,,
2697589085,node,40.4121032,-3.7133507,Rasputín,russian,Calle de Yeseros,2,28005,Madrid,+34 91 366 39 62,https://www.rasputin.es/,,,,,
2697589086,node,40.4127045,-3.7139366,Francisca,regional,Calle de Bailén,14,28005,Madrid,,,,,,,
2697589093,node,40.4117008,-3.71403,,indian,Calle de Bailén,20,28005,Madrid,+34 91 365 66 54,http://www.lavacaargentina.net/restaurantes-madrid-bailen-20,,,,,
2697589095,node,40.4135782,-3.7102688,El Sainete,international,Calle de Segovia,8,28005,Madrid,,https://cerveceraindependiente.com/locales/el-sainete/#.QwZ4cehlxqjSi7h,,,,,
2697589099,node,40.4176746,-3.7115376,Café de Oriente,,Plaza de Oriente,2,28013,Madrid,+34 915 413 974,https://www.cafedeoriente.es/,,,,,
2697589101,node,40.4185813,-3.7111009,La Lonja/La Mar/Raw Bar,regional,Plaza de Oriente,6,28013,Madrid,+34 91 541 3333,https://www.lalonjadelmar.com/,,,,,
2697589104,node,40.4248581,-3.7134354,Krüger,german,Calle de la Princesa,5,28008,Madrid,+34 915417112,https://www.restaurantekruger.com/,,no,,,
2701917499,node,40.4149486,-3.7083714,Mesón La Mazmorra,,Calle de la Cava de San Miguel,6,,,,,,,,,
2701952591,node,40.4103465,-3.6977557,Amores,,Calle de Santa Isabel,38,28012,Madrid,,,,,,,no
2701952592,node,40.4108793,-3.6990942,La Caleta,spanish;regional;fish,Calle de los Tres Peces,21,28012,Madrid,,,,,,,limited
2703977228,node,40.4254727,-3.7037374,Casa 28,,Calle del Espíritu Santo,28,28004,Madrid,,https://casa28.com.es/,,,,,
2703977232,node,40.4254845,-3.7038496,Empys,,Calle del Espíritu Santo,28,28004,Madrid,,,,,,,
2704017907,node,40.4265428,-3.7037728,La Divina,regional,Calle de San Andrés,11,28004,Madrid,,,,,,,no
2704017912,node,40.4273585,-3.7039189,Cabreira,regional,Calle de Ruiz,2,28004,Madrid,+34 91 593 02 00,https://www.cabreira.es/,,yes,,,no
2704017915,node,40.4275617,-3.7038785,La Fragua de Sebín,regional,Calle del Divino Pastor,21,28004,Madrid,+34 914 459 597,http://www.fraguadesebin.com/,,,,,
2704017917,node,40.4277212,-3.7040168,El Pico,regional,Calle del Divino Pastor,,28004,Madrid,,,,,,,
2704017920,node,40.4287881,-3.7043284,La Musa,,Calle de Manuela Malasaña,18,28004,Madrid,+34 91 448 75 58,https://www.grupolamusa.com/restaurante-lamusa,,,,,
2704017921,node,40.4286074,-3.703868,EatMyTrip Brunch & Dinner Madrid,brunch,Calle de Manuela Malasaña,17,28004,Madrid,+34689960975,https://eatmytrip.com/brunch-madrid-malasana/,,,,,
2714421804,node,40.4225976,-3.7038375,Superfuüd,,Calle del Pez,1,28004,Madrid,,,,,,,
2717079169,node,40.4228535,-3.7030917,La Pescadería,,Calle de la Ballesta,32,28004,Madrid,+34 91 523 90 51,http://www.la-pescaderia.com/,,,,,
2717079190,node,40.4234114,-3.6999933,La Hummusería,middle_eastern;hummus,Calle de Hernán Cortés,8,28004,Madrid,+34 910 22 62 40,https://www.lahummuseria.es/,Mo-Su 13:30-23:00,,,,
2723834799,node,40.4143998,-3.7007134,Cañas y Tapas,tapas,Plaza de Santa Ana,9,28012,Madrid,,,,,,,
2723834809,node,40.4144215,-3.7005981,Pintxibar,tapas,Plaza de Santa Ana,8,28012,Madrid,,,,,,,
2725509703,node,40.4256274,-3.7076511,El Duero,portuguese,Calle de Noviciado,2,28015,Madrid,+34 910 74 36 04,,,,,,
2725509704,node,40.4256169,-3.7075202,La Gloria,regional,Calle de Noviciado,2,28015,Madrid,+34 91 083 14 01,http://www.barlagloria.com/es/,,,,,no
2725509706,node,40.4260755,-3.7107778,Río Miño,regional,Calle del Limón,9,28015,Madrid,+34 91 5473198,http://www.xn--riomio-0wa.com/,,,,,
2725509756,node,40.4269467,-3.7098762,La Casita de Patri,,Calle de Cristo,2,28015,Madrid,,,,,,,no
2727060486,node,40.4227802,-3.7109461,O' Muiño,regional,Calle de Leganitos,43,28013,Madrid,,,,,,,
2727060487,node,40.4227242,-3.7109084,Sidrería A Lareira,regional,Calle de Leganitos,43,28013,Madrid,,,,,,,
2727060488,node,40.4225468,-3.7105278,Hong Kong Kitchen,chinese,Calle del Doctor Carracido,2,28013,Madrid,,,,,,,
2727060489,node,40.4223782,-3.7105319,Shangrila Dimsum,asian,Calle de Leganitos,26,28013,Madrid,,,,,,,
2727060490,node,40.4223656,-3.7106938,Orient,chinese,Calle de Leganitos,37,28013,Madrid,+34 915 41 17 10,,,,,,
2727060494,node,40.4218999,-3.7103685,Al-Aman II,arab,Calle de Leganitos,27,28013,Madrid,+34 915 59 22 58,,,,,,
2728979067,node,40.4221735,-3.7097663,Wasabi & Roll,japanese,Calle de la Flor Baja,5,28013,Madrid,+34 916 226 374,http://www.wasabiandroll.com/,,,,,
2728979073,node,40.4225937,-3.7106431,Cervecería Rayal,regional,Calle de Leganitos,28,28013,Madrid,,,,,,,
2728979092,node,40.4205846,-3.709399,A Ri Rang,korean,Calle de la Bola,,28013,Madrid,,,,,,,
2728979112,node,40.4195822,-3.7093352,Del Greco,regional,Cuesta de Santo Domingo,12,28013,Madrid,,,,,,,
2731037363,node,40.4220797,-3.7042651,Mamá Chicó,,Corredera Baja de San Pablo,10,28004,Madrid,,,,,,,
2752824256,node,40.4155198,-3.7017311,El Jardín,regional,Calle de la Cruz,19,,,,,,,,,
2756126338,node,40.4252619,-3.7034427,Botequim Brunch & Tapas,fish;latin_american,Calle del Espíritu Santo,15,28004,Madrid,+34915063293,,,,,,no
2769265439,node,40.4225226,-3.7004122,El 3 de Galdós,,Calle de Pérez Galdós,3,28004,Madrid,,,,,,,
2769265440,node,40.4222901,-3.7000233,Mesón Planeta,regional,Calle de Pérez Galdós,10,28004,Madrid,+34 915 22 25 09,,,,,,
2769265442,node,40.4228838,-3.6997242,Xanacuk,,Calle de Augusto Figueroa,13,28004,Madrid,+34 91 521 22 70,http://www.xanacuk.com/,,,,,no
2769265443,node,40.4183458,-3.7073033,Cantina Canalla,mexican,Plaza de San Martín,2,28013,Madrid,+34 915221177,https://www.cantinacanalla.com/,,,,,
2777281761,node,40.42487,-3.7008499,Steak Burger,burger,Calle de Fuencarral,73,28004,Madrid,+34 91 531 12 79,https://www.steakburger.es/,,no,,,limited
2777306936,node,40.4246907,-3.7011574,El Cocinillas,,Calle de San Joaquín,3,28004,Madrid,+34 915232960,http://www.restauranteelcocinillas.com,,,yes,yes,
2777306954,node,40.4243721,-3.7019608,Maki,,Calle de San Joaquín,16,28004,Madrid,+34 915239806,https://www.restaurantemaki.com/,,yes,,,
2777306971,node,40.4232513,-3.7037052,Sákale Madrid,,Calle del Molino de Viento,4,28004,Madrid,+34 918 65 63 22,https://sakalemadrid.com/,,,,,
2779006951,node,40.418978,-3.7015174,Hemu Sushi,,Calle de los Jardines,3,28013,Madrid,,,,,,,limited
2779006954,node,40.4189749,-3.7013642,La Venganza de Malinche,mexican,Calle de los Jardines,5,28013,Madrid,+34 915 23 41 64,http://www.lavenganzademalinche.com/conocenos.html,,no,,,no
2781347240,node,40.4173628,-3.7060503,Cañas y Tapas,regional,Plaza de Celenque,1,28013,Madrid,+34 91 522 14 15,https://canasytapas.es/,Mo-Su 08:00-00:30,yes,,,
2781347245,node,40.4150254,-3.7070014,En Copa de Balón,,Plaza Mayor,2,28012,Madrid,,http://www.encopadebalon.com/es/blog/32_Nuevo-restaurante-En-Copa-de-Bal%C3%B3n-Plaza-Mayo,,,,,
2781347248,node,40.4148251,-3.7077041,Taberna Victoria,regional,Calle de Toledo,4,28005,Madrid,,,,,,,limited
2781347255,node,40.4144821,-3.7076475,Andarica,,Calle de Toledo,12,28005,Madrid,,,,,,,
2781347259,node,40.4145735,-3.7074986,La Casa del Abuelo,regional,Calle de Toledo,11,28005,Madrid,,http://lacasadelabuelo.es/,,yes,,,no
2781347263,node,40.4143944,-3.7076336,La Toná,,Calle de Toledo,,28005,Madrid,,,,,,,no
2781347282,node,40.4137355,-3.707576,Hong Kong 70,chinese,Calle de Toledo,28,28005,Madrid,+34 910 59 83 78,https://hongkong70.com/,"Mo-Su 13:00-16:30,20:00-24:00",,,,
2813472226,node,40.4249117,-3.7019474,La Tapería de Malasaña,regional,Corredera Alta de San Pablo,8,28004,Madrid,,,,,,,
2813472228,node,40.4252291,-3.7020009,La Catrina,mexican,Corredera Alta de San Pablo,13,28004,Madrid,,,,,,,no
2813472229,node,40.4248424,-3.7011088,Ceviceria San Joaquín,peruvian,Calle de San Joaquín,4,28004,Madrid,,,,no,,,
2813472231,node,40.4254639,-3.6992651,Eusebios,regional,Calle de San Mateo,14,28004,Madrid,,,,,,,
2815481534,node,40.4218476,-3.7044909,Loreto,,Corredera Baja de San Pablo,6,28004,Madrid,,,,,,,limited
2815481539,node,40.4248768,-3.7020918,Greek And Shop,greek,Corredera Alta de San Pablo,9,28004,Madrid,+34 915 32 60 83,https://greekandshop.es,,,,,no
2815481541,node,40.4267813,-3.7031532,Velarde 13,spanish;tapas,Calle de Velarde,13,28004,Madrid,,,,,,,limited
2820273946,node,40.4220081,-3.7061415,Chuan Yu,chinese,Calle de la Estrella,5,28004,Madrid,,,,,,,
2822245359,node,40.4254662,-3.713276,De Elisa,regional,Calle de Santa María Micaela,4,28008,Madrid,,,,yes,,,
2822786392,node,40.4195531,-3.7094318,La Veranda,,Cuesta de Santo Domingo,12,28013,Madrid,,,,,,,
2824456978,node,40.4187837,-3.7101836,El Café de la Ópera,regional,Calle de Arrieta,6,28013,Madrid,+34 91 542 63 82,https://www.elcafedelaopera.com/,,,,,
2824456980,node,40.4185875,-3.7097935,La Paella Real,regional,Calle de Arrieta,2,28013,Madrid,+34 915420942,https://www.lapaellareal.es/,Mo-Su 13:00-16:00,,,,
2877835223,node,40.4148236,-3.7075612,Doro's Bistró,,Calle de Toledo,,28005,Madrid,,,,,,,limited
2877835225,node,40.4131836,-3.7081864,Gonder,ethiopian,Calle de Grafal,8,28005,Madrid,+34 91 704 72 50,http://www.gonderrestauranteetiope.com/es/,,,,,
2883834806,node,40.4259803,-3.7173111,El Kiosko,,Calle de Ferraz,9,28008,Madrid,+34 910276124,http://www.elkiosko.es/,,,,,no
2883836407,node,40.4257441,-3.7032708,Okashi Sanda,japanese,Calle de San Vicente Ferrer,22,28004,Madrid,+34 913 65 44 02,http://okashisanda.es/,"Mo-Tu off; We-Th 19:45-00:00; Fr 12:45-17:15, 19:45-00:15; Sa 12:45-00:15, Su 12:45-17:15, 19:45-00:00",no,,,
2883849305,node,40.4257926,-3.7099074,El Arquibar,,Travesía del Conde Duque,5,28015,Madrid,+34 915 59 81 48,,,,,,no
2883851302,node,40.41015,-3.69945,,regional,,,,,,,,,,,
2883852305,node,40.4152265,-3.7082891,Mesón de la Guitarra,regional,Calle de la Cava de San Miguel,13,28005,Madrid,+34 915 59 95 31,http://mesonlaguitarraes.wix.com/ladrillo,,,,,limited
2883852306,node,40.4215494,-3.7218587,Mesón-Restaurante Ferreiro,regional,,,,,,http://ferreirorestaurante.com/,,yes,,,
2883856102,node,40.4286873,-3.7199149,El Lagar,regional,Calle de Ferraz,39,28008,Madrid,,,,,,,
2883860601,node,40.410602,-3.7082429,El Brote,fine_dining,,,28005,,+34 652 173 319,https://www.elbrote.es/,,,,,
2883860602,node,40.4119928,-3.7266641,Mesón Asturies,regional,Calle de Caramuel,19,,Madrid,,,,,,,
2888982905,node,40.4287119,-3.703588,Ochenta Grados,,Calle de Manuela Malasaña,10,28004,Madrid,+34 914 458 351,https://ochentagrados.com/restaurante/malasana/,,,,,
2901534992,node,40.4137861,-3.6976582,Quevedo,,Calle de Lope de Vega,17,28014,Madrid,+34 91 429 4058,,,,,,
2904920327,node,40.4115533,-3.6955653,La Puerta Amarilla,burger,Calle de Fúcar,9,28014,Madrid,+34 911 722 207,https://pecadocarnal.es/huertas/index.html,,,,,no
2910130669,node,40.420446,-3.6974578,Morgana,,Calle de la Libertad,5,28004,Madrid,,https://restaurantemorgana.es,"Tu-Th 13:30-15:30, 20:30-22:30; Mo 20:30-22:30; Fr-Su 13:30-16:00, 20:30-23:00",,,,
2937735913,node,40.4160183,-3.7010341,Patong Thai,thai,Calle de la Cruz,7,,Madrid,+34 91 188 27 36,,,,,,
2971950684,node,40.4087301,-3.6927647,100 Montaditos,sandwich,Plaza del Emperador Carlos V,9,,,,,,yes,,,limited
2973072520,node,40.4204802,-3.7169691,Yothai,thai;pizza;tapas,Cuesta de San Vicente,32,28008,Madrid,+34910121763,https://yothai.es,Mo off; Tu-Su 12:00-24:00,yes,,,limited
2973128833,node,40.4276604,-3.7138516,Hamburguesa Nostra,,Calle de la Princesa,26,,,,,,yes,,,limited
3007302451,node,40.4229011,-3.7097345,Museo del Jamón,regional,Gran Vía,72,28013,Madrid,,https://www.museodeljamon.es/madrid/,,,,,
3007302524,node,40.4226474,-3.7100285,Vips,international,Gran Vía,65,28013,Madrid,,https://www.vips.es,,yes,,,
3007302525,node,40.4224533,-3.7097301,100 Montaditos,sandwich,Gran Vía,63,28013,Madrid,,https://spain.100montaditos.com/,,,,,
3007306700,node,40.4196995,-3.7061345,De María,,Plaza de Callao,1,28013,Madrid,,,,,,,
3050330459,node,40.4285288,-3.7026709,Lizarrán,spanish,,,,,+34 91 445 53 89,,,,,,
3050334916,node,40.4284427,-3.7022639,Bresca,italian,Calle de Fuencarral,105,,Madrid,,,,,,,
3050541419,node,40.4277604,-3.7017361,100 Montaditos,sandwich,Calle de Fuencarral,96,28004,Madrid,,,"Mo-Th 10:00-23:00, Fr 10:00-24:00, Sa 12:00-24:00, Su 12:00-23:00",,,,yes
3050572853,node,40.4271843,-3.7017807,Lamucca,steak_house,Calle de Fuencarral,95,28004,Madrid,+34 915 210 000,https://www.lamuccacompany.com/lamucca-de-fuencarral/,Mo-We 08:30-01:30; Th 08:30-02:00; Fr 08:30-02:30; Sa 10:00-02:30; Su 10:00-01:30,,,,
3052429741,node,40.4099599,-3.7102798,Xentes,regional,Calle del Humilladero,13,28005,Madrid,+34 91 366 42 66,http://www.restaurante-gallego-madrid.com/,,,,,no
3064836845,node,40.4075499,-3.6917121,Xamarkanda,,,,,,,,,,,,
3076682055,node,40.4203213,-3.6955673,Raza,,Calle del Barquillo,8,28004,Madrid,,,,,,,limited
3097803923,node,40.4117258,-3.7146334,El Tormo,regional,Travesía de las Vistillas,13,28005,Madrid,,,,,,,
3105315575,node,40.4251727,-3.7039714,El Balcón de Malasaña,,Plaza del Rastrillo,1,28004,Madrid,+34 616 30 55 18,,,,,,no
3126097602,node,40.420977,-3.7040369,Public,,Calle del Desengaño,11,28004,Madrid,,,,,,,
3131330059,node,40.4266821,-3.707871,Fina Catalina,spanish,Calle de la Palma,63,28015,Madrid,+34 650 73 36 48,http://finacatalina.com/,,no,,,
3146565105,node,40.4255385,-3.7153062,Taberna Úbeda,regional,Calle Luisa Fernanda,16,28008,Madrid,+34 622 71 26 99,,,,,,
3150467673,node,40.4142521,-3.7021784,Restaurante Ginger,,Plaza del Ángel,12,28012,Madrid,+34 913691059,https://teste.pt/,,,,,yes
3150475724,node,40.4074166,-3.6957563,Restaurante Reina Sofía,,Calle de Argumosa,43,28012,Madrid,+34 914 67 02 02,,,,,,yes
3150984148,node,40.4146092,-3.7067543,Metro Bistro - Plaza Mayor,,,,,,+34 913 66 33 19,,,,,,yes
3160956719,node,40.4218315,-3.6984451,Izakaya Han,japanese;korean,Calle de San Bartolomé,10,28004,Madrid,,,,,,,limited
3160967160,node,40.4212992,-3.6982921,Som Thai,thai,Calle de San Marcos,26,28004,Madrid,+34 605 84 22 96,,,,,,
3161265203,node,40.4226551,-3.6959354,Restaurante el Cisne Azul,,Calle de Gravina,27,28004,Madrid,+34 911129080,https://www.elcisneazul.com,,,,,
3163832700,node,40.4232062,-3.7011148,Lateral Fuencarral,,Calle de Fuencarral,43,28004,Madrid,+34 915 31 6877,https://www.lateral.com/,"Mo-Th 12:00-24:00; Fr-Su 00:00-02:00,12:00-24:00",,,,
3196589772,node,40.4269053,-3.698058,The Table,,Calle de la Beneficencia,,28004,Madrid,,http://thetableby.es/,,,,,
3203075994,node,40.4197262,-3.7063834,De María,argentinian,Calle Preciados,32,28013,Madrid,+34 915 211 603,https://www.demariarestaurante.es/,,,,,
3208075565,node,40.4243694,-3.7034804,Breizh,breton,Calle de la Madera,36,28004,Madrid,,,,,,,
3209505781,node,40.4108612,-3.7074892,L'Adore,,Calle de las Maldonadas,2,28005,Madrid,,,,,,,no
3217455854,node,40.4265217,-3.7098449,La Dichosa,regional,Calle de Bernardo López García,11,28015,Madrid,+34 91 541 88 16,https://ladichosa.es/es/default.htm,,,,,no
3217947415,node,40.4116078,-3.7118097,La divina Bohemia,,Calle de Don Pedro,4,,Madrid,,,,,,,yes
3217947416,node,40.4116433,-3.7134563,La Taquería de Birra,mexican,,,,,,,,,,,
3217981144,node,40.4114617,-3.6955698,Piccolo Diavolo,italian,Calle de Fúcar,11,28014,Madrid,+34 911 19 43 48,,,,,,no
3218082259,node,40.4110229,-3.7132115,Bar Sanlúcar,,Calle de San Isidro Labrador,14,28005,Madrid,+34913540052,https://tabernasanlucar.com/,,,,,
3234017275,node,40.4168633,-3.7087502,Ramen Kagura,japanese,Calle de las Fuentes,1,28013,Madrid,+34 91 548 36 06,https://www.ramenkagura.com/index.html,,,,,
3237819723,node,40.4191584,-3.7045804,Valdemeso,regional,Calle de Mesonero Romanos,,28013,Madrid,,,PH off,,,,
3237847434,node,40.4172484,-3.7087333,Kechua,peruvian,Calle de las Fuentes,9,28013,Madrid,+34 91 168 58 61,http://restaurantekechua.com/,,,,,
3237847436,node,40.4195924,-3.7080721,La Casita Latina,regional,Costanilla de los Ángeles,,28013,Madrid,+34 915 59 05 81,,,,,,
3237856847,node,40.421424,-3.7047819,Gymage,,,,,,,https://www.gymage.es/?id=restaurant,,,,,
3239550292,node,40.4256595,-3.7080131,Don Panxo,,Calle de Noviciado,6,28015,Madrid,+34 917 558 706,http://matuteurbanfood.com/,,,,,
3239575166,node,40.427369,-3.7104178,Olive,,Calle del Conde Duque,24,28015,Madrid,+34 911 88 46 98,,,,,,no
3239575167,node,40.4274393,-3.7103756,Dionisos,greek,Calle del Conde Duque,26,28015,Madrid,+34 911737600,http://dionisoscondeduque.com/,,,,,no
3239575169,node,40.4267849,-3.7089398,La Mestiza,,Calle de la Palma,73,28015,Madrid,+34 672 19 93 72,,,,,,
3244463961,node,40.423139,-3.7109116,Tapaspaña,regional,Gran Vía,73,28013,Madrid,+34 911 62 99 66,,,no,,,no
3244468585,node,40.4254809,-3.7045021,TAPAloguistaS,,Calle del Espíritu Santo,21,28004,Madrid,,,,,,,no
3245942751,node,40.4192414,-3.7091305,Wok,asian,Calle de Campomanes,,28013,Madrid,,,,,,,
3246111021,node,40.4255556,-3.7021949,Ma Bretagne,breton,Calle de San Vicente Ferrer,9,,Madrid,,,13:30-16:30;20:30-01:00,,,,
3267122624,node,40.4114195,-3.7080763,100 Montaditos,sandwich,,,,,,,,,,,yes
3268259831,node,40.4081204,-3.6980296,No mames wey,,Calle de Argumosa,23,28012,Madrid,,,,,,,
3275176089,node,40.4072863,-3.7010846,Los Chuchis,international,Calle del Amparo,82,28012,Madrid,,,,,,,
3296507287,node,40.4158428,-3.7027944,Freedom Cakes,,Calle de Cádiz,7,28012,,+34 910 74 13 47,https://freedomcakes.es/,Mo-Su 09:00-00:00,,,,
3296507294,node,40.4153388,-3.7024723,La Tintorería,regional,Calle de Barcelona,9,28012,Madrid,+34 91 521 4878,,,,,,
3304699526,node,40.4135367,-3.6999242,Matute 12,,Plaza de Matute,12,28012,Madrid,,,,,,,
3339382545,node,40.415241,-3.7026551,Taberna La Descubierta,,Calle de Barcelona,12,,Madrid,+34 649 357 923,http://www.tabernamalaspina.com,,,,,
3342022497,node,40.4140566,-3.7015791,Castizo,regional,Plaza del Ángel,9,28012,Madrid,+34 902520522,,,,,,
3345686924,node,40.4239786,-3.7005705,Elcano,regional,Calle de Fuencarral,58,28004,Madrid,+34 914 34 70 79,http://www.pinchoselcano.com/,,,,,
3350122511,node,40.4200933,-3.7068674,El Jamonal,regional,Calle de Jacometrezo,7,28013,Madrid,+34 915 48 45 53,http://www.eljamonalcallao.com/,,,,,
3351649082,node,40.4149533,-3.6985983,La Huerta de Tudela,,Calle del Prado,15,28014,Madrid,,,,,,,no
3353773649,node,40.4198006,-3.7070826,Tío Papelón,venezuelan,Calle Preciados,40,28013,Madrid,,,,,yes,yes,
3354747086,node,40.4277553,-3.6970541,Tierra,mexican,Calle de Sagasta,30,28004,Madrid,+34 910 05 29 54,https://www.tierraburritos.com/,"Fr-Sa 11:30-01:30; Mo-Th,Su 11:30-00:30",,,,no
3357914225,node,40.4251088,-3.7097772,Airiños do Miño,regional,Calle de Ponciano,4,28015,Madrid,+34 629942968,http://www.xn--domio-rta.net/,,,,,no
3357914226,node,40.4250599,-3.7118362,La Venganza de Malinche,mexican,Calle del Duque de Osuna,5,28015,Madrid,+34 915 31 07 23,https://lavenganzademalinche.com/,,yes,,,no
3357952293,node,40.4260899,-3.7113106,Décimo b,,Calle del Conde Duque,8,28015,Madrid,+34 910 969 387,http://www.decimob.es/,,,,,no
3357952295,node,40.4261885,-3.7112359,Dong Bei,chinese,Calle del Conde Duque,10,28015,Madrid,+34 672 78 33 11,,,,,,no
3359348282,node,40.4254795,-3.7095929,Subiendo al Sur,international,Calle de Ponciano,5,28015,Madrid,+34 91 548 11 47,https://subiendoalsur.org/,,,,,no
3359348285,node,40.4277106,-3.7101921,Mansilla Cafe,coffee_shop;mediterranean,Calle del Conde Duque,30,28015,Madrid,+34 910587356,,Mo-Su 09:00-19:00,,,,
3359348287,node,40.4278638,-3.710083,O Potiño III Casa Lelo,regional,Calle del Conde Duque,30,28015,Madrid,+34 915 42 75 50,,,no,,,no
3359367680,node,40.42795,-3.7099738,Café Conde Duque,pizza,Calle del Conde Duque,32,28015,Madrid,+34 915 41 01 49,,,no,,,limited
3359367681,node,40.4279255,-3.7097887,La Herradura,mexican,Calle de Montserrat,32,28015,Madrid,+34 915 42 39 36,,,,,,
3359372914,node,40.4286679,-3.7088468,Detenderete,regional,Calle de Santa Cruz de Marcenado,13,28015,Madrid,+34 915 47 71 65,,,,,,
3361315181,node,40.4233148,-3.6925055,Ainhoa,regional,Calle de Doña Bárbara de Braganza,12,28004,Madrid,+34 913 08 27 26,https://restauranteainhoa.es/,,,,,
3361315182,node,40.4238475,-3.6948376,Los 33,argentinian;steak_house,Plaza de las Salesas,9,28004,Madrid,+34 914 99 42 58,https://los33.net/,,,,,
3361315184,node,40.4243742,-3.6957711,Bogotá,regional,Calle de Belén,20,28004,Madrid,+34 913 08 12 47,https://www.bogotarestaurante.es/,,,,,yes
3361315185,node,40.4241324,-3.6962275,Taj Mahal,indian,Calle de Belén,12,28004,Madrid,,,,,,,
3361315186,node,40.4244415,-3.6958929,La Mordida,mexican,Calle de Belén,13,28004,Madrid,+34 91 3082089,http://www.lamordida.com/web/restaurantes/la-mordida-de-belen/,,,,,
3363267774,node,40.417261,-3.7115758,Toma Jamón,,,,,,,,,,,,
3363271908,node,40.416946,-3.7112387,Taberna de Ramales,,,,,,,,,,,,limited
3365559338,node,40.4139063,-3.7000049,El Caldero,regional,Calle de las Huertas,15,28012,Madrid,+34 91 429 50 44,https://www.elcaldero.com/,"Tu-Fr 13:00-16:30,20:00-24:00; Sa 13:00-16:30,20:00-24:00; Su 00:00-00:30,13:00-16:30",,,,no
3367997378,node,40.4207023,-3.7048154,Shi-Shang,chinese,Calle de Concepción Arenal,3,28004,Madrid,+34 91 523 12 20,https://shishang.vercel.app/,"Mo,Mo-Tu 12:30-16:30; We-Su 12:30-16:30,19:30-23:45",,,,no
3367997380,node,40.4206429,-3.7048271,El Águila,regional,Calle de Concepción Arenal,3,28004,Madrid,,,,,,,
3367997381,node,40.4208418,-3.7046596,Kaigang,chinese,Calle de Concepción Arenal,6,28004,Madrid,,,,,,,no
3370051206,node,40.4283874,-3.707538,Taberna La Bellota,regional,Calle de San Hermenegildo,18,28015,Madrid,,,,,,,
3370051207,node,40.4286594,-3.7087441,Bululú,burger,Calle de Santa Cruz de Marcenado,13,28015,Madrid,+34 915218560,https://bululubarandcoffee.com/,,,,,
3371746495,node,40.4273013,-3.7044832,Café Tatiana,,Plaza del Dos de Mayo,4,28004,Madrid,,,,,,,no
3373090973,node,40.4188867,-3.7106765,Café Bar Arrieta,,Calle de Arrieta,5,28013,Madrid,+34 914 34 75 96,,,,,,
3373090974,node,40.4188394,-3.7106133,Las Tapas del Real,regional,Calle de Arrieta,5,28013,Madrid,+34 915 48 94 59,http://www.lastapasdelreal.es/,,,,,
3373090975,node,40.4187759,-3.7105347,Scarlett Ópera,regional,,,28013,Madrid,,,Mo-Su 08:30-21:30,,,,
3373090979,node,40.4169467,-3.7098113,Casa Boni,regional,Calle del Espejo,,28013,Madrid,,,,,,,
3373090980,node,40.4169042,-3.7095861,Rincón Bruxelles,belgian,Calle del Espejo,,28013,Madrid,,,,,,,
3373098143,node,40.4162444,-3.7097572,Bar Refra,regional,Calle de Santiago,,28013,Madrid,,,,,,,
3373098146,node,40.4163296,-3.7089582,Amar La Mar,,Costanilla de Santiago,2,28013,Madrid,,,,,,,
3376489925,node,40.428912,-3.7054046,Bolívar,international,Calle de Manuela Malasaña,28,28004,Madrid,+34 914 45 12 74,http://www.restaurantebolivar.com/,,,,,
3376489926,node,40.4288063,-3.7055973,Baiyor,thai,Calle de Manuela Malasaña,37,28004,Madrid,,,,,,,
3377847298,node,40.4248483,-3.7107632,Thani,peruvian,Calle de San Leonardo,7,28015,Madrid,+34 915 22 55 97,http://www.comida-peruana.es/,,,,,no
3384832942,node,40.4156894,-3.6990068,La Cabaña Argentina,,Calle de Ventura de la Vega,10,28014,Madrid,,,,no,,,
3385067555,node,40.4288148,-3.6930548,Blanca 6,,Calle de Blanca de Navarra,6,28010,Madrid,+34 911387106,,,,,,
3385927804,node,40.4149007,-3.7068257,La Ideal,regional,Calle Botoneras,4,28012,Madrid,+34 913 65 72 78,,Mo-Su 08:00-02:00,,,,
3385927805,node,40.4148501,-3.7068326,Cerveceria La Campana,regional;spanish,Calle Botoneras,6,28012,Madrid,+34 91 364 29 84,http://www.calamareslacampana.com/,Mo-Su 09:30-23:00,,,,
3385927806,node,40.4148825,-3.7066972,Los Galayos,regional,Calle Botoneras,5,28012,Madrid,+34 91 366 30 28,http://www.losgalayos.net/,,,,,
3387511788,node,40.4133997,-3.7079469,Generación Beat,,Calle de Grafal,2,28005,Madrid,+34 911288928,,,,,,
3387511789,node,40.4136312,-3.7084171,Taberna La Peseta,regional,Plaza de Puerta Cerrada,3,28005,Madrid,+34 912 00 70 58,,,,,,
3387603971,node,40.4139218,-3.707839,Casa Revuelta,regional,Calle de Latoneros,3,,Madrid,+34 913 663 332,https://www.casarevuelta.com,,,,,
3390938496,node,40.4220119,-3.6962447,La Tasca de Figueroa,,Calle de Augusto Figueroa,47,28004,Madrid,+34 915 325 834,http://www.latascadefigueroa.es/es/,,,,,
3390938498,node,40.4219903,-3.6972219,Casa Lolea,,Calle de la Libertad,26,28004,Madrid,+34 915218223,https://www.casalolea.com/,,,,,
3390938499,node,40.4177065,-3.7104698,Casa Nicasio,regional,,,,Madrid,,,,,,,
3390938500,node,40.4175734,-3.7104434,Algarabía,,Calle de la Unión,8,28013,Madrid,+34 915424131,http://restaurantealgarabia.com/,,,,,
3390938501,node,40.4173572,-3.7103359,La Esquina del Real,french,Calle de la Amnistía,4,28013,Madrid,+34 915 59 43 09,http://laesquinadelreal.es/web/,,,,,
3390938502,node,40.4173156,-3.7105048,Anda Jaleo,spanish,Calle de la Unión,5,28013,Madrid,+34687407662;+34 915 472 500,https://www.tabernapalocortado.es/,,,,,no
3390938503,node,40.4171679,-3.7104977,Sarang Bang,korean,Calle de la Amnistía,5,28013,Madrid,+34 914041054,,,,,,
3403973650,node,40.421101,-3.7054992,Igo Ramen,,Calle de los Tudescos,4,28004,Madrid,+34 910 466 975,https://www.igoramen.com/,,,,,limited
3403973651,node,40.4192628,-3.7041013,Ribs,,Calle Abada,8,28013,Madrid,+34 915 32 80 50,http://www.ribs.es/,,,,,
3412523839,node,40.4176371,-3.7034443,All U Can Eat,spanish,,,,,,,Mo-Su 10:00-02:00,,,,
3417386059,node,40.4158311,-3.7025533,Taberna Malaspina,,Calle de Cádiz,9,28012,Madrid,+34 649 357 923,,,,,,
3417781508,node,40.4063003,-3.6930948,Domínguez La Taberna,,Paseo de las Delicias,7,28045,Madrid,+34910138472,https://domingueztaberna.com/,,,,,
3425259022,node,40.4219721,-3.6942724,La Kitchen,,,,,,,,,,,,
3425328707,node,40.4219281,-3.6966206,Restaurante Arce,,,,,,,,,,,,
3426608069,node,40.4224061,-3.6930284,Regañadientes,mexican,Calle del Almirante,24,,,,,,,,,no
3426800301,node,40.4219798,-3.6935372,Tampu,peruvian,Calle de Prim,13,28004,Madrid,+34 91 564 19 13,https://tampurestaurante.com/,,,,,no
3426800308,node,40.4231323,-3.6940393,Taqueria La Lupita,,Calle del Conde de Xiquena,,28004,Madrid,,,,,,,
3426800309,node,40.4233452,-3.6926318,El Gato Persa,regional,Calle de Doña Bárbara de Braganza,10,28004,Madrid,,,,,,,
3426800315,node,40.4233863,-3.6940364,Shuwa Shuwa,,Calle del Conde de Xiquena,12,28004,Madrid,,,,,,,
3427481353,node,40.4087136,-3.7022259,Desh,bangladeshi,Calle del Amparo,61,28012,Madrid,,,,,,,
3429275100,node,40.4194247,-3.7031171,Abrasador,meat,Calle de la Salud,8,28013,Madrid,+34 91 522 39 78,http://www.abrasador.es/,,,,,
3429275103,node,40.4190175,-3.7030331,La Carmen,,Plaza del Carmen,5,28013,Madrid,+34 91 521 95 66,https://www.lamuccacompany.com/,,,,,
3430170251,node,40.4196288,-3.704522,La Quintina,,Calle de Mesonero Romanos,7,,,,,PH off,,,,
3431845450,node,40.4179741,-3.7027399,All U Can Eat,spanish,,,,,,,,,,,
3431845455,node,40.4188658,-3.7019873,LaTa TaPa,,,,,,,,,,,,no
3431845458,node,40.4189833,-3.7019216,100 Montaditos,sandwich,,,,,,,11:00-24:00,yes,,,limited
3461921706,node,40.4243863,-3.7007832,Mérimée,,Calle de Fuencarral,61,28004,Madrid,,,,no,,,yes
3461943019,node,40.4278376,-3.7017697,Konnichiwa,japanese,Calle de Fuencarral,98,28004,Madrid,+34 912 303 005,http://www.konnichiwa.es/,Mo-Su 12:30-24:00,,,,limited
3461943022,node,40.4282956,-3.701952,,,Calle de Fuencarral,104,28004,,,,,,,,
3463654568,node,40.4222217,-3.7076221,Tiki Taco,mexican,Calle de San Bernardo,12,28015,Madrid,+34 914 21 86 93,,,,,,no
3463686653,node,40.4238093,-3.7090998,Jia Jia Pai Dang,chinese,Calle del Álamo,3,28015,Madrid,,,,,,,no
3463716683,node,40.4241672,-3.7095857,Juventud Malatang,asian,Calle de los Reyes,8,28015,Madrid,+34 910 566 303,,Mo 12:00-24:00; Tu off; We-Sa 12:00-24:00; Su 12:00-19:00,,,,no
3463718807,node,40.4249094,-3.7106143,Restaurante Xiaonzai,chinese,Calle de San Leonardo,3,28015,Madrid,,,"Tu-Su 12:30-16:30, 18:30-23:00",,,,no
3471722591,node,40.4285168,-3.7023147,Crepes & Waffles,crepe;ice_cream,Calle de Fuencarral,105,,Madrid,,,"Su-Th 10:00-23:30, Fr,Sa 10:00-24:00",,,,no
3478357636,node,40.4246311,-3.7095825,Rey de Tallarines,chinese,Calle de San Bernardino,2,,Madrid,+34915426897,http://www.reydetallarines.com/,,,,,yes
3485368726,node,40.4248651,-3.7157166,Punto Vegano,,Calle Luisa Fernanda,27,28008,Madrid,+34 912 940 840,https://restaurantepuntovegano.com/,"Th-Su 14:00-17:00, 20:00-23:30",,yes,,
3498988818,node,40.4196485,-3.7037987,Al Quds,arab,Calle de Chinchilla,7,28013,Madrid,,,,,,,
3498988819,node,40.4193117,-3.7039701,Puerto Rico,regional,Calle de Chinchilla,2,28013,Madrid,,,,,,,
3498988820,node,40.4156083,-3.7016129,La Oreja de Jaime,regional,Calle de la Cruz,15,28014,Madrid,,,,,,,
3502518074,node,40.4186332,-3.7107053,100 Montaditos,sandwich,Calle de Felipe V,,28013,Madrid,,,,,,,
3502726878,node,40.4164358,-3.7076454,El Patrón Taquería,mexican,Calle de Bordadores,2,28013,Madrid,+34 678 110 432,https://en.patrontaqueria.com/,Mo-Fr 18:00-00:00; Sa 14:00-00:00; Su 14:00-24:00,,,,
3502726880,node,40.416689,-3.7070404,Malatesta,italian,Calle de Coloreros,5,28013,Madrid,+34 913 65 90 97,http://www.trattoriamalatesta.com/,,,,,
3519091130,node,40.4222203,-3.7111386,La Tradición,spanish;traditional,Calle de Fomento,35,28013,Madrid,,,,,,,
3523878152,node,40.4222182,-3.7024938,Sushi More,sushi,Calle del Barco,18,28004,Madrid,,,,,,,
3523878153,node,40.4223979,-3.7026065,Alma Llanera,venezuelan;colombian,Calle del Barco,27,28004,Madrid,+34 91 522 1239,,,,,,yes
3523878154,node,40.4224857,-3.7025877,Le Patrón,international,Calle del Barco,27,28004,Madrid,+34 91 704 68 11,http://www.lepatron.es/,,,,,
3523878155,node,40.422743,-3.7023463,Nanai,,Calle del Barco,26,28004,Madrid,+34 915 21 91 21,http://www.nanairestaurante.com/1.html,,,,,
3523878159,node,40.4233641,-3.699445,El Bocado de Carole,,Calle de Hernán Cortés,19,28004,Madrid,+34 91 532 59 31,http://www.elbocadodecarole.com/,,,,,
3530364397,node,40.419717,-3.7031113,19 Sushi,japanese,Calle de la Salud,19,28013,Madrid,+34 91 524 05 71,http://19sushibar.com/,,,,,
3530429107,node,40.4156223,-3.7017857,Museo del Vino,regional,Calle de la Cruz,14,28012,Madrid,,,,,,,
3532781652,node,40.4224366,-3.7015964,Zenith,,Calle de Valverde,28,28004,Madrid,,https://www.zenithcaffe.es/,"Mo-Fr 10:00-18:00; Sa, Su 10:00-19:00",,,,no
3533276785,node,40.420396,-3.7096858,Mashita,asian,Calle de la Bola,12,28013,Madrid,+34 915 42 60 47,,,,,,
3542073948,node,40.4052925,-3.6950629,Sotanillo,international,Paseo de Santa María de la Cabeza,2,28045,Madrid,,,,,yes,,
3590372337,node,40.4288097,-3.6993858,In RistoLab,,Calle de Francisco de Rojas,2,28010,Madrid,,,,,,,
3597242732,node,40.4170048,-3.6965957,Casa Manolo,,,,,,,,,,,,
3598826464,node,40.4278266,-3.6973416,,,,,,,,,,,,,
3607622661,node,40.4098926,-3.7025057,Shapla,indian,Calle de Lavapiés,40,28012,Madrid,+34 914684239,https://www.shaplaindianrestaurant.com/,,,,,
3614543004,node,40.4130591,-3.7100887,El Escaldón,,Calle del Nuncio,17,28005,Madrid,+34 913655506,http://elescaldon.com/,,,,,
3614543006,node,40.4138064,-3.7119689,The Vegan Roll,japanese,Calle de Segovia,15,28005,Madrid,+34 825 853 761,https://theveganroll.com/,,,,yes,
3614543007,node,40.4121314,-3.7117537,La Chusquery,,Calle de los Mancebos,2,28005,Madrid,+34 910703215,http://www.la-chusquery.es/,,,,,
3617833023,node,40.4271195,-3.7007063,Petisqueira,tapas,Calle de Churruca,6,28004,Madrid,,,,,,,
3617883813,node,40.4266289,-3.7013192,Billy Brunch,breakfast,Calle de Fuencarral,82,,,,,,,,,
3627264639,node,40.4158859,-3.7027725,Cocotito,,Calle de Cádiz,7,28002,Madrid,+34 91 723 5106,,,,,,
3628619363,node,40.4287603,-3.70402,Chilango,mexican,Calle de Manuela Malasaña,12,28004,Madrid,+34 91 5914515,http://www.chilangomadrid.com/,,,,,
3631781474,node,40.4258139,-3.7039381,Antigua Huevería,regional,Calle de San Vicente Ferrer,32,28004,Madrid,+34 910226596,http://www.antiguahueveria.es/,,,,,
3631805670,node,40.4249696,-3.7024717,La Almudayna,,Calle del Espíritu Santo,,28004,Madrid,,,,,,,no
3636581114,node,40.4118776,-3.7099514,Carmencita Brunch,,Calle de la Cava Alta,32,28005,Madrid,+34913666161,https://carmencitabrunch.es/,,,,,no
3636581141,node,40.41294,-3.7090101,Posada de la Villa,,,,,,,,,,,,
3636581142,node,40.4151406,-3.7094037,De Gloria,,Calle Conde de Miranda,4,28005,Madrid,+34 915 59 08 97,http://degloria.es/inicio/,,,,,
3636581144,node,40.4140502,-3.7086053,Lizarran,spanish,,,,,,,,,,,
3639015519,node,40.4238247,-3.7024087,Los Carnales,,Corredera Baja de San Pablo,53,28004,Madrid,,,,,,,
3646383325,node,40.4111151,-3.7028759,Mad Mad Vegan,burger;sandwich,Calle de Lavapiés,16,28012,Madrid,+34 910 665 299,https://madmadvegan.com/,Mo-Su 13:00-00:00,,,,
3649704430,node,40.4052363,-3.7012806,Foster's Hollywood,american,,,,,,,Mo-Su 13:00-17:00; Fr-Sa 20:30-01:00; Su-Th 20:30-00:00,no,,,yes
3660774519,node,40.4175061,-3.7085709,Fresc Co,,Calle de las Fuentes,12,28013,Madrid,+34 91 541 85 69,http://www.frescco.com/,Mo-Su 12:00-23:00,,,,
3670167553,node,40.4174691,-3.7076564,Tapa Tapa,,Calle del Arenal,15,28013,Madrid,,,,yes,,,
3670167557,node,40.4167472,-3.7071384,Dehesa Santa María,regional,Plaza de San Ginés,1,28013,Madrid,,http://www.dehesasantamaria.com/,,,,,
3671513864,node,40.4148748,-3.7063324,León V,,Plaza de la Provincia,3,28012,Madrid,,,,,,,
3671513866,node,40.4148645,-3.7047295,Grama,,Calle de la Bolsa,3,28012,Madrid,,http://gramabar.com/,,,,,
3671513867,node,40.4133661,-3.6998359,Alta Burgersía,burger,Plaza de Matute,5,28012,Madrid,+34 91 500 70 92,http://www.altaburgersia.com/,"Tu-Su 13:00-17:00,20:00-00:00",,,,
3673294266,node,40.4152453,-3.7057952,Dixie,,Plaza de Santa Cruz,5,28012,Madrid,+34 913 66 44 28,,,,,,
3673294268,node,40.4110073,-3.6943355,Summarium,,Calle Almadén,14,28014,Madrid,,,"Fr-Su 13:00-24:00, Mo,We,Th 20:00-24:00,13:00-16:00",,,,no
3680014987,node,40.4207126,-3.6998403,sultan palast,,Calle de las Infantas,18,28004,Madrid,,,,,,,limited
3680014993,node,40.4196415,-3.6972255,Yakitoro by Chicote,japanese,Calle de la Reina,41,28004,Madrid,+34 91 737 14 41,http://www.yakitoro.com/,,,,,no
3681998374,node,40.4261779,-3.7020136,La Panza Es Primero,mexican,Calle de la Palma,6,28004,Madrid,,http://www.lapanzaesprimero.com,,,,,
3681998376,node,40.4265744,-3.7007642,Aredna,lebanese,Calle de Barceló,5,28004,Madrid,+34 682 050 304,https://arednarestaurante.com,Mo-Su 13:00-00:30,,,,
3681998378,node,40.426927,-3.6988537,Mercado Provenzal,,Calle de Barceló,6,28004,Madrid,,,,,,,
3682163456,node,40.4254714,-3.697424,Miss Sushi,japanese,Calle de Hortaleza,108,28004,Madrid,+34 912 307 151,http://www.misssushi.es/,,,,,
3682163459,node,40.4223475,-3.6971571,La Panza es Primero,mexican,Calle de la Libertad,33,28004,Madrid,,http://www.lapanzaesprimero.com/,,,,,
3682201060,node,40.4207751,-3.6981962,Das Meigas,regional,Calle de Barbieri,6,28004,Madrid,+34 915 328 576,http://www.restaurantedasmeigas.com/,,,,,
3682201061,node,40.4207264,-3.698229,Bombay Palace,indian,Calle de Barbieri,4,28004,Madrid,,,,,,,
3682201062,node,40.4206143,-3.6983464,La Cocina del Desierto,african,Calle de Barbieri,1,28004,Madrid,+34 915 23 11 42,,,,,,
3682201063,node,40.4212455,-3.6981567,Bao Cata,,Calle de San Marcos,28,28004,Madrid,+34 646 451 135,http://www.baocata.com/,,,,,
3682201064,node,40.4203972,-3.6987857,Sidrería El Tigre,regional,Calle de las Infantas,30,28004,Madrid,+34 91 532 00 72,http://eltigre.delsurweb.com/,,,,,no
3682201065,node,40.4202219,-3.6978319,Sidrería El Tigre,regional,Calle de las Infantas,23,28004,Madrid,+34915320259,http://eltigre.delsurweb.com/,,,,,
3682248281,node,40.4215465,-3.6995848,Kungfu Noodle,asian,Costanilla de los Capuchinos,3,28004,Madrid,,,,,,,
3682248287,node,40.4160993,-3.7056571,San Cristóbal,regional,Calle de las Postas,10,28012,Madrid,,,,,,,
3682258980,node,40.4156642,-3.705676,El Calamar,regional,Calle de San Cristóbal,11,28012,Madrid,,,,,,,
3682258981,node,40.4155575,-3.7056944,Rodríguez,regional,Calle de San Cristóbal,13,28012,Madrid,,,,,,,
3682258982,node,40.414827,-3.7063433,Tê de callejón,,Plaza de la Provincia,3,28012,Madrid,,,,,,,
3682315225,node,40.4143906,-3.7065497,Fonda La Lechuga,regional,Calle de la Lechuga,2,28012,Madrid,+34 91 364 1116,http://www.fondalalechuga.com/,,,,,
3682315227,node,40.4128668,-3.7084917,La Tagliatella,italian,Calle de la Cava Baja,11,28005,Madrid,+34 913546790,http://www.latagliatella.es/restaurantes/la-tagliatella-cava-baja/,,,,,
3682315228,node,40.4149532,-3.7078119,Don Calamar,,Plaza Mayor,8,28012,Madrid,,,,,,,
3683540617,node,40.4111418,-3.7071195,Sahuaro,mexican,Plaza de Cascorro,,28012,Madrid,+34 914 29 64 49,https://sahuaromadrid.com/,Mo-Th 13:00-24:00; Fr-Sa 13:00-01:30; Su 11:00-24:00,,,,yes
3683540620,node,40.4124833,-3.7100504,Taberna Almendro 13,regional,Calle del Almendro,13,28005,Madrid,,http://almendro13.com/,,,,,
3683540621,node,40.4145408,-3.7079542,La Taberna de Mister Pinkleton,,Calle de Cuchilleros,7,28005,Madrid,+34 913 64 02 63,http://www.latabernademisterpinkleton.com/,,,,,
3683540622,node,40.4145902,-3.7082193,Mirador del Arco de Cuchilleros,regional,Calle de la Cava de San Miguel,8,28005,Madrid,+34 913 64 57 93,https://miradordelarcodecuchilleros.com,,,,,yes
3685158989,node,40.4185901,-3.7109378,La Taberna del Alabardero,,Calle de Felipe V,6,28013,Madrid,+34 91 547 25 77,http://grupolezama.es/portal/taberna-alabardero-madrid/restaurante,,,,,
3685158990,node,40.415304,-3.7123092,Casa Ciriaco,regional,Calle Mayor,84,28013,Madrid,+34 915 48 06 20,https://www.casaciriaco.es/,"Mo-Tu 11:00-17:00, 20:00-24:00; Th-Su 11:00-17:00, 20:00-24:00",,,,
3685201562,node,40.4157026,-3.7111725,Taberna de Alfonso,regional,Calle de Calderón de la Barca,3,28013,Madrid,+34 910254484,http://www.tabernadealfonso.es/91-025-44-84,,,,,
3685201563,node,40.4161194,-3.7112893,Retrogusto,,Plaza del Biombo,,28013,Madrid,+34 912 50 84 85,,,,,,
3685201565,node,40.4159828,-3.711718,Pisco 41,peruvian,Calle de San Nicolás,8,28013,Madrid,,https://pisco41.es/,,,,,
3685201566,node,40.4158907,-3.7121012,Los Arrieros,regional,Calle de San Nicolás,9,28013,Madrid,,http://www.losarrieros.net/,,,,,
3690989812,node,40.4206741,-3.7007376,Bósforos,turkish,Calle de Hortaleza,6,28004,Madrid,+34 91 532 36 94,,,,,,
3690989813,node,40.4205658,-3.7007914,Charlotte,,Calle de Hortaleza,4,28004,Madrid,,http://www.charlottefranquicias.com/,,,,,
3690989814,node,40.420398,-3.7002468,Casa 9,,Calle de la Reina,9,28004,Madrid,+34 91 523 74 93,http://www.restaurantecasa9.com/,,,,,
3690989815,node,40.4199756,-3.6987328,La Barraca,regional,Calle de la Reina,29,28004,Madrid,+34 91 532 71 54,http://www.labarraca.es/,,,,,
3690989817,node,40.4200819,-3.6991532,Anauco,burger,Calle de la Reina,25,28004,Madrid,+34 91 026 37 94,http://www.anaucogourmet.es/,,,,,
3690989818,node,40.4199437,-3.6985891,Nippon 2,japanese,Calle de la Reina,31,28004,Madrid,+34 915 318 805,http://nipponmadrid.com/,,,,,
3690989820,node,40.4208768,-3.7004068,Hai Nao,chinese,Calle de las Infantas,6,28004,Madrid,,,,,,,
3693017822,node,40.4196362,-3.6987737,Mercado de la Reina,,Gran Vía,12,28013,Madrid,+34 91 521 31 98,,,yes,,,no
3693017823,node,40.4197579,-3.6977883,Maru,asian,Calle de la Reina,37,28004,Madrid,+34 915 23 95 31,,,,,,no
3693215236,node,40.4202507,-3.6982776,El Respiro,regional;burger;sandwich;bocadillos,Calle de las Infantas,34,28004,Madrid,+34 915 22 88 25,,"Mo-Th,Su 08:00-02:00; Fr-Sa,PH 08:00-02:30",no,,,yes
3693215237,node,40.4202796,-3.6983824,El Colmao,,Calle de las Infantas,32,28004,Madrid,+34 910 24 16 98,http://grupocolmao.com/es/,,,,,
3695391152,node,40.4095839,-3.6958949,La Ley Seca,regional,Calle de Santa Isabel,47,28012,Madrid,+34 914 67 48 85,,,yes,,,no
3695444231,node,40.4102015,-3.6972748,Santa y Pura,burger;pizza;sandwich;spanish,Calle de Santa Isabel,27,28012,Madrid,+34 911 66 78 24,https://santaypura.es/,"Mo 18:00-00:00; Su, Tu-Th 12:00-00:00; Fr-Sa 11:00-00:00",,,,
3695444232,node,40.4106112,-3.6979039,La Musa de Espronceda,,Calle de Santa Isabel,17,28012,Madrid,,,,,,,limited
3695444235,node,40.4116328,-3.6992032,SAU,fish;pasta;seafood,Calle de Santa Isabel,12,28012,Madrid,+34 645 687 697,,"Su 13:00-18:00; Mo 20:00-00:00; Tu 14:00-17:00, 20:00-00:00; We-Th 13:00-17:00, 20:00-00:00; Fr-Sa 13:00-18:00, 20:00-00:30",,,,
3695444236,node,40.4145536,-3.7029072,Plaza del Ángel,chinese,Plaza del Ángel,1,28012,Madrid,+34 91 5312166,http://www.restauranteplazadelangel.es/?class_id=8&class_title_es=VERDURAS,,,,,
3695444239,node,40.4153265,-3.7063764,Entre Nos,,Calle de Zaragoza,9,28012,Madrid,+34 91 366 80 29,http://www.entrenosgourmet.com/,,,,,
3703256001,node,40.4142275,-3.7020664,Los Madroños,,Plaza del Ángel,11,28012,Madrid,,,,,,,yes
3703279156,node,40.4200634,-3.6981904,Haranita,,Calle de Víctor Hugo,,28004,Madrid,,,We-Sa 13:30-24:00,,,,
3703279157,node,40.4191366,-3.6979666,La Primera,,Gran Vía,1,28013,Madrid,+34 910520620,http://www.restaurantelaprimera.com/,,,,,no
3706618422,node,40.4233095,-3.7040568,Mr Ñam Ñam,,Plaza de Carlos Cambronero,2,28004,Madrid,,,,,,,
3706778744,node,40.4284811,-3.7034676,Mami Tacos Birrieria,,Calle de San Andrés,31,28004,Madrid,,,,,,,no
3706778745,node,40.4285249,-3.7031051,,regional,Calle de Manuela Malasaña,9,28004,Madrid,+34 620 63 91 42,,,,,,
3708002997,node,40.4229773,-3.700984,Delisco,,Calle de Fuencarral,43,28004,Madrid,,http://www.delisco.es/,,yes,,,
3710427282,node,40.4241302,-3.7131739,Sumo San,japanese;sushi,Calle de Martín de los Heros,4,28008,Madrid,+34 915 59 08 24,,,,,,
3710427287,node,40.4242199,-3.71346,Gran Taberna Breogán,,Calle de Martín de los Heros,5,28008,Madrid,+34 915 42 78 12,,,,,,
3710427288,node,40.4242946,-3.7135259,Bar Ebla,kebab,Calle de Martín de los Heros,7,28008,Madrid,,,,,,,no
3710459854,node,40.4256682,-3.7147338,La Sifonería,spanish;tapas;local,Calle de Martín de los Heros,27,28008,Madrid,+34 91 224 05 74,,,,,,
3710459856,node,40.4254287,-3.7152608,Sidrería Donosti,regional,Calle Luisa Fernanda,21,28008,Madrid,+34 91 540 1976,http://www.sidreriadonosti.com/,,,,,
3710459857,node,40.4238801,-3.7141119,La Charca,,Calle de Juan Álvarez Mendizábal,7,28008,Madrid,+34 91 547 28 94,http://www.lacharcataberna.com/,,,,,
3710472585,node,40.4237585,-3.7138015,Sebas,,Calle de Juan Álvarez Mendizábal,,28008,Madrid,,,,,,,
3710472586,node,40.4238273,-3.7138656,渝州人家,chinese,Calle de Juan Álvarez Mendizábal,6,28008,Madrid,+34640102225,,,,,,
3710472587,node,40.4253919,-3.7131558,Little Hotpot,chinese,Calle de Santa María Micaela,4,28008,Madrid,,,,yes,,,
3713711214,node,40.4163726,-3.7004894,Café del Príncipe,,Plaza de Canalejas,5,28014,Madrid,+34 915 31 93 84,http://cafedelprincipe.com/,,,,,limited
3713711215,node,40.4162921,-3.700318,Pampa Beef,argentinian,Calle del Príncipe,3,28012,Madrid,,http://www.pampabar.com/,,,,,
3713711218,node,40.4157636,-3.7002673,Prada a Tope,regional,Calle del Príncipe,11,28012,Madrid,+34 914 295 921,https://pradaatopemadrid.com/,Mo off; Tu-Su 12:00-24:00,,,,
3713711220,node,40.4152444,-3.7003699,100 Montaditos,sandwich,Calle del Príncipe,18,28012,Madrid,,http://spain.100montaditos.com/,,,,,yes
3713711221,node,40.4152613,-3.7002189,Dim Sum Market,asian,Calle del Príncipe,19,28012,Madrid,+34 911 569 288,http://www.dimsummarket.es/,,,,,
3715230150,node,40.4179822,-3.7083295,Anema e Core,italian,Calle de los Donados,2,28013,Madrid,+34 91 542 22 53,http://www.anemaecore.net/,"Mo-Su 13:30-16:00, 20:30-00:00",,,,
3716657569,node,40.4126561,-3.7038238,Casa Granada,spanish,Calle del Doctor Cortezo,,,Madrid,,,,,,,
3730445911,node,40.4279843,-3.7055016,Crucina,,Calle del Divino Pastor,30,28004,Madrid,+34 914 453 364,http://www.crucina.com/,,,,,
3730445917,node,40.4277298,-3.7041424,La Fondue de Tell,fondue,Calle del Divino Pastor,12,28004,Madrid,+34 91 594 42 77,http://www.lafonduedetell.com/,,,,,
3757077741,node,40.4181247,-3.7024803,Ciudad de Tui,regional,Calle de la Montera,22,28013,Madrid,+34 91 531 10 57,http://www.restauranteciudaddetui.com/,,,,,
3757077743,node,40.4149855,-3.700813,Novecento,argentinian,Plaza de Santa Ana,3,28012,Madrid,,,,,,,
3757077744,node,40.4150326,-3.7004107,Il Pezzo di Guiseppe,italian,Plaza de Santa Ana,5,28012,Madrid,,,,,,,yes
3757433141,node,40.4287093,-3.7151631,El Pimiento Verde,,Calle de Quintana,1,28008,Madrid,+34 915 41 21 40,https://www.elpimientoverde.com/,,,,,
3761642953,node,40.4204539,-3.6913616,Restaurante Cibeles,spanish,Calle del Marqués del Duero,5,28001,Madrid,,,,,,,
3778528248,node,40.4253241,-3.7007863,Superchulo,,Calle de Fuencarral,74,28004,,+34 911 08 80 48,https://superchulorestaurante.com/,"Su-Th 10:00-23:00, Fr,Sa 10:00-24:00",,,,
3783521458,node,40.4080756,-3.7008754,Portomarín,galician,Calle de Valencia,4,28012,Madrid,+34 915 28 56 86,https://www.restauranteportomarin.es/,,,,,limited
3792740194,node,40.4221791,-3.7086096,La Txapela,regional,Gran Vía,64,28013,Madrid,+34 917581213,http://www.txapelarestaurant.es/nosotros/restaurantes,,,,,yes
3794179126,node,40.4233148,-3.7028189,El mezcalito,mexican,Corredera Baja de San Pablo,49,28004,Madrid,,,,,,,
3826680860,node,40.4253096,-3.6961658,Krachai,thai,Calle de Fernando VI,11,28004,Madrid,+34 91 833 65 56,http://krachai.es/,"Mo off; Tu-We 13:30-15:45, 20:30- 22:30; Th 13:30-15:45, 20:30-22:45; Fr 13:30-15:45, 20:30-23:00; Sa 13:45-16:00, 20:30-23:00; Su 13:45-16:00",,,,
3828719388,node,40.4209054,-3.7001867,El Pezcador,regional,Calle de las Infantas,,28004,Madrid,,,,,,,
3851689925,node,40.4117805,-3.6954335,La Malontina,spanish,Calle de la Verónica,4,28014,Madrid,,https://lamalontina.es,,,yes,,limited
3891056426,node,40.4221287,-3.6984045,Gioia,italian,Calle de San Bartolomé,23,28004,Madrid,+34 91 521 55 47,https://www.gioiamadrid.es/,,,,,yes
3891066145,node,40.4227404,-3.697428,Palosanto,,Plaza de Chueca,8,28004,Madrid,+34 910 85 76 95,,,,,,
3897299359,node,40.4217167,-3.6986221,El Rincón de los Cuates,mexican,Calle de San Bartolomé,7,,,,https://elrincondeloscuates.com/,,,,,no
3897299361,node,40.4258182,-3.6973935,Parrilla De María,steak_house,,,,,,,,,,,
3897299362,node,40.4231407,-3.6981192,Puravaca,,,,,,,,,,,,
3946850012,node,40.4178329,-3.7028181,La cueva de 1900,,Calle de la Montera,13,28013,Madrid,,http://www.lacuevade1900.es/,,,,,
3949475108,node,40.4171284,-3.6986354,Ariza,spanish,Calle de Arlabán,9,28014,,,,,,,,
3958456456,node,40.4234315,-3.707934,Anto III,,Calle de Antonio Grilo,3,28015,Madrid,,,,,,,no
3958464457,node,40.4187933,-3.7081702,Lambuzo,regional,Calle de las Conchas,9,28013,Madrid,+34 91 1434862,http://www.barlambuzo.com/,,,,,
3958480053,node,40.4151825,-3.7082627,Mesón del Boquerón,,Calle de la Cava de San Miguel,,28005,Madrid,,,,,,,limited
3958480054,node,40.4144871,-3.7081199,El Gallego,regional,Calle de Cuchilleros,2,28005,Madrid,+34 913 660 888,,,,,,no
3961394702,node,40.4230463,-3.7031419,PadThaiWok,thai,Corredera Baja de San Pablo,41,28004,Madrid,+34 912 985 124,http://padthaiwok.com/,,,,,
3976285868,node,40.4194576,-3.7039464,Mu!,,Calle de Chinchilla,3,28013,Madrid,+34 912 193 359,http://www.mu-elplacerdelacarne.es/,,,,,
3976285870,node,40.4180771,-3.7031781,El Manantial,regional,Calle de Tetuán,30,28013,Madrid,+34 91 523 3062,http://www.sidreria.com/elmanantial/detalle.asp,,,,,
3976300417,node,40.4178277,-3.7033283,Wok Sun,asian,Calle de Tetuán,24,28013,Madrid,+34910166216,,,no,yes,,
3976300419,node,40.4161059,-3.7016016,Venta El Buscón,regional,Calle de la Victoria,5-7,28012,Madrid,+34 915 22 54 12,,,,,,
3976330520,node,40.4150233,-3.7005193,O Cacho do Jose,regional,Plaza de Santa Ana,5,28012,Madrid,,,,,,,
3976330523,node,40.4071562,-3.6941571,Pando,regional,Ronda de Atocha,,,Madrid,,,,,,,
3981547226,node,40.4122071,-3.6982208,Taberna Los Chanquetes,regional,Calle de Moratín,2,28014,Madrid,+34 91 429 02 45,http://www.tabernaloschanquetes.es/,,,,,
3984416895,node,40.4216589,-3.6993965,Ra-Men Kagura,,Calle de San Marcos,8,28004,Madrid,,,,,,,
3984416896,node,40.4245735,-3.6998156,La Indigna,,Calle de Santa Brígida,5,28004,Madrid,,,,,,,
3986188348,node,40.4152835,-3.7026327,Taberna Kaixo,spanish,Calle de Barcelona,12,28012,Madrid,+34 915 23 2133,http://www.tabernakaixo.com,,,,,
3986193632,node,40.4126114,-3.6985299,La Sanabresa,regional,Calle Amor de Dios,12,28014,Madrid,+34 914 29 0338,,"Mo-Sa 13:00-16:30,20:30-23:30",,,,
3986199309,node,40.4139983,-3.6989107,Casa González,,Calle del León,12,28014,Madrid,+34 914 29 5618,https://www.casagonzalez.es/,"Mo-Th 09:30-00:00; Fr, Sa 09:30-01:00; Su 11:00-18:00",,,,
3997996365,node,40.415917,-3.6922033,Plató,,,,,,,https://restauranteplato.com,,,,,
3999092885,node,40.4143982,-3.7081329,Mesón de la Cerveza,,Calle de Cuchilleros,2,28005,Madrid,,,,,,,no
3999092886,node,40.4142751,-3.7081564,Bodegas Ricla,regional,Calle de Cuchilleros,6,28005,Madrid,+34 91 9483101,,,,,,
3999092887,node,40.4151501,-3.7082345,Mesón de la Tortilla,,Calle de la Cava de San Miguel,,28005,Madrid,,,,,,,
4012426925,node,40.4189745,-3.7012849,El Rincón de Pangpang,chinese,Calle de los Jardines,7,28013,Madrid,+34 918 20 68 81,https://elrincondepangpangminihotpot.com/,We-Mo 12:00-23:30,no,,,no
4012426926,node,40.4189758,-3.7009104,La Troyka,russian,Calle de los Jardines,11,28013,Madrid,+34 911 73 35 63,,,,,,no
4012426927,node,40.4189728,-3.7004039,Cuzco Lupita,peruvian,Calle de los Jardines,21,28013,Madrid,+34 914 34 38 07,,,,,,no
4012426928,node,40.4188633,-3.6995552,Steak Burger,,Calle de la Virgen de los Peligros,,28013,Madrid,,,,,,,
4113118604,node,40.4287555,-3.701794,Bar Vinos,,Calle de Sagasta,2,28004,Madrid,,,,,,,
4121955392,node,40.4232943,-3.7014931,Navaja,,Calle de Valverde,42,28004,Madrid,+34 636 85 23 04,https://restaurantenavaja.com/,,,,,
4121955393,node,40.4231519,-3.7015097,Rutabaga,,Calle de Valverde,40,28004,Madrid,+34 915 22 68 45,,,,,,
4125784496,node,40.4165825,-3.7070557,La Carbonería,,Calle de Coloreros,5,28013,Madrid,+34 913 54 67 27,,,,,,
4130628389,node,40.420456,-3.6994493,BambúBox,thai,Calle del Clavel,7,28004,,+34 91 014 6103,https://www.bambubox.com,,,,,no
4142790837,node,40.4247984,-3.7140111,La Tasca de Ventura,,Calle de Ventura Rodríguez,9,28008,Madrid,+34 911 105 465,http://www.latascadeventura.es/es/,,,,,
4156996822,node,40.4202237,-3.6995611,Tiki Taco,mexican,Calle del Clavel,5,28004,Madrid,,,,,,,limited
4156996823,node,40.420145,-3.6992279,Ozú,,Calle de la Reina,23,28004,Madrid,+34 915 32 54 11,,,,,,
4157221699,node,40.4150603,-3.7081931,Mesón Rincón de la Cava,regional,Calle de la Cava de San Miguel,17,28005,Madrid,+34 91 366 58 30,http://www.mesonrincondelacava.com/,,,,,limited
4157221700,node,40.4150136,-3.7081912,Mesón del Champiñón,regional,Calle de la Cava de San Miguel,17,28005,Madrid,+34 915 596 790,http://www.mesondelchampinon.com/,,,,,no
4157221704,node,40.4132122,-3.7083551,Taberna La Concha,,Calle de la Cava Baja,7,28005,Madrid,+34 616 91 06 71,http://www.laconchataberna.com/en,Sa-Su 12:30-23:00; Mo-Fr 13:00-23:00,,,,
4157221705,node,40.4125011,-3.7091531,Erre Que Erre,,Calle de la Cava Baja,24,28005,Madrid,,,,,,,
4157221706,node,40.4118881,-3.7104095,Lamiak,,Calle de la Cava Baja,42,28005,Madrid,,http://www.lamiak.net/,,,,,
4157221707,node,40.4119082,-3.7103622,El Canalla,regional,Calle de la Cava Baja,42,28005,Madrid,+34 914 93 84 15,,,,,,
4157230306,node,40.4128737,-3.7087638,Julián de Tolosa,regional,Calle de la Cava Baja,18,28005,Madrid,+34 91 365 82 10,http://juliandetolosa.com/,,,,,no
4157495190,node,40.4201745,-3.6955599,Chispa,,Calle del Barquillo,8,28004,Madrid,,,,,,,no
4161556812,node,40.4120408,-3.710051,Esteban,regional,Calle de la Cava Baja,36,28005,Madrid,+34 91 365 90 91,http://www.rte-esteban.com/,,,,,
4161556814,node,40.4122479,-3.7095873,Viejo Madrid,,Calle de la Cava Baja,32,28005,Madrid,+34 91 366 3838,http://www.casalucio.es/oldweb/viejo-madrid.html,,,,,
4161556815,node,40.4123646,-3.7091763,Casa Curro,,Calle de la Cava Baja,23,28005,Madrid,,http://www.tabernacasacurro.com/,,,,,
4163717296,node,40.4132934,-3.7084644,Movida,,Calle de la Cava Baja,10,28005,Madrid,,,,,,,limited
4163717297,node,40.414074,-3.7082222,La Traviesa,regional,Calle de Cuchilleros,10,28005,Madrid,+34 91 366 9337,http://www.cantinalatraviesa.com/,,,,,limited
4163717298,node,40.4148373,-3.7083152,Taberna Chiquita,,Calle de la Cava de San Miguel,,28005,Madrid,,,,,,,
4163717299,node,40.4150111,-3.7083877,Mesón de Don Carnal,,Calle de la Cava de San Miguel,6,28005,Madrid,+34 913661014,http://restaurantevillagodio.com/meson-don-carnal/,,,,,
4163717300,node,40.41512,-3.708437,Rincón de Ati,,Calle de la Cava de San Miguel,,28005,Madrid,,,,,,,
4171202750,node,40.4161768,-3.7022004,Las Bravas,,Pasaje de Matheu,5,28012,Madrid,+34 91 521 51 41,http://lasbravas.com/,,,,,
4171202751,node,40.4161717,-3.7020958,La Ría,regional,Pasaje de Matheu,1,28012,Madrid,,,,,,,
4171202752,node,40.4161588,-3.7017843,La Carmela,regional,Calle de la Victoria,4,28012,Madrid,+34 915 22 22 93,http://www.tabernalacarmela.com/,,,,,
4171202754,node,40.4160548,-3.7021968,El Rocío,,Pasaje de Matheu,,,Madrid,,,,,,,
4171202755,node,40.4151598,-3.701715,Las Brasas de Vulcano,spanish,Calle de Álvarez Gato,,28012,Madrid,,,,,,,
4171728988,node,40.4091894,-3.6927097,Tierra Burrito Bar,mexican,Calle de Atocha,120,28012,Madrid,+34 910 05 97 44,https://www.tierraburritos.com,"Fr-Sa 11:00-06:30; Mo-Th,Su 11:00-00:30",no,,,limited
4173478089,node,40.4223029,-3.6965705,Taberna Maldeamores,,,,,,,,,,,,
4173744334,node,40.425621,-3.705116,Macuto,,Calle del Espíritu Santo,40,28004,Madrid,+34 652 61 66 26,,,,,,no
4177215769,node,40.4150858,-3.7018637,Inclán Brutal Bar,spanish,Calle de Álvarez Gato,4,28012,Madrid,+34 910 23 80 38,http://www.inclanbrutal.com/,Mo-Su 12:00-01:30,,,,
4177215770,node,40.4150959,-3.7021162,La Tía Cebolla,regional,Calle de la Cruz,27,28012,Madrid,,http://www.latiacebolla.es/,,,,,limited
4177215771,node,40.4150174,-3.7024011,La Abuela,regional,Calle de Espoz y Mina,28,28012,Madrid,+34 915 22 79 50,,,,,,no
4177215773,node,40.4160388,-3.7022407,Amigos,,Calle de Espoz y Mina,5,28012,Madrid,+34 910091738,http://www.restaurantebaramigos.com/,,,,,
4185299207,node,40.4218535,-3.6990772,Gastromaquia,mediterranean,Calle de Pelayo,,28004,Madrid,+34 91 522 6413,,,,,,
4185354122,node,40.4210185,-3.7043409,Desengaño 13,,Calle del Desengaño,13,28004,Madrid,+34 91 532 80 87,http://restauranted13.blogspot.com.es/,,,,,
4185455248,node,40.4239936,-3.7091148,Jingxi Hotpot,,Calle del Álamo,5,28015,Madrid,,,,,,,limited
4186079903,node,40.4215575,-3.7204026,WOK,,,,,,+34 91 085 77 41,,,no,,,
4190875814,node,40.4118205,-3.7150555,El Landó,,,,,,,,,,,,
4213142635,node,40.4242779,-3.6914346,Restaurante Mandarín,,Paseo de Recoletos,37,28004,Madrid,+34 91 060 98 89,https://www.casinogranmadrid.es/colon/restaurantes/mandarin,,,,,
4213142636,node,40.4219064,-3.6964147,Perritxico,basque,Calle de Augusto Figueroa,32,28004,Madrid,,,,,,,
4213650552,node,40.419033,-3.7076996,Bolero Meatballs,,Calle de las Conchas,4,28013,Madrid,,,,,,,
4213650553,node,40.4163994,-3.702361,Serafina,,Calle de Espoz y Mina,4,28012,Madrid,+34 91 532 43 16,http://www.serafinacocinabar.com/,,,,,
4213675801,node,40.4154407,-3.702394,Tapas & Más,regional,Calle de Espoz y Mina,18,28012,Madrid,+34 915 21 23 37,,,,,,
4213675802,node,40.4151459,-3.7012718,Santa Ana Tandoori,indian,Calle de Núñez de Arce,15,28012,Madrid,+34 912 79 27 22,http://www.santaanatandoori.com/,,,,,
4213675803,node,40.4156774,-3.7011963,La Casa del Abuelo,regional,Calle de Núñez de Arce,5,28012,Madrid,+34 910 000 133,http://lacasadelabuelo.es/,,,,,
4213743489,node,40.4156742,-3.7013148,Mero México,mexican,Calle de Núñez de Arce,4,28012,Madrid,+34 914 21 15 24,,"Su, Tu-Th 13:30-16:30, 20:30-00:00; Fr-Sa 13:30-16:30, 20:30-01:30",,,,
4213743490,node,40.4157811,-3.7012889,Labarka de Pintxos,regional,Calle de la Cruz,11,28012,Madrid,+34 915 23 05 62,,,,,,
4217928836,node,40.4279586,-3.6905514,Bar Tomate,,,,,,,,,,,,
4225441902,node,40.4211313,-3.7083471,Awtar,,Calle de San Bernardo,5,28013,Madrid,,,,,,,
4237445569,node,40.4167545,-3.7016751,Bacoa,burger,Carrera de San Jerónimo,3,28014,Madrid,+34 915212258,http://www.bacoa.es/,,,,,
4237445570,node,40.4167537,-3.7015659,La Taurina,regional,Carrera de San Jerónimo,5,28014,Madrid,+34 915 31 39 69,http://www.lataurina.com/,,,,,
4237445571,node,40.416748,-3.7015068,De María,argentinian,Carrera de San Jerónimo,5,28014,Madrid,+34 915 224 827,http://www.demariarestaurante.es/,,,,,
4237517690,node,40.4138986,-3.6994741,Balón Tokio,japanese,Calle de Echegaray,29,28014,Madrid,+34914296509,,"Su-Mo, We-Th 13:00-17:00, 19:30-01:00; Fr-Sa 13:00-17:00, 19:30-02:00",,,,
4237517691,node,40.4139695,-3.6994791,Come Prima,italian,Calle de Echegaray,29,28014,Madrid,,,,,,,
4237517694,node,40.4145034,-3.7000967,Miss Sushi,japanese,Calle del Prado,2,28012,Madrid,+34 910 100 811,http://www.misssushi.es/,,,,,yes
4237517695,node,40.4160101,-3.7012138,La Taberna del Chato,,Calle de la Cruz,,,Madrid,+34 915 231 629,http://www.tabernadelchato.com/,,,,,
4237517696,node,40.4160523,-3.7011454,Indalo,regional,Calle de la Cruz,8,28012,Madrid,+34 91 515 75 59,http://indalotapas.com/,,,,,
4237517697,node,40.4159227,-3.7013396,City Kebab,kebab,Calle de la Cruz,10,,Madrid,+34 651 96 81 35,,,,,,
4242179825,node,40.4260597,-3.7148794,Tierra,mexican,Calle de Martín de los Heros,34,28008,,+34 910 05 37 77,https://www.tierraburritos.com,Fr-Sa 12:00-01:00; Su-Th 12:00-00:30,,,,
4249587889,node,40.4285252,-3.7027332,Xin,asian,,,,,,,,,,,
4253314999,node,40.4141295,-3.6976579,Sidrería Zerain,basque,,,,,,,,,,,
4270405189,node,40.4281692,-3.6947967,Zest Almagro,,Calle de Fernando El Santo,4,,,+34 912 852372,https://www.zestmadrid.com/,,,,,
4271231706,node,40.4251896,-3.692052,Pointer Madrid,diner,Calle del Marqués de la Ensenada,16,28004,Madrid,+34 910526928,https://www.pointermadrid.com/,Mo-Su 13:00-01:00,,,,
4273746041,node,40.4208645,-3.7039115,Hattori Hanzo,japanese,Calle de Mesonero Romanos,17,28004,Madrid,+34 917 865 780,https://hattori-hanzo.com.es/,"Su-Th 13:30-23:30, Fr,Sa 13:30-01:00",,,,
4303929546,node,40.4131212,-3.7133162,Taberna Rayuela,regional,Calle de la Morería,8,28005,Madrid,+34 91 365 82 76,http://www.tabernarayuela.com/,,,,,
4303929547,node,40.4132002,-3.7106094,La Esquina Mexicana,,Calle del Príncipe de Anglona,1,28005,Madrid,+34 910661537,http://laesquinamexicana.es,,,,,
4303929548,node,40.4143241,-3.7088367,federal,,Plaza del Conde de Barajas,3,28005,Madrid,,,Mo-Sa 09:30-23:00; Su 09:30-16:00,,,,yes
4307227334,node,40.4219353,-3.6903548,mama chico,,,,,,,,,,,,
4307703191,node,40.4151546,-3.7025402,Bayres Beef,argentinian,,,,,,,,,,,
4309977191,node,40.4123107,-3.7094524,Casa Lucas,,Calle de la Cava Baja,30,28005,Madrid,,,"Su 13:00-16:00; Tu, Th-Fr 13:00-15:30, 20:00-00:00; We 20:00-00:00; Sa 13:00-16:00, 20:00-00:00",,,,no
4317894295,node,40.4212408,-3.6980369,Casa Salvador,,Calle de Barbieri,12,28004,Madrid,+34 915 214 524,https://casasalvadormadrid.com/,,,,,
4325214171,node,40.4189787,-3.7078695,Los Amigos,regional,Calle de las Conchas,,28013,Madrid,,,,,,,
4325214175,node,40.4220822,-3.705638,Madam,,Calle de la Luna,12,28004,Madrid,+34 910635035,https://madammadam.es/,,,,,
4330835588,node,40.4242431,-3.7014441,Kao Thai,thai,Calle de Santa Bárbara,,,Madrid,,,,,,,
4330837289,node,40.422465,-3.6953578,Casa Marius,,Calle del Almirante,2,28004,Madrid,+34 910 70 92 96,,,,,,
4330837290,node,40.4202518,-3.6974757,Celso y Manolo,regional,Calle de la Libertad,1,28004,Madrid,+34 91 531 80 79,http://www.celsoymanolo.es/,,,,,
4330837291,node,40.4211551,-3.6972841,La Carmencita,regional,Calle de la Libertad,16,28004,Madrid,+34 91 531 09 11,https://tabernalacarmencita.es/,,,,,
4333858596,node,40.4141059,-3.7009441,Taberna El Arco,,Calle de las Huertas,7,28012,Madrid,,,,,,,
4335207562,node,40.4203519,-3.7003729,Angelita,,Calle de la Reina,4,28004,Madrid,+34 915 21 66 78,http://madrid-angelita.es/,,,,,
4335207564,node,40.4197233,-3.6982155,Lettera Trattoria Moderna,,Calle de la Reina,20,28004,Madrid,,https://www.letteramadrid.com,"Mo-Th 13:30-16:00, 20:30-23:00; Fr-Su 13:30-16:30, 20:30-23:30",,,,
4337436590,node,40.4122524,-3.6939543,Tabriz,persian,Calle de la Alameda,6,,,,,,,,,no
4339683728,node,40.4060296,-3.692107,Puerta de Atocha,spanish,,,,,,,,,,,
4339715609,node,40.4099273,-3.692706,Tablafina,,,,,,,,,,,,limited
4345793584,node,40.4246147,-3.7020043,Fantastic V,,Corredera Alta de San Pablo,4,28004,Madrid,+34 913 77 67 97;+34 689979507,,,,,,
4345793586,node,40.4285247,-3.7028896,El Picoteo de Malasaña,regional,Calle de Manuela Malasaña,7,28004,Madrid,,,,,,,
4349458099,node,40.413677,-3.7088298,El Madroño,,,,,,,,,,,,limited
4354515190,node,40.4152005,-3.7024442,El Trébol Pizzas y Empanadas Estilo Argentino,,Calle de Espoz y Mina,22,28012,Madrid,,,,,,,
4355179108,node,40.4210941,-3.7040656,o'mast,pizza,Calle del Desengaño,24,28004,Madrid,+34 910 83 46 94,http://www.omastristorantepizzeria.com/,,,,,
4355179109,node,40.420994,-3.7022014,twin Pizza,pizza,Calle de Valverde,7,28004,Madrid,+34 91 032 5793,http://www.twinpizza.es/,,no,yes,yes,
4355179110,node,40.4210961,-3.7021558,Cutxi,,Calle de Valverde,9,28004,Madrid,+34 915 31 01 99,,,,,,
4355179111,node,40.4204414,-3.6989486,Latigazo,regional,Calle de las Infantas,28,28004,Madrid,+34 916 01 52 66,,,,,,
4358898496,node,40.4166065,-3.7025024,Vips,international,Plaza de la Puerta del Sol,3,28013,,+34 669 148 462,http://vips.es,Mo-Th 08:30-00:00; Fr 08:30-01:00; Sa 09:00-01:00; Su 09:00-00:00,no,,,
4384317854,node,40.4128105,-3.7037991,Nuevo Apolo,,Calle del Doctor Cortezo,,,,,,,,,,
4387730199,node,40.4133436,-3.7023966,Tokio Tower,asian,,,,,,,,,,,
4387730201,node,40.4127689,-3.7034366,Yatiri,,Calle de Relatores,20,28012,Madrid,,,,,,,
4387730204,node,40.4133928,-3.7023763,de Martín,,,,,,,,,,,,
4390452987,node,40.4143179,-3.7066613,El Cogollo de la Descarga,,,,,,,,,,,,
4394691962,node,40.4268313,-3.7104232,La Pera Limonera,,Calle del Limón,21,28015,Madrid,+34 911383937,http://www.laperalimoneragastrobar.com/,,,,,
4394691966,node,40.4146729,-3.6991827,Ocafú,regional,Calle del Prado,10,28014,Madrid,,https://ocafu.com/,,,,,
4394691971,node,40.4138366,-3.6989795,Ay! Rosa,mexican,Calle del León,16,28014,Madrid,+34 914 203 068,https://ayrosarestaurante.com/carta/,Mo-Th 12:00-01:00; Fr-Sa 12:00-02:00; Su 12:00-00:30,,,,no
4397563292,node,40.4219958,-3.6959258,Younique,,Calle de Augusto Figueroa,,,Madrid,+34 91 005 27 46,http://www.onlyyouhotels.com/dining/younique/,,,,,
4405701885,node,40.4125001,-3.7089636,Emma y Julia,italian,Calle de la Cava Baja,19,28005,Madrid,+34 913 66 10 23,http://emmayjulia.com/,,,,,limited
4447160292,node,40.4236005,-3.6937246,Luke,,Calle de Doña Bárbara de Braganza,2,28004,Madrid,,http://www.lecabrera.com/,,,,,
4449788947,node,40.4227829,-3.695529,Kuoco,,Calle del Barquillo,30,,,,,,,,,limited
4456198028,node,40.4157576,-3.7011899,La Tercera,regional,Calle de Núñez de Arce,3,28012,Madrid,+34 91 523 1163,https://www.latercerataberna.com/,,,,,
4456198030,node,40.4153084,-3.7012502,Questión de Huevos,,Calle de Núñez de Arce,11,28012,Madrid,,,,,,,
4456198031,node,40.4146202,-3.7022614,El Balcón,,Calle de Espoz y Mina,17,28012,Madrid,+34 615 15 09 65,,,,,,
4456198035,node,40.4195344,-3.7030352,El Jeque,arab,Calle de la Salud,8,28013,Madrid,+34 645 39 93 94,,,,,,
4481303510,node,40.4113785,-3.6931665,Tapa Arte,,Paseo del Prado,32,,,,,,,,,limited
4504341873,node,40.4274667,-3.7180696,Los Hierros,spanish,,,,,,,,,,,
4534853092,node,40.4117321,-3.6984768,La Saletta,italian_pizza,Calle de Santa Isabel,5,28012,Madrid,,https://www.lasalettafiaschetteria.com/,,,,,
4546512977,node,40.4093101,-3.6998817,La Oveja Negra - Taberna Vegana,burger,Calle de Buenavista,42,28012,Madrid,+34665857363,https://ovejanegravegana.com/es/,Th-Sa 13:00-00:00; PH 13:00-18:00; We 13:00-17:30,,,,
4547342631,node,40.4221408,-3.6908645,Taberna Pedraza,,Calle de Recoletos,4,,Madrid,+34 913 428 240,https://www.tabernapedraza.com/,,,,,
4579809396,node,40.4244399,-3.700393,Marisquería Ribeira do Mino,,Calle de Santa Brígida,1,28004,,+34 915219854,,Tu-Su 13:00-00:00,,,,
4587460790,node,40.4237721,-3.6959906,El Huerto de Lucas - Mercado ecológico,,Calle de San Lucas,13,,,,,,,,,
4602972001,node,40.4221513,-3.6905695,Al-Mounia,arab,,,,,,https://www.restaurantealmounia.es/,,,,,
4606174292,node,40.4081673,-3.6998212,Casa de Asturias,,,,,,,,,,,,
4606174293,node,40.4081342,-3.6995451,Noche Blanca,,,,,,,,,,,,
4608397103,node,40.4155568,-3.7016675,Fatigas del querer,,Calle de la Cruz,17,28012,Madrid,,,,,,,
4614116448,node,40.4167584,-3.70838,Impasta,italian,Calle de las Hileras,2,28013,Madrid,+34 918 663 878,http://impasta-es.bar/,,,,,
4616116288,node,40.4264182,-3.7069481,De Elisa,sushi,Calle de San Bernardo,63,28015,Madrid,,,,,,,
4620140468,node,40.4100791,-3.7026858,Sonali,indian,Calle de Lavapiés,34,28012,Madrid,+34 91 527 72 40,https://sonaliindianrestaurant.com/,,,,,
4620571583,node,40.4124061,-3.7092944,Txakolina,,Calle de la Cava Baja,26,28005,Madrid,+34 913 66 48 77,,,,,,
4620571584,node,40.4150776,-3.7084167,Mesón El Huevo,regional,Calle de la Cava de San Miguel,,28005,Madrid,,,,,,,
4621157390,node,40.4254569,-3.7044308,La Colmada,,Calle del Espíritu Santo,19,28004,Madrid,+34 91 0176579,http://lacolmada.com/,,,,,no
4622032030,node,40.427731,-3.7139558,Goiko Grill,burger,Calle de la Princesa,26,,,,https://www.goikogrill.com/,,no,,,yes
4622384191,node,40.4156318,-3.7026384,En Busca del Tiempo,,Calle de Barcelona,4,28012,Madrid,+34915219801,https://www.enbuscadeltiempo.es/,Su-Th 20:00-02:00; Fr-Sa 20:00-02:30,,,,
4622394889,node,40.4157857,-3.7030024,Rosi La Loca Taberna,,Calle de Cádiz,4,,,+34 91 5326681,https://rosilaloca.com/,,,,,
4625255580,node,40.4238426,-3.7148858,Madrí Madre,,Calle de Ferraz,8,28008,Madrid,+34 914 25 00 88,https://www.madrimadre.com,,,,,
4626310891,node,40.4220763,-3.6957225,Celicioso,,,,,,,,,,,,limited
4629427093,node,40.4205622,-3.6993917,,,Calle del Clavel,7,28004,Madrid,,,,,,,
4629427095,node,40.4199353,-3.6970746,Oh My Food,regional,Calle de las Infantas,44,28004,Madrid,+34 915 94 68 57,,,,,,
4629427096,node,40.4204244,-3.6955787,Sra. Smith,,Calle del Barquillo,10,28004,Madrid,+34 915 24 03 17,https://www.srasmithrestaurante.com/,Mo-Tu 09:00-17:00; We-Th 09:00-23:30; Fr 09:00-00:00; Sa 12:00-00:00; Su 12:00-23:30,no,,,limited
4634758123,node,40.4130788,-3.7004031,Anime Ramen,asian;ramen,Calle de Atocha,51,28012,Madrid,,https://www.alandalustapas.com/,,,,,
4634798148,node,40.4281715,-3.6975246,Fismuler,,Calle de Sagasta,29,,,+34 918277581,,Mo-Sa 13:30-00:30,,,,limited
4643813076,node,40.4172786,-3.7106349,麻辣拌 Let’s 拌,chinese,Calle de la Amnistía,6,28013,,+34677703617,http://www.elcaprichodeopera.es/,"We-Mo 13:00-16:00, 18:30-22:00",,,,
4643813077,node,40.4188505,-3.7087294,La Sazón de Candela,ecuadorian,Calle de Caños del Peral,5,28013,Madrid,+34 915 59 27 06,,,,,,
4643813078,node,40.4189909,-3.7085092,Casa Jaguar,latin_american,Calle de Caños del Peral,9,28013,Madrid,+34 910 245 712,http://www.casajaguarmadrid.com/,,,,,
4648428280,node,40.4198163,-3.6915166,Vips,international,Calle de Alcalá,57,28014,Madrid,+34 912759581,https://www.vips.es,,yes,,,yes
4648428282,node,40.4197858,-3.6917519,Diferen-T,,Calle de Alcalá,55,28014,Madrid,+34 91 137 59 52,http://www.diferen-tmadrid.es/,,yes,,,
4652784705,node,40.4289282,-3.7201517,Elkano Arroz,,Calle de Ferraz,43,28008,Madrid,,,,,,,
4652784708,node,40.4286426,-3.7198711,Platos Rotos,,Calle de Ferraz,39,28008,Madrid,+34 915 47 09 97,http://restauranteplatosrotos.es/,,,,,
4652811831,node,40.4285531,-3.7197831,Baraka's,,Calle de Ferraz,37,28008,Madrid,+34910412416,https://www.restaurantebarakas.com/,Mo-Th 11:30-00:00; Fr-Sa 11:30-02:00; Su 12:00-19:00,,,,
4674935892,node,40.4278339,-3.7190855,La Garnacha,,Calle de Ferraz,27,28008,Madrid,+34 91 542 51 43,http://restaurantelagarnacha.es/,,,,,
4674970862,node,40.4276196,-3.7185848,Ferrero,,Calle de Ferraz,54,28008,Madrid,+34 91 559 78 67,http://www.ferreroferraz54.es/,,,,,
4674970863,node,40.4274405,-3.7187026,Fogón & Candela,regional,Calle de Quintana,26,28008,Madrid,+34 915 00 70 33,http://fogonycandela.com/,,,,,
4674991088,node,40.4272076,-3.7191617,Pituca Peruvian & Parrilla,peruvian,Calle de Quintana,30,28008,Madrid,,https://pitucamadrid.es,,,,,
4675020040,node,40.4271704,-3.7197299,Più di Prima,,Paseo del Pintor Rosales,30,28008,Madrid,,,,,,,
4676173891,node,40.4057319,-3.7005902,Vips-Ginos,,Ronda de Valencia,8,28012,Madrid,,,,,,,yes
4677015756,node,40.4079069,-3.7109661,Fan Hua,chinese,Calle de Toledo,115,28005,Madrid,,,,,,,no
4678237889,node,40.4212162,-3.7035531,The Lab,,Calle de la Ballesta,4,28004,Madrid,+34 915 22 57 86,http://www.thelabbyagrado.es/,,,,,
4678237890,node,40.4211658,-3.7035588,El Porrón Canalla,,Calle de la Ballesta,2,28004,Madrid,+34 915320604,http://elporroncanalla.com/,,,,,
4678874495,node,40.4124114,-3.6990254,Rías Altas,,,,,,,,Mo-Su 08:00-02:00,,,,
4679933442,node,40.4158599,-3.7017523,Ramen Hakata,japanese,Calle de la Victoria,8,28012,,+34 91 013 6648,https://ramen-hakata.com/,,,,,
4680188692,node,40.4094075,-3.6932234,Jalo,turkish,Calle de Atocha,116,28012,Madrid,,,,yes,,,no
4680242490,node,40.410739,-3.6962503,Restaurante Vietnamita Mekong,,,,,,,,,,,,limited
4682924480,node,40.4173207,-3.7114591,esvietnam,,Calle de Vergara,14,28013,Madrid,+34 91 040 67 30,http://www.americo.es/,,,,,
4683443080,node,40.4268407,-3.7178265,El Puerto de Vigo,regional,Calle de Ferraz,44,28008,Madrid,+34 91 542 71 87,http://nuevopuertodevigo.es/,,,,,
4683443082,node,40.4267409,-3.718022,Akasaka,chinese,Calle de Ferraz,15,28008,Madrid,,,,,,,
4683525076,node,40.4262185,-3.718072,La Montaña,,Calle del Rey Francisco,28,28008,,,,,,,,
4683555368,node,40.4265242,-3.7190804,Pituca Lounge,,Paseo del Pintor Rosales,24,28008,Madrid,,,,,,,no
4684421391,node,40.4130349,-3.708615,La Antoñita,spanish;tapas,Calle de la Cava Baja,16,28005,,+34 911191424,,Mo-Th 13:30-00:00; Fr-Su 13:30-00:30,,,,yes
4684440190,node,40.4130547,-3.7084475,Posada de la Villa,spanish;tapas,Calle de la Cava Baja,9,28005,,+34913661860,https://posadadelavilla.com/,"Mo-Sa 13:00-16:00,20:00-24:00; Su 13:00-16:00",,,,limited
4684480690,node,40.4123226,-3.7092421,La Perejila,,Calle de la Cava Baja,25,28005,,+34913642855,,Su 13:00-17:00; Tu-Sa 16:00-20:15,,,,limited
4684485889,node,40.4120917,-3.7096742,Casa Lucio,,Calle de la Cava Baja,35,28005,,+34 913653252,http://casalucio.es/,"Mo-Su 13:00-16:00, 20:30-24:00",,,,limited
4686806244,node,40.4262421,-3.7172405,txirimiri,regional,Calle de Ferraz,38,28008,Madrid,+34 91 559 33 09,http://www.txirimiri.es/,,,,,no
4686842766,node,40.42604,-3.7173385,L'Italy,italian,Calle de Ferraz,9,28008,Madrid,+34 635 53 75 52,https://restaurantelitaly.com/,,,,,no
4686842769,node,40.4261012,-3.7171041,Entrevinos,,Calle de Ferraz,36,28008,Madrid,+34 667967594,https://entrevinos.net,"Mo-Sa 13:00-17:00,20:00-00:00; Su 13:00-17:00",,,,no
4686864178,node,40.425802,-3.7171391,El Arca,,Calle de Ferraz,5,28008,Madrid,,,,,,,limited
4686864180,node,40.4257435,-3.7170734,Cuenllas,regional,Calle de Ferraz,5,28008,Madrid,+34 91 559 17 05,https://www.cuenllas.es/,,,,,no
4686894165,node,40.4254288,-3.7171074,Toma Jamón,regional,Paseo del Pintor Rosales,2,28008,Madrid,,,,,,,no
4686894175,node,40.4256349,-3.7181231,La Esquina de Nabuco,,Paseo del Pintor Rosales,12,28008,Madrid,,,,,,,limited
4687132225,node,40.4232409,-3.7142894,El Club Allard,,Calle de Ferraz,2,28008,Madrid,+34 915590939,https://elcluballard.com/,,,,,
4688416182,node,40.4203804,-3.7125545,La Mi Venta,regional,Plaza de la Marina Española,7,28013,Madrid,+34 915595091,http://www.lamiventa.es/en_GB,,yes,,,no
4688416183,node,40.4205005,-3.7121888,Sr. Vázquez,,Plaza de la Marina Española,4,28013,Madrid,+34 915 99 35 48,,,,,,limited
4688465171,node,40.418899,-3.6921856,Palacio de Cibeles,,Plaza de la Cibeles,1,28014,Madrid,+34 91 523 14 54,,,,,,
4690545147,node,40.4257077,-3.7165143,Saisho,sushi,Calle de Evaristo San Miguel,21,28008,Madrid,+34 915 482 850,http://www.restaurantesaisho.com/,"Tu-Sa 13:30-15:00, 20:30-23:30; Su 13:30-15:30",,,,
4690768324,node,40.4138199,-3.7001224,Casa Alberto,,Calle de las Huertas,18,28012,Madrid,+34 914299356,https://www.casaalberto.es/,"Tu-Sa 13:00-17:00,19:00-23:00; Su 13:00-16:00",,,,
4695708997,node,40.421385,-3.7143337,Las Delicias del Jamón,regional,Cuesta de San Vicente,10,28008,Madrid,+34 639 010 443,http://lasdeliciasdeljamon.com/,,yes,,,limited
4695709001,node,40.4214908,-3.7217798,La Ermita,,Paseo de la Florida,,28008,Madrid,,,,yes,,,
4695709002,node,40.423347,-3.7233583,Florida,,Paseo de la Florida,,28008,Madrid,,,,,,,
4695709003,node,40.4244607,-3.7253509,El Piornal,regional,Paseo de la Florida,59,28008,Madrid,+34 91 547 23 51; +34 91 547 10 83,https://www.restauranteelpiornalmadrid.com/es/,,,,,
4695709008,node,40.4069145,-3.7230398,Bar La Terraza,,Avenida del Manzanares,,,Madrid,,,,,,,
4696876098,node,40.4272674,-3.6932173,El Jardín de Orfila,,Calle de Orfila,6,28010,Madrid,+34 91 702 77 70,,,,,,
4699333554,node,40.4156538,-3.6995653,Ichikoro,japanese,Calle de Echegaray,11,28014,Madrid,+34 91 128 1866,http://www.ichikoro-es.com/,,,,,
4699372986,node,40.4157547,-3.6995717,Chuka Ramen Bar,japanese,Calle de Echegaray,9,28014,Madrid,,http://www.chukaramenbar.com/,,,,,
4699384889,node,40.4159132,-3.699579,Donde Sancho,,Calle de Echegaray,5,28014,Madrid,,,,,,,
4699384891,node,40.4160574,-3.6995868,La Cantina,,Calle de Echegaray,5,28014,Madrid,,,,,,,
4699384894,node,40.416133,-3.6995905,Donzoko,japanese,Calle de Echegaray,3,28014,Madrid,+34 914 29 57 20,,,,,,
4699384896,node,40.4162443,-3.6995958,La Caserola,,Calle de Echegaray,3,28014,Madrid,,,,,,,
4701447671,node,40.4261497,-3.7126286,Las Cuevas del Duque,regional,Calle de la Princesa,16,28015,Madrid,,,,,,,no
4701447672,node,40.4254144,-3.7111224,Casa Filete,spanish,Calle de San Bernardino,15,28015,Madrid,,https://casafilete.com/,,,,,limited
4703100727,node,40.4075794,-3.7041781,O Candil de Lugo,regional,Calle de Embajadores,60,28012,Madrid,,,,,,,
4703448410,node,40.421321,-3.7035291,La Tasquita de Enfrente,,Calle de la Ballesta,6,28004,Madrid,+34 915 32 54 49,,,,,,
4703448411,node,40.4213221,-3.7036334,Taberna Agrado,,Calle de la Ballesta,1,28004,Madrid,+34 915 21 63 46,http://www.tabernaagrado.com/,,,,,
4703448412,node,40.4218367,-3.7033954,Casa Perico,regional,Calle de la Ballesta,18,28004,Madrid,+34 915328176,http://www.casapericomadrid.es/,,,,,
4703448416,node,40.4247724,-3.697031,Mune,,Calle de Pelayo,57,28004,Madrid,+34 912793258,http://www.laesquinadesanti.es/,Mo-Su 13:30-24:00,,,,
4703448417,node,40.4247689,-3.6968915,Oh Galo!,,Calle de Pelayo,72,28004,Madrid,+34 910 14 76 83,,Tu-Sa 11:30-02:00,,,,
4703448421,node,40.4222548,-3.6942512,Merci,,Calle del Conde de Xiquena,3,28004,Madrid,+34 916 68 38 60,http://www.mercirestaurante.com/,,,,,limited
4703521769,node,40.4214407,-3.6974364,Babel,,Calle de la Libertad,23,28004,Madrid,+34 915 21 61 37,,,,,,no
4703521777,node,40.4217255,-3.6978573,Los Guacamoles,mexican,Calle de Barbieri,20,28004,Madrid,,https://www.losguacamoles.es/,,,,,
4706684489,node,40.4228117,-3.6968614,Abbasïd,mediterranean,Calle de Gravina,17,28004,Madrid,+34 91 522 32 65,,,,,,
4706823254,node,40.4218512,-3.7222083,Canela,,Paseo de la Florida,21,28008,Madrid,+34 915 41 04 91,,,yes,,,
4706823255,node,40.421888,-3.722252,La Tasca,,Paseo de la Florida,,28008,Madrid,,,,yes,,,
4706823256,node,40.4221017,-3.7225575,Las Cubas,,Paseo de la Florida,27,28008,Madrid,+34 91 559 65 36,http://www.lascubas.es/,,yes,,,
4708474155,node,40.427928,-3.7018036,Konichiwa,sushi,Calle de Fuencarral,98,28004,Madrid,,,,,,,
4709865265,node,40.4149521,-3.7080593,La Fojetta,italian,Calle de la Escalerilla de Piedra,2,28005,Madrid,+34 910347514,http://www.lafojetta.com/it-it/,,,,,
4711635313,node,40.4151997,-3.7094139,el txoko,regional,Plaza de San Miguel,7,28005,Madrid,+34 660 99 10 45,,,,,,
4711635315,node,40.4130629,-3.7099477,La Vermudena,spanish,Calle del Nuncio,17,28005,Madrid,,https://lavermudena.es/,,,,,
4711635316,node,40.4129569,-3.7105023,Robin Hood,,,,,,,,,,,,
4711692143,node,40.4127873,-3.7119541,La Musa,,Calle Costanilla de San Andrés,12,28005,Madrid,+34 91 354 02 55,http://grupolamusa.com/restaurante-lamusalatina/,Mo-Su 10:00-02:00,,,,
4711692147,node,40.4123525,-3.7116579,El Viva,burger,Calle Costanilla de San Andrés,16,28005,Madrid,+34 91 366 33 49,https://www.elvivasaboresdevida.es,,no,,,
4713301934,node,40.4262058,-3.7145742,El Rincón de Sancho,,Calle Luisa Fernanda,9,28008,Madrid,+34 918 11 97 77,http://www.elrincondesancho.es/,,,,,
4718119368,node,40.4117697,-3.6955733,El Alambique,regional,Calle de Fúcar,7,28014,Madrid,+34 91 429 65 63,http://www.alambiquetaberna.es/alambiquetaberna_n.htm,,,,,no
4718119370,node,40.4128817,-3.6972551,TriCiclo,,Calle de Santa María,28,28014,Madrid,+34 910 244 798,http://www.eltriciclo.es/,,,,,
4720270753,node,40.412127,-3.7098487,En Ca' Amalia,,Calle de la Cava Baja,34,28005,Madrid,,,,,,,
4720270754,node,40.4121746,-3.7097587,Taberna de los Castizos,,Calle de la Cava Baja,34,28005,Madrid,,,,,,,
4720270756,node,40.4124542,-3.7092245,Casa Victor,spanish,Calle de la Cava Baja,26,28005,Madrid,,,,,,,limited
4720270757,node,40.412577,-3.7090421,La Chata,regional,Calle de la Cava Baja,24,28005,Madrid,+34 913 66 14 58,http://lachatacavabaja.com/,,,,,
4720297299,node,40.4127187,-3.709592,Ástor,,Calle del Almendro,9,28005,Madrid,,https://www.astor.es/,,,,,
4720297306,node,40.4121743,-3.7103886,Mandrake Greek Street Food,greek,Calle del Almendro,21,28005,Madrid,,,,no,yes,yes,no
4725920292,node,40.4115727,-3.7005695,María Bonita,mexican,Calle del Olmo,23,28012,Madrid,+34 610 08 75 87,,,,,,
4725920294,node,40.4110452,-3.6995044,Taberna El Sur,,Calle de la Torrecilla del Leal,12,28012,Madrid,+34 915 27 83 40,,Mo-Su 11:00-24:00,,,,
4725967140,node,40.4113431,-3.6973935,La Taberna de Atocha,regional,Calle de Atocha,76,28012,Madrid,,,,,,,
4725967142,node,40.4114439,-3.6975604,Sofía,regional,Calle de Atocha,74,28012,Madrid,,,,,,,
4732142529,node,40.4283158,-3.6952621,La Mucca,,Calle de Almagro,3,28010,Madrid,+34 91 521 00 00,http://lamuccacompany.com/lamucca-de-almagro/,,,,,limited
4732142531,node,40.4287526,-3.6943068,La Buganvilla,,Calle de Almagro,12,28010,Madrid,+34 91 319 75 50,http://almagro.labuganvilla.es/restaurante/,,,,,
4734146369,node,40.4265808,-3.7098251,La Carbonera,,Calle de Bernardo López García,11,28015,Madrid,+34 911 10 06 69,,,,,,no
4736042047,node,40.4192229,-3.6983182,Sumo Fusión,japanese,Gran Vía,1,28013,Madrid,+34 91 531 86 95,http://sumorestaurante.com/fusion/,,,,,
4736042048,node,40.4192036,-3.6982533,Sushi Store,japanese,Gran Vía,1,28013,Madrid,,http://www.sushistore-madrid.es/,,,,,
4736042051,node,40.4189129,-3.6981335,Don Paco,,Calle del Caballero de Gracia,36,28013,Madrid,+34 915 314 480,http://www.restaurantedonpaco.es/,,,,,
4736042052,node,40.4192965,-3.7000104,Chun Li,,Calle del Caballero de Gracia,22,28013,Madrid,,,,,,,no
4736042054,node,40.4194589,-3.700891,La Gloria de Montera,,Calle del Caballero de Gracia,10,28013,Madrid,+34 915 234 407,http://www.grupandilana.com/es/restaurantes/la-gloria-de-montera,,,,,no
4736042055,node,40.4195505,-3.7013667,Xake,,Calle del Caballero de Gracia,2,28013,Madrid,,http://www.xakemadrid.es/,,,,,no
4738041546,node,40.4106168,-3.7134816,Piscomar,peruvian,Carrera de San Francisco,15,28005,Madrid,+34 910014597,https://restaurantepiscomar.com,"Tu-Th 13:30-16:00,20:30-23:00; Fr-Sa 13:30-16:00,20:30-0:00; Su 13:30-17:00",,,,
4738041551,node,40.411001,-3.7105817,Casa Paco,,Calle del Humilladero,8,28005,Madrid,,,,,,,
4738041552,node,40.411077,-3.7105996,rasif,,Calle del Humilladero,6,28005,Madrid,,,,,,,
4738041553,node,40.4135228,-3.7089781,La Posada del Nuncio,,Calle del Nuncio,4,28005,Madrid,+34 91 023 65 77,http://www.laposadadelnuncio.es/,,,,,
4739669327,node,40.4165207,-3.6999612,Olé,,Carrera de San Jerónimo,,28014,Madrid,,,,,,,
4739669328,node,40.4158164,-3.6976757,El Rincón de Esteban,,Calle de Santa Catalina,3,28014,Madrid,+34 914 29 92 89,http://www.elrincondeesteban.com/,,,,,
4739669329,node,40.4151811,-3.6979464,El Rincón,,Calle del Prado,25,28014,Madrid,+34 91 429 66 10,https://www.elrincondelprado.com/,,,,,
4739669332,node,40.4142706,-3.6988047,Cervantes,pizza,Calle del León,8,28014,Madrid,+34 91 4201298,http://pizzeriacervantes.com/,,,,,
4741575162,node,40.413592,-3.7208223,La Ribera,regional,Paseo de la Virgen del Puerto,5,28005,Madrid,+34 91 365 53 62,http://www.caferestaurantelaribera.es/,Tu-Su 06:00-02:00,,,,no
4745037861,node,40.4216855,-3.7001759,Casa Jiang,chinese,Calle de Hortaleza,,28004,Madrid,,,,,,,
4745037862,node,40.4217378,-3.7001352,El Tigre del Norte,regional;tapas,Calle de Hortaleza,23,28004,Madrid,,https://bareltigre.es,,,,,
4745037863,node,40.4224816,-3.6995928,Wok Fresh,asian,Calle de Hortaleza,,28004,Madrid,,,,,,,
4745037864,node,40.423789,-3.6985126,Pizzaiolo,pizza,Calle de Hortaleza,84,28004,Madrid,,,,,,,
4745037865,node,40.4248135,-3.6980538,La Santa,,Calle de Hortaleza,67,28004,Madrid,+34 910 82 19 99,,,,,,
4745037866,node,40.4258191,-3.6971705,Makkila,,Calle de Fernando VI,2,28004,Madrid,,https://makkila.com/makkila-fernando-vi-2/,,,,,
4745037867,node,40.4260686,-3.6967662,Villa Capri,,Calle de Hortaleza,118,28004,Madrid,+34 914 41 62 99,,,,,,
4747209323,node,40.4111341,-3.6951317,La Pitarra,,Calle Almadén,8,,,,,,,,,yes
4747225321,node,40.4155777,-3.6989867,La Puebla,,,,,,,,,,,,
4760712970,node,40.4251522,-3.695104,Dray Martina,,Calle de Argensola,7,28004,Madrid,+34 910 81 00 56,http://www.draymartina.com/,,,,,
4760712972,node,40.4208673,-3.6981775,Zara,cuban,Calle de Barbieri,8,28004,Madrid,+34 91 532 20 74,http://www.restaurantezara.com/,,,,,
4760712973,node,40.4206629,-3.6982491,Chan,chinese,Calle de Barbieri,,28004,Madrid,,,,,,,
4773088422,node,40.4129783,-3.7039453,Yatai Market,asian,Calle del Doctor Cortezo,10,28012,Madrid,+34 911 38 41 13,https://yataimarkets.com/,Mo-Su 13:00-23:00,,,,limited
4774553323,node,40.419262,-3.6969854,Josemi,,Calle del Marqués de Valdeiglesias,2,28004,Madrid,+34 910 85 35 36,,,,,,no
4774553324,node,40.420286,-3.6911899,Pasacalles,,Calle del Marqués del Duero,6,28001,Madrid,,,,,,,
4774553326,node,40.4206689,-3.6902133,a.n.E.l,regional,Calle de Villalar,1,28001,Madrid,+34 914 355 106,http://aneltapas.com/,,,,,
4774553329,node,40.4198354,-3.6970981,44 Sushi Bar,japanese,Calle del Marqués de Valdeiglesias,8,28004,Madrid,,https://www.44sushibar.net/,"Mo-Fr 12:30-16:30,20:00-24:00",,,,
4774564731,node,40.419068,-3.696458,Las Bóvedas de Cibeles,,Calle de Alcalá,43,28014,Madrid,+34 915212623,http://www.lasbovedasdecibeles.es/,,,,,no
4776957467,node,40.4177567,-3.7103633,Taberna Los López,,Calle de Vergara,3,28013,Madrid,+34 91 326 03 46,https://tabernaloslopez.com,12:00-24:00,,,,
4776957468,node,40.4174533,-3.7108206,Taberna El Zorzal,,Calle de Santa Clara,10,28013,Madrid,,https://www.tabernaelzorzal.es/,,,,,
4776957471,node,40.4149688,-3.7093521,Amicis,,Plaza del Conde de Miranda,4,28005,Madrid,+34 91 541 37 00,,,,,,
4778747539,node,40.4228471,-3.6977054,La Chuequita,,Plaza de Chueca,6,28004,Madrid,+34 686 78 23 14,,,,,,
4778747540,node,40.4228629,-3.6970058,Hermanos Vinagre,,Calle de Gravina,17,28004,Madrid,+34 91 524 91 31,https://hermanosvinagre.com/,,,,,
4778747541,node,40.4226095,-3.6964324,Lola & Co,,Calle de Gravina,18,28004,Madrid,+34 911 639 168,http://lolaandco.com/,,,,,
4778747542,node,40.422576,-3.694493,Mortadella,italian,Calle del Almirante,11,28004,Madrid,+34 915321850,http://mortadella.es/,,,,,
4778747545,node,40.4220813,-3.6907483,New York Burger,burger,Calle de Recoletos,4,28001,Madrid,+34 914 31 84 17,https://newyorkburger.es,,,,,
4785249721,node,40.406913,-3.7086481,Shibari,sushi,,,,,,,,,,,limited
4785282921,node,40.4127317,-3.6993075,La Pizzateca,italian_pizza,Calle del León,35,28014,Madrid,,,"Mo-Su 13:00-16:30, 19:00-24:00",,,,no
4788148348,node,40.4113825,-3.7043834,A Lareira,regional,Calle de la Espada,10-12,28012,Madrid,,,,,,,
4788148351,node,40.4092906,-3.7028751,Bismillah,,Calle del Amparo,36,28012,Madrid,,,,,,,
4802367221,node,40.4175457,-3.6972371,Umiko,,,,,,,,,,,,
4804547521,node,40.4158609,-3.6988681,Saporem Ventura,,Calle de Ventura de la Vega,5,28014,Madrid,,https://the-saporem.tumblr.com/,,,,,
4809463355,node,40.4101444,-3.6989426,Los Porfiados,argentinian,Calle de Buenavista,18,28012,Madrid,+34 91 084 2945,https://www.losporfiados.com/,,,,,
4809627324,node,40.4157563,-3.7026653,Cuevas El Secreto,spanish,Calle de Barcelona,2,28012,,+34915318291,http://www.cuevaselsecreto.com,,,,,limited
4829140699,node,40.4226687,-3.696217,El Inca,peruvian,Calle de Gravina,23,28004,Madrid,+34 915 327 745,https://www.elinca.es/,,,,,
4883803721,node,40.4209071,-3.698155,Momo Restaurant,,,,,,,,,,,,
4887540573,node,40.4274889,-3.6993769,Petisqueira,,,,,,,,,,,,limited
4887540578,node,40.4147076,-3.6996208,mune,lebanese,Calle del Prado,3,28012,Madrid,+34 650 017491,https://munemadrid.com/prado,13:30-00:00,,,,
4887540579,node,40.4144475,-3.6985567,Ember,steak_house,Calle del León,5,28014,Madrid,+34 617 57 26 19,,,,,,
4887540580,node,40.4284086,-3.7005541,La Cochinita Loca,mexican,Calle de Larra,23,28004,Madrid,+34 915 13 84 03,https://www.lacochinitaloca.com/la-cochinita-loca,,,,,
4889301785,node,40.4223051,-3.6979578,Morgana,regional,Calle de Augusto Figueroa,33,28004,Madrid,+34 910 55 86 34,,,,,,
4891902423,node,40.410052,-3.6961233,Taberna Jam,,Calle del Marqués de Toca,7,28012,Madrid,,,Mo off; Tu- Sa 10:00-24:00; Su 10:00-16:00,,,,
4893649062,node,40.4207841,-3.7021303,Burnout,burger,Calle de Valverde,6,28004,Madrid,+34 699736391,http://www.burnoutburgers.com/,,,,,
4908697821,node,40.4221403,-3.6996612,Mundo Kebab,kebab,Calle de Hortaleza,,,,,,,,,,
4924282255,node,40.4135994,-3.6985365,La Batea,fish,Calle de las Huertas,35,28014,Madrid,,,,,,,
4932500722,node,40.4175822,-3.7110373,El Abrazo de Vergara,,,,,,,,,,,,
4933812221,node,40.4238465,-3.6950423,Tome y lucas,,Calle de Santo Tomé,10,28004,,,,,,,,
4934324723,node,40.4130461,-3.6959942,Taberna Maceiras,,Calle de las Huertas,66,28014,Madrid,+34 91 429 15 84,https://tabernamaceira.com/,"Mo-Su 01:15-16:45, 20:30-00:00",,,,
4934324724,node,40.4104513,-3.6928735,Pad Thai,thai,Paseo del Prado,40,28014,Madrid,,,,,,,
4934346821,node,40.4172562,-3.6956993,Taj,indian,Calle del Marqués de Cubas,6,28014,,+34 915315059,https://restaurantetaj.es/,"Mo-Su 13:00-16:00, 20:30-23:30",,,,
4934368525,node,40.4139905,-3.7009649,Il Piccolino della Farfalla,argentinian;italian,Calle de las Huertas,6,28012,Madrid,+34 91 369 43 91,,,,,,
4935197121,node,40.416551,-3.707066,Trattoria Malatesta,italian,Calle de Coloreros,5,,,,,,,,,
4935225060,node,40.4192708,-3.7091212,Leyenda Oriental,chinese,Calle de Campomanes,10,,,,,,,,,
4936977721,node,40.4263183,-3.6926728,Prep' La Crêp,crepe,Calle de Génova,25,28004,,+34915295600,https://preplacrepe.com/,Su-Th 11:00-00:00; Fr-Sa 11:00-01:00,,,,
4937046821,node,40.4219278,-3.7035187,B13 bar,,Calle de la Ballesta,13,28004,,,,,no,,,
4937199322,node,40.4199305,-3.6985478,Qing Ping Guo,chinese,Calle de la Reina,31,28004,,,,,,,,
4949077221,node,40.4162532,-3.7085987,Sushi Bar,japanese,Plaza del Comandante Las Morenas,5,28013,,+34915427138,,We-Mo 13:00-02:00; Tu 19:30-02:00,,,,
4949144924,node,40.4151754,-3.6988622,El Rincón de Pangpang,chinese,Calle de Ventura de la Vega,19,28014,Madrid,+34912680683,,,,,,
4949165321,node,40.411405,-3.6967132,La Cazuelita,spanish;regional;local,Costanilla de los Desamparados,21,28014,Madrid,,http://www.lacazuelita.es,,,,,
4949185922,node,40.4150133,-3.7026001,Hamburguesería Don Oso,burger,Calle de la Cruz,26,28012,Madrid,,https://www.hamburgueseriasdonoso.com/,,,,,
4953243721,node,40.4149977,-3.6984798,Goiko Grill,burger,Calle del Prado,15,28014,Madrid,+34910609476,https://www.goikogrill.com/,,,,,
4953243722,node,40.4160416,-3.7004379,La Finca de Susana,spanish,Calle del Príncipe,10,28012,Madrid,,,,,,,
4955359321,node,40.4246294,-3.6965193,Trattoria Pulcinella,pizza,Calle de Regueros,7,28004,,,,,,,,
4955359421,node,40.4222185,-3.6972722,Gracias Padre,mexican,Calle de Augusto Figueroa,37,28004,,+34 919551706,https://graciaspadre.es/,,,,,no
4957418123,node,40.4147996,-3.7067187,Takos al Pastor,mexican,Calle Botoneras,7,28012,,,,,,,,
4957425221,node,40.420541,-3.696901,Thai Orchid,thai,Calle de Colmenares,5,28004,,+34915318537,http://www.thaiorchid.es,"Mo-Su 13:00-16:00, 20:30-00:00",,,,
4957425222,node,40.4208526,-3.6974679,Al Jaima La Cocina del Desierto 2,,Calle de la Libertad,13,28004,,,,,,,,
4957425223,node,40.4257264,-3.6958168,Olivia te cuida,,,,,,,,,,,,
4957561222,node,40.4102599,-3.6944918,Nugu Burger,burger,Calle de Atocha,115,28012,Madrid,+34913437481,https://www.nuguburger.com/,"Mo-Su 12:00-16:00, 20:00-00:00",,,,
4960701070,node,40.4135861,-3.7250688,Mesón O'Grove,,Calle de Saavedra Fajardo,16,28011,Madrid,+34 914 64 14 94,,"Mo-We 12:00-17:00,20:00-24:00; Fr-Sa 12:00-17:00,20:00-24:00; Su 12:00-17:00",,,,
4961700273,node,40.4141541,-3.6977511,La Entretenida,,Calle Cervantes,16,28014,Madrid,+34 91 737 75 88,https://laentretenida.com/,,,,,
4962635822,node,40.4139211,-3.7006181,Vi Cool,spanish,Calle de las Huertas,12,28012,Madrid,,http://vi-cool.com/es/inicio/,,,,,
4962696021,node,40.4213233,-3.6974316,Bazaar,,Calle de la Libertad,21,,,,http://www.grupandilana.com/es/restaurantes/bazaar,,,,,no
4968314425,node,40.4221131,-3.6996301,Bósforos,chicken;kebab;turkish,Calle de Hortaleza,42,,,,,,,,,
4970125022,node,40.4232275,-3.7091456,Cafetería Lily,peruvian,,,,,,,,,,,
4993663033,node,40.4101456,-3.7090497,Pura Vida Vegan Bar,,Calle de López Silva,4,,Madrid,+34 911 667824,https://www.santaypura.es,,,,,
4993898021,node,40.4170232,-3.7043301,Puerta al sol by Chicote,,,,,,,,,,,,no
5000734321,node,40.4246347,-3.6964968,Pulcinella,italian,Calle de Regueros,7,28004,,,,,,,,
5062889867,node,40.4139785,-3.7105342,Taberna La Sartén del Conde,,Calle del Conde,1,,,,,,,,,
5068790959,node,40.4229408,-3.6940512,Restaurante la Buena Vida,,,,,,,,,,,,
5081180724,node,40.4101632,-3.6971775,Taberna Eulogio,,Calle de Santa Isabel,29,28012,Madrid,,,,,,,limited
5083496421,node,40.4106293,-3.6994828,Livin' Japan,japanese,Calle de la Torrecilla del Leal,20,28012,Madrid,,,,,,,
5083496622,node,40.4130232,-3.6959252,La Colonial de Huertas,,Calle de las Huertas,66,28014,Madrid,,,,,,,
5085913270,node,40.4219657,-3.6983793,Kuoco 360 Food,,Calle de San Bartolomé,14,28004,,+34 911 99 53 77,https://www.kuoco.es/,"Tu-Su 13:30-16:30, 20:30-00:00",,,,no
5085913640,node,40.4094709,-3.6934229,Ôven,italian,Calle de Atocha,114,28012,Madrid,,https://www.oven.es/,,yes,,,limited
5085913643,node,40.4110723,-3.7066866,Toga,spanish;mediterranean,Calle de Juanelo,23,28012,Madrid,+34 910 41 44 39,https://togarestaurante.com/,"Tu-Su 13:00-17:00, 20:00-00:00",,,,
5085913644,node,40.4245942,-3.6963316,Dstage,international,Calle de Regueros,8,28004,,+34 917 02 15 86,https://www.dstageconcept.com/,,,,,
5085913647,node,40.4265674,-3.7163351,Origen Taberna Madrid,,Calle de Juan Álvarez Mendizábal,44,28008,,+34 912 24 05 59,http://www.origentaberna.com,Tu-Sa 12:30-00:00; Su 12:30-16:00,,,,
5085913651,node,40.4125279,-3.6954315,Vinoteca Moratin,,Calle de Moratín,36,28014,Madrid,+34 911 27 60 85,https://www.vinotecamoratin.com/,"Tu-Sa 13:30-16:00, 19:30-24:00",,,,no
5085914026,node,40.4172431,-3.7110219,La Candela Restó,,Calle de la Amnistía,10,28013,,+34 911 73 98 88,https://www.lacandelaresto.com/,,,,,
5087576121,node,40.4171398,-3.7057825,la (verdadera) cueva de 1900,,,,,,,,,,,,
5137275721,node,40.4098411,-3.7024462,Baisakhi,,,,,,,,,,,,
5139098261,node,40.4158696,-3.6957034,100 Montaditos,sandwich,Plaza de las Cortes,3,,,,,"Mo,Tu,Th 09:00-23:00; We 09:00-23:30; Fr 09:00-00:00; Sa 11:00-00:00; Su 11:00-23:30",yes,,yes,limited
5145202721,node,40.4118168,-3.698648,El Mono de la Pila,peruvian,,,,,,,"Mo-Fr 12:00-17:00,19:00-23:00; Sa 12:00-23:00",,,,
5145917168,node,40.4105254,-3.7010948,Egeo,,Calle de San Carlos,17,28012,Madrid,,,,,,,
5147732196,node,40.4231393,-3.6981789,El Buha,,Calle de Pelayo,,,,,,,,,,no
5161918021,node,40.4155528,-3.7018651,Casa Toni,tapas,Calle de la Cruz,14,28012,Madrid,,,,,,,
5180990123,node,40.4257159,-3.702929,Pizzie & Dixie,italian_pizza;pasta,Calle de San Vicente Ferrer,16,28004,,+34 912 65 98 87,https://pizzidixie.com/,,,,,
5180990124,node,40.4137979,-3.7108686,La Mordida,mexican,,,,,+34 915 472 003,https://www.lamordida.com/,,,,,
5181954506,node,40.4250243,-3.7132488,Running Sushi Akihabara,japanese,,,,,,,,no,,,yes
5209961484,node,40.427537,-3.6911125,Saddle,,,,,,,,,,,,
5254250812,node,40.4264346,-3.6963628,The Place To Be,,Plaza de Santa Bárbara,10,28004,Madrid,,,"Mo-Fr 07:30-10:30; Sa,Su 08:00-11:00,13:00-16:00,20:00-23:00",,,,
5254285264,node,40.4203351,-3.6985887,Sultan Palast,turkish,Calle de las Infantas,30,28004,Madrid,+34 91 599 39 13,,,,,,no
5254285265,node,40.4212587,-3.6981744,Happy Green,,Calle de San Marcos,,28004,Madrid,,,,,,,
5254388144,node,40.4205039,-3.7006211,Casa Santoña,regional,Calle de la Reina,3,28004,Madrid,,http://casasantona.com/,,,,,
5287401621,node,40.4164051,-3.6985954,Cebo,,Carrera de San Jerónimo,34,28014,Madrid,+34 917 877 770,https://www.cebomadrid.com/en,"Tu-Sa 13:30-15:00,20:30-21:30",,,,
5289618221,node,40.416326,-3.7071037,100 Montaditos,sandwich,Calle Mayor,22,28013,Madrid,,,,yes,,,limited
5294171722,node,40.4220486,-3.6977041,Puturru De Foie,tapas,,,28004,,+34 913300291,,,,,,
5294171723,node,40.4220355,-3.6976286,La Imperial,tapas,,,28004,,,,,,,,
5298121158,node,40.4193794,-3.7075636,X Bowl,chinese,Calle de las Veneras,5,28013,Madrid,+34 910838119,https://xbowl.es/,,,,,
5298487720,node,40.4185236,-3.6980631,La Chulapa de Alcalá,,Calle de Alcalá,35,28014,,+34 91 523 2570,https://lachulapa.com/,,,,,
5301260521,node,40.421766,-3.6955967,La Pizzería,,Calle del Barquillo,20,,,,,,,,,
5308723226,node,40.4144948,-3.7014729,Ana la Santa,,,,,,,,,,,,
5308740721,node,40.4157146,-3.698826,Restaurante Atlantic,,Calle de Ventura de la Vega,11,28014,Madrid,,,,,,,
5344731323,node,40.4220975,-3.6968794,Davanti,italian,Calle de Augusto Figueroa,41,28004,Madrid,+34 910697855,https://www.davantirestaurante.com/,,,,,limited
5349483068,node,40.4118986,-3.7018069,Casa Benteveo,,Calle de la Cabeza,28,28012,Madrid,+34 910 83 32 68,,,,,,
5357321265,node,40.4153702,-3.6990329,El Luarqués,,Calle de Ventura de la Vega,16,28014,Madrid,,https://elluarques.es/,,,,,
5364094121,node,40.4224262,-3.6976816,Verdoy,,,,,,,,,,,,
5370259458,node,40.4162827,-3.7074421,Rolenka,,Calle Mayor,30,28013,Madrid,,http://www.rolenka.com/,,,,,no
5375200488,node,40.4289019,-3.7036408,Taberna del Colono,,Calle de Ruiz,20,28004,Madrid,+34 910071231,http://www.tabernadelcolono.es/,,,,,no
5375200489,node,40.4288182,-3.7036585,Cardinale,,Calle de Ruiz,20,28004,Madrid,+34 918 928 243,https://cardinalemadrid.com/,,,,,limited
5375200491,node,40.4274478,-3.7040629,La Dominguita,,Calle de Ruiz,3,28004,Madrid,,,,,,,
5375200498,node,40.4267878,-3.7022828,,kebab,Calle de Velarde,8,28004,Madrid,,,,,,,no
5383807293,node,40.4140365,-3.7079139,El Madroño,,Calle de Latoneros,10,,Madrid,,,,,,,
5398300240,node,40.4195876,-3.6995623,Gran Clavel,,Gran Vía,11,28013,Madrid,+34 915 24 23 05,http://www.granclavelmadrid.com/,,,,,no
5401122190,node,40.4220228,-3.6940747,Pacifico,,Calle del Conde de Xiquena,2,28004,Madrid,,,,,,,no
5405353247,node,40.4243117,-3.6967452,El Economato,,Calle de Belén,5,28004,Madrid,+34 91 013 00 95,http://www.tabernaseleconomato.com/,,,,,
5407227091,node,40.425343,-3.6917581,Habanera,,Calle de Génova,28,28004,Madrid,+34 91 737 20 17,https://www.habaneramadrid.com/,,,,,
5407227100,node,40.4258267,-3.6944066,Le Petit,,Calle de Argensola,24,28004,Madrid,+34 91 308 50 41,http://petitappetit.es/,,,,,no
5409792465,node,40.4191609,-3.6989071,Bloved Veggie Corner,,Calle del Caballero de Gracia,13,28013,Madrid,+34 626 205 467,https://www.ebocarestaurants.com/restaurantes/bloved-veggie-corner/,,,,,
5409792467,node,40.4179016,-3.6999196,El Castizo de Alcalá,,Calle de Alcalá,19,28014,Madrid,+34 910 88 28 98,https://grupocarbon.es/restaurantes/castizo/,,,,,
5409792472,node,40.4166656,-3.6988101,El Barril de las Cortes,,Carrera de San Jerónimo,17,,Madrid,+34 91 737 94 54,http://barrildelascortes.com/,Mo-Su 12:30-00:30,,,,limited
5409792479,node,40.4164328,-3.7006566,El Fontán,regional,Plaza de Canalejas,6,28014,Madrid,+34 913 486 569,https://www.tabernaelfontan.com/en/,,,,,limited
5412144559,node,40.4086148,-3.7108135,Aviseu,regional,Calle de Toledo,90,28005,Madrid,,,,yes,,,no
5416301875,node,40.4127809,-3.7176542,Casa Wang,chinese,Ronda de Segovia,2,28005,Madrid,+34 913 65 55 22,https://pizzeriamayor.com/pizzerias/pizzeria-mayor-ronda-de-segovia/,,,,,no
5416301891,node,40.4132887,-3.7195403,El Ducado,,Calle de Juan Duque,10,28005,Madrid,+34 913655028,http://www.elducadorestaurante.com/,,,,,
5419586322,node,40.4190716,-3.691959,Terraza del Palacio de Correos,,,,,,,,,,,,
5424538410,node,40.4156855,-3.7101204,El Chaparrito,mexican,Calle Mayor,68,28013,Madrid,+34 915 42 46 81,http://www.restauranteschaparritos.com/,,,,,limited
5433323256,node,40.4204712,-3.7209692,,,Glorieta de San Vicente,1,28008,Madrid,,,,yes,,,
5437522106,node,40.4177451,-3.7080954,SteakBurger,,Calle del Arenal,26,28013,Madrid,,,,,,,
5443911283,node,40.4099492,-3.7121686,La Carab,,Calle del Águila,6,28005,Madrid,,,,,,,
5452292697,node,40.4063011,-3.6946606,Bengol India,indian,,,,,,,,,,,
5498929492,node,40.419165,-3.7018285,lemongrass,thai,Calle de la Montera,36,28013,Madrid,,http://www.lemongrass.es/,,,,,limited
5542441723,node,40.4131748,-3.7106325,,,Calle del Príncipe de Anglona,1,28005,Madrid,,,,,,,
5552314224,node,40.410177,-3.6962005,GatoGato,,Calle del Marqués de Toca,6,28012,Madrid,+34 912 08 68 70,,"Mo,Su off; Tu-Th 13:00-16:00,20:30-23:00; Fr-Sa 13:00-16:00,20:30-23:30",,,,limited
5561730747,node,40.4278786,-3.7035803,Il Regno di Napoli,italian,Calle de San Andrés,21,28004,Madrid,+34 91 445 63 00,http://ilregnodinapoli.com/,,,,,no
5621926723,node,40.4141744,-3.7010724,lateral,,,,,,,,,,,,
5636725421,node,40.413712,-3.6960077,Yantar,,Calle de Lope de Vega,37,,,,,,,,,no
5652367746,node,40.4129125,-3.6900263,Expressio Café Restaurante,,Calle Espalter,9,28014,Madrid,,https://expressiocafe.com/,,,,,
5743649843,node,40.4206154,-3.6968944,Marengo,,Calle de Colmenares,5,28004,Madrid,,,,no,,,
5745919321,node,40.4163539,-3.7043354,La Adriana,argentinian,Calle del Correo,2,28012,Madrid,,,,yes,,,
5748979126,node,40.4122364,-3.7096108,Viejo madrid,,Calle de la Cava Baja,32,28005,,,,,,,,
5774871356,node,40.4248508,-3.6978211,Honest Greens,organic,Calle de Hortaleza,100,28004,Madrid,+34 931 22 76 64,https://honestgreens.com/,"Mo-Fr 08:30-12:00, Sa,Su 09:30-12:30, Mo-Th 12:30-23:00, Fr 12:30-24:00, Sa 13:00-24:00, Su 13:00-23:00",,,,yes
5778771753,node,40.4150187,-3.704848,Mayor Taperia 2,spanish,,,,,,,,,,,
5784746841,node,40.4183018,-3.7017555,Pe de Pisco,peruvian,Calle de la Aduana,5,28013,Madrid,+34 91166 66 83,https://www.pedepisco.com/,,,,,
5824598953,node,40.4136197,-3.6968191,Lev,,Calle de Lope de Vega,20,28014,Madrid,,,,,,,no
5832549285,node,40.4156459,-3.7089853,Eduardo Cervecería,,,,,,,,,,,,
5838270985,node,40.4121397,-3.7206309,Rodizio Brasileño,,Calle de Linneo,18,28005,,,,,,,,
5839453187,node,40.4211821,-3.697432,La Kika,,,,,,,,,,,,
5839478286,node,40.4202873,-3.6974759,Nomada,,,,,,,,,,,,
5839478287,node,40.4209092,-3.6973109,Propaganda,,,,,,,,,,,,
5839480287,node,40.420101,-3.6972072,Milwaukee,burger,Calle de las Infantas,29,28004,,+34 914 129 386,https://milwaukeeburger.com/,Mo-Su 12:30-00:30,no,,,
5876468567,node,40.4136624,-3.7244527,100 Montaditos,sandwich,,,,,,,,yes,,,
5920795507,node,40.4241543,-3.6974283,Sr.Ito,japanese,Calle de Pelayo,60,,,+34 91 081 6615,,"Su-Th 13:30-16:00,20:00-23:30, Fr,Sa 13:30-16:30,20:00-24:00",,,,
5983155286,node,40.4143623,-3.7010379,Las 10 Tapas De Santa Ana,spanish;tapas;local,,,,,,,,,,,
5986211285,node,40.4094607,-3.7088761,Nina pasta bar,italian,Calle de Santa Ana,,,,,,,,,,
6020244385,node,40.4252314,-3.7002181,Asador Limbo,,Calle de San Mateo,3,28004,,+34 910741495,,"Su-We 08:00-24:00, Th 08:00-00:30, Fr,Sa 08:00-01:30",,,,yes
6042650475,node,40.421296,-3.7029037,La Gastro,,Calle del Barco,7,,,+34 91 364 2263,https://lagastrodechema.com/,,,,,
6065452886,node,40.4176738,-3.702694,Doñaluz sky rooftop,,Calle de la Montera,10-12,,,,,,,,,
6082518585,node,40.4228481,-3.696923,Lobsterie,,Calle de Gravina,17,28004,,,https://lobsterie.com/,,,,,
6093819686,node,40.4226253,-3.6967169,El cisne azul,,,,,,,,,,,,
6114212185,node,40.4216058,-3.7204519,Colonial Norte,,,,,,,,,no,,,
6131883085,node,40.417578,-3.6980761,Araldo,,,,,,,,,,,,
6131908685,node,40.4213703,-3.6979947,Hot Now,,Calle de Barbieri,14,28004,Madrid,,,,,,,
6162003567,node,40.4246873,-3.6979226,Kinza,georgian,Calle de Hortaleza,96,,Madrid,,,Mo-Su 13:00-24:00,,,,
6170767786,node,40.4054052,-3.7017888,Casa Pepe,spanish,Ronda de Valencia,18,,,,,,no,,,no
6188888286,node,40.4209578,-3.7033234,La Nueva Troje,,Calle del Desengaño,,,,,,,,,,
6208941634,node,40.4198525,-3.7074993,Asador de Aranda,regional,Calle Preciados,44,28013,Madrid,+34 915 47 21 56,,,,,,
6257688992,node,40.428237,-3.6930478,La chula de chamberí,,Calle de Fernando El Santo,11,28010,Madrid,+34 913085549,,,,,,
6257688995,node,40.4289633,-3.7012387,La manon,french;sandwich,Calle de Sagasta,5,28004,Madrid,+34 910818309,,,,,,
6257690489,node,40.4283371,-3.6952257,La Pilla,,3 Calle de Almagro,,28010,Madrid,+34 910 81 95 38,https://www.privateaser.es/local/38161-la-pilla,,,,,
6257701185,node,40.4262994,-3.6924711,Petit Appetit Monte Esquinza,,,,,,,,,,,,
6258415785,node,40.4186693,-3.6994716,Hojaldrería,,Calle de la Virgen de los Peligros,8,28013,,+34910599153,https://www.hojaldreria.com/,Mo-Fr 08:30-19:00; Sa-Su 10:00-19:00,,,,
6262521686,node,40.4233567,-3.7104243,Nice To Meet You,regional,Gran Vía,80,28013,Madrid,,http://www.nicetomeetyoumadrid.com,"Tu-Fr 20:30-23:00; Sa 14:00-16:00,20:30-23:00; Su 14:00-16:00",,,,limited
6311521190,node,40.4126738,-3.6963353,Taberna de la Elisa,,Calle de Santa María,42,28014,Madrid,,,,,,,
6321678492,node,40.419828,-3.7073269,Steak Burger,,Calle Preciados,42,,,,,,,,,
6330624585,node,40.4121095,-3.7247096,Taberna Valdepeñas,traditional;manchega;regional,,,,,,,,no,,,
6342121993,node,40.4179556,-3.7004476,Terraza del Casino,,,,,,,https://web.casinodemadrid.es/,,,,,
6376894385,node,40.4134718,-3.6957067,El Gallo Canta,,Calle de Jesús,2,28014,Madrid,+34 914 29 27 62,,,,,,limited
6379010018,node,40.410528,-3.7074921,Casa Amadeo Los Caracoles,,,,,,+34913659439,https://www.caracolesdeamadeo.com/,,,,,
6395644009,node,40.4142716,-3.7071308,The Hat Rooftop Bar,,,,,,,https://thehatmadrid.com/,,,,,
6416604992,node,40.425016,-3.7006706,Ōven mozzarella bar,italian;pasta;pizza,,,,,,,,,,,
6418370409,node,40.4239946,-3.6970414,Frida,,,,,,,,"Fr,Sa,PH 10:00-01:00, Su-Th 10:00-24:00",,,,
6439431885,node,40.4157147,-3.7057792,Jungleking,,Calle del Marqués Viudo de Pontejos,15,,,,,,,,,
6448649485,node,40.4159756,-3.6995699,Solo de Croquetas,spanish,Calle de Echegaray,5,28014,Madrid,,https://solodecroquetas.es,"Mo 00:00-01:00,13:30-16:00,19:30-24:00; Tu-Th 13:30-16:00,19:30-24:00; Fr 13:30-16:30,19:30-24:00; Sa,Su 00:00-01:00,13:00-17:00,19:30-24:00",,yes,yes,
6449373585,node,40.4243343,-3.7035137,Les Mauvais Garçons,,Calle de la Madera,36,28004,Madrid,,,,,,,
6467071888,node,40.4139622,-3.7008469,H10 bar,,,,,,,,,,,,
6475104265,node,40.4124765,-3.7082458,La Botillería de Maxi,,,,,,,,,,,,
6475196475,node,40.4103033,-3.7061762,La Alegría de la Huerta,,Calle de las Dos Hermanas,22,28012,Madrid,+34 91 017 6583,,,,only,,
6499873321,node,40.4105047,-3.7062521,La Minoterie,crepe;french,Calle de la Encomienda,23,28012,Madrid,+34 910 25 42 02,https://laminoterie.es/,Tu-Fr 13:00-24:00; Sa-Su 11:00-24:00,no,,,
6502623207,node,40.4163594,-3.710077,Mama Dumplings,chinese,Calle de Santiago,10,28013,Madrid,+34 919 355 678,,,,,,
6504527355,node,40.4137702,-3.6969025,Mariano,regional,Calle de Lope de Vega,25,28014,Madrid,+34 914292993,https://www.tabernamariano.com/,"Mo-Sa 10:00-18:00,20:30-01:30",,,,no
6509866208,node,40.4220139,-3.6962825,Roostiq,,Calle de Augusto Figueroa,47,,Madrid,+34 918 53 24 34,https://roostiqmadrid.com/,,,,,
6538480785,node,40.4171678,-3.7113353,Café de los Austrias,spanish,Plaza de Ramales,3,28013,Madrid,+34 915 59 84 36,https://cafelosaustrias.com/,Mo-Fr 09:00-00:00; Sa-Su 10:00-01:00,,,,
6540470885,node,40.4284947,-3.6950858,La Pilla,,Calle de Almagro,3,,,,,,,,,
6553913569,node,40.4228333,-3.7096273,El Gaucho,argentinian,Gran Vía,72,28013,Madrid,,,,,,,
6553913579,node,40.4221447,-3.7085536,La Sirena Verde,regional,Gran Vía,62,28013,Madrid,+34 91 547 39 10,http://www.restaurante-marisqueria-madrid.es/es/,,,,,
6553934904,node,40.4210229,-3.7068035,Honest Greens,,Gran Vía,52,28013,Madrid,,,,,,,
6585140796,node,40.4284534,-3.6987416,Nakama,sushi,Calle de Sagasta,23,28004,,+34 91 605 9268,https://www.nakamasushibar.com/,,,,,
6612138785,node,40.4113176,-3.707692,La Bobia,spanish,,,,,,https://grupolafabrica.es/restaurante-la-bobia/,,,,,
6628543886,node,40.4187342,-3.6997175,Brescia,italian,Calle de la Virgen de los Peligros,7,,,,https://bresca.es/virgen-de-los-peligros/,Su-Th 12:00-00:00; Fr-Sa 12:00-01:00,no,,,
6684049135,node,40.422211,-3.6907019,Pelotari,,,,,,+34 915 78 24 97,http://pelotari-asador.com/,,,,,
6691710960,node,40.4127284,-3.6996012,Leña Bar y Restaurante,spanish,,,,,,,,,,,
6693480850,node,40.4152377,-3.7042458,La Casa de las Torrijas,spanish,,,,,,,,,,,
6738441885,node,40.4160718,-3.7115556,Restaurante Dans le noir,,,,,,+34 912 96 27 61,http://www.madrid.danslenoir.es/,,,,,
6768793385,node,40.4192984,-3.6975674,Vinitus,tapas,Gran Vía,4,,,+34 916 14 44 21,https://www.laflautagroup.com/,Mo-Su 09:00-01:00,,,,
6788426790,node,40.4192822,-3.7033989,Focadeli,italian,,,,,,,,,,,
6788486987,node,40.4106773,-3.6995051,Bresca,italian,,,,,,,,,,,
6806382285,node,40.4222351,-3.6907431,El Pelotari,,,,,,,,,,,,
6853945891,node,40.4220011,-3.7116977,Casa Jacinto,mediterranean;spanish;regional;local,Calle del Reloj,20,28013,,+34915426725,https://www.restaurantecasajacinto.com/,Tu-Sa 13:00-16:30; Su 13:00-17:00,,,,
6854045190,node,40.4274405,-3.692978,Las Reses,,Calle de Orfila,3,,,,,,,,,
6896659516,node,40.413673,-3.6994414,Taberna El Sur de Huertas,,Calle de las Huertas,24,28014,Madrid,,,Mo-Su 12:00-00:30,,,,
6922981307,node,40.4244129,-3.7252756,El Caribe,,,,,,,,,,,,
6924756054,node,40.4217435,-3.7201198,Oktoberfest Biergarten,,,,,,+34 91 541 85 16,http://www.oktoberfest-biergarten.com,,no,,,no
6943824428,node,40.4251672,-3.6989903,Guasa,venezuelan,Calle de San Lorenzo,9,28004,,,https://www.guasagroup.com/guasa-madrid/,"We, Th, Su 13:00-16:00, 20:00-22:30; Fr, Sa 13:00-16:00, 20:00-23:30",,,,
6945347197,node,40.4178989,-3.696253,Casa Suecia,mediterranean,Calle del Marqués de Casa Riera,4,28014,,+34 910 51 35 92,https://casasuecia.es/es/inicio/,,,,,
6959892286,node,40.4152211,-3.71317,La rebelión de los mandiles,,,,,,,,,,,,
6965525847,node,40.4079482,-3.6984499,Primadonna,pizza,,,,,,,,,,,
6991759443,node,40.4175091,-3.7108181,Taberna el Zorzal,,,,,,,https://www.tabernaelzorzal.es/,,,,,
7008452885,node,40.4060838,-3.6949468,Habesha,,Paseo de Santa María de la Cabeza,16,28045,Madrid,,,,,,,
7021697086,node,40.4131701,-3.7006227,Zuppa,,,,,,,,,,,,
7021703585,node,40.4125294,-3.6992463,Zuppa,,,,,,,,,,,,
7038697086,node,40.4245829,-3.6956332,Roots Lamarca,,Calle de Fernando VI,10,28004,Madrid,+34 914 421 229,https://www.rootslamarca.com,Mo-Su 09:00-22:00,,,,
7042301152,node,40.4222185,-3.7099091,Miyama,japanese,Calle de la Flor Baja,5,28013,,+34 91 540 1386,https://www.restaurantemiyama.com/,,,,,
7069690385,node,40.4279411,-3.6979001,Ocafú Taberna Gallega Sagasta,,Calle de Sagasta,24,28004,Madrid,+34 917 469 188,https://ocafu.com/#sagasta,,,,,yes
7088183338,node,40.4126966,-3.6960121,Tandem,italian,Calle de Santa María,39,28014,Madrid,+34 910 16 80 67,https://eltriciclo.es/tandem/,,,,,
7134090685,node,40.4138361,-3.7075945,Healthy Poke,,Calle de Toledo,26,28005,,,,,,,,
7207638721,node,40.4165388,-3.6957605,Paradis Madrid,,,,,,+34 914 29 7303,https://paradismadrid.es/,,,,,
7213695085,node,40.4135755,-3.6997425,Amano,,Plaza de Matute,4,28012,,+34 91 527 7970,https://www.a3manos.es,,,,,
7285375885,node,40.4148303,-3.7037401,100 Montaditos,sandwich,,,,,,,,,,,
7306931154,node,40.413883,-3.7076002,Ramen Shifu,ramen,Calle de Toledo,24,28005,Madrid,+34 910 581 854,https://www.ramenshifu.com/ramen-shifu-plaza-mayor/,"Tu-Th 13:00-16:15, 20:00-23:30; Fr-Su 13:00-16:30, 20:00-00:00",,,,
7736930265,node,40.4227628,-3.6985824,Mad Mad Vegan,,Calle de Pelayo,19,28004,,+34 91 4442077,https://madmadvegan.com,Mo-Th 13:00-23:00; Fr 13:00-00:00; Sa 17:00-19:30; Su 13:00-23:00,,,,
7796615986,node,40.4153709,-3.6989014,Arrocería Marina Ventura,,,,,,,,,,,,
7833114476,node,40.4214592,-3.7055527,El Lugar de Martina,burger,Plaza de Santa María Soledad Torres Acosta,2,28004,Madrid,,,,yes,,,yes
7881641306,node,40.4287956,-3.6927809,La Vaquería Montañesa,,Calle de Blanca de Navarra,8,28010,Madrid,,https://lavaqueriamontanesa.es/,,,,,
7894295828,node,40.4215606,-3.7000761,Fratelli d'Italia,,Calle de Hortaleza,28,,Madrid,+34 91 515 41 06,https://www.fratelliditalia.es/,"Mo-Su 13:00-16:00, 20:30-24:00",,,,
8095017481,node,40.4179924,-3.703242,La Cuenva de 1900,,,,,,,,,,,,
8124007396,node,40.4073644,-3.7001373,Grosso Napoletano,italian,Calle de Valencia,9,28012,Madrid,+34 91 005 36 95,https://www.grossonapoletano.com/locales/valencia-9/,,,,,
8125036020,node,40.4256332,-3.7086801,El Lugarcito,,Calle de Noviciado,9,28015,Madrid,+34 628 24 98 98,,,,,,
8146885817,node,40.4202504,-3.6919982,Raimunda,,Paseo de Recoletos,2,,,,,,,,,
8186450088,node,40.4236949,-3.6916509,Gran Café El Espejo,,Paseo de Recoletos,31,28004,Madrid,+34 691 141726,https://www.grancafeelespejo.com/,,,,,
8186450108,node,40.4224409,-3.6942202,Cannibal Raw Bar,,Calle del Almirante,12,28004,Madrid,+34 91 026 87 94,http://www.cannibalrawbar.es/,,,,,
8234892117,node,40.421697,-3.7001627,Takomama,mexican,,,,,,,,,,,
8234892318,node,40.416026,-3.7058308,PEPE TACO,mexican,Calle de las Postas,12,28012,Madrid,,,,,,,
8284059194,node,40.4093227,-3.7038934,Mandela 100,senegalese,Calle del Mesón de Paredes,52,,,+34 632 15 85 49; +34 914 67 32 11,,,no,,,limited
8343337400,node,40.4117395,-3.7066306,Azura Bar,,,,,,,,,,,,
8380404258,node,40.4116626,-3.7107998,El Camarote,,Plaza de la Puerta de Moros,8,28005,Madrid,+34 913 65 42 80,,,,,,limited
8414730489,node,40.414275,-3.6968598,El Barril de las Letras,,,,,,,https://barrildelasletras.com/,,,,,limited
8463970039,node,40.4080505,-3.697535,Raji Industani,indian,Calle del Doctor Piga,21,28012,Madrid,+34656601006,,,,,,
8493958758,node,40.422448,-3.695577,Tuk Tuk,asian,Calle del Barquillo,26,28004,Madrid,+34663446974,http://tuktukstreetfood.es/,,,,,no
8593232711,node,40.4140182,-3.7011068,Viet Nam,vietnamese,Calle de las Huertas,4,28012,Madrid,+34 917 55 31 26,https://vietnamrestaurante.com/,,,,,
8593238418,node,40.4159628,-3.7004302,La Reserva,,Calle del Príncipe,10,28012,Madrid,,,,,,,
8600619587,node,40.4242027,-3.7134475,L'Art Crêperie,crepe,Calle de Martín de los Heros,5,28008,Madrid,,,,,,,
8625818256,node,40.4243592,-3.6951299,Totò e Peppino,italian;pizza,,,,,+34 913 08 73 70,,,,,,
8677856416,node,40.4150268,-3.7049141,La Imprenta,,Calle de la Bolsa,10,28012,Madrid,,http://laimprentarestaurante.com/,,,,,
8677891817,node,40.4150191,-3.7050703,El Hortera,,Calle de la Bolsa,12,28012,Madrid,+34 91 005 97 27,http://elhortera.com/,,,,,
8701012166,node,40.4082996,-3.6991901,Tatema Madrid,,Calle de Argumosa,11,28012,Madrid,+34910968855,https://tatemamadrid.com/,,,,,
8711761352,node,40.4212367,-3.7035471,Hunan Restaurant,chinese,Calle de la Ballesta,4,28004,Madrid,,http://www.hunanrestaurantmadrid.com/,"Mo-Su 13:00-16:30,19:00-23:30",,,,
8714822035,node,40.4149249,-3.7012256,Tapa Tapa Santa Ana,regional;spanish,Plaza de Santa Ana,1,28012,Madrid,,,,yes,,,yes
8714822079,node,40.4090165,-3.6936473,Trattoria Pinocchio,italian,Calle de Sánchez Bustillo,5,28012,Madrid,+34 91 468 73 73,http://www.pinocchio.es/,,yes,,,no
8714822102,node,40.4069704,-3.6950056,Shangyuan,chinese,,,,,,,,no,,,yes
8725878217,node,40.4132413,-3.6965549,Lola Si Mola,spanish,Calle de las Huertas,55,28014,Madrid,,https://lolasimola.com/,,,,,
8747302217,node,40.4217156,-3.7220873,Asador El Molinón,,,,,,,,,yes,,,
8770493881,node,40.4090226,-3.6953055,Lacaña,,Calle de Santa Isabel,50,28012,Madrid,+34 91 5272269,http://www.xn--lacaaonline-4db.es/,,yes,,,no
8793021620,node,40.4114114,-3.6994133,La Esperanza,mediterranean,Calle de la Torrecilla del Leal,3,28012,Madrid,,https://www.laesperanzabar.com/,Mo-Su 12:00-23:00,,,,
8793161317,node,40.4071978,-3.7083221,El Capricho Extremeño,,Calle de Carlos Arniches,30,28005,,,,Su 08:00-18:00; Sa 10:00-17:00,,,,
8807517017,node,40.4170977,-3.6988046,AskuaBarra,spanish,Calle de Arlabán,7,28014,,+34915937507,https://askuabarra.com/,"Su 13:30-15:30; Mo-Th 13:30-15:30, 20:30-23:30; Fr-Sa 13:30-15:30, 20:30-23:00",,,,
8808929417,node,40.4244551,-3.7021688,Vira Vira - The Gyro's,,Corredera Alta de San Pablo,1,28004,,,https://www.viraviragyros.com/,Mo-Su 12:00-01:00,,,,
8922880117,node,40.4113646,-3.6987017,Tiki Taco Santa Isabel,mexican,Calle de Santa Isabel,5,28012,Madrid,,,Mo-Su 13:00-01:00,,,,no
8928969617,node,40.4186789,-3.6995009,Sala de Despiece 2,,Calle de la Virgen de los Peligros,8,28013,,,https://saladedespiece.com/,,,,,
8947051747,node,40.4207886,-3.7027816,,asian,,,,,,,,,,,
8960060417,node,40.406033,-3.6949685,Pupuseria Madrid Rio Grande Atocha,,Paseo de Santa María de la Cabeza,16,28045,Madrid,,,Mo-Su 12:00-23:00,,,,
8960431217,node,40.4127896,-3.6983066,Kausa Madrid by Gonzáles Bastidas,peruvian,Calle Amor de Dios,9,28014,Madrid,,https://kausamadrid.es/,"We-Su 13:00-17:00, 20:00-23:00; Mo 13:00-17:00",,,,
8968610826,node,40.4172337,-3.710979,Le Bistroman Atelier,,,,,,+34 914 47 27 13,https://lebistroman.es/,,,,,
8993499617,node,40.4074751,-3.6996997,,,Calle de la Sombrerería,6,28012,Madrid,,,,,,,
9023290420,node,40.4121093,-3.7072714,Be Beirut,arab,,,,,,,,,only,,
9033238361,node,40.4206617,-3.7085187,La Terraza del Santo Domingo,,,,,,+34 915 594 931,https://laterrazadelsantodomingo.es/es,,,,,
9050560233,node,40.4230454,-3.6955195,La Cachapera,cachapa;venezuelan,Calle del Barquillo,34,28004,Madrid,,https://www.lacachapera.es/en/,,,yes,,limited
9066413415,node,40.4223109,-3.7061009,VEGA,,Calle de la Luna,9,28004,Madrid,+34 910 794 969,https://luna.govega.es/,Mo-Su 13:00-23:55+,no,,,no
9072971491,node,40.4081081,-3.6935614,El Jardín de Arzábal,,Calle de Santa Isabel,52,28012,Madrid,+34 915 286 828,https://www.grupoarzabal.com/espacio/arzabal-museo/,Mo 09:00-01:00; Tu 12:00-01:00; We-Th 09:00-01:00; Fr-Sa 09:00-02:00; Su 09:00-19:00,yes,,,
9072971499,node,40.4196872,-3.7101408,Restaurante Dos Cielos,,Cuesta de Santo Domingo,5,,,+34 915 416 700,https://www.restaurantedoscielos.com/,,,,,
9111233919,node,40.4208006,-3.6918537,Dai,,Paseo de Recoletos,6,,,,,,,,,
9207340718,node,40.4151999,-3.7088608,Casa Mories,,,,,,+34 91 3666000,https://casamories.es/,,,,,
9207695355,node,40.4220139,-3.6906004,NOI,italian,Calle de Recoletos,6,28001,Madrid,+34 91 0694 007,https://restaurantenoi.com/,,,,,
9208165518,node,40.4116292,-3.7072527,bobia,,,,,,,,,,,,
9303690147,node,40.423364,-3.70876,Ishou,ramen,Plaza de los Mostenses,13,28015,Madrid,,,,no,,,
9350955617,node,40.4256529,-3.7021954,Cártel de Malasaña,mexican,,,,,,,,,,,
9355421343,node,40.4083058,-3.7162104,Ronda,,,,,,,,,,,,
9355421344,node,40.4081098,-3.715742,Taquería María Bonita,mexican,,,,,,,,,,,
9355421345,node,40.4080038,-3.7154805,Bar Retaurante Estoril,,,,,,,,,,,,
9369769170,node,40.4233935,-3.7156638,La Cueva de Barragan II,,Calle de Arriaza,18,,,,,,,,,
9371385505,node,40.4236876,-3.697333,Kritikos,greek,Calle de San Gregorio,11,28004,Madrid,,,"Mo-Th 13:30-16:00,20:30-23:00, Fr,Sa 13:30-16:30,20:30-24:00, Su 13:30-16:30,20:30-23:00",,,,
9423873889,node,40.4154674,-3.7003953,Macao,,,,,,+34 915 21 89 11,https://restaurantemacao.es,,,,,
9505501580,node,40.4273732,-3.6926755,Fayer Madrid,israeli;argentinian;middle_eastern,Calle de Orfila,7,28010,Madrid,+34910053290,https://fayer.com/madrid.html,Mo-Su 13:00-23:45,,,yes,
9505506479,node,40.4287454,-3.6911892,Patio Siete,regional;international,Calle de Fortuny,7,28010,Madrid,+34 914 541 465,https://www.patiosiete.com/,Mo-Su 08:00-22:00,,,,
9521282434,node,40.425759,-3.7134516,Sabor Sichuan,chinese;sichuan;hot_pot,Calle de Ventura Rodríguez,5,28008,Madrid,+34915599183,,,,,,
9532674317,node,40.4204441,-3.7051988,ella Sky Bar,,Gran Vía,42,,,,,,,,,
9561162294,node,40.4196986,-3.7052424,El Vagón de la Máquina,,Plaza de Callao,2,28013,,+34 918 31 75 88,https://lamaquinagourmet.es,,,,,
9566847797,node,40.4194896,-3.7030454,熊仔解馋坊II（Restaurante xiongzai II）,,Calle de la Salud,8,,,,,,,,,
9572715417,node,40.4102522,-3.7010642,Dakar,african,,,,,,,,,,,
9592619990,node,40.4241049,-3.7103967,Sichuan Kitchen,,Calle del Maestro Guerrero,4,,,+34 910 25 16 05,https://senhaish.com/sichuan-kitchen/,"Mo off; Tu-Su 12:00-16:30, 19:00-24:00",,,,
9607704655,node,40.409165,-3.7011392,Brutal Burrito,,,,,,,,,,,,
9626371117,node,40.4131744,-3.7006114,Zuppa,,Calle de Atocha,47,28012,Madrid,,,Mo-Sa 12:00-23:00; Su 12:00-17:00,no,,,
9667502017,node,40.414802,-3.7041077,Barinka,peruvian,Calle de la Bolsa,4,,,+34 910 86 49 51,,"Mo-Tu, Th 11:00-16:00, 20:00-23:00; Fr-Sa 11:00-00:00; Su 11:00-20:00",,,,
9670801490,node,40.4151792,-3.7000464,Taberna La Trucha,,Calle de Manuel Fernández y González,3,28014,Madrid,+34 910 661 810,https://www.tabernalatrucha.es,,,,,
9671955817,node,40.407499,-3.7094774,Tasty Bowl,,,,,,,,"Tu-Fr 12:15-17:00,19:30-23:30; Sa,Su 12:15-17:30,19:30-24:00",,,,
9688494681,node,40.4104659,-3.7045819,África Ndiambour,senegalese,,,,,,,,no,,,
9688494682,node,40.4090342,-3.7036814,Colores,senegalese,,,,,,,,,,,
9688494683,node,40.4089219,-3.7029907,La Teranga,senegalese,,,,,,,,,,,
9702224867,node,40.4208721,-3.7000782,Taquería Mi Ciudad,mexican,Calle de las Infantas,9,28004,Madrid,+34 918317978,https://www.taqueriamiciudad.com/,,,,,
9705662564,node,40.4256209,-3.7146938,Taberna La Cata,spanish;local,Calle de Martín de los Heros,25,28008,Madrid,+34917863624,,,,,,
9724478123,node,40.412639,-3.6956978,La Diez,italian,,,,,,,,,,,no
9743143417,node,40.4202807,-3.6995311,Tiki Taco Clavel,mexican,Calle del Clavel,5,28004,,,,Su-Th 13:00-01:00; Fr-Sa 13:00-02:30,,,,limited
9757765117,node,40.4136203,-3.7103929,D'stapa,,Calle de Segovia,8,28005,,+34 660 65 90 61,https://arroceriadstapamadrid.com,"Tu-Sa 13:00-17:00, 20:00-00:00; Su 13:00-17:00",,,,
9758926517,node,40.4158392,-3.7017716,Yamato BBQ,,Calle de la Victoria,8,28012,,,,,,,,
9758926518,node,40.4154971,-3.7017597,Grama Lounge,,Calle de la Cruz,19,28012,,+34 91 240 55 87,https://gramabar.com/,,,,,
9758947617,node,40.4162467,-3.7085574,Bar Gyoza Go!,,Plaza del Comandante Las Morenas,5,28013,,,,,,,,
9810350517,node,40.4149401,-3.7119694,Casa Pipi,,Calle del Sacramento,10,,,,,,,,,
9828407117,node,40.4230581,-3.7024184,Egeo Suvlakeria Griega,greek,Calle del Barco,41,28004,,,https://grupoits-cp153.wordpresstemporal.com/pruebaweb/,"Mo, We-Th 13:30-16:30, 20:00-23:30; Fr-Su 13:30-23:30",no,,,
9848416962,node,40.4128933,-3.7113964,Cava de Illán,,,,,,,,,,,,limited
9848416963,node,40.4128218,-3.7114116,Vanila,,,,,,,,,,,,limited
9856192817,node,40.4155736,-3.7022668,Urvan Street Food,,,,,,,,,,,,
9865440520,node,40.4228723,-3.6996803,Burritos Tex Mex,mexican,Calle de Augusto Figueroa,,,,,,,,,,
9869010717,node,40.418907,-3.6995762,Superchulo,,Calle de la Virgen de los Peligros,10,,,+34 911 088 047,https://www.superchulorestaurante.com/,,,,,
9872189435,node,40.4072632,-3.7165501,Las Viñas,,Calle de Gil Imón,10,28005,Madrid,,,,,,,no
9872189437,node,40.4070698,-3.7167897,,,,,,,,,,,,,yes
9881399617,node,40.4176922,-3.7034029,La Arepera Resto-bar,arepa,Calle de Tetuán,20,28013,,,https://laarepera.es/,,,,,
9883567331,node,40.4151233,-3.6990227,Decadente,,,,,,,,,,,,
9891433998,node,40.4226355,-3.7117831,Ginkgo Restaurante & Sky Bar,,,,,,+34 91 595 55 12,https://www.ginkgoskybarmadrid.com/,,,,,
9897424121,node,40.4136761,-3.7075572,La Mas Castiza,,Calle de Toledo,28,28005,,+34913546619,http://lamazcastiza.es,Mo-Su 08:00-23:00,,,,
9905746218,node,40.4141175,-3.6968621,Parrilla El Barril,barbecue,,,,,,,,,,,
9905746317,node,40.4082294,-3.6987356,África Fusión,african,,,,,,,,,,,
9905748217,node,40.4082866,-3.7015048,La Alhambra,arab,,,,,+34 915 30 18 23,https://la-alhambra.eatbu.com/,,,,,
9906568017,node,40.4103892,-3.6946942,Jinode,,Calle de Atocha,111,,,,,,,,,no
9907522886,node,40.4226695,-3.696006,Cisne Azul,,,,,,,,,,,,
9915922736,node,40.4147964,-3.7023827,Entre Pisc y Nazca,coffee_shop;diner;peruvian,Calle de Espoz y Mina,32,28012,,+34651595641,,"Mo-We, Sa 13:30-01:00; Th-Fr 13:30-03:00",,,,
9932043817,node,40.4091993,-3.7016755,Pakistani restaurante,indian,Calle de Lavapiés,53,,,+34 690290719,,,,,,
9963631424,node,40.4156736,-3.710176,Sports & Tapas Bar Madrid,regional;tapas;spanish,Calle Mayor,68,28013,Madrid,+34 624 29 52 27,https://tapasbarmadrid.com,Mo-Sa 18:00-00:00,,,,
9993666139,node,40.4140033,-3.7113337,Rollo Ocho,,,,,,,,13:00-02:00,yes,,,limited
10018049217,node,40.4221808,-3.6974974,Tienda de Vinos,,Calle de Augusto Figueroa,35,28004,Madrid,,,,,,,no
10067418222,node,40.4148449,-3.7034978,El Senador,,,,,,,,,,,,
10097756914,node,40.426087,-3.6922322,La Fonda Lironda,,Calle de Génova,27,,,+34 911 08 88 81,https://grupocarbon.es/restaurantes/fonda-lironda/,"Su-We 13:00-01:00, Th 13:00-02:00, Fr,Sa 13:00-02:30",,,,no
10143790117,node,40.4157868,-3.6988703,Inti de Oro,,,,,,,,,,,,
10146817117,node,40.4160565,-3.6988338,La vaca argentina,,,,,,,,,,,,
10185348229,node,40.4193702,-3.6988574,Honest Greens,organic,Gran Vía,7,28013,Madrid,+34 931 22 76 64,https://honestgreens.com/,Mo-Su 08:30-23:00,no,yes,,
10187203244,node,40.414626,-3.6968173,Can Punyetes,,,,,,,,Mo-Su 13:00-16:00; Mo-Sa 20:00-23:00,,,,no
10188297805,node,40.4129869,-3.7135257,EatMyTrip Brunch & Cocktails,brunch,Calle de la Morería,11,28005,Madrid,+34611151030,https://eatmytrip.com/,,,,,
10200602604,node,40.4184488,-3.7053911,Naked & Sated: Preciados,,Calle del Maestro Victoria,5,28013,Madrid,+34 914 442 277,https://nakedandsated.com/,,,,,
10219383568,node,40.4213734,-3.7027534,Sanissimo Gran Via,,Calle del Barco,8,28004,Madrid,+34 910 73 18 54,https://sanissimo.eu/,,,,,
10219383569,node,40.4227242,-3.7232986,Sanissimo Principe Pío,,Paseo de la Florida,37,28008,Madrid,+34 911 89 39 71,https://sanissimo.eu/,,yes,,,
10236796779,node,40.417215,-3.700878,Davvero,italian,Calle de Alcalá,12,28014,,+34 91 765 99 51,https://davverorestaurante.com,,,,,
10250749353,node,40.413021,-3.7113705,El Bacaro de Fabio,,Plaza de la Paja,2,,,+34 91 039 04 57,https://elbacarodefabio.es,,,,,no
10266331327,node,40.4219768,-3.6901268,Sky Sushi & Ramen,sushi,,,,,,,,,,,
10266331328,node,40.4220452,-3.6902931,El Barril del Recoletos,fish,,,,,,,,,,,
10273282138,node,40.4128773,-3.6950964,Los Rotos,regional,Calle de las Huertas,74,28014,Madrid,+34 914 29 33 52,,Mo-Th 09:00-00:00; Fr 09:00-01:00; Sa 10:00-01:00; Su 10:00-00:00,,,,no
10299468151,node,40.4184379,-3.7053938,Naked & Sated: Preciados,,,,,,,,,,,,
10562233580,node,40.4159552,-3.6996547,Casa Lobo,spanish,Calle de Echegaray,8,28014,Madrid,+34 913 60 00 01,https://casaloborestaurante.com/,,no,no,,limited
10564461391,node,40.4239135,-3.7109427,El Edén Gastrobar,brunch;spanish;international;pizza;japanese;dessert;salad,Calle del Maestro Guerrero,,28013,Madrid,+34 919 19 33 93,https://www.riu360rooftopbar.com,,no,no,,yes
10572482523,node,40.420742,-3.6999565,Ramen Shifu,,Calle de las Infantas,14,,,,,,,,,no
10574429709,node,40.4218737,-3.6902566,Juana La Loca,,Calle de Recoletos,10,28001,Madrid,+34 689329934,http://juanalaloca.com.es/,"Mo-Su 13:00-17:00,19:30-00:30",,,,
10574468209,node,40.4115343,-3.6994148,La Esperanza,mediterranean;spanish,Calle de la Torrecilla del Leal,3,28012,,,https://www.laesperanzabar.com/,Sa-We 13:00-02:00; Th-Fr 13:00-00:30,,,,
10574506609,node,40.4070349,-3.7007415,La Fisna Vinos,,Calle del Amparo,91,28012,,,,,,,,
10574530541,node,40.4187331,-3.6995059,Sala de Despiece 2,,Calle de la Virgen de los Peligros,8,28013,,,,,,,,
10574556342,node,40.4155733,-3.7018756,Casa Toni,,Calle de la Cruz,14,28012,,,,,,,,
10574570541,node,40.427622,-3.7144824,Tiki Taco,mexican,Calle de Evaristo San Miguel,2,28008,,,,,no,,,
10574584342,node,40.4128349,-3.6983002,Kausa Madrid,peruvian,,,28014,,,,,,,,
10574589441,node,40.4061276,-3.694906,Pupusería Madrid Rio Grande Atocha,,Paseo de Santa María de la Cabeza,16,28045,,,,,,,,
10595190562,node,40.4125147,-3.7089122,La Taba,spanish;regional,Calle de la Cava Baja,19,28005,Madrid,+34 913 54 60 52,,,,,,
10651977405,node,40.4207332,-3.6974552,Puccias Libertad,,,,,,,,,,,,
10653014106,node,40.4111046,-3.6995245,Taberna El Sur,spanish,Calle de la Torrecilla del Leal,12,28012,,+34915278340,https://www.facebook.com/Elsurdetorrecilla/,,,,,
10665714180,node,40.4256194,-3.7074132,Gazteca,mexican,Calle de San Bernardo,53,28015,Madrid,,,,,yes,,
10727485115,node,40.410695,-3.708495,La testarruda,,,,,,,,,,,,
10750453629,node,40.4248272,-3.6956263,Grosso Napoletano,italian,Calle de Fernando VI,23,28004,Madrid,+34 910 053 943,https://www.grossonapoletano.com/restaurantes/senzaglutine-madrid-fernando-vi/,"Mo-Th 13:00-23:00, Fr-Sa 13:00-00:00, Su 13:00-23:30",,yes,yes,yes
10816000407,node,40.4275876,-3.7144896,Tiki Taco,mexican,Calle de Evaristo San Miguel,,,,,,,no,,,limited
10816444204,node,40.4137066,-3.697964,La Buena Guarda,,Calle de Lope de Vega,14,28014,Madrid,,,,,,,
10816471406,node,40.413872,-3.6981849,Gofio,,Calle de Lope de Vega,9,28014,Madrid,,,,,,,
10821328405,node,40.4106912,-3.6947928,Bodega de los Secretos,fish;steak_house,Calle de San Blas,2,,,,,,,,,no
10829496433,node,40.4164792,-3.7108595,El Buti,,,,,,,,,,,,
10844529305,node,40.4161135,-3.7099494,Gloria Bendita Madrid,spanish,,,,,+34915488375,http://carta.avocaty.io/gloria-bendita,Mo-Su 10:00-00:00,,,,
10871688808,node,40.4221362,-3.7139479,Tang Chu,japanese;asian,Plaza de España,11,28008,Madrid,+34 912 59 28 93,https://tangchu.es/,12:00-24:00,yes,,,yes
10916643601,node,40.4224017,-3.6940254,Charrua Nadrid,,Calle del Conde de Xiquena,4,,,+34 912 79 16 01,https://charruamadrid.com/,,,,,no
10973900805,node,40.4261186,-3.6941121,La Tavernetta,italian,Calle de Orellana,17,28004,,+34 913 19 23 90,https://trattorialatavernetta.es/,"Mo-Sa 13:30-16:30, 20:30-00:00; Su 13:30-16:00",,,,
11032927194,node,40.4152125,-3.7118235,Restaurante Arcade,,,,,,+34914314083,https://restaurantearcade.es/,,,,,
11037055405,node,40.4155661,-3.7016554,Fatigas del querer,spanish;tapas,Calle de la Cruz,17,,,+34 915 23 21 31,,,,,,
11045878206,node,40.4194856,-3.7040631,MU! El Placer de la Carne,argentinian,Calle de Chinchilla,3,28013,,,,,,,,
11070050405,node,40.4111439,-3.7074775,Pita Madrid,,,,,,,,,,,,
11071991705,node,40.4143147,-3.7085583,El Calamar,,,,,,,,,,,,
11107306650,node,40.4081419,-3.6982442,Restaurante Atxuri,spanish;arab;palestinian,Calle de Argumosa,21,28012,Madrid,+34914687856,https://achurilavapies.com/,Mo-Su 09:00-01:30,,,,yes
11161663434,node,40.4128781,-3.7258513,Vegicano,,,,,,,,,,,,
11161663435,node,40.4129396,-3.7259141,El comedor de La TraMoya,,,,,,,,,,,,
11161663436,node,40.4129719,-3.7259117,Ciento Ochenta° de La TraMoya,,,,,,,,,,,,
11185027837,node,40.415559,-3.7016775,Casa Tony,,,,,,,,,,,,
11220538679,node,40.4245952,-3.7095408,Las Gaviotas,,Calle de San Bernardino,,,Madrid,,,,,,,
11236595896,node,40.4273882,-3.7027553,Vicio,,Calle del Divino Pastor,9,,,,,,,,,
11238691372,node,40.4208002,-3.704254,Lanzhou Beef Noodles,chinese,Travesía del Horno de la Mata,5,28004,Madrid,,,,,,,no
11252470349,node,40.4195487,-3.6985442,La Parrilla de la Reina,,Gran Vía,10,28013,Madrid,,,,,,,limited
11252470361,node,40.4197496,-3.6992032,Osadía,,Gran Vía,14,28013,Madrid,,,,,,,limited
11272170469,node,40.4193261,-3.6977539,Oven Mozzarella,italian_pizza,Gran Vía,6,28013,,+34911088041,https://www.oven.es/,Su-Th 12:00-00:00; Fr-Sa 12:00-01:00,,,,
11286156767,node,40.4211087,-3.7041572,Zenith,,,,,,,,,,,,
11359817398,node,40.4195867,-3.7091113,Xiao Man,chinese,,,,,,,,,,,no
11360762233,node,40.4078556,-3.6998331,Restaurante La Nobia,,,,,,+34 910 015 967,https://lanobia.es/,,,,,
11361727164,node,40.423084,-3.7076311,Focacciamo,,,,,,,,,,,,
11361727165,node,40.4228859,-3.7076798,Be Banh Mi - Es Vietnam,,,,,,,,"Mo-Th 10:30-23:00; Sa,Su 10:30-23:30",,,,
11361727167,node,40.4215474,-3.7083234,Twenty Nine's,,,,,,,,,,,,
11361728570,node,40.4206147,-3.7087109,Sandó,,,,,,,,,,,,
11365044194,node,40.4276996,-3.6967576,Piantao,,,,,,,,,,,,yes
11365044202,node,40.42834,-3.6998034,La Manduca de Azagra,,,,,,,,,,,,limited
11365044204,node,40.4283802,-3.6999651,La Prensa,burger,,,,,,,,,,,no
11365044215,node,40.4287675,-3.7018971,Junk Burger,burger,,,,,,,,,,,
11374426071,node,40.4249266,-3.7073285,Tilda,,,,,,,,,,,,yes
11374426073,node,40.4207781,-3.7081664,Level,,,,,,,,,,,,no
11377765527,node,40.4074255,-3.7008554,La Falda,,,,,,+34 911 688 096,https://www.lafalda.es/,,,,,
11466679869,node,40.4130381,-3.6975047,Tambo,peruvian,,,,,,,,,,,
11502908941,node,40.4278553,-3.7003327,Fratelli Figurato,italian;pizza,Calle de Larra,13,28004,Madrid,+34 912 32 75 08,https://fratellifigurato.es/,"Mo-We 13:30-17:00,20:30-00:00; Th-Fr 13:30-17:00,20:00-00:30; Sa 13:00-17:30,20:00-00:30; Su 13:00-17:30,20:30-00:00",,,,
11502956901,node,40.4288618,-3.7178653,Ablanedo,,Calle del Buen Suceso,14,28008,Madrid,+34912536234,https://restauranteablanedo.eatbu.com/,"Tu-Sa 12:00-16:30,20:00-01:00; Su 12:00-16:30",,,,
11502956905,node,40.4286536,-3.7183439,Tabernícola,spanish,Calle del Buen Suceso,20,28008,Madrid,+34 639 77 63 98,http://restaurantetabernicola.com/,,,,,
11502956918,node,40.4284577,-3.7188028,Nippon,japanese,Calle del Buen Suceso,24,28008,Madrid,,,,,,,
11523649255,node,40.4062675,-3.6928504,La Casona,,,,,,,,,,,,
11523651028,node,40.4062385,-3.6923209,La Matriarca,,,,,,,https://www.lamatriarca.es/,,,,,
11523651029,node,40.4062359,-3.6924084,Bistró,,,,,,,https://bistroatocha.es/,,,,,
11627622114,node,40.4153481,-3.7003711,La Albacería,,,,,,,,,,,,limited
11627656888,node,40.4155421,-3.7002285,Uni Ramen,ramen,,,,,,https://uniramen.es,,no,,,no
11663782377,node,40.4144502,-3.6985937,Mexcalista,mexican,Calle del León,5,,,+34914678278,https://mexcalista.es/,,,,,
11690944301,node,40.4109175,-3.7076603,La Capricciosa,pizza,Calle de las Maldonadas,4,,,,,,no,,,no
11703991951,node,40.4135908,-3.726237,Sonko Gastro Bar,,,,,,,,,,,,
11704437618,node,40.4274207,-3.7103858,Frutas Prohibidas,brunch;coffee_shop,Calle del Conde Duque,26,28015,Madrid,+34 911 525 533,https://frutasprohibidas.com/,We-Su 10:00-18:00,,,yes,
11710930500,node,40.4057504,-3.7018756,Taberna Garibaldi,,Calle de Miguel Servet,23,28012,Madrid,,,,yes,,,
11727388770,node,40.4204147,-3.6901565,Tagomago,,,,,,,,,,,,
11765715669,node,40.4274733,-3.7103517,Frutas Prohibidas,brunch,Calle del Conde Duque,26,,,+34 911 525 533,https://www.frutasprohibidas.com/,We-Su 10:00-18:00,,,,
11802227732,node,40.419255,-3.6972007,Ático Restaurante & Terraza,,Calle del Marqués de Valdeiglesias,1,28004,Madrid,+34 915 32 94 96,https://www.theprincipalmadridhotel.com/es/restaurantes/atico/,Mo-Su 11:30-23:30,yes,,,yes
11802252287,node,40.4193547,-3.6971737,La Terraza Restaurante,,,,,,+34 915 21 87 43,https://www.theprincipalmadridhotel.com/es/restaurantes/rooftop-madrid/,Mo-Su 11:30-23:30,yes,no,,yes
11822385870,node,40.4137855,-3.7070893,Sushi Sensei Buffet Libre,,Calle de la Concepción Jerónima,28,,,+34 919400768,,,,,,
11835944044,node,40.4090951,-3.7056015,Eccolo,italian_pizza;italian,Calle de Embajadores,28,,,,https://eccolomadrid.com,,,,,
11862109819,node,40.4198218,-3.7072301,El Gaucho,argentinian,,,,,,,,,,,
11867250770,node,40.4145549,-3.6997005,Revoltosa,,Calle del Prado,4,28012,Madrid,+34 918 468 616,https://www.revoltosamadrid.com/prado,"Mo-We 09:30-01:00, Th 09:30-01:30, Fr 09:30-02:00, Sa 11:00-02:00, Su 11:00-01:00",,,,
11867250771,node,40.4145192,-3.6999024,Bestial,,Calle del Prado,2,28012,Madrid,+34 913 40 35 35,https://www.bestialbyrosi.com,,,,,
11869234460,node,40.4262844,-3.7150794,Portuquesa,portuguese,,,,,,,Mo off,,,,
11869862839,node,40.4155112,-3.6988769,el chararrito,mexican,,,,,,,,no,,,
11869862840,node,40.4155959,-3.6988716,La Cabaña Argentina,,,,,,,,,,,,
11869862841,node,40.4149758,-3.7010223,Bombilla,,,,,,,,,,,,
11869862842,node,40.4153126,-3.6989023,Terezza,venezuelan,,,,,,,,,,,
11869862843,node,40.4149922,-3.7009136,Santanera,,,,,,,,,,,,
11881782637,node,40.4064699,-3.7016712,Beirut,lebanese;arab,,,,,,,,,,,
11887288942,node,40.4054324,-3.6944481,Casa Ecuador,,,,,,,,,,,,
11887288943,node,40.4054136,-3.6941738,La Casina III,spanish,,,,,,,,,,,
11913332676,node,40.4232395,-3.7014947,Josefita,,,,,,,,,,,,
11940555511,node,40.4071031,-3.6991847,Didedas,georgian,Calle del Doctor Fourquet,28,,,+34 651 88 18 99,https://didedasrestaurante.es/,"Mo-Tu off; We, Th 19:30-23:30; Fr, Sa 13:30-16:30, 19:30-23:30; Su 13:30-17:00",,,,
11953613648,node,40.4159915,-3.7023905,Tierra Burrito Bar,burrito,Calle de Espoz y Mina,8,28012,Madrid,+34 910 05 38 07,https://www.tierraburritos.com,"Fr-Sa 11:00-01:00; Mo-Th,Su 11:00-24:00",no,yes,,limited
11971624185,node,40.4106677,-3.710064,Urumea-2,,Calle de la Cebada,7,,,,,,yes,,,no
11971624189,node,40.4107253,-3.7098272,Pisco & Lima,peruvian,Calle de la Cebada,3,,,,,,,,,no
11987603873,node,40.4142842,-3.6987945,Case de Diego,,,,,,,,,,,,
11987606769,node,40.4152077,-3.6991084,Belli di mamma,,Calle de Manuel Fernández y González,17,,,,,,,,,
11989861062,node,40.4103433,-3.6928276,Ramen Shifu,japanese,Paseo del Prado,42,28014,,+34910233630,https://www.ramenshifu.com,"Mo-Th 12:30-23:15, Fr,Sa 12:30-24:00, Su 12:30-23:15",no,,,
12025398902,node,40.409916,-3.7096047,El Alcázar,,Calle de Toledo,64,,,,,,,,,
12036732079,node,40.4241492,-3.7009395,Raymi,peruvian,,,,,,,,,,,
12037738569,node,40.4150734,-3.7065683,Pizza Hut,pizza,Calle de Gerona,3,,,,,Mo-Fr 12:00-00:00; Sa-Su 12:00-00:30,,,,no
12055158205,node,40.4091672,-3.7115493,La Gilderis,,Calle de Calatrava,17,,,,,,,,,
12056864573,node,40.4088968,-3.6929697,Sukaldea,,Calle del Doctor Drumen,3,,,,,,yes,,,
12056895569,node,40.4156501,-3.6996476,Pantín Grill,burger,,,,,+34 914 92 92 19,https://pantingrill.com/,"Su-Th 13:00-16:30, 20:00-23:30; Fr-Sa 13:00-16:30, 20:00-00:00",,,,
12056905569,node,40.415784,-3.7017531,Mu! El Placer de la Carne,argentinian;steak_house,Calle de la Victoria,12,,,+34 910 66 20 19,,Mo-Su 12:30-23:30,,,,
12056915575,node,40.4237918,-3.6961862,Cesar's burgers,burger,Calle de San Lucas,11,,,+34 641 80 32 55,https://cesarsburgers.com/,,,,,
12056943769,node,40.4133049,-3.7080796,K.A,thai;japanese;vietnamese,Calle de Grafal,4,,,+34 912 30 97 35,https://www.ka-restaurante.com/,,,,,
12074113410,node,40.4243527,-3.697413,Kazu,,Calle de Pelayo,49,28004,Madrid,,,"Sa,Su 13:30-23:00; Mo-Fr 13:30-16:30,19:30-23:00",,,,
12097668478,node,40.4208797,-3.6974647,Restaurante Nunuka - Bistró Madrid,,Calle de la Libertad,13,28004,Madrid,+34 911 70 02 89,https://nunukamadrid.com,Tu-Su 13:30-23:30,,,,
12098590215,node,40.4069083,-3.7010602,Beirut,,Calle de Miguel Servet,9,,,,,,,,,no
12114535156,node,40.4236415,-3.6939318,Restaurante Persimmons,georgian,Calle de Doña Bárbara de Braganza,2,28004,Madrid,+34 915 75 55 22,https://persimmons.com.es,,,,,
12123952949,node,40.4092051,-3.7099576,Asador Castellano,,Calle de Toledo,103,,,,,,,,,no
12123952954,node,40.4090686,-3.7100667,Ala Madrid,,Calle de Toledo,105,,,,,,,,,no
12126352247,node,40.4098953,-3.6935823,Oso Rojo,,Calle de Atocha,123,,,,,,,,,limited
12167755757,node,40.4106458,-3.6946511,Yugo The Bunker,,Calle de San Blas,2,,,,,,,,,no
12211339943,node,40.4093179,-3.7116574,Zipolite,,Calle de Calatrava,14,,,,,,,,,no
12251503401,node,40.4207196,-3.6973434,Na Num Madrid,korean,Calle de la Libertad,8,28004,,,,"Tu-Th, Sa 20:00-23:30; Fr 13:30-15:00, 20:00-23:30",,,,
12293776734,node,40.4089745,-3.6935282,Pasta & Pizza Bar,,Calle de Sánchez Bustillo,5,,,,,,yes,,,no
12293776745,node,40.4093655,-3.6931392,Wrapipans,,Calle de Atocha,116,,,,,,,,,limited
12293776754,node,40.4095644,-3.6936115,Tako - Away,,Calle de Atocha,112,,,,,,,,,limited
12309738622,node,40.4134972,-3.6906501,Un sabor excepcional,,,,,,,,,no,,,
12371923068,node,40.4141431,-3.72544,Sana Vegetariana,,,,,,,,Mo-Su 08:00-24:00,yes,,,limited
12425226591,node,40.4121062,-3.7030965,Albania,,,,,,,,,,,,
12425287271,node,40.4090204,-3.7017107,About Voodoo,,,,,,,,,,,,
12450882794,node,40.4226139,-3.711864,Descaro,regional,Plaza de España,6,,,+34 915 478 650,https://www.descarorestaurante.es/,,,,,
12450940707,node,40.4233829,-3.7094332,Shangai Sehngjan,chinese,,,,,+34 919 479 033,,Mo-Sa 09:00-21:00; Su off,,,,
12469156801,node,40.4051639,-3.6988226,Valdivieso,spanish,Calle Fray Luis de León,7,,,,,,,,,
12496322301,node,40.4122234,-3.7040068,El 5 de Tirso,,Plaza de Tirso de Molina,5,,,,,,,,,
12496322401,node,40.4162629,-3.7238413,Café del Rio,,,,,,,,,,,,
12556258429,node,40.4159377,-3.6958879,Ginza,japanese,Plaza de las Cortes,3,,,,,,,,,no
12556258442,node,40.4158182,-3.6955273,La Mafia,,Plaza de las Cortes,4,,,,,,,,,limited
12556704261,node,40.4209925,-3.6957737,La Martinuca,,Calle del Barquillo,11,,,+34 669640948,https://www.lamartinuca.com/,,,,,limited
12570826431,node,40.4050698,-3.6979959,Busan Go!,korean,Calle de Sebastián Elcano,23,28012,Madrid,,,,,,,
12572030129,node,40.421469,-3.7074826,Pocket Ramen,chinese,Gran Vía,56,28004,Madrid,,,,,,,
12580151502,node,40.409469,-3.7042749,López & López,italian_pizza,Calle de los Cabestreros,4,28012,,+34 915 30 82 70,https://lopezylopezpizzeria.es,Mo-Th 20:00-00:30; Fr 20:00-01:00,,,,
12584781201,node,40.4203128,-3.6917641,Cafetería Casa America,breakfast;coffee_shop;spanish,Calle del Marqués del Duero,0,28001,,+34 914 31 99 20,,Mo-Fr 09:00-18:00,,,,
12585946374,node,40.4132634,-3.6966921,Masala Darbar,indian,,,,,,,,,,,limited
12585946376,node,40.4201695,-3.7127179,Sol de Beirut,lebanese,,,,,,,,,,,no
12627911761,node,40.4226181,-3.7110885,Restaurante Coreano GaRam,korean,Calle del Río,4,,,,,"Mo off; Tu-Su 13:00-16:30,19:30-23:30",,,,
12697012802,node,40.4220946,-3.6989021,Biang Biang Bar,chinese,Calle de Pelayo,8,28004,,,https://biangbiangbar.com/,"We-Mo 13:00-16:15,20:00-23:00",,,,
12700450001,node,40.4158108,-3.7066615,Restaurante DCorazon,spanish,Plaza Mayor,30,28012,,+34 910695743,https://restaurantedcorazon.com/,Sa 12:00-00:00; Fr 19:00-00:00; Su 12:00-18:00,yes,,,
12700468401,node,40.422087,-3.6903816,La Vaca y La Hurta,spanish,Calle de Recoletos,7,28001,,+34917811586,https://lavacaylahuerta.com/,"Fr-Sa 13:30-00:00; Mo-Th 13:30-16:00, 21:00-23:30",,,,
12708057791,node,40.4126191,-3.7267744,La Moñona,,,,,,,,,yes,,,
12709962101,node,40.4057618,-3.712444,Campiello,spanish,,,,,+34914749229,,Mo-Sa 08:00-01:00,,,,
12712730759,node,40.4194522,-3.7095807,La tapa de amistad,filipino;spanish,Cuesta de Santo Domingo,10,28013,Madrid,+34919473321,,Tu-Su 13:30-02:00,,,,
12713891701,node,40.4151673,-3.705002,Caluana,spanish,Calle de la Bolsa,12,28012,,+34 689 533 349,https://caluana.com/,"Mo-Tu 20:00-23:30; We-Th 13:00-16:00, 20:00-23:30; Fr 13:30-16:30, 19:45-00:00; Sa 13:15-16:30, 19:45-00:00; Su 13:15-16:30, 20:00-23:30",,,,
12715801252,node,40.4241441,-3.7124806,La Santamaría,spanish,,,,,,,,no,,,
12715842489,node,40.424618,-3.71144,RedBar,,,,,,,,,no,,,no
12758386801,node,40.4220988,-3.7056634,Yeji,chinese,Calle de la Luna,12,28004,,,,,,,,
12758393903,node,40.4226801,-3.7037,El Perro y la Galleta - Restaurante en Malasaña,,Corredera Baja de San Pablo,31,28004,Madrid,+34619830503,https://elperroylagalleta.com/malasana,"Mo-Th 13:00-17:00,19:30-23:00; Sa-Su 13:00-23:00",,,,
12761994801,node,40.4128046,-3.7017199,O'Pulpo,fish;seafood;spanish,Calle de los Cañizares,8,28012,,,,,,,,
12770690601,node,40.4079559,-3.7022164,Darov Salam,senegalese,Calle de Tribulete,10,28012,Madrid,,,,,,,
12772983239,node,40.4166641,-3.6998826,Lelong Asian Club,,Carrera de San Jerónimo,9,,,+34 915 287 930,https://www.lelongclub.com/,,,,,
12805944333,node,40.4201195,-3.700246,Beata Pasta - Gran Vía,italian,Gran Vía,22,28013,Madrid,+34 660 183 101,https://beata-pasta.com/gran-via,"Mo-We 12:30-16:30,19:00-23:00, Th-Su 12:30-23:00",,,,
12810197253,node,40.413386,-3.7011176,Le coq,,,,,,,,,,,,
12839557397,node,40.4230791,-3.709172,La flor de la canela,peruvian,Calle de Ricardo León,2,28015,Madrid,+34 637 77 94 11,,,,,,
12853998829,node,40.4193287,-3.7001659,Gofio,,Calle del Caballero de Gracia,20,,,,,,,,,no
12853998830,node,40.4194257,-3.7001595,Wacamole,,Calle del Caballero de Gracia,7,,,,,,,,,no
12853998836,node,40.4193989,-3.7005243,Taconetro,,Calle del Caballero de Gracia,12,,,,,,,,,no
12853998837,node,40.4194155,-3.7006272,Ramen Yokohama,korean,Calle del Caballero de Gracia,12,,,,,,,,,no
12853998843,node,40.4194931,-3.7010473,Restaurante De Sichuan,chinese,Calle del Caballero de Gracia,8,,,,,,,,,limited
12918878119,node,40.4067104,-3.6926393,Asturias,spanish,,,,,,,,yes,,,
12926267001,node,40.4165143,-3.7075931,Restaurante HAN,asian;chinese;japanese;korean;thai,Calle de Bordadores,4,28013,,,https://www.restaurantehan.com/,"Tu-Su 13:00-16:30, 19:30-23:30",,,,
12935258692,node,40.405486,-3.7068106,Asian house,asian,,,,,,,,,,,
12986410623,node,40.4254497,-3.7072483,Luxalad,salad,,,,,,,,,,,
13043726005,node,40.4187565,-3.7105063,Scarlett,,,,,,,,,,,,
13050306001,node,40.4053694,-3.7072192,#Porneats,burger,Ribera de Curtidores,25,,,,,,,,,
13056506017,node,40.4250523,-3.7072901,Ecoasiashop,asian,,,,,,,,,,,
13056506019,node,40.428102,-3.706038,BBQ Coreano Hangy,korean,,,,,,,,,,,
13138031701,node,40.4121918,-3.7105559,Cocuiza Brunch and Coffee,breakfast;coffee_shop;savory_pancakes,Calle del Almendro,22,,,,,,,,,
13158139145,node,40.4196076,-3.7066746,Taberna Preciados 33,,,,,,,,,,,,
13158156234,node,40.4197521,-3.7066749,Konnichiwa,japanese,,,,,,,,,,,
13158165852,node,40.4201124,-3.7076255,Dumpling go,chinese,,,,,,,,,,,
13158165856,node,40.42011,-3.7073577,Carnes de Martín,,,,,,,,,,,,
13158165857,node,40.420114,-3.7072877,Chim Pum Callao,peruvian,,,,,,,,,,,
13159858456,node,40.4255881,-3.7128551,Beata pasta,italian,,,,,,,,,,,
13159858457,node,40.4257351,-3.7129683,Kōte,asian,,,,,,,,,,,
13159930057,node,40.4229854,-3.7108976,La Arepera,,,,,,,,,,,,
13159930059,node,40.4226235,-3.7108644,Hammer,asian,,,,,,,,,,,
13159930062,node,40.4219741,-3.7104213,Diez minutos mixian,asian,,,,,,,,,,,
13159930067,node,40.4215049,-3.7099166,Rāmen obasan,ramen,,,,,,,,,,,
13159930070,node,40.4213325,-3.7097939,Ha Nok,korean,,,,,,,,,,,
13159930072,node,40.4212472,-3.7097292,Huang's Bao,chinese,,,,,,,We-Mo 09:00-22:00,,,,
13159930073,node,40.4211535,-3.7096558,YaNori,sushi,,,,,,,,,,,
13160801639,node,40.4267838,-3.6990228,La Chalana,,Calle de Barceló,6,,,+34 915 488 395,https://www.lachalana.com/madrid-barcelo/,,,,,
13171814201,node,40.4136381,-3.6987451,Sunset,,Calle de las Huertas,31,,,,,,,,,
13174933090,node,40.4164061,-3.7105306,Restaurante Vegetariano,,Calle de Santiago,9,,,+34 917 583 588,,Mo-Su 13:30-16:30,,,,
13175564668,node,40.4142907,-3.6981961,Musgo,,Calle Cervantes,8,,,,,,,,,
13184736378,node,40.4231255,-3.70925,Pury,,,,,,,,,,,,
13231613801,node,40.4167877,-3.6975825,Restaurante La Ancha,spanish,Calle de Zorrilla,7,28014,,+34 914 29 81 74,https://www.laancha.com/,"Mo-Th 13:30-16:00, 20:30-23:30; Fr-Sa 13:00-16:00, 20:30-00:00",,,,
13235637724,node,40.4178395,-3.7108204,La Paradita,,,,,,,,,,,,
13237618978,node,40.4211107,-3.6968205,Barganzo,,,,,,,,,,,,
13240433279,node,40.4194038,-3.7030215,Xiongzai II,chinese,,,,,,,,,,,
13262273425,node,40.4137807,-3.6988756,Greek-o Rico,greek,,,,,,,,,,,
13336133064,node,40.4286768,-3.7059004,El chino venezolano,,,,,,,,,,,,
13342702051,node,40.4214403,-3.7061006,Red Dragon Hot Pot,asian,,,,,,,,,,,
13372401015,node,40.4276489,-3.6938919,Benares,indian,Calle de Zurbano,5,28010,,,https://benaresmadrid.com/,,,,,
13464055857,node,40.4208519,-3.7102322,La cochinita loca,mexican,,,,,,,,,,,
13502495292,node,40.4113418,-3.7111181,Alto Bardero,,,,,,+34911467236,https://bardero.es/altobardero/,,,,,
13505363242,node,40.4079832,-3.6997893,Souksou - Couscous Bar,,Calle del Salitre,43,,,+34 919 48 32 26,https://souksouk.es,"Tu-Sa 13:30-16:30,20:00-23:30; Su 13:30-17:00",,,,
13529059390,node,40.4121474,-3.7043688,La Madrileña,,Plaza de Tirso de Molina,7,28012,Madrid,,,,,,,
13532746042,node,40.411356,-3.6995145,bunny Chao,,,,,,,,,,,,
13598056984,node,40.4124057,-3.6970554,Cacao,,Calle de Moratín,19,28014,Madrid,+34 654 92 10 43,,,,,,
13625703793,node,40.4051695,-3.697402,RA-MEN Kagura,,,,,,,,,,,,
13625734212,node,40.405031,-3.6971871,Bar Granadilla,,,,,,,,,,,,
13650650301,node,40.4273638,-3.7100652,Amis - bar de vinos,french;spanish,Calle del Limón,32,28105,,+34 665 09 49 22,,"Mo-We 19:00-00:00; Th-Su 13:00-16:00, 19:00-00:00",,,,
13666474638,node,40.4205605,-3.7091649,Sea Kitchen,asian,,,,,,,,,,,
13674560801,node,40.411354,-3.7071299,Pizzeria Limonzello,italian_pizza,Plaza de Cascorro,1,28005,,+34914296690,,Mo-Th 12:00-00:00; Fr 12:00-01:00; Sa-Su 12:00-02:00,yes,,,
13688572876,node,40.4205873,-3.7078397,Chi La,chinese,,,,,,,,,,,
13688572878,node,40.4205588,-3.7079326,Rong Ji,chinese,,,,,,,,,,,
13716967822,node,40.4230594,-3.6991535,Tita de Buenos Aires,,,,,,,,,,,,
13716967834,node,40.4220951,-3.6998718,Bar gyoza,asian,,,,,,,,,,,
13716967837,node,40.4218105,-3.6999135,XPecado,burger,,,,,,,,,,,
13730222901,node,40.4147982,-3.7046934,La Canastera,,Calle de la Bolsa,3,28012,,,,,,,,
13737338475,node,40.4162693,-3.7005117,Restaurante El Príncipe - Parrilla Argentina,argentine;argentine_grill,Pl. de Canalejas,5,28014,Madrid,+34 911 08 85 63,https://restauranteelprincipe.com,LUN — JUE : 13:00 — 00:30 VIE — SÁB : 13:00 — 01:00 DOM : 13:00 — 00:30,,,,
13759566441,node,40.421514,-3.7092859,El rey de los tacos,mexican,,,,,,,,,,,
13759566442,node,40.4214447,-3.7092669,Tian Tian,chinese,,,,,,,,,,,
13759566443,node,40.4213716,-3.7092439,Al Nassim,lebanese,,,,,,,,,,,
13759566444,node,40.421608,-3.7093203,Shifu,ramen,,,,,,,,,,,
13807156830,node,40.4168615,-3.6963798,El Pimiento Verde,mediterranean,,,,,+34 913 304 704,https://elpimientoverde.com/zorrilla/,Mo-Su 07:00-24:00,,,,yes
13841205605,node,40.4189327,-3.7080038,La Huerta Funky Castizo,,Calle de las Conchas,8,,,,,,,,,
13898783207,node,40.4181612,-3.6995748,TGI Fridays,,Calle de la Virgen de los Peligros,1,28013,,,,Su-We 12:00-00:00; Th-Sa 12:00-02:30,,,,
13912114705,node,40.4133374,-3.6957028,La Menina,,,,,,,,,,,,
13918158772,node,40.4154156,-3.709078,Parimita,steak_house,,,,,,,,,,,
13968247901,node,40.4137312,-3.7073673,DIVORARE l Focaccia Madrid,sandwich,Calle de Toledo,27,,,,,Mo-Th 11:00-23:00; Fr-Su 11:00-23:30,,,,
14000529701,node,40.4216752,-3.7046782,Chang An Yi,chinese,,,,,,,Mo-Su 12:00-23:00,no,,,
14001161901,node,40.4124225,-3.7010463,Achuri,tapas,,21,,,,,,,,,
14004109058,node,40.4204929,-3.7081657,Pecorilo,italian,,,,,,,,,,,
14085870098,node,40.4204826,-3.7170636,Yothai Pizzería,pizza;thai;italian,Cuesta de San Vicente,34,28008,Madrid,,,Mo off,yes,,,limited
14102436701,node,40.413641,-3.7092738,viet nam foot,,Calle de Segovia,1,,,,,Th-Tu 11:30-23:30,,,,
14133534301,node,40.4076046,-3.7012428,Quilombo Pizzeria,argentinian;pizza,Calle del Amparo,81,28012,,+34657326279,http://quilombopizza.com,"Mo-Fr 20:00-00:00; Sa-Su 13:00-16:30, 20:00-00:00",,,,
14156287880,node,40.420479,-3.6974523,Ocote,mexican,,,,,,,,,,,
